{"skeleton":{"hash":"STzffGlUSMA","spine":"3.8-from-4.0-from-4.1.17","x":-348.97,"y":-373.06,"width":712,"height":746,"images":"","audio":""},"bones":[{"name":"root"},{"name":"bone","parent":"root"},{"name":"bone2","parent":"bone"},{"name":"bone3","parent":"bone","x":233.95},{"name":"bone13","parent":"root","x":166.86,"y":433.18,"color":"ffde1bff"},{"name":"bone4","parent":"bone13","x":133.01,"y":-373.85,"color":"f9fa02ff"},{"name":"bone5","parent":"bone","color":"ff0202ff"},{"name":"bone6","parent":"bone","x":233.95},{"name":"bone7","parent":"bone","x":233.95},{"name":"bone8","parent":"bone","x":233.95},{"name":"bone9","parent":"bone","x":233.95},{"name":"bone10","parent":"bone","x":233.95},{"name":"bone11","parent":"bone","x":233.95},{"name":"bone12","parent":"bone","x":233.95},{"name":"bone14","parent":"bone13","x":133.01,"y":-373.85,"color":"f9fa02ff"},{"name":"bone15","parent":"bone13","x":133.01,"y":-373.85,"color":"f9fa02ff"},{"name":"bone16","parent":"bone13","x":133.01,"y":-373.85,"color":"f9fa02ff"},{"name":"bone17","parent":"bone13","x":133.01,"y":-373.85,"color":"f9fa02ff"},{"name":"bone18","parent":"bone13","x":133.01,"y":-373.85,"color":"f9fa02ff"},{"name":"bone19","parent":"bone","x":233.95},{"name":"bone20","parent":"bone13","x":133.01,"y":-373.85,"color":"f9fa02ff"},{"name":"bone21","parent":"bone","x":305.19,"y":-37.85,"color":"ff5521ff"},{"name":"bone22","parent":"bone21","x":-47.62,"y":274.73,"color":"ff5521ff"},{"name":"bone23","parent":"bone21","x":-47.62,"y":274.73,"color":"ff5521ff"},{"name":"bone24","parent":"bone21","x":-47.62,"y":274.73,"color":"ff5521ff"},{"name":"bone25","parent":"bone21","x":-47.62,"y":274.73,"color":"ff5521ff"},{"name":"bone26","parent":"bone21","x":-47.62,"y":274.73,"color":"ff5521ff"},{"name":"bone27","parent":"bone21","x":-47.62,"y":274.73,"color":"ff5521ff"},{"name":"bone28","parent":"bone21","x":-47.62,"y":274.73,"color":"ff5521ff"},{"name":"bone29","parent":"bone21","x":-47.62,"y":274.73,"color":"ff5521ff"}],"slots":[{"name":"组 97","bone":"bone2"},{"name":"q4","bone":"bone5","attachment":"q4"},{"name":"q1","bone":"bone3"},{"name":"q3","bone":"bone6"},{"name":"q10","bone":"bone12"},{"name":"q5","bone":"bone7"},{"name":"q16","bone":"bone19"},{"name":"q6","bone":"bone8"},{"name":"q8","bone":"bone10"},{"name":"q9","bone":"bone11"},{"name":"q7","bone":"bone9"},{"name":"q2","bone":"bone4","attachment":"q2"},{"name":"q17","bone":"bone20","attachment":"q2"},{"name":"q11","bone":"bone14","attachment":"q2"},{"name":"q12","bone":"bone15","attachment":"q2"},{"name":"q13","bone":"bone16","attachment":"q2"},{"name":"q14","bone":"bone17","attachment":"q2"},{"name":"q15","bone":"bone18","attachment":"q2"},{"name":"fss","bone":"bone22"},{"name":"fss8","bone":"bone29"},{"name":"fss2","bone":"bone23"},{"name":"fss3","bone":"bone24"},{"name":"fss4","bone":"bone25"},{"name":"fss5","bone":"bone26"},{"name":"fss6","bone":"bone27"},{"name":"fss7","bone":"bone28"},{"name":"获得界面","bone":"bone"}],"skins":[{"name":"default","attachments":{"fss":{"fss":{"y":0.5,"width":70,"height":57}},"fss2":{"fss":{"y":0.5,"width":70,"height":57}},"fss3":{"fss":{"y":0.5,"width":70,"height":57}},"fss4":{"fss":{"y":0.5,"width":70,"height":57}},"fss5":{"fss":{"y":0.5,"width":70,"height":57}},"fss6":{"fss":{"y":0.5,"width":70,"height":57}},"fss7":{"fss":{"y":0.5,"width":70,"height":57}},"fss8":{"fss":{"y":0.5,"width":70,"height":57}},"q1":{"q1":{"x":7.65,"y":2.7,"width":95,"height":64}},"q2":{"q2":{"width":37,"height":37}},"q3":{"q1":{"x":7.65,"y":2.7,"width":95,"height":64}},"q4":{"q4":{"x":7.03,"y":-0.06,"width":712,"height":746}},"q5":{"q1":{"x":7.65,"y":2.7,"width":95,"height":64}},"q6":{"q1":{"x":7.65,"y":2.7,"width":95,"height":64}},"q7":{"q1":{"x":7.65,"y":2.7,"width":95,"height":64}},"q8":{"q1":{"x":7.65,"y":2.7,"width":95,"height":64}},"q9":{"q1":{"x":7.65,"y":2.7,"width":95,"height":64}},"q10":{"q1":{"x":7.65,"y":2.7,"width":95,"height":64}},"q11":{"q2":{"width":37,"height":37}},"q12":{"q2":{"width":37,"height":37}},"q13":{"q2":{"width":37,"height":37}},"q14":{"q2":{"width":37,"height":37}},"q15":{"q2":{"width":37,"height":37}},"q16":{"q1":{"x":7.65,"y":2.7,"width":95,"height":64}},"q17":{"q2":{"width":37,"height":37}}}}],"animations":{"animation":{"slots":{"fss":{"color":[{"color":"ffffff00","curve":"stepped"},{"time":0.6,"color":"ffffff00"},{"time":0.6667,"color":"ffffffff"},{"time":2.5333,"color":"ffffffd2"},{"time":3.1,"color":"ffffff00"}],"attachment":[{"name":"fss"}]},"fss2":{"color":[{"color":"ffffff00","curve":"stepped"},{"time":0.6,"color":"ffffff00"},{"time":0.6667,"color":"ffffffff"},{"time":2.5333,"color":"ffffffd2"},{"time":2.7667,"color":"ffffff00"}],"attachment":[{"name":"fss"}]},"fss3":{"color":[{"color":"ffffff00","curve":"stepped"},{"time":0.6,"color":"ffffff00"},{"time":0.6667,"color":"ffffffff"},{"time":2.5333,"color":"ffffffd2"},{"time":2.9,"color":"ffffff00"}],"attachment":[{"name":"fss"}]},"fss4":{"color":[{"color":"ffffff00","curve":"stepped"},{"time":0.6333,"color":"ffffff00"},{"time":0.6667,"color":"ffffffff"},{"time":2.5333,"color":"ffffffd2"},{"time":2.9,"color":"ffffff00"}],"attachment":[{"name":"fss"}]},"fss5":{"color":[{"color":"ffffff00","curve":"stepped"},{"time":0.6333,"color":"ffffff00"},{"time":0.6667,"color":"ffffffff"},{"time":2.5333,"color":"ffffffd2"},{"time":2.9,"color":"ffffff00"}],"attachment":[{"name":"fss"}]},"fss6":{"color":[{"color":"ffffff00","curve":"stepped"},{"time":0.6,"color":"ffffff00"},{"time":0.6667,"color":"ffffffff"},{"time":2.5333,"color":"ffffffd2"},{"time":3,"color":"ffffff00"}],"attachment":[{"name":"fss"}]},"fss7":{"color":[{"color":"ffffff0a"},{"time":0.6,"color":"ffffff00"},{"time":0.6667,"color":"ffffffff"},{"time":2.5333,"color":"ffffffd2"},{"time":3,"color":"ffffff00"}],"attachment":[{"name":"fss"}]},"fss8":{"color":[{"color":"ffffff00","curve":"stepped"},{"time":0.6,"color":"ffffff00"},{"time":0.6667,"color":"ffffffff"},{"time":2.5333,"color":"ffffffd2"},{"time":3.1,"color":"ffffff00"}],"attachment":[{"name":"fss"}]},"q1":{"color":[{"color":"ffffff00","curve":"stepped"},{"time":0.3333,"color":"ffffff00"},{"time":0.5333,"color":"fffffffe","curve":"stepped"},{"time":2.1333,"color":"ffffffff"},{"time":2.3333,"color":"ffffff00"}],"attachment":[{"name":"q1"}]},"q2":{"color":[{"color":"ffffff00","curve":"stepped"},{"time":1.3333,"color":"ffffff00"},{"time":1.5333,"color":"fffffffe","curve":"stepped"},{"time":3.1333,"color":"ffffffff"},{"time":3.3333,"color":"ffffff00"}]},"q3":{"color":[{"color":"ffffff00","curve":"stepped"},{"time":0.4,"color":"ffffff00"},{"time":0.6,"color":"fffffffe","curve":"stepped"},{"time":2.2,"color":"ffffffff"},{"time":2.4,"color":"ffffff00"}],"attachment":[{"name":"q1"}]},"q5":{"color":[{"color":"ffffff00","curve":"stepped"},{"time":0.3333,"color":"ffffff00"},{"time":0.8,"color":"fffffffe","curve":"stepped"},{"time":2.1333,"color":"ffffffff"},{"time":2.3333,"color":"ffffff00"}],"attachment":[{"name":"q1"}]},"q6":{"color":[{"color":"ffffff00","curve":"stepped"},{"time":0.3333,"color":"ffffff00"},{"time":0.5333,"color":"fffffffe","curve":"stepped"},{"time":2.1333,"color":"ffffffff"},{"time":2.3333,"color":"ffffff00"}],"attachment":[{"name":"q1"}]},"q7":{"color":[{"color":"ffffff00","curve":"stepped"},{"time":0.3333,"color":"ffffff00"},{"time":0.5333,"color":"fffffffe","curve":"stepped"},{"time":2.1333,"color":"ffffffff"},{"time":2.3333,"color":"ffffff00"}],"attachment":[{"name":"q1"}]},"q8":{"color":[{"color":"ffffff00","curve":"stepped"},{"time":0.3333,"color":"ffffff00"},{"time":0.5333,"color":"fffffffe","curve":"stepped"},{"time":2.1333,"color":"ffffffff"},{"time":2.3333,"color":"ffffff00"}],"attachment":[{"name":"q1"}]},"q9":{"color":[{"color":"ffffff00","curve":"stepped"},{"time":0.3333,"color":"ffffff00"},{"time":0.5333,"color":"fffffffe","curve":"stepped"},{"time":2.1333,"color":"ffffffff"},{"time":2.3333,"color":"ffffff00"}],"attachment":[{"name":"q1"}]},"q10":{"color":[{"color":"ffffff00","curve":"stepped"},{"time":0.3333,"color":"ffffff00"},{"time":0.5333,"color":"fffffffe","curve":"stepped"},{"time":2.1333,"color":"ffffffff"},{"time":2.3333,"color":"ffffff00"}],"attachment":[{"name":"q1"}]},"q11":{"color":[{"color":"ffffff00","curve":"stepped"},{"time":0.7667,"color":"ffffff00"},{"time":0.9667,"color":"fffffffe","curve":"stepped"},{"time":2.5667,"color":"ffffffff"},{"time":2.7667,"color":"ffffff00"}]},"q12":{"color":[{"color":"ffffff00","curve":"stepped"},{"time":1.0333,"color":"ffffff00"},{"time":1.2333,"color":"fffffffe","curve":"stepped"},{"time":2.8333,"color":"ffffffff"},{"time":3.0333,"color":"ffffff00"}]},"q13":{"color":[{"color":"ffffff00","curve":"stepped"},{"time":1.0333,"color":"ffffff00"},{"time":1.2333,"color":"fffffffe","curve":"stepped"},{"time":2.8333,"color":"ffffffff"},{"time":3.0333,"color":"ffffff00"}]},"q14":{"color":[{"color":"ffffff00","curve":"stepped"},{"time":1.0333,"color":"ffffff00"},{"time":1.2333,"color":"fffffffe","curve":"stepped"},{"time":2.8333,"color":"ffffffff"},{"time":3.0333,"color":"ffffff00"}]},"q15":{"color":[{"color":"ffffff00","curve":"stepped"},{"time":1.3333,"color":"ffffff00"},{"time":1.5333,"color":"fffffffe","curve":"stepped"},{"time":3.1333,"color":"ffffffff"},{"time":3.3333,"color":"ffffff00"}]},"q16":{"color":[{"color":"ffffff00","curve":"stepped"},{"time":0.3333,"color":"ffffff00"},{"time":0.8,"color":"fffffffe","curve":"stepped"},{"time":2.1333,"color":"ffffffff"},{"time":2.3333,"color":"ffffff00"}],"attachment":[{"name":"q1"}]},"q17":{"color":[{"color":"ffffff00","curve":"stepped"},{"time":1.3333,"color":"ffffff00"},{"time":1.5333,"color":"fffffffe","curve":"stepped"},{"time":3.1333,"color":"ffffffff"},{"time":3.3333,"color":"ffffff00"}]}},"bones":{"bone5":{"rotate":[{},{"time":0.6667,"angle":-72},{"time":1.3333,"angle":-144},{"time":2,"angle":-216},{"time":2.6667,"angle":-288},{"time":3.3333,"angle":-360}]},"bone3":{"translate":[{"x":-229.87,"curve":"stepped"},{"time":0.3333,"x":-229.87},{"time":2.3333,"x":130.05}],"scale":[{"time":0.3333},{"time":0.8667,"x":0.6,"y":0.6},{"time":1.3333},{"time":1.8,"x":0.6,"y":0.6},{"time":2.3333}]},"bone6":{"translate":[{"x":-229.87,"curve":"stepped"},{"time":0.4,"x":-229.87},{"time":2.4,"x":103.27,"y":-118.82}],"scale":[{"time":0.4},{"time":0.9333,"x":0.6,"y":0.6},{"time":1.4},{"time":1.8667,"x":0.6,"y":0.6},{"time":2.4}]},"bone7":{"translate":[{"x":-229.87,"curve":"stepped"},{"time":0.3333,"x":-229.87},{"time":2.3333,"x":-151.02,"y":354.24}],"scale":[{"time":0.3333},{"time":0.8667,"x":0.6,"y":0.6},{"time":1.3333},{"time":1.8,"x":0.6,"y":0.6},{"time":2.3333}]},"bone8":{"translate":[{"x":-229.87,"curve":"stepped"},{"time":0.3333,"x":-229.87},{"time":2.3333,"x":-414.57,"y":352.28}],"scale":[{"time":0.3333},{"time":0.8667,"x":0.6,"y":0.6},{"time":1.3333},{"time":1.8,"x":0.6,"y":0.6},{"time":2.3333}]},"bone9":{"translate":[{"x":-229.87,"curve":"stepped"},{"time":0.3333,"x":-229.87},{"time":2.3333,"x":-564.12,"y":185.45}],"scale":[{"time":0.3333},{"time":0.8667,"x":0.6,"y":0.6},{"time":1.3333},{"time":1.8,"x":0.6,"y":0.6},{"time":2.3333}]},"bone10":{"translate":[{"x":-229.87,"curve":"stepped"},{"time":0.3333,"x":-229.87},{"time":2.3333,"x":-543.15,"y":-172.34}],"scale":[{"time":0.3333},{"time":0.8667,"x":0.6,"y":0.6},{"time":1.3333},{"time":1.8,"x":0.6,"y":0.6},{"time":2.3333}]},"bone11":{"translate":[{"x":-229.87,"curve":"stepped"},{"time":0.3333,"x":-229.87},{"time":2.3333,"x":-250.04,"y":-352.16}],"scale":[{"time":0.3333},{"time":0.8667,"x":0.6,"y":0.6},{"time":1.3333},{"time":1.8,"x":0.6,"y":0.6},{"time":2.3333}]},"bone12":{"translate":[{"x":-229.87,"curve":"stepped"},{"time":0.3333,"x":-229.87},{"time":2.3333,"x":37.86,"y":213.3}],"scale":[{"time":0.3333},{"time":0.8667,"x":0.6,"y":0.6},{"time":1.3333},{"time":1.8,"x":0.6,"y":0.6},{"time":2.3333}]},"bone4":{"translate":[{"x":-229.87,"curve":"stepped"},{"time":1.3333,"x":-229.87},{"time":3.3333,"x":78.1,"y":114.95}],"scale":[{"time":1.3333},{"time":1.8667,"x":0.6,"y":0.6},{"time":2.3333},{"time":2.8,"x":0.6,"y":0.6},{"time":3.3333}]},"bone14":{"translate":[{"x":-287.66,"y":-59.52,"curve":"stepped"},{"time":0.7667,"x":-287.66,"y":-59.52},{"time":2.7667,"x":36.74,"y":-152.99}],"scale":[{"time":0.7667},{"time":1.3,"x":0.6,"y":0.6},{"time":1.7667},{"time":2.2333,"x":0.6,"y":0.6},{"time":2.7667}]},"bone15":{"translate":[{"x":-287.66,"y":-59.52,"curve":"stepped"},{"time":1.0333,"x":-287.66,"y":-59.52},{"time":3.0333,"x":-190.9,"y":-344.06}],"scale":[{"time":1.0333},{"time":1.5667,"x":0.6,"y":0.6},{"time":2.0333},{"time":2.5,"x":0.6,"y":0.6},{"time":3.0333}]},"bone16":{"translate":[{"x":-287.66,"y":-59.52,"curve":"stepped"},{"time":1.0333,"x":-287.66,"y":-59.52},{"time":3.0333,"x":-506.32,"y":-260.88}],"scale":[{"time":1.0333},{"time":1.5667,"x":0.6,"y":0.6},{"time":2.0333},{"time":2.5,"x":0.6,"y":0.6},{"time":3.0333}]},"bone17":{"translate":[{"x":-287.66,"y":-59.52,"curve":"stepped"},{"time":1.0333,"x":-287.66,"y":-59.52},{"time":3.0333,"x":-666.36,"y":-68.47}],"scale":[{"time":1.0333},{"time":1.5667,"x":0.6,"y":0.6},{"time":2.0333},{"time":2.5,"x":0.6,"y":0.6},{"time":3.0333}]},"bone18":{"translate":[{"x":-287.66,"y":-59.52,"curve":"stepped"},{"time":1.3333,"x":-287.66,"y":-59.52},{"time":3.3333,"x":-605.22,"y":150.91}],"scale":[{"time":1.3333},{"time":1.8667,"x":0.6,"y":0.6},{"time":2.3333},{"time":2.8,"x":0.6,"y":0.6},{"time":3.3333}]},"bone19":{"translate":[{"x":-229.87,"curve":"stepped"},{"time":0.3333,"x":-229.87},{"time":2.3333,"x":-612.81,"y":-14.88}],"scale":[{"time":0.3333},{"time":0.8667,"x":0.6,"y":0.6},{"time":1.3333},{"time":1.8,"x":0.6,"y":0.6},{"time":2.3333}]},"bone20":{"translate":[{"x":-229.87},{"time":1.3333,"x":-291.39,"y":-25.24},{"time":3.3333,"x":-259.48,"y":230.1}],"scale":[{"time":1.3333},{"time":1.8667,"x":0.6,"y":0.6},{"time":2.3333},{"time":2.8,"x":0.6,"y":0.6},{"time":3.3333}]},"bone22":{"translate":[{"x":-237.55,"y":-226.82,"curve":"stepped"},{"time":0.6667,"x":-237.55,"y":-226.82},{"time":3.1,"x":18.72,"y":54.11}]},"bone23":{"rotate":[{"time":0.6667,"angle":38.04}],"translate":[{"x":-237.55,"y":-226.82,"curve":"stepped"},{"time":0.6667,"x":-237.55,"y":-226.82},{"time":2.7667,"x":-233.09,"y":122.59}]},"bone24":{"rotate":[{"time":0.6667,"angle":88.79}],"translate":[{"x":-237.55,"y":-226.82},{"time":0.6667,"x":-270.84,"y":-226.82},{"time":2.9,"x":-480.57,"y":-13.45}]},"bone25":{"rotate":[{"time":0.6667,"angle":184.33},{"time":2.9,"angle":187.77}],"translate":[{"x":-237.55,"y":-226.82},{"time":0.6667,"x":-270.84,"y":-226.82},{"time":2.9,"x":-480.57,"y":-499.73}]},"bone26":{"rotate":[{"time":0.6667,"angle":235.73}],"translate":[{"x":-237.55,"y":-226.82},{"time":0.6667,"x":-270.84,"y":-226.82},{"time":2.9,"x":-59.93,"y":-499.73}]},"bone27":{"rotate":[{"time":0.6667,"angle":284.36}],"translate":[{"x":-237.55,"y":-226.82},{"time":0.6667,"x":-270.84,"y":-226.82},{"time":3,"x":78.9,"y":-335.91}]},"bone28":{"rotate":[{"time":0.6667,"angle":142.94}],"translate":[{"x":-237.55,"y":-226.82},{"time":0.6667,"x":-270.84,"y":-226.82},{"time":3,"x":-671.1,"y":-335.91}]},"bone29":{"rotate":[{"time":0.6667,"angle":-23.13}],"translate":[{"x":-237.55,"y":-226.82,"curve":"stepped"},{"time":0.6667,"x":-237.55,"y":-226.82},{"time":3.1,"x":104.55,"y":-95.21}]}}}}}