{
  "__type__": "cc.SpriteFrame",
  "content": {
    "name": "scene_item_1006501",
    "atlas": "",
    "rect": {
      "x": 100,
      "y": 120,
      "width": 131,
      "height": 105
    },
    "offset": {
      "x": -2,
      "y": -25
    },
    "originalSize": {
      "width": 335,
      "height": 295
    },
    "rotated": false,
    "capInsets": [
      0,
      0,
      0,
      0
    ],
    "vertices": {
      "rawPosition": [
        -65.5,
        -52.5,
        0,
        65.5,
        -52.5,
        0,
        -65.5,
        52.5,
        0,
        65.5,
        52.5,
        0
      ],
      "indexes": [
        0,
        1,
        2,
        2,
        1,
        3
      ],
      "uv": [
        100,
        175,
        231,
        175,
        100,
        70,
        231,
        70
      ],
      "nuv": [
        0.29850746268656714,
        0.23728813559322035,
        0.6895522388059702,
        0.23728813559322035,
        0.29850746268656714,
        0.5932203389830508,
        0.6895522388059702,
        0.5932203389830508
      ],
      "minPos": {
        "x": -65.5,
        "y": -52.5,
        "z": 0
      },
      "maxPos": {
        "x": 65.5,
        "y": 52.5,
        "z": 0
      }
    },
    "texture": "01152265-aaf0-477d-87dc-68921a12b014@6c48a",
    "packable": true,
    "pixelsToUnit": 100,
    "pivot": {
      "x": 0.5,
      "y": 0.5
    },
    "meshType": 0
  }
}