{
  "__type__": "cc.SpriteFrame",
  "content": {
    "name": "shop_gold2",
    "atlas": "",
    "rect": {
      "x": 19,
      "y": 52,
      "width": 213,
      "height": 166
    },
    "offset": {
      "x": -2.5,
      "y": -7
    },
    "originalSize": {
      "width": 256,
      "height": 256
    },
    "rotated": false,
    "capInsets": [
      0,
      0,
      0,
      0
    ],
    "vertices": {
      "rawPosition": [
        -106.5,
        -83,
        0,
        106.5,
        -83,
        0,
        -106.5,
        83,
        0,
        106.5,
        83,
        0
      ],
      "indexes": [
        0,
        1,
        2,
        2,
        1,
        3
      ],
      "uv": [
        19,
        204,
        232,
        204,
        19,
        38,
        232,
        38
      ],
      "nuv": [
        0.07421875,
        0.1484375,
        0.90625,
        0.1484375,
        0.07421875,
        0.796875,
        0.90625,
        0.796875
      ],
      "minPos": {
        "x": -106.5,
        "y": -83,
        "z": 0
      },
      "maxPos": {
        "x": 106.5,
        "y": 83,
        "z": 0
      }
    },
    "texture": "011c9d24-1340-4f22-8c8c-25c7bf28a69d@6c48a",
    "packable": true,
    "pixelsToUnit": 100,
    "pivot": {
      "x": 0.5,
      "y": 0.5
    },
    "meshType": 0
  }
}