{
  "__type__": "cc.SpriteFrame",
  "content": {
    "name": "12",
    "atlas": "",
    "rect": {
      "x": 0,
      "y": 0,
      "width": 136,
      "height": 136
    },
    "offset": {
      "x": 0,
      "y": 0
    },
    "originalSize": {
      "width": 136,
      "height": 136
    },
    "rotated": false,
    "capInsets": [
      0,
      0,
      0,
      0
    ],
    "vertices": {
      "rawPosition": [
        -68,
        -68,
        0,
        68,
        -68,
        0,
        -68,
        68,
        0,
        68,
        68,
        0
      ],
      "indexes": [
        0,
        1,
        2,
        2,
        1,
        3
      ],
      "uv": [
        0,
        136,
        136,
        136,
        0,
        0,
        136,
        0
      ],
      "nuv": [
        0,
        0,
        1,
        0,
        0,
        1,
        1,
        1
      ],
      "minPos": {
        "x": -68,
        "y": -68,
        "z": 0
      },
      "maxPos": {
        "x": 68,
        "y": 68,
        "z": 0
      }
    },
    "texture": "0149c520-e8bb-46f8-b321-3f680ff0afba@6c48a",
    "packable": true,
    "pixelsToUnit": 100,
    "pivot": {
      "x": 0.5,
      "y": 0.5
    },
    "meshType": 0
  }
}