{
  "__type__": "cc.SpriteFrame",
  "content": {
    "name": "icon_mf1",
    "atlas": "",
    "rect": {
      "x": 18,
      "y": 26,
      "width": 65,
      "height": 49
    },
    "offset": {
      "x": 0.5,
      "y": -0.5
    },
    "originalSize": {
      "width": 100,
      "height": 100
    },
    "rotated": false,
    "capInsets": [
      0,
      0,
      0,
      0
    ],
    "vertices": {
      "rawPosition": [
        -32.5,
        -24.5,
        0,
        32.5,
        -24.5,
        0,
        -32.5,
        24.5,
        0,
        32.5,
        24.5,
        0
      ],
      "indexes": [
        0,
        1,
        2,
        2,
        1,
        3
      ],
      "uv": [
        18,
        74,
        83,
        74,
        18,
        25,
        83,
        25
      ],
      "nuv": [
        0.18,
        0.25,
        0.83,
        0.25,
        0.18,
        0.74,
        0.83,
        0.74
      ],
      "minPos": {
        "x": -32.5,
        "y": -24.5,
        "z": 0
      },
      "maxPos": {
        "x": 32.5,
        "y": 24.5,
        "z": 0
      }
    },
    "texture": "015395e6-7d7c-4239-92a9-167b69a1a631@6c48a",
    "packable": true,
    "pixelsToUnit": 100,
    "pivot": {
      "x": 0.5,
      "y": 0.5
    },
    "meshType": 0
  }
}