{
  "__type__": "cc.SpriteFrame",
  "content": {
    "name": "prop_energy3",
    "atlas": "",
    "rect": {
      "x": 17,
      "y": 17,
      "width": 66,
      "height": 66
    },
    "offset": {
      "x": 0,
      "y": 0
    },
    "originalSize": {
      "width": 100,
      "height": 100
    },
    "rotated": false,
    "capInsets": [
      0,
      0,
      0,
      0
    ],
    "vertices": {
      "rawPosition": [
        -33,
        -33,
        0,
        33,
        -33,
        0,
        -33,
        33,
        0,
        33,
        33,
        0
      ],
      "indexes": [
        0,
        1,
        2,
        2,
        1,
        3
      ],
      "uv": [
        17,
        83,
        83,
        83,
        17,
        17,
        83,
        17
      ],
      "nuv": [
        0.17,
        0.17,
        0.83,
        0.17,
        0.17,
        0.83,
        0.83,
        0.83
      ],
      "minPos": {
        "x": -33,
        "y": -33,
        "z": 0
      },
      "maxPos": {
        "x": 33,
        "y": 33,
        "z": 0
      }
    },
    "texture": "01a336cd-0b95-4210-9037-2951eb6e88b8@6c48a",
    "packable": true,
    "pixelsToUnit": 100,
    "pivot": {
      "x": 0.5,
      "y": 0.5
    },
    "meshType": 0
  }
}