{
  "__type__": "cc.SpriteFrame",
  "content": {
    "name": "icon_2000703",
    "atlas": "",
    "rect": {
      "x": 25,
      "y": 56,
      "width": 150,
      "height": 88
    },
    "offset": {
      "x": 0,
      "y": 0
    },
    "originalSize": {
      "width": 200,
      "height": 200
    },
    "rotated": false,
    "capInsets": [
      0,
      0,
      0,
      0
    ],
    "vertices": {
      "rawPosition": [
        -75,
        -44,
        0,
        75,
        -44,
        0,
        -75,
        44,
        0,
        75,
        44,
        0
      ],
      "indexes": [
        0,
        1,
        2,
        2,
        1,
        3
      ],
      "uv": [
        25,
        144,
        175,
        144,
        25,
        56,
        175,
        56
      ],
      "nuv": [
        0.125,
        0.28,
        0.875,
        0.28,
        0.125,
        0.72,
        0.875,
        0.72
      ],
      "minPos": {
        "x": -75,
        "y": -44,
        "z": 0
      },
      "maxPos": {
        "x": 75,
        "y": 44,
        "z": 0
      }
    },
    "texture": "01d71290-f282-498d-bd8b-a4065ba07206@6c48a",
    "packable": true,
    "pixelsToUnit": 100,
    "pivot": {
      "x": 0.5,
      "y": 0.5
    },
    "meshType": 0
  }
}