{
  "__type__": "cc.SpriteFrame",
  "content": {
    "name": "scene_wall_4000405",
    "atlas": "",
    "rect": {
      "x": 0,
      "y": 0,
      "width": 663,
      "height": 750
    },
    "offset": {
      "x": 0,
      "y": 0
    },
    "originalSize": {
      "width": 663,
      "height": 750
    },
    "rotated": false,
    "capInsets": [
      0,
      0,
      0,
      0
    ],
    "vertices": {
      "rawPosition": [
        -331.5,
        -375,
        0,
        331.5,
        -375,
        0,
        -331.5,
        375,
        0,
        331.5,
        375,
        0
      ],
      "indexes": [
        0,
        1,
        2,
        2,
        1,
        3
      ],
      "uv": [
        0,
        750,
        663,
        750,
        0,
        0,
        663,
        0
      ],
      "nuv": [
        0,
        0,
        1,
        0,
        0,
        1,
        1,
        1
      ],
      "minPos": {
        "x": -331.5,
        "y": -375,
        "z": 0
      },
      "maxPos": {
        "x": 331.5,
        "y": 375,
        "z": 0
      }
    },
    "texture": "082befcc-125a-4348-9dcf-bb305552a74f@6c48a",
    "packable": true,
    "pixelsToUnit": 100,
    "pivot": {
      "x": 0.5,
      "y": 0.5
    },
    "meshType": 0
  }
}