{
  "__type__": "cc.SpriteFrame",
  "content": {
    "name": "card_bg",
    "atlas": "",
    "rect": {
      "x": 0,
      "y": 0,
      "width": 119,
      "height": 143
    },
    "offset": {
      "x": 0,
      "y": 0
    },
    "originalSize": {
      "width": 119,
      "height": 143
    },
    "rotated": false,
    "capInsets": [
      0,
      0,
      0,
      0
    ],
    "vertices": {
      "rawPosition": [
        -59.5,
        -71.5,
        0,
        59.5,
        -71.5,
        0,
        -59.5,
        71.5,
        0,
        59.5,
        71.5,
        0
      ],
      "indexes": [
        0,
        1,
        2,
        2,
        1,
        3
      ],
      "uv": [
        0,
        143,
        119,
        143,
        0,
        0,
        119,
        0
      ],
      "nuv": [
        0,
        0,
        1,
        0,
        0,
        1,
        1,
        1
      ],
      "minPos": {
        "x": -59.5,
        "y": -71.5,
        "z": 0
      },
      "maxPos": {
        "x": 59.5,
        "y": 71.5,
        "z": 0
      }
    },
    "texture": "0838e2a8-f5b4-41e8-87ff-d9eaf3aa5731@6c48a",
    "packable": true,
    "pixelsToUnit": 100,
    "pivot": {
      "x": 0.5,
      "y": 0.5
    },
    "meshType": 0
  }
}