{
  "__type__": "cc.SpriteFrame",
  "content": {
    "name": "icon_60025",
    "atlas": "",
    "rect": {
      "x": 12,
      "y": 19,
      "width": 77,
      "height": 63
    },
    "offset": {
      "x": 0.5,
      "y": -0.5
    },
    "originalSize": {
      "width": 100,
      "height": 100
    },
    "rotated": false,
    "capInsets": [
      0,
      0,
      0,
      0
    ],
    "vertices": {
      "rawPosition": [
        -38.5,
        -31.5,
        0,
        38.5,
        -31.5,
        0,
        -38.5,
        31.5,
        0,
        38.5,
        31.5,
        0
      ],
      "indexes": [
        0,
        1,
        2,
        2,
        1,
        3
      ],
      "uv": [
        12,
        81,
        89,
        81,
        12,
        18,
        89,
        18
      ],
      "nuv": [
        0.12,
        0.18,
        0.89,
        0.18,
        0.12,
        0.81,
        0.89,
        0.81
      ],
      "minPos": {
        "x": -38.5,
        "y": -31.5,
        "z": 0
      },
      "maxPos": {
        "x": 38.5,
        "y": 31.5,
        "z": 0
      }
    },
    "texture": "089189ab-a3a2-4d59-ad76-6e3f0b6bb17c@6c48a",
    "packable": true,
    "pixelsToUnit": 100,
    "pivot": {
      "x": 0.5,
      "y": 0.5
    },
    "meshType": 0
  }
}