{
  "__type__": "cc.SpriteFrame",
  "content": {
    "name": "icon_mc7",
    "atlas": "",
    "rect": {
      "x": 18,
      "y": 5,
      "width": 64,
      "height": 87
    },
    "offset": {
      "x": 0,
      "y": 1.5
    },
    "originalSize": {
      "width": 100,
      "height": 100
    },
    "rotated": false,
    "capInsets": [
      0,
      0,
      0,
      0
    ],
    "vertices": {
      "rawPosition": [
        -32,
        -43.5,
        0,
        32,
        -43.5,
        0,
        -32,
        43.5,
        0,
        32,
        43.5,
        0
      ],
      "indexes": [
        0,
        1,
        2,
        2,
        1,
        3
      ],
      "uv": [
        18,
        95,
        82,
        95,
        18,
        8,
        82,
        8
      ],
      "nuv": [
        0.18,
        0.08,
        0.82,
        0.08,
        0.18,
        0.95,
        0.82,
        0.95
      ],
      "minPos": {
        "x": -32,
        "y": -43.5,
        "z": 0
      },
      "maxPos": {
        "x": 32,
        "y": 43.5,
        "z": 0
      }
    },
    "texture": "08d190ac-d4ff-4200-a3d6-729c2fa88e67@6c48a",
    "packable": true,
    "pixelsToUnit": 100,
    "pivot": {
      "x": 0.5,
      "y": 0.5
    },
    "meshType": 0
  }
}