{"skeleton":{"hash":"/Q3HTEBQP7E","spine":"3.8-from-4.0-from-4.1.17","images":"./images/","audio":"E:/游戏项目/健身房/spine"},"bones":[{"name":"root","scaleX":0.6,"scaleY":0.6},{"name":"z1","parent":"root","x":2.29,"y":37.62},{"name":"5465","parent":"z1","length":53.69,"rotation":91.82,"x":-0.87,"y":5.1},{"name":"bone2","parent":"5465","length":82.2,"rotation":-1.22,"x":58.82,"y":0.69},{"name":"bone13","parent":"bone2","x":25.58,"y":42.84},{"name":"bone3","parent":"bone13","length":8.14,"rotation":-6.6,"x":-9.43,"y":-5.1},{"name":"bone4","parent":"5465","length":36.26,"rotation":-148.31,"x":45.01,"y":-45.32},{"name":"bone5","parent":"5465","length":17.04,"rotation":-54.95,"x":30.01,"y":-74.67},{"name":"bone6","parent":"bone5","length":10.54,"rotation":6.49,"x":20.27,"y":0.77},{"name":"bone7","parent":"bone6","length":12.88,"rotation":-9.15,"x":12.64,"y":0.36},{"name":"bone8","parent":"5465","length":33.23,"rotation":179.65,"x":-1.05,"y":-19.57},{"name":"target2","parent":"root","x":13.3,"y":11.69,"color":"ff3f00ff"},{"name":"bone9","parent":"target2","length":12.38,"rotation":-150.78,"x":0.25,"y":1.8},{"name":"bone11","parent":"5465","length":27.74,"rotation":-179.7,"x":9.35,"y":24.74},{"name":"target","parent":"root","x":1.72,"y":19.01,"color":"ff3f00ff"},{"name":"bone12","parent":"target","length":12.88,"rotation":-140.45,"x":-0.27,"y":5.81},{"name":"bone14","parent":"bone2","length":15.74,"rotation":56.29,"x":81.92,"y":19.26},{"name":"bone15","parent":"bone14","length":18.38,"rotation":-36.19,"x":16.11,"y":-0.22},{"name":"bone16","parent":"bone15","length":17.77,"rotation":-19.46,"x":20.17,"y":-0.68},{"name":"bone17","parent":"bone16","length":17.35,"rotation":-21.86,"x":18.71,"y":-0.98},{"name":"bone10","parent":"z1","x":-0.01,"y":-22.97},{"name":"bone18","parent":"bone2","x":62.92,"y":-44.26},{"name":"bone","parent":"root","x":11.3,"y":28.81,"color":"2a24ffff"},{"name":"b1","parent":"bone","length":66.96,"rotation":91.79,"x":-0.33,"y":4.23,"color":"2a24ffff"},{"name":"bone20","parent":"b1","length":72.15,"rotation":-2.21,"x":70.09,"y":-0.1,"color":"2a24ffff"},{"name":"bone21","parent":"bone20","length":20.46,"rotation":-30.88,"x":82.34,"y":-29.68,"color":"2a24ffff"},{"name":"bone22","parent":"bone21","length":16.4,"rotation":20.45,"x":20.75,"y":0.18,"color":"2a24ffff"},{"name":"bone23","parent":"bone22","length":15.83,"rotation":15.81,"x":16.4,"color":"2a24ffff"},{"name":"bone24","parent":"bone23","length":13.05,"rotation":24.96,"x":16.88,"y":0.25,"color":"2a24ffff"},{"name":"bone25","parent":"b1","length":33.61,"rotation":-137.01,"x":50.08,"y":-49.02,"color":"2a24ffff"},{"name":"bone32","parent":"b1","x":28.81,"y":52.5,"color":"2a24ffff"},{"name":"bone26","parent":"bone32","length":22.9,"rotation":34.24,"x":2.99,"y":0.98,"color":"2a24ffff"},{"name":"bone27","parent":"bone26","length":20.12,"rotation":1.32,"x":24.42,"y":-0.06,"color":"2a24ffff"},{"name":"bone28","parent":"b1","length":22.61,"rotation":-178.17,"x":0.63,"y":-18.34,"color":"2a24ffff"},{"name":"bone30","parent":"b1","length":22.3,"rotation":170.85,"x":4.15,"y":20.28,"color":"2a24ffff"},{"name":"23e","parent":"root","x":21.29,"y":5.99,"color":"2a24ffff"},{"name":"bone29","parent":"23e","length":14.5,"rotation":-4.26,"x":0.5,"y":1.31,"color":"2a24ffff"},{"name":"21","parent":"root","x":-1.23,"y":11.47,"color":"2a24ffff"},{"name":"bone31","parent":"21","length":14.97,"rotation":-7.23,"x":1.82,"y":2.44,"color":"2a24ffff"},{"name":"bone33","parent":"5465","length":36.26,"rotation":121.79,"x":46.9,"y":58.23,"scaleX":0.8,"scaleY":0.8},{"name":"yingzi","parent":"bone","x":-6.04,"y":-4.78,"color":"2a24ffff"},{"name":"z2","parent":"z1","length":19.09,"rotation":70.35,"x":20.31,"y":37.39,"scaleX":2,"scaleY":2},{"name":"z3","parent":"z2","x":23.67,"y":52.09},{"name":"z4","parent":"z3","x":-22.82,"y":-93.75},{"name":"yizi","parent":"bone","length":23.58,"rotation":85.6,"x":-131.44,"y":-61.34,"scaleX":2,"scaleY":2,"color":"ff19d2ff"},{"name":"z5","parent":"z1","x":-16.28,"y":-15.72,"scaleX":-1.7,"scaleY":1.7,"color":"16ff7aff"},{"name":"z6","parent":"z5","x":29.3,"y":20},{"name":"z7","parent":"z5","length":13.73,"rotation":145.71,"x":7.53,"y":-4.76,"color":"5eff00ff"},{"name":"paobu22","parent":"bone","rotation":88.03,"x":-70.51,"y":12.58,"scaleX":1.7,"scaleY":1.7,"color":"39ffd2ff"},{"name":"bone34","parent":"paobu22","rotation":-88.03,"x":6.27,"y":-86.12},{"name":"cheng1","parent":"z1","x":-1.75,"y":-29.52,"color":"f02fffff"},{"name":"cheng2","parent":"cheng1","length":28.78,"rotation":-89.3,"x":30.02,"y":173.06,"color":"f02fffff"},{"name":"cheng3","parent":"cheng1","length":21.76,"rotation":-90.92,"x":40.55,"y":169.9,"color":"f02fffff"},{"name":"cheng4","parent":"bone","x":6.86,"y":-13.82,"color":"f02fffff"},{"name":"cheng5","parent":"cheng4","length":28.78,"rotation":-89.3,"x":30.02,"y":173.06,"color":"f02fffff"},{"name":"cheng6","parent":"cheng4","length":21.76,"rotation":-90.92,"x":40.55,"y":169.9,"color":"f02fffff"},{"name":"yaodai","parent":"5465","x":4.61,"y":-19.85,"color":"c92121ff"},{"name":"5466","parent":"yaodai","length":7.49,"rotation":0.67,"x":-0.68,"y":9.46},{"name":"yaodai2","parent":"yaodai","length":15.32,"rotation":1.45,"x":-16.9,"y":17.82,"color":"c92121ff"},{"name":"yaodai3","parent":"yaodai","length":14.04,"rotation":3.54,"x":-4.55,"y":-6.92,"color":"c92121ff"},{"name":"bone19","parent":"bone2","length":16.43,"rotation":-3.61,"x":82.46,"y":-3.61},{"name":"bone35","parent":"bone20","length":22.46,"rotation":4.68,"x":78.07,"y":1.92,"color":"2a24ffff"},{"name":"b2","parent":"b1","length":6.07,"rotation":7.67,"x":9.2,"y":6.94,"color":"2a24ffff"},{"name":"5467","parent":"5465","x":19.58,"y":46.49},{"name":"5468","parent":"5465","x":34.14,"y":-46.98},{"name":"yaodai4","parent":"5465","x":23.9,"y":73.45,"color":"c92121ff"},{"name":"yaodai5","parent":"5465","x":28.99,"y":-84.3,"color":"c92121ff"},{"name":"bone36","parent":"bone","length":17.6,"rotation":93.09,"x":-62.76,"y":73.15,"color":"2a24ffff"},{"name":"bone37","parent":"bone","length":17.13,"rotation":93.18,"x":-44.7,"y":74.1,"color":"2a24ffff"},{"name":"bone38","parent":"bone20","x":50.92,"y":-32.7,"color":"2a24ffff"},{"name":"bone39","parent":"bone20","x":12.15,"y":50.54,"color":"2a24ffff"}],"slots":[{"name":"跑步机1","bone":"paobu22"},{"name":"root","bone":"root","attachment":"root"},{"name":"p12","bone":"bone34"},{"name":"体重秤3","bone":"cheng4"},{"name":"扳手2","bone":"bone36","attachment":"扳手"},{"name":"工具2","bone":"bone37","attachment":"工具"},{"name":"sad3","bone":"yizi"},{"name":"图层492(3)2","bone":"yingzi","attachment":"图层492(3)"},{"name":"bj1","bone":"bone30","attachment":"bj1"},{"name":"bj2","bone":"bone28","attachment":"bj2"},{"name":"bbody","bone":"b1","attachment":"bbody"},{"name":"bdm","bone":"bone21","attachment":"bdm"},{"name":"bhead","bone":"bone20","attachment":"bhead"},{"name":"衣服ffytd","bone":"b1","attachment":"衣服ffytd"},{"name":"腰带u","bone":"b2","attachment":"腰带u"},{"name":"bw","bone":"bone26","attachment":"bw"},{"name":"sad2","bone":"yizi"},{"name":"sad1","bone":"yizi"},{"name":"p66","bone":"z5"},{"name":"da","bone":"root","attachment":"da"},{"name":"p22","bone":"z7"},{"name":"体重秤2","bone":"cheng1"},{"name":"图层492(3)","bone":"bone10","attachment":"图层492(3)"},{"name":"yiz1","bone":"z2"},{"name":"zj1","bone":"bone11","attachment":"zj1"},{"name":"zj2","bone":"bone8","attachment":"zj2"},{"name":"zw","bone":"bone5","attachment":"zw"},{"name":"zhand2","bone":"bone33","attachment":"zhand"},{"name":"zbody","bone":"5465","attachment":"zbody"},{"name":"zhead","bone":"bone2","attachment":"zhead"},{"name":"yiz2","bone":"z4"},{"name":"zbq","bone":"bone3","attachment":"zbq"},{"name":"帽子","bone":"bone19","attachment":"帽子"},{"name":"zdm","bone":"bone14","attachment":"zdm"},{"name":"p55","bone":"z5"},{"name":"跑步机1背面","bone":"paobu22"},{"name":"p22z","bone":"root"},{"name":"跑步机1背面2","bone":"root"},{"name":"p11","bone":"root"},{"name":"xian1","bone":"cheng2"},{"name":"xian3","bone":"cheng5"},{"name":"xian2","bone":"cheng3"},{"name":"xian4","bone":"cheng6"},{"name":"图层组61","bone":"5465","attachment":"图层组61"},{"name":"bda","bone":"yaodai","attachment":"bda"},{"name":"扳手","bone":"yaodai3","attachment":"扳手"},{"name":"工具","bone":"yaodai2","attachment":"工具"},{"name":"zdad","bone":"5466","attachment":"zdad"},{"name":"手","bone":"bone4","attachment":"手"},{"name":"帽子6","bone":"bone35","attachment":"帽子6"},{"name":"手2","bone":"bone25","attachment":"手"}],"ik":[{"name":"21","order":2,"bones":["bone30"],"target":"21"},{"name":"23e","order":3,"bones":["bone28"],"target":"23e"},{"name":"target","bones":["bone11"],"target":"target"},{"name":"target2","order":1,"bones":["bone8"],"target":"target2"}],"skins":[{"name":"default","attachments":{"bbody":{"bbody":{"type":"mesh","uvs":[0.50903,0,0.376,0,0.27672,0.0289,0.16155,0.09413,0.08015,0.1648,0.02256,0.28167,0,0.43116,7.2E-4,0.58608,0.04639,0.74133,0.1417,0.85005,0.2509,0.92343,0.37202,0.98051,0.50109,0.99953,0.62022,0.98594,0.74134,0.94246,0.87437,0.84189,0.94188,0.74405,0.98954,0.57553,1,0.46681,0.99549,0.27656,0.8843,0.10804,0.7334,0.01835],"triangles":[20,18,21,18,20,19,4,7,6,5,4,6,3,8,7,21,18,17,17,15,21,16,15,17,4,3,7,9,8,3,10,3,2,9,3,10,1,10,2,11,10,1,15,0,21,0,11,1,15,14,0,11,0,12,14,13,0,13,12,0],"vertices":[104.05,-0.57,104.75,21.63,101.74,38.31,94.39,57.79,86.19,71.64,72.24,81.7,54.13,86.04,35.24,86.51,16.07,79.48,2.31,63.98,-7.21,46.03,-14.8,26.03,-17.79,4.56,-16.76,-15.38,-12.08,-35.76,-0.52,-58.35,11.06,-69.99,31.36,-78.59,44.57,-80.75,67.79,-80.72,88.92,-62.8,100.64,-37.95],"hull":22,"edges":[0,2,2,4,4,6,6,8,8,10,10,12,12,14,14,16,16,18,18,20,20,22,22,24,24,26,26,28,28,30,30,32,32,34,34,36,36,38,38,40,40,42,0,42],"width":167,"height":122}},"bda":{"bda":{"type":"mesh","uvs":[0.01673,0.19563,1.0E-5,0.21563,0,0.30703,0.01046,0.4327,0.0324,0.53838,0.07629,0.6355,0.12645,0.72118,0.18392,0.79545,0.24871,0.83258,0.30409,0.84686,0.35425,0.864,0.36365,0.93255,0.38664,0.97253,0.44934,0.99538,0.57996,0.9811,0.69804,0.91541,0.7691,0.77545,0.78164,0.6812,0.86583,0.5898,0.93585,0.4784,0.98182,0.38129,0.99645,0.31274,1,0.10709,1,0.03568,0.97242,0,0.94525,0.04425,0.89718,0.14422,0.84389,0.22991,0.79268,0.28703,0.75298,0.32131,0.72372,0.26418,0.66833,0.27846,0.57492,0.31845,0.48819,0.34987,0.4025,0.35273,0.37429,0.36701,0.34607,0.41556,0.33353,0.48411,0.26979,0.46126,0.19664,0.41556,0.11827,0.3613,0.05766,0.26704,0.03676,0.19849],"triangles":[24,23,22,22,25,24,21,25,22,26,25,21,20,26,21,19,26,20,27,26,19,18,27,19,28,27,18,17,29,28,17,28,18,29,17,31,9,8,38,37,9,38,35,37,36,34,10,37,9,37,10,31,17,15,29,31,30,16,15,17,32,31,15,34,11,10,37,35,34,13,12,11,14,32,15,33,32,14,13,34,33,13,33,14,13,11,34,0,2,1,41,3,2,41,2,42,42,2,0,4,41,40,4,3,41,5,4,40,6,40,39,5,40,6,7,6,39,7,39,38,8,7,38],"vertices":[1,65,5.85,0.18,1,1,65,4.74,2.96,1,2,65,-0.74,3.13,0.99964,56,18.55,96.43,3.6E-4,1,65,-8.33,1.66,1,1,65,-14.78,-1.74,1,2,65,-20.84,-8.75,0.93627,56,-1.54,84.55,0.06373,2,65,-26.23,-16.81,0.76838,56,-6.94,76.49,0.23162,2,65,-30.99,-26.08,0.64704,56,-11.7,67.21,0.35296,2,65,-33.55,-36.63,0.50824,56,-14.26,56.66,0.49176,2,65,-34.7,-45.69,0.37625,56,-15.4,47.61,0.62375,2,65,-35.98,-53.87,0.24062,56,-16.69,39.42,0.75938,2,65,-40.14,-55.29,0.19395,56,-20.85,38.01,0.80605,2,65,-42.66,-58.98,0.17046,56,-23.37,34.31,0.82954,2,65,-44.36,-69.21,0.11002,56,-25.07,24.08,0.88998,3,65,-44.18,-90.65,0.01784,56,-24.89,2.64,0.97949,66,-49.27,67.1,0.00267,3,65,-40.86,-110.13,1.0E-5,56,-21.57,-16.84,0.93631,66,-45.95,47.62,0.06368,2,56,-13.54,-28.75,0.82411,66,-37.92,35.71,0.17589,2,56,-7.96,-30.99,0.73078,66,-32.34,33.47,0.26922,2,56,-2.91,-44.96,0.40804,66,-27.29,19.5,0.59196,2,56,3.4,-56.65,0.17976,66,-20.98,7.81,0.82024,2,56,8.99,-64.37,0.07257,66,-15.39,0.09,0.92743,1,66,-11.36,-2.44,1,1,66,0.96,-3.41,1,1,66,5.24,-3.55,1,1,66,7.52,0.9,1,1,66,5.01,5.44,1,2,56,23.65,-50.95,0.04571,66,-0.74,13.51,0.95429,2,56,18.78,-42.05,0.28509,66,-5.6,22.41,0.71491,2,56,15.63,-33.55,0.49819,66,-8.76,30.91,0.50181,2,56,13.78,-26.97,0.68474,66,-10.61,37.48,0.31526,2,56,17.35,-22.29,0.78803,66,-7.03,42.17,0.21197,2,56,16.79,-13.18,0.88468,66,-7.6,51.28,0.11532,3,65,-4.42,-91.08,0.00691,56,14.87,2.21,0.98278,66,-9.51,66.67,0.0103,2,65,-5.85,-76.81,0.06576,56,13.44,16.48,0.93424,2,65,-5.57,-62.76,0.16538,56,13.72,30.54,0.83462,2,65,-6.28,-58.1,0.19668,56,13.01,35.19,0.80332,2,65,-9.05,-53.39,0.23612,56,10.24,39.9,0.76388,2,65,-13.1,-51.2,0.30292,56,6.2,42.09,0.69708,2,65,-11.39,-40.8,0.50915,56,7.9,52.5,0.49085,2,65,-8.27,-28.89,0.70585,56,11.02,64.4,0.29415,2,65,-4.61,-16.15,0.93771,56,14.68,77.14,0.06229,2,65,1.36,-6.39,0.98672,56,20.65,86.9,0.01328,2,65,5.58,-3.1,0.99949,56,24.87,90.19,5.1E-4],"hull":43,"edges":[0,2,2,4,4,6,6,8,8,10,10,12,12,14,14,16,16,18,18,20,20,22,22,24,24,26,26,28,28,30,30,32,32,34,34,36,36,38,38,40,40,42,42,44,44,46,46,48,48,50,50,52,52,54,54,56,56,58,58,60,60,62,62,64,64,66,66,68,68,70,70,72,72,74,74,76,76,78,78,80,80,82,82,84,0,84],"width":164,"height":60}},"bdm":{"bdm":{"type":"mesh","uvs":[0.03416,0.91159,0.03416,0.9563,0.12488,0.98082,0.29296,0.97938,0.47172,0.95053,0.66115,0.864,0.81323,0.74847,0.91195,0.6403,0.96531,0.49608,0.96531,0.34321,0.91195,0.20621,0.79455,0.10237,0.64514,0.02016,0.54109,0.0043,0.41569,0.0144,0.29563,0.07785,0.29296,0.12977,0.30097,0.26245,0.33298,0.40234,0.37834,0.58117,0.38367,0.74414,0.30897,0.83211,0.18624,0.88547],"triangles":[11,10,17,11,17,12,16,13,12,16,14,13,12,17,16,14,16,15,18,9,19,9,18,10,18,17,10,7,19,8,8,19,9,3,2,22,22,2,0,4,3,21,2,1,0,3,22,21,4,21,5,21,20,5,5,20,6,7,6,19,6,20,19],"vertices":[1,25,-8.92,11.55,1,1,25,-11.75,9.83,1,1,25,-11.41,5.79,1,1,25,-7.83,0.1,1,1,25,-2.29,-4.91,1,1,25,7.12,-8.05,1,2,25,17.58,-8.81,0.99724,26,-6.11,-7.32,0.00276,2,25,26.47,-8.03,0.44325,26,2.49,-9.69,0.55675,3,25,36.7,-4.31,0.01575,26,13.38,-9.78,0.83521,27,-5.57,-8.58,0.14904,3,26,24.49,-7.65,0.06094,27,5.7,-9.56,0.93265,28,-14.28,-4.18,0.00641,2,27,15.98,-8.32,0.53925,28,-4.43,-7.39,0.46075,2,27,24.04,-4.3,3.4E-4,28,4.57,-7.15,0.99966,1,28,12.82,-5.01,1,1,28,15.92,-1.99,1,2,27,31.84,10.23,0.00473,28,17.77,2.73,0.99527,2,27,27.58,15.42,0.05547,28,16.1,9.24,0.94453,3,26,34.94,21.73,7.9E-4,27,23.76,15.86,0.12079,28,12.82,11.25,0.87842,3,26,25.36,19.57,0.05515,27,13.95,16.39,0.4899,28,4.15,15.87,0.45495,3,26,15.43,16.37,0.37707,27,3.53,16.01,0.53749,28,-5.46,19.92,0.08544,4,25,19.13,12.48,0.04473,26,2.78,12.1,0.88109,27,-9.81,15.35,0.07399,28,-17.83,24.95,1.9E-4,3,25,8.93,6.04,0.88902,26,-9.03,9.62,0.11098,27,-21.85,16.18,1.0E-5,2,25,1.82,5.21,0.99953,26,-15.98,11.33,4.7E-4,1,25,-4.11,7.35,1],"hull":23,"edges":[0,2,2,4,4,6,6,8,8,10,10,12,12,14,14,16,16,18,18,20,20,22,22,24,24,26,26,28,28,30,30,32,32,34,34,36,36,38,38,40,40,42,42,44,0,44],"width":40,"height":74}},"bhead":{"bhead":{"type":"mesh","uvs":[0.4757,0.00163,0.38484,0.01203,0.2601,0.04528,0.15691,0.12842,0.07529,0.24481,0.01677,0.37991,0.00137,0.49838,0.00137,0.64802,0.02909,0.77273,0.07683,0.85794,0.14613,0.91614,0.28936,0.97225,0.4141,0.99927,0.55886,0.9972,0.67591,0.98265,0.83299,0.93069,0.92693,0.86626,0.97621,0.79559,1,0.71453,0.99469,0.61061,0.96543,0.55241,0.92539,0.52124,0.90845,0.42355,0.87611,0.29053,0.80527,0.16583,0.72519,0.07438,0.5989,0.0141,0.08275,0.76984,0.14453,0.84778,0.26944,0.91303,0.45478,0.93841,0.64684,0.93116,0.82547,0.85503,0.91143,0.80246,0.94903,0.69371,0.92889,0.60127,0.88456,0.55595,0.86308,0.45082,0.82413,0.32938,0.76772,0.21881,0.70191,0.14812,0.60924,0.0883,0.4521,0.06655,0.31913,0.10099,0.19154,0.19162,0.11096,0.30219,0.07201,0.42182,0.06395,0.57045,0.07201,0.67921,0.82413,0.65564,0.77309,0.78615,0.60924,0.83509,0.393,0.83509,0.22109,0.73358,0.17945,0.55233,0.209,0.35838,0.33525,0.23693,0.62938,0.20431,0.74757,0.40007,0.66967,0.57589,0.44135,0.52151],"triangles":[16,33,17,33,34,17,38,23,22,39,24,23,34,19,18,17,34,18,40,25,24,55,56,60,54,55,60,54,46,55,53,54,60,48,54,53,52,53,60,29,53,52,37,22,21,35,21,20,35,20,19,39,40,24,38,39,23,37,38,22,36,37,21,36,21,35,34,35,19,32,33,16,15,32,16,14,32,15,43,2,1,28,53,29,8,48,27,9,8,27,9,27,28,47,6,46,6,5,46,10,29,11,55,44,56,45,44,55,12,11,52,4,3,44,30,12,52,44,2,43,30,52,51,12,30,13,42,1,0,41,26,25,40,41,25,57,41,40,42,56,43,42,43,1,39,57,40,58,39,38,58,57,39,58,38,37,57,60,56,59,57,58,49,58,37,49,37,36,59,58,49,41,42,0,41,0,26,42,57,56,57,42,41,50,59,49,49,35,34,35,49,36,33,49,34,50,49,33,59,51,60,59,60,57,51,59,50,52,60,51,32,50,33,31,51,50,14,31,50,14,50,32,13,30,51,13,51,31,13,31,14,44,43,56,44,3,2,45,4,44,5,4,45,46,5,45,55,46,45,7,6,47,10,28,29,11,29,52,7,47,48,8,7,48,9,28,10,47,46,54,48,47,54,27,48,53,28,27,53],"vertices":[2,69,50.83,34.07,0.77047,70,89.6,-49.18,0.22953,2,69,49.44,49.14,0.65416,70,88.21,-34.1,0.34584,2,69,45.2,69.82,0.75769,70,83.97,-13.43,0.24231,2,69,34.85,86.87,0.97714,70,73.62,3.63,0.02286,2,69,20.44,100.32,0.97714,70,59.21,17.07,0.02286,2,69,3.75,109.91,0.93364,70,42.52,26.67,0.06636,2,69,-10.84,112.36,0.87577,70,27.93,29.12,0.12423,2,69,-29.24,112.23,0.83208,70,9.53,28.98,0.16792,2,69,-44.55,107.51,0.82571,70,-5.78,24.27,0.17429,2,69,-54.97,99.51,0.82571,70,-16.2,16.27,0.17429,2,69,-62.05,87.96,0.83525,70,-23.28,4.71,0.16475,2,69,-68.78,64.13,0.97191,70,-30.01,-19.11,0.02809,2,69,-71.95,43.4,0.97714,70,-33.18,-39.84,0.02286,2,69,-71.52,19.37,0.5981,70,-32.75,-63.87,0.4019,2,69,-69.59,-0.04,0.76919,70,-30.82,-83.29,0.23081,2,69,-63.01,-26.07,0.45695,70,-24.24,-109.31,0.54305,2,69,-54.97,-41.61,0.29069,70,-16.2,-124.85,0.70931,2,69,-46.22,-49.72,0.32144,70,-7.45,-132.97,0.67856,2,69,-36.22,-53.6,0.32945,70,2.55,-136.84,0.67055,2,69,-23.45,-52.63,0.33382,70,15.32,-135.87,0.66618,2,69,-16.32,-47.72,0.33429,70,22.45,-130.96,0.66571,2,69,-12.54,-41.04,0.33418,70,26.23,-124.29,0.66582,2,69,-0.54,-38.14,0.33429,70,38.23,-121.39,0.66571,2,69,15.78,-32.66,0.33429,70,54.55,-115.9,0.66571,2,69,31.03,-20.79,0.33284,70,69.8,-104.03,0.66716,2,69,42.18,-7.41,0.31201,70,80.95,-90.66,0.68799,2,69,49.45,13.6,0.89786,70,88.22,-69.64,0.10214,2,69,-44.13,98.61,0.76286,70,-5.36,15.36,0.23714,2,69,-53.64,88.28,0.72076,70,-14.87,5.04,0.27924,2,69,-61.52,67.49,0.82567,70,-22.75,-15.75,0.17433,2,69,-64.41,36.7,0.86857,70,-25.64,-46.54,0.13143,2,69,-63.29,4.83,0.74086,70,-24.52,-78.42,0.25914,2,69,-53.71,-24.75,0.34601,70,-14.94,-108,0.65399,2,69,-47.14,-38.98,0.3898,70,-8.37,-122.22,0.6102,2,69,-33.72,-45.12,0.40827,70,5.05,-128.37,0.59173,2,69,-22.38,-41.7,0.4125,70,16.39,-124.94,0.5875,2,69,-16.86,-34.3,0.412,70,21.91,-117.54,0.588,2,69,-3.95,-30.64,0.41422,70,34.82,-113.88,0.58578,2,69,10.94,-24.06,0.41429,70,49.71,-107.31,0.58571,2,69,24.47,-14.6,0.41236,70,63.24,-97.85,0.58764,2,69,33.09,-3.61,0.39269,70,71.86,-86.86,0.60731,2,69,40.33,11.82,0.91469,70,79.1,-71.42,0.08531,2,69,42.82,37.93,0.73763,70,81.59,-45.32,0.26237,2,69,38.42,59.97,0.7767,70,77.19,-23.28,0.2233,2,69,27.12,81.07,0.86857,70,65.89,-2.18,0.13143,2,69,13.43,94.34,0.86857,70,52.2,11.1,0.13143,2,69,-1.34,100.7,0.82213,70,37.43,17.46,0.17787,2,69,-19.63,101.91,0.74657,70,19.14,18.66,0.25343,2,69,-32.99,100.47,0.72016,70,5.78,17.23,0.27984,2,69,-29.19,-24.35,0.97436,70,9.58,-107.6,0.02564,2,69,-45.3,-16,0.91433,70,-6.53,-99.24,0.08567,2,69,-51.52,11.16,0.71274,70,-12.75,-72.09,0.28726,2,69,-51.78,47.05,0.31514,70,-13.01,-36.19,0.68486,2,69,-39.5,75.68,0.04179,70,-0.73,-7.57,0.95821,2,69,-17.26,82.75,0.09531,70,21.51,-0.49,0.90469,2,69,6.63,78.02,0.26209,70,45.4,-5.23,0.73791,2,69,21.72,57.17,0.51665,70,60.49,-26.07,0.48335,2,69,26.09,8.37,0.9429,70,64.86,-74.87,0.0571,1,69,2.15,-11.42,1,2,69,-19.57,1.36,0.91839,70,19.2,-81.89,0.08161,2,69,-13.15,39.3,0.5621,70,25.62,-43.94,0.4379],"hull":27,"edges":[0,2,2,4,4,6,6,8,8,10,10,12,12,14,14,16,16,18,18,20,20,22,22,24,24,26,26,28,28,30,30,32,32,34,34,36,36,38,38,40,40,42,42,44,44,46,46,48,48,50,50,52,0,52],"width":166,"height":123}},"bj1":{"bj1":{"type":"mesh","uvs":[0.32911,0.01393,0.16428,0.02442,0.04534,0.10381,0.037,0.20898,0.037,0.70183,0.08708,0.82766,0.22061,0.952,0.45222,0.96698,0.688,0.952,0.87579,0.82317,0.94464,0.71681,0.93212,0.55802,0.80693,0.45315,0.7026,0.40672,0.56281,0.40222,0.55029,0.06666,0.42718,0.00974],"triangles":[8,7,5,14,9,8,10,9,14,10,12,11,12,10,14,8,5,14,6,5,7,5,4,14,15,14,0,3,2,14,0,14,2,2,1,0,0,16,15,14,4,3,12,14,13],"vertices":[1,34,-5.87,1.39,1,1,34,-5.82,-3.25,1,1,34,-2.99,-6.81,1,1,34,1.08,-7.36,1,1,34,20.24,-8.86,1,2,34,25.24,-7.85,0.96717,38,-9.35,-2.6,0.03283,2,34,30.37,-4.5,0.67529,38,-5.88,-7.65,0.32471,2,34,31.46,1.92,0.1823,38,0.56,-8.59,0.8177,2,34,31.39,8.55,0.00118,38,7.19,-8.37,0.99882,1,38,12.71,-3.65,1,2,34,22.81,16.43,9.9E-4,38,14.87,0.39,0.99901,2,34,16.61,16.56,0.11212,38,14.86,6.59,0.88788,2,34,12.26,13.39,0.32281,38,11.58,10.87,0.67719,2,34,10.22,10.62,0.49364,38,8.77,12.84,0.50636,2,34,9.74,6.73,0.79949,38,4.87,13.23,0.20051,1,34,-3.33,7.4,1,1,34,-5.81,4.14,1],"hull":17,"edges":[0,2,2,4,4,6,6,8,8,10,10,12,12,14,14,16,16,18,18,20,20,22,22,24,24,26,26,28,28,30,30,32,0,32],"width":28,"height":39}},"bj2":{"bj2":{"type":"mesh","uvs":[0.04898,0.12056,0.03824,0.3556,0.05434,0.71586,0.11069,0.86806,0.24755,0.93741,0.4971,0.95283,0.71714,0.92393,0.89424,0.80448,0.92108,0.55596,0.83252,0.49046,0.72251,0.43459,0.63932,0.42688,0.5454,0.45193,0.54412,0.26169,0.54272,0.05506,0.43538,0.02038,0.21535,0.01268,0.07849,0.07818],"triangles":[10,9,12,4,3,2,7,9,8,6,12,7,12,5,4,6,5,12,7,12,9,0,13,1,1,12,2,16,0,17,15,13,16,13,15,14,0,16,13,12,1,13,12,4,2,10,12,11],"vertices":[1,33,3.46,-6.85,1,1,33,12.59,-7.73,1,2,33,26.64,-8.17,0.72354,36,-8.85,1.76,0.27646,2,33,32.66,-6.97,0.41796,36,-7.17,-4.15,0.58204,2,33,35.6,-3.32,0.29903,36,-3.29,-6.78,0.70097,2,33,36.64,3.62,0.00117,36,3.71,-7.26,0.99883,2,33,35.91,9.84,0,36,9.85,-6.03,1,2,33,31.57,15.08,0,36,14.72,-1.29,1,2,33,22.62,16.4,0.13859,36,15.32,7.74,0.86141,2,33,19.68,14.23,0.24297,36,12.92,10.5,0.75703,2,33,17.8,11.38,0.39052,36,9.93,12.14,0.60948,2,33,17.3,9.08,0.52096,36,7.59,12.46,0.47904,2,33,17.23,6.2,0.78987,36,4.72,12.29,0.21013,2,33,9.83,6.64,0.99891,36,4.56,19.71,0.00109,1,33,1.78,7.11,1,1,33,0.24,4.19,1,1,33,-0.45,-1.94,1,1,33,1.86,-5.92,1],"hull":18,"edges":[0,2,2,4,4,6,6,8,8,10,10,12,12,14,14,16,16,18,18,20,20,22,22,24,28,30,30,32,32,34,0,34,24,26,26,28],"width":28,"height":39}},"bw":{"bw":{"type":"mesh","uvs":[0.66293,0.97963,0.57672,0.95979,0.43053,0.83278,0.25435,0.63037,0.1419,0.43986,0.05569,0.29301,0.00696,0.14616,0.04444,0,0.16814,0,0.38555,0.04694,0.58047,0.1025,0.72291,0.19379,0.80912,0.32079,0.87284,0.57083,0.96656,0.78516,1,0.95979,0.94406,1],"triangles":[8,6,7,5,6,8,9,4,5,9,5,8,10,3,4,10,4,9,3,12,2,11,3,10,12,3,11,2,12,13,1,2,13,14,0,13,13,0,1,15,16,14,14,16,0],"vertices":[1,30,-2.8,9.61,1,1,30,-1.64,14.23,1,3,30,5.08,21.92,0.00944,31,13.5,16.13,0.82858,32,-10.54,16.44,0.16198,2,31,27.45,17.76,0.254,32,3.44,17.74,0.746,2,31,38.88,16.95,0.01746,32,14.84,16.68,0.98254,1,32,23.62,15.83,1,1,32,31.17,13.38,1,1,32,35.87,7.25,1,1,32,31.82,1.94,1,1,32,22.79,-5.94,1,1,32,14.15,-12.59,1,2,31,30.57,-15.8,0.06,32,5.79,-15.88,0.94,2,31,22.6,-15.76,0.32393,32,-2.19,-15.65,0.67607,2,31,10.26,-11.04,0.93255,32,-14.41,-10.65,0.06745,2,30,6.6,-7.09,0.14596,31,-1.56,-8.7,0.85404,1,30,-2.36,-8.62,1,1,30,-4.31,-5.53,1],"hull":17,"edges":[0,2,2,4,4,6,6,8,8,10,10,12,12,14,14,16,16,18,18,20,20,22,22,24,24,26,26,28,28,30,30,32,0,32],"width":54,"height":51}},"da":{"da":{"type":"clipping","end":"p22","vertexCount":4,"vertices":[-138.2,24.8,-32.25,-44.03,133.27,54.19,8.75,124.57],"color":"ce3a3aff"}},"p12":{"p11":{"x":-12.43,"y":-7.7,"scaleX":-1,"width":52,"height":31}},"p22":{"p22":{"x":-3.64,"y":10.19,"scaleX":-1,"scaleY":-1,"rotation":34.29,"width":52,"height":29}},"p55":{"p55":{"x":81.62,"y":17.47,"scaleX":-1,"scaleY":-1,"rotation":180,"width":191,"height":134}},"p66":{"p66":{"x":-10.21,"y":0.55,"scaleX":-1,"scaleY":-1,"rotation":180,"width":270,"height":170}},"root":{"root":{"type":"clipping","end":"p12","vertexCount":4,"vertices":[125.09,-11.61,224.44,-82.37,385.33,11.35,281.33,73.59],"color":"ce3a3aff"}},"sad1":{"sad1":{"x":22.65,"y":-80.29,"rotation":-85.6,"width":75,"height":96}},"sad2":{"sad2":{"x":36.37,"y":-23.87,"rotation":-85.6,"width":79,"height":108}},"sad3":{"sad3":{"x":71.17,"y":-50.28,"rotation":-85.6,"width":90,"height":62}},"xian1":{"xian1":{"x":11.57,"y":8.64,"rotation":89.3,"width":62,"height":50}},"xian2":{"xian2":{"x":5.29,"y":-11.53,"rotation":90.92,"width":30,"height":28}},"xian3":{"xian1":{"x":11.57,"y":8.64,"rotation":89.3,"width":62,"height":50}},"xian4":{"xian2":{"x":5.29,"y":-11.53,"rotation":90.92,"width":30,"height":28}},"yiz1":{"yiz1":{"x":10.83,"y":3.67,"rotation":-70.35,"width":135,"height":137}},"yiz2":{"yiz2":{"x":-3.34,"y":3.14,"rotation":-70.35,"width":72,"height":83}},"zbody":{"zbody":{"type":"mesh","uvs":[0.50774,0,0.39901,0,0.30017,0.01479,0.20838,0.04987,0.12648,0.11224,0.05165,0.20188,0,0.33636,0,0.50591,0.02764,0.67936,0.09259,0.81578,0.22005,0.93571,0.37679,1,0.52364,1,0.64367,0.98054,0.74675,0.92597,0.84983,0.85386,0.9755,0.67067,1,0.52645,1,0.35885,0.94443,0.21073,0.84841,0.09185,0.72133,0.02364,0.60554,0,0.08025,0.6161,0.12826,0.72134,0.22711,0.82463,0.32454,0.88114,0.41915,0.91622,0.56177,0.90063,0.71709,0.85386,0.83853,0.74667,0.92608,0.56543,0.95008,0.43095,0.89642,0.23607,0.69168,0.0938,0.51376,0.07041,0.35984,0.07041,0.2031,0.12108,0.11556,0.26335,0.05907,0.37054,0.21722,0.64143,0.40503,0.77006,0.68462,0.75642,0.79758,0.58102,0.8004,0.39393,0.74957,0.2653,0.53635,0.18929,0.35561,0.23607,0.24546,0.3452,0.4135,0.5167,0.61401,0.46409],"triangles":[11,27,12,12,28,13,12,27,28,10,26,11,11,26,27,13,29,14,13,28,29,10,25,26,10,9,25,14,29,15,26,41,27,27,41,28,28,41,42,28,42,29,50,41,49,41,50,42,26,25,41,29,30,15,15,30,16,29,42,30,9,24,25,24,40,25,25,40,41,9,8,24,41,40,49,42,43,30,42,50,43,30,31,16,30,43,31,8,23,24,24,23,40,8,7,23,16,31,17,40,48,49,40,23,48,7,39,23,48,39,38,48,23,39,43,44,31,43,50,44,31,32,17,31,44,32,32,18,17,48,47,49,49,47,46,46,47,36,49,46,50,35,36,1,35,1,0,46,36,35,7,6,39,50,45,44,45,46,34,45,50,46,44,33,32,32,33,18,18,33,19,44,45,33,38,39,5,38,37,48,48,37,47,2,37,3,47,37,36,39,6,5,45,34,20,45,20,33,20,34,21,38,4,37,38,5,4,36,37,2,33,20,19,46,22,34,46,35,22,37,4,3,34,22,21,35,0,22,36,2,1],"vertices":[95,-6.18,95.57,11.97,94.31,28.53,90.55,43.98,83.44,57.89,73,70.73,57.01,79.87,36.5,80.52,15.38,76.57,-1.46,66.25,-16.64,45.44,-25.25,19.52,-26.03,-4.99,-24.31,-25.1,-18.26,-42.51,-10.08,-60,11.41,-81.68,28.72,-86.32,48.99,-86.96,67.2,-78.26,82.08,-62.69,91.01,-41.74,94.48,-22.5,22.75,67.54,9.77,59.93,-3.25,43.83,-10.6,27.79,-15.34,12.13,-14.21,-11.74,-9.38,-37.84,2.94,-58.52,24.4,-73.83,40.53,-78.35,64.39,-70.15,82.68,-36.52,86.45,-6.91,87.27,18.78,81.97,45.14,65.23,60.3,52.56,70.14,18.96,44.78,2.41,13.93,2.58,-32.79,23.19,-52.32,45.81,-53.51,61.63,-45.52,71.95,-10.22,67.25,20.12,54.64,38.93,33.01,11.54,38.31,-22.13],"hull":23,"edges":[0,2,2,4,4,6,6,8,8,10,10,12,12,14,14,16,16,18,18,20,20,22,22,24,24,26,26,28,28,30,30,32,32,34,34,36,36,38,38,40,40,42,42,44,0,44],"width":167,"height":121}},"zbq":{"zbq":{"x":9.15,"y":0.13,"rotation":-83.99,"width":46,"height":29}},"zdad":{"zdad":{"x":-5.02,"y":-3.04,"rotation":-92.49,"width":49,"height":17}},"zdm":{"zdm":{"type":"mesh","uvs":[0.50314,0.00801,0.37863,0.0171,0.25075,0.05894,0.14643,0.1408,0.06903,0.24812,0.02191,0.37546,0.02191,0.5137,0.07912,0.65923,0.19691,0.78656,0.3719,0.88661,0.60747,0.97393,0.83967,0.99575,0.96082,0.97938,1,0.91572,0.95409,0.89753,0.7791,0.88661,0.66804,0.83022,0.64022,0.76361,0.62093,0.71744,0.61271,0.59757,0.62973,0.52215,0.65458,0.43003,0.67636,0.34882,0.6931,0.25863,0.68991,0.16155,0.63878,0.06094,0.57381,0.02074],"triangles":[23,2,24,25,24,1,25,1,0,1,24,2,26,25,0,23,22,3,23,3,2,22,4,3,21,6,5,22,5,4,5,22,21,20,6,21,19,6,20,7,6,19,7,19,18,8,7,18,8,18,17,9,8,17,9,17,16,10,9,16,10,16,15,12,14,13,11,15,14,11,14,12,10,15,11],"vertices":[1,19,23.22,0.78,1,1,19,20.84,5.21,1,2,18,37,1.28,0.00516,19,16.14,8.9,0.99484,2,18,31.03,5.58,0.10952,19,9,10.68,0.89048,2,18,23.16,8.85,0.60585,19,0.47,10.78,0.39415,3,17,36.8,5.04,0.00198,18,13.78,10.94,0.9955,19,-9.01,9.22,0.00252,2,17,27.23,8.66,0.204,18,3.55,11.16,0.796,3,16,35.4,-1.54,2.2E-4,17,16.35,10.32,0.92192,18,-7.26,9.1,0.07786,2,16,26.31,3.78,0.11866,17,5.87,9.25,0.88134,2,16,16.4,6.16,0.96575,17,-3.53,5.32,0.03425,1,16,4.98,6.42,1,1,16,-3.68,2.7,1,1,16,-7.08,-0.96,1,1,16,-5.82,-5.76,1,1,16,-3.55,-5.89,1,1,16,2.76,-2.74,1,2,16,8.76,-3.81,0.86751,17,-3.81,-7.24,0.13249,4,16,12.38,-7.33,0.3848,17,1.19,-7.94,0.59442,18,-15.47,-13.17,0.0207,19,-27.18,-24.05,8.0E-5,4,16,14.9,-9.77,0.05017,17,4.66,-8.43,0.91465,18,-12.04,-12.48,0.03505,19,-24.25,-22.12,1.3E-4,3,17,13.08,-11.25,0.61124,18,-3.16,-12.34,0.36488,19,-16.07,-18.69,0.02388,3,17,18.06,-13.86,0.33106,18,2.4,-13.14,0.46685,19,-10.6,-17.36,0.2021,3,17,24.08,-17.2,0.0182,18,9.2,-14.28,0.58071,19,-3.87,-15.89,0.40109,3,17,29.4,-20.14,0.00981,18,15.19,-15.28,0.33517,19,2.06,-14.59,0.65502,2,18,21.84,-16.09,0.04818,19,8.54,-12.86,0.95182,2,18,29.03,-16.12,0.02375,19,15.22,-10.21,0.97625,1,19,21.47,-5.67,1,1,19,23.33,-2.19,1],"hull":27,"edges":[0,2,2,4,4,6,6,8,8,10,10,12,12,14,14,16,16,18,18,20,20,22,22,24,24,26,26,28,28,30,30,32,36,38,50,52,0,52,42,44,44,46,46,48,48,50,38,40,40,42,32,34,34,36],"width":40,"height":74}},"zhand2":{"zhand":{"path":"zhand2","x":15.35,"y":-1.77,"rotation":56.5,"width":41,"height":45}},"zhead":{"zhead":{"type":"mesh","uvs":[0.56616,0.01062,0.44604,0.00555,0.35971,0.02919,0.27714,0.08491,0.21708,0.14064,0.15577,0.23688,0.10698,0.3534,0.0782,0.45809,0.06819,0.52394,0.02123,0.5803,0,0.66304,0.00246,0.75591,0.03499,0.82177,0.11507,0.89269,0.19014,0.93997,0.3065,0.98556,0.44162,0.99907,0.58175,1,0.70687,0.97205,0.83198,0.91464,0.92707,0.83865,0.96961,0.77955,1,0.64785,1,0.51614,0.98588,0.39118,0.92958,0.23921,0.81697,0.10244,0.70186,0.03152,0.60928,0.00619,0.12133,0.57524,0.08254,0.61914,0.07253,0.68668,0.07878,0.76773,0.1501,0.8471,0.27522,0.89944,0.39408,0.93997,0.55298,0.93997,0.70562,0.92139,0.82948,0.84372,0.93208,0.75085,0.94334,0.59888,0.92832,0.42833,0.86452,0.26285,0.77443,0.16154,0.68685,0.10413,0.58425,0.08218,0.45288,0.08555,0.3653,0.10919,0.29273,0.15647,0.23143,0.2409,0.17638,0.32871,0.14134,0.4773,0.26771,0.58875,0.2014,0.50601,0.19264,0.69006,0.37906,0.77449,0.4729,0.63265,0.4166,0.47899,0.26271,0.36586,0.34904,0.24428,0.53671,0.23415,0.62429,0.40976,0.6343,0.60563,0.61804,0.78631,0.63805,0.8606,0.80696,0.68668,0.80196,0.49081,0.79945,0.4621,0.78319,0.38443,0.68185,0.24934],"triangles":[33,54,34,7,6,51,8,7,51,14,34,15,9,8,30,11,10,31,12,11,32,12,32,13,13,33,14,45,0,28,46,1,0,46,0,45,2,1,46,44,28,27,43,44,27,45,28,44,47,2,46,26,43,27,60,46,45,69,45,44,69,44,43,60,45,69,42,26,25,43,26,42,68,43,42,69,43,68,61,60,69,61,69,68,41,42,25,41,25,24,68,42,41,67,68,41,59,46,60,57,60,61,66,67,41,41,24,23,40,41,23,66,41,40,61,66,62,67,61,68,66,61,67,62,56,61,40,23,22,65,66,40,62,66,65,39,65,40,39,40,22,21,39,22,63,56,62,63,62,65,39,38,65,20,39,21,20,38,39,64,63,65,65,37,64,19,38,20,38,37,65,19,37,38,36,63,64,18,37,19,18,17,64,18,64,37,29,8,51,30,8,29,11,31,32,13,32,33,15,34,35,15,35,16,14,33,34,16,35,36,16,36,17,10,9,30,30,29,54,3,2,47,48,3,47,4,3,48,49,4,48,5,4,49,59,48,47,49,48,59,50,5,49,6,5,50,58,49,59,50,49,58,51,6,50,53,51,50,46,59,47,57,59,60,58,59,57,58,53,50,29,51,53,52,58,57,53,58,52,56,57,61,52,57,56,54,29,53,54,53,52,55,52,56,54,52,55,34,54,55,63,55,56,36,55,63,35,55,36,34,55,35,17,36,64,31,30,54,32,31,54,33,32,54,31,10,30],"vertices":[2,4,77.38,-53.81,0.23722,21,40.04,33.29,0.76278,2,4,78.21,-33.88,0.41452,21,40.87,53.22,0.58548,2,4,75.45,-19.52,0.53057,21,38.11,67.58,0.46943,2,4,68.74,-5.74,0.64958,21,31.4,81.36,0.35042,2,4,61.99,4.3,0.58166,21,24.65,91.4,0.41834,2,4,50.26,14.6,0.53647,21,12.92,101.7,0.46353,2,4,36.01,22.85,0.51091,21,-1.33,109.94,0.48909,2,4,23.18,27.76,0.48018,21,-14.16,114.85,0.51982,2,4,15.1,29.5,0.35143,21,-22.24,116.6,0.64857,2,4,8.25,37.37,0.48571,21,-29.09,124.47,0.51429,2,4,-1.89,41,0.51429,21,-39.23,128.1,0.48571,2,4,-13.32,40.71,0.42,21,-50.66,127.81,0.58,2,4,-21.47,35.39,0.27143,21,-58.81,122.49,0.72857,2,4,-30.33,22.19,0.12,21,-67.67,109.29,0.88,2,4,-36.28,9.79,0.18857,21,-73.62,96.89,0.81143,2,4,-42.09,-9.47,0.14857,21,-79.42,77.63,0.85143,2,4,-43.98,-31.88,0.1676,21,-81.32,55.22,0.8324,2,4,-44.34,-55.14,0.54745,21,-81.67,31.96,0.45255,2,4,-41.11,-75.94,0.36229,21,-78.45,11.16,0.63771,2,4,-34.27,-96.78,0.20317,21,-71.61,-9.68,0.79683,2,4,-25.08,-112.66,0.11237,21,-62.42,-25.57,0.88763,2,4,-17.89,-119.8,0.082,21,-55.23,-32.7,0.918,2,4,-1.74,-125.01,0.04098,21,-39.08,-37.91,0.95902,2,4,14.46,-125.18,0.01296,21,-22.88,-38.08,0.98704,2,4,29.85,-122.99,0.03219,21,-7.49,-35.9,0.96781,2,4,48.64,-113.84,0.04,21,11.3,-26.74,0.96,2,4,65.65,-95.33,0.07714,21,28.31,-8.23,0.92286,2,4,74.57,-76.31,0.08356,21,37.24,10.79,0.91644,2,4,77.85,-60.97,0.18086,21,40.51,26.13,0.81914,2,4,8.7,20.75,0.58857,21,-28.64,107.85,0.41143,2,4,3.37,27.24,0.52,21,-33.97,114.34,0.48,2,4,-4.92,28.99,0.50571,21,-42.26,116.09,0.49429,2,4,-14.9,28.05,0.43143,21,-52.24,115.15,0.56857,2,4,-24.79,16.32,0.36286,21,-62.13,103.42,0.63714,2,4,-31.44,-4.38,0.26022,21,-68.78,82.71,0.73978,2,4,-36.63,-24.06,0.53309,21,-73.97,63.04,0.46691,2,4,-36.9,-50.44,0.58588,21,-74.24,36.66,0.41412,2,4,-34.88,-75.8,0.35041,21,-72.22,11.3,0.64959,2,4,-25.54,-96.46,0.18198,21,-62.88,-9.36,0.81802,2,4,-14.29,-113.61,0.08461,21,-51.63,-26.51,0.91539,2,4,4.38,-115.67,0.03507,21,-32.96,-28.57,0.96493,2,4,25.38,-113.39,0.10631,21,-11.96,-26.3,0.89369,2,4,45.84,-103.01,0.09143,21,8.5,-15.92,0.90857,2,4,58.46,-88.19,0.11021,21,21.12,-1.09,0.88979,2,4,65.67,-73.72,0.08559,21,28.33,13.37,0.91441,2,4,68.55,-56.72,0.21273,21,31.21,30.38,0.78727,2,4,68.36,-34.91,0.41642,21,31.02,52.19,0.58358,2,4,65.6,-20.34,0.55154,21,28.26,66.75,0.44846,2,4,59.91,-8.24,0.66778,21,22.57,78.86,0.33222,2,4,49.63,2.05,0.63353,21,12.29,89.14,0.36647,2,4,38.93,11.3,0.61092,21,1.59,98.39,0.38908,2,4,20.71,17.3,0.48286,21,-16.63,104.4,0.51714,1,4,6.79,-3.53,1,2,4,17.08,7.37,0.96216,21,-20.26,94.47,0.03784,2,4,-5.55,9.06,0.81429,21,-42.88,96.15,0.18571,2,4,-16.25,-21.78,0.85093,21,-53.59,65.32,0.14907,2,4,1.03,-37.54,0.6453,21,-36.31,49.56,0.3547,2,4,20.03,-28.39,0.6733,21,-17.31,58.71,0.3267,2,4,34.21,-2.99,0.83105,21,-3.13,84.11,0.16895,2,4,49.01,-17.47,0.64117,21,11.67,69.63,0.35883,2,4,49.94,-48.64,0.31399,21,12.6,38.46,0.68601,2,4,28.19,-62.95,0.2205,21,-9.15,24.15,0.7795,2,4,4.08,-64.36,0.31893,21,-33.26,22.74,0.68107,2,4,-18.11,-61.43,0.43762,21,-55.45,25.67,0.56238,2,4,-27.29,-64.66,0.43116,21,-64.63,22.44,0.56884,2,4,-6.19,-92.92,0.13777,21,-43.53,-5.82,0.86223,2,4,17.91,-92.34,0.17853,21,-19.43,-5.24,0.82147,2,4,21.45,-91.96,0.06992,21,-15.89,-4.86,0.93008,2,4,31.03,-89.36,0.11675,21,-6.31,-2.26,0.88325,2,4,47.82,-72.71,0.08216,21,10.48,14.39,0.91784],"hull":29,"edges":[0,2,2,4,4,6,6,8,8,10,10,12,12,14,14,16,16,18,18,20,20,22,22,24,24,26,26,28,28,30,30,32,32,34,34,36,36,38,38,40,40,42,42,44,44,46,46,48,48,50,50,52,52,54,54,56,0,56,132,134],"width":166,"height":123}},"zj1":{"zj1":{"type":"mesh","uvs":[0.75167,0.00294,0.56322,0,0.43079,0.06667,0.41042,0.48594,0.23215,0.51948,0.03351,0.67377,0,0.85489,0.18631,0.96894,0.51228,0.97564,0.71092,0.95887,0.90447,0.84148,0.96559,0.71737,0.96559,0.11028],"triangles":[3,12,11,10,9,8,4,3,8,4,8,5,6,5,7,8,7,5,10,8,3,10,3,11,3,2,12,2,0,12,2,1,0],"vertices":[1,13,5.87,2.46,1,1,13,5.57,-2.62,1,1,13,8.16,-6.29,1,2,13,25.32,-7.48,0.26835,15,3.37,-7.79,0.73165,2,13,26.52,-12.34,0.16195,15,7.95,-9.8,0.83805,2,13,32.64,-17.93,0.02079,15,16.12,-8.34,0.97921,1,15,21.55,-3.2,1,1,15,20.66,3.61,1,1,15,14.05,9.43,1,1,15,9.48,12.32,1,1,15,2.39,11.95,1,2,13,35.36,7.15,0.02131,15,-2.13,9.08,0.97869,1,13,10.49,8.07,1],"hull":13,"edges":[0,2,2,4,4,6,6,8,8,10,10,12,12,14,14,16,16,18,18,20,20,22,22,24,0,24],"width":27,"height":41}},"zj2":{"zj2":{"type":"mesh","uvs":[0.69819,0.01993,0.56495,0.02301,0.45743,0.07381,0.43406,0.12153,0.42704,0.4848,0.29147,0.50327,0.09045,0.59717,0.00864,0.73109,0.04838,0.87117,0.19814,0.93581,0.3828,0.98968,0.68667,0.95428,0.91106,0.81112,0.96483,0.66181,0.9508,0.1169,0.78718,0.01838],"triangles":[4,14,13,12,4,13,9,8,7,9,6,5,9,7,6,11,4,12,4,9,5,10,4,11,10,9,4,0,15,14,3,2,1,1,0,3,14,3,0,4,3,14],"vertices":[1,10,10.23,-0.64,1,1,10,10.27,-4.24,1,1,10,12.27,-7.19,1,1,10,14.21,-7.87,1,2,10,29.1,-8.44,0.24867,12,5.51,-9.04,0.75133,2,10,29.76,-12.12,0.17578,12,9.13,-10,0.82422,2,10,33.47,-17.65,0.04801,12,15.7,-8.98,0.95199,2,10,38.9,-20,0.00269,12,20.13,-5.06,0.99731,1,12,21.74,0.56,1,1,12,19.31,4.74,1,1,12,15.84,8.94,1,1,12,7.85,11.31,1,1,12,-0.19,8.77,1,2,10,36.73,5.89,0.13282,12,-4.23,3.95,0.86718,1,10,14.38,6.08,1,1,10,10.23,1.77,1],"hull":16,"edges":[0,2,2,4,4,6,6,8,8,10,10,12,12,14,14,16,16,18,18,20,20,22,22,24,24,26,26,28,28,30,0,30],"width":27,"height":41}},"zw":{"zw":{"type":"mesh","uvs":[0.52086,0.00396,0.42542,0.06877,0.31983,0.17876,0.22236,0.31625,0.12082,0.50676,0.05178,0.67175,0.00508,0.84262,0.03554,0.94083,0.09443,0.99975,0.20002,0.92119,0.4173,0.77781,0.64551,0.658,0.86279,0.53033,0.98463,0.42624,0.99072,0.28286,0.90137,0.16305,0.77344,0.03538,0.63738,0.00789],"triangles":[14,12,15,15,17,16,13,12,14,17,12,1,15,12,17,1,0,17,12,2,1,11,2,12,11,3,2,10,3,11,4,3,10,5,4,10,9,6,5,10,9,5,7,6,9,8,7,9],"vertices":[2,8,22.96,17.53,0.07452,9,7.46,18.59,0.92548,3,7,34.23,21,8.0E-5,8,16.16,18.52,0.21341,9,0.58,18.49,0.78651,3,7,25.22,19.37,0.04093,8,7.02,17.92,0.5162,9,-8.34,16.44,0.44287,3,7,15.59,16.11,0.35209,8,-2.92,15.77,0.53382,9,-17.82,12.74,0.11408,3,7,3.82,10.41,0.92601,8,-15.25,11.44,0.07269,9,-29.3,6.5,0.0013,2,7,-5.48,4.8,0.9999,8,-25.13,6.92,1.0E-4,1,7,-13.93,-1.89,1,1,7,-16.09,-7.76,1,1,7,-15.47,-12.72,1,1,7,-7.61,-12.62,1,2,7,7.9,-13.32,0.98025,8,-13.89,-12.59,0.01975,3,7,23.05,-15.55,0.41072,8,0.92,-16.53,0.55563,9,-8.89,-18.54,0.03364,3,7,37.98,-17.01,0.03507,8,15.58,-19.67,0.45034,9,6.09,-19.3,0.51459,3,7,47.54,-16.24,0.00126,8,25.17,-19.99,0.2134,9,15.6,-18.1,0.78534,2,8,31.44,-13.87,0.089,9,20.82,-11.07,0.911,2,8,32.62,-4.94,0.01092,9,20.57,-2.06,0.98908,1,9,18.7,8.63,1,2,8,27.8,12.63,0.01366,9,13.01,14.53,0.98634],"hull":18,"edges":[0,2,2,4,4,6,6,8,8,10,10,12,12,14,14,16,16,18,18,20,20,22,22,24,24,26,26,28,28,30,30,32,32,34,0,34],"width":59,"height":61}},"体重秤2":{"体重秤2":{"path":"cheng2","x":1.12,"y":-0.84,"width":133,"height":91}},"体重秤3":{"体重秤2":{"path":"cheng1","x":1.12,"y":-0.84,"scaleX":-1,"width":133,"height":91}},"图层492(3)":{"图层492(3)":{"x":1.51,"y":-4.79,"width":118,"height":60}},"图层492(3)2":{"图层492(3)":{"x":1.51,"y":-4.79,"width":118,"height":60}},"图层组61":{"图层组61":{"type":"mesh","uvs":[0.03008,0.0561,0.00755,0.08803,0,0.14763,0,0.32218,0.0063,0.46054,0.02507,0.57548,0.06261,0.69894,0.12518,0.8075,0.19901,0.88839,0.26158,0.94799,0.3229,0.99057,0.40924,1,0.53688,1,0.62573,0.98631,0.71583,0.93309,0.8272,0.84795,0.91605,0.73726,0.96861,0.6287,1,0.49673,1,0.36262,1,0.22639,0.97987,0.09229,0.93982,0,0.89853,0,0.83971,0.10506,0.73835,0.18169,0.60821,0.24342,0.49934,0.26896,0.35043,0.26258,0.184,0.21362,0.08013,0.11783,0.04814,0.19591,0.11599,0.24859,0.20595,0.31131,0.33427,0.34393,0.47291,0.35647,0.58352,0.33891,0.70446,0.30629,0.79296,0.25612,0.86523,0.18336,0.91242,0.12064,0.94339,0.23103,0.95077,0.364,0.94339,0.53961,0.89915,0.67258,0.81803,0.76541,0.72954,0.8482,0.65579,0.8783,0.585,0.92095,0.47733,0.93099,0.38146,0.91845,0.30477,0.90339,0.2325,0.83315,0.14106,0.72025,0.09681,0.57725,0.07616,0.42923,0.05847,0.27368,0.23693,0.49195,0.37409,0.50951,0.61302,0.51453,0.76346,0.4493,0.8136,0.56721,0.63072,0.69014,0.45816,0.76792,0.25168,0.69767],"triangles":[57,55,33,34,28,35,52,64,51,50,63,49,50,51,63,10,51,50,10,50,11,33,29,28,53,54,57,55,57,54,33,55,32,52,53,64,32,29,33,9,52,51,12,48,13,12,49,48,13,47,14,13,48,47,14,46,15,14,47,46,48,62,47,48,63,62,63,59,62,35,36,59,35,27,36,47,62,46,46,45,15,46,62,45,15,45,16,62,61,45,45,44,16,45,61,44,16,44,17,62,60,61,62,59,60,44,43,17,44,61,43,17,43,18,43,61,42,42,61,60,42,60,38,43,42,18,42,39,41,39,42,38,59,36,37,59,37,60,37,36,26,42,19,18,60,37,38,19,42,20,42,41,20,36,27,26,37,25,38,37,26,25,38,24,39,38,25,24,39,40,41,41,21,20,41,40,21,39,24,40,24,23,40,40,22,21,40,23,22,8,52,9,8,7,52,7,53,52,7,6,53,6,54,53,6,5,54,5,55,54,5,4,55,4,3,55,3,56,55,55,56,32,3,31,56,3,2,31,56,31,32,31,30,32,32,30,29,2,1,31,31,1,30,30,1,0,35,28,27,11,49,12,9,51,10,11,50,49,34,33,28,57,33,34,49,63,48,59,58,35,51,64,63,64,58,63,59,63,58,53,57,64,64,57,58,57,34,58,58,34,35],"vertices":[2,63,50.05,28.21,0.11143,64,35.49,121.68,0.88857,2,63,47.28,32.23,0.11143,64,32.72,125.7,0.88857,2,63,41.54,33.65,0.11143,64,26.98,127.13,0.88857,2,63,24.62,34.19,0.11143,64,10.06,127.66,0.88857,2,63,11.18,33.58,0.11143,64,-3.39,127.05,0.88857,2,63,-0.07,30.84,0.11143,64,-14.63,124.31,0.88857,2,63,-12.23,25.03,0.11143,64,-26.8,118.5,0.88857,2,63,-23.09,15.04,0.11143,64,-37.65,108.51,0.88857,2,63,-31.31,3.11,0.11143,64,-45.88,96.58,0.88857,2,63,-37.42,-7.02,0.11143,64,-51.98,86.45,0.88857,2,63,-41.87,-17,0.19569,64,-56.43,76.47,0.80431,2,63,-43.24,-31.21,0.07973,64,-57.8,62.26,0.92027,2,63,-43.9,-52.26,0.19552,64,-58.47,41.21,0.80448,2,63,-43.04,-66.96,0.35592,64,-57.61,26.51,0.64408,2,63,-38.35,-81.98,0.22156,64,-52.92,11.49,0.77844,2,63,-30.68,-100.61,0.08557,64,-45.25,-7.14,0.91443,2,63,-20.42,-115.6,0.02086,64,-34.98,-22.13,0.97914,2,63,-10.17,-124.6,0.00304,64,-24.73,-31.13,0.99696,1,64,-12.1,-36.72,1,1,64,0.9,-37.13,1,1,64,14.11,-37.55,1,1,64,27.22,-34.64,1,1,64,36.37,-28.32,1,1,64,36.59,-21.51,1,1,64,26.71,-11.49,1,2,63,34.38,-88.01,0.01636,64,19.81,5.46,0.98364,2,63,29.07,-66.35,0.20494,64,14.51,27.12,0.79506,2,63,27.17,-48.32,0.47806,64,12.6,45.15,0.52194,2,63,28.57,-23.78,0.24649,64,14,69.69,0.75351,2,63,34.18,3.51,0.11143,64,19.62,96.98,0.88857,2,63,44.01,20.35,0.11143,64,29.45,113.82,0.88857,2,63,36.61,25.86,0.21714,64,22.05,119.33,0.78286,2,63,31.15,14.84,0.21714,64,16.59,108.31,0.78286,2,63,24.6,0.19,0.32857,64,10.03,93.66,0.67143,2,63,20.76,-20.87,0.28507,64,6.2,72.6,0.71493,2,63,18.82,-43.69,0.55242,64,4.26,49.78,0.44758,2,63,19.95,-61.99,0.28163,64,5.38,31.48,0.71837,2,63,22.47,-82.04,0.20557,64,7.91,11.44,0.79443,2,63,26.88,-96.78,0.1815,64,12.31,-3.31,0.8185,1,64,18.99,-15.45,1,1,64,24.82,-23.43,1,1,64,13.96,-28.2,1,1,64,1.03,-29.01,1,2,63,-1.4,-120.72,8.5E-4,64,-15.96,-27.25,0.99915,2,63,-14.06,-113.01,0.01637,64,-28.62,-19.54,0.98363,2,63,-22.63,-99.35,0.07188,64,-37.2,-5.88,0.92812,2,63,-30.2,-84.5,0.17994,64,-44.76,8.97,0.82006,2,63,-32.73,-72.25,0.28828,64,-47.29,21.22,0.71172,2,63,-36.49,-60.44,0.40789,64,-51.06,33.03,0.59211,2,63,-36.9,-42.65,0.59647,64,-51.46,50.82,0.40353,2,63,-35.18,-26.88,0.2062,64,-49.75,66.59,0.7938,2,63,-33.32,-14.28,0.30967,64,-47.89,79.19,0.69033,2,63,-26.13,-2.58,0.21714,64,-40.7,90.89,0.78286,2,63,-14.71,12.15,0.21714,64,-29.27,105.62,0.78286,2,63,-0.61,19.01,0.21714,64,-15.18,112.48,0.78286,2,63,13.84,21.96,0.21714,64,-0.72,115.43,0.78286,2,63,29.02,24.4,0.21714,64,14.45,117.87,0.78286,2,63,6.92,-4.36,0.81714,64,-7.64,89.11,0.18286,2,63,4.5,-26.93,0.78153,64,-10.06,66.55,0.21847,2,63,2.76,-66.31,0.26122,64,-11.8,27.16,0.73878,2,63,8.3,-91.32,0.20118,64,-6.26,2.15,0.79882,2,63,-3.39,-99.23,0.27223,64,-17.96,-5.76,0.72777,2,63,-14.35,-68.69,0.27836,64,-28.92,24.78,0.72164,2,63,-20.99,-39.99,0.62532,64,-35.55,53.48,0.37468,2,63,-13.1,-6.16,0.79083,64,-27.66,87.31,0.20917],"hull":31,"edges":[0,2,2,4,4,6,6,8,8,10,10,12,12,14,14,16,16,18,18,20,20,22,22,24,24,26,26,28,28,30,30,32,32,34,34,36,36,38,38,40,40,42,42,44,44,46,46,48,48,50,50,52,52,54,54,56,56,58,58,60,0,60],"width":165,"height":97}},"工具":{"工具":{"x":11.02,"y":1.34,"rotation":-93.27,"width":23,"height":67}},"工具2":{"工具":{"x":7.32,"y":-0.72,"rotation":-93.18,"width":23,"height":67}},"帽子":{"帽子":{"x":23.35,"y":-9.05,"rotation":-86.99,"width":116,"height":73}},"帽子6":{"帽子6":{"x":24.86,"y":5.18,"rotation":-94.27,"width":119,"height":70}},"手":{"手":{"x":17.43,"y":1.06,"rotation":56.5,"width":46,"height":40}},"手2":{"手":{"x":17.95,"y":-2.02,"rotation":60.6,"width":46,"height":40}},"扳手":{"扳手":{"x":2.51,"y":4.04,"rotation":-95.36,"width":31,"height":63}},"扳手2":{"扳手":{"x":13,"y":2.85,"rotation":-93.09,"width":31,"height":63}},"腰带u":{"腰带u":{"x":2.94,"y":-0.97,"rotation":-99.46,"width":157,"height":43}},"衣服ffytd":{"衣服ffytd":{"x":31.6,"y":2.88,"rotation":-91.79,"width":164,"height":98}},"跑步机1":{"跑步机1":{"x":23.61,"y":-29.65,"scaleX":-1,"rotation":-88.03,"width":273,"height":260}}}},{"name":"skin1"}],"animations":{"idle1":{"slots":{"bbody":{"attachment":[{"name":null}]},"bdm":{"attachment":[{"name":null}]},"bhead":{"attachment":[{"name":null}]},"bj1":{"attachment":[{"name":null}]},"bj2":{"attachment":[{"name":null}]},"bw":{"attachment":[{"name":null}]},"图层492(3)2":{"attachment":[{"name":null}]},"工具2":{"attachment":[{"name":null}]},"帽子6":{"attachment":[{"name":null}]},"手2":{"attachment":[{"name":null}]},"扳手2":{"attachment":[{"name":null}]},"腰带u":{"attachment":[{"name":null}]},"衣服ffytd":{"attachment":[{"name":null}]}},"bones":{"5465":{"translate":[{},{"time":0.4,"y":-6.93},{"time":0.8}],"scale":[{},{"time":0.4,"x":0.98,"y":1.02},{"time":0.8}]},"bone4":{"rotate":[{},{"time":0.4333,"angle":20.7},{"time":0.8}]},"bone5":{"rotate":[{},{"time":0.3667,"angle":16.48},{"time":0.6,"angle":-3.05},{"time":0.8}]},"bone14":{"rotate":[{},{"time":0.4,"angle":-15.61},{"time":0.8}]},"bone15":{"rotate":[{"angle":-7.59},{"time":0.0667,"angle":-4.99},{"time":0.4667,"angle":-20.59},{"time":0.8,"angle":-7.59}]},"bone16":{"rotate":[{"angle":-15.17},{"time":0.1333,"angle":-9.97},{"time":0.5333,"angle":-25.58},{"time":0.8,"angle":-15.17}]},"bone17":{"rotate":[{"angle":-22.76},{"time":0.2,"angle":-14.96},{"time":0.6,"angle":-30.57},{"time":0.8,"angle":-22.76}]},"target":{"translate":[{"x":-18.03,"y":-3.36}]},"target2":{"translate":[{"x":9.67,"y":4.91}]},"bone10":{"scale":[{},{"time":0.4667,"x":1.1,"y":1.1},{"time":0.8}]},"bone13":{"translate":[{},{"time":0.2667,"x":4.01,"y":6.44},{"time":0.5333,"x":-2.99,"y":3.22},{"time":0.8}]},"bone33":{"rotate":[{},{"time":0.4333,"angle":-19},{"time":0.8}]},"bone19":{"rotate":[{},{"time":0.3,"angle":2.57},{"time":0.8}],"translate":[{},{"time":0.3,"y":1.5},{"time":0.8}]},"yaodai":{"translate":[{},{"time":0.4333,"x":-2.06,"y":-1.93},{"time":0.8}]},"5467":{"translate":[{},{"time":0.3,"x":-1.85,"y":4.55},{"time":0.6333,"x":-1.24,"y":-2.46},{"time":0.8}]}}},"idle2":{"slots":{"bda":{"attachment":[{"name":null}]},"zbody":{"attachment":[{"name":null}]},"zbq":{"attachment":[{"name":null}]},"zdad":{"attachment":[{"name":null}]},"zdm":{"attachment":[{"name":null}]},"zhand2":{"attachment":[{"name":null}]},"zhead":{"attachment":[{"name":null}]},"zj1":{"attachment":[{"name":null}]},"zj2":{"attachment":[{"name":null}]},"zw":{"attachment":[{"name":null}]},"图层492(3)":{"attachment":[{"name":null}]},"图层组61":{"attachment":[{"name":null}]},"工具":{"attachment":[{"name":null}]},"帽子":{"attachment":[{"name":null}]},"手":{"attachment":[{"name":null}]},"扳手":{"attachment":[{"name":null}]},"扳手2":{"attachment":[{"name":null}]}},"bones":{"b1":{"translate":[{},{"time":0.4,"y":-9.89},{"time":0.8}],"scale":[{},{"time":0.4,"x":0.98,"y":1.02},{"time":0.8}]},"bone21":{"rotate":[{},{"time":0.4,"angle":15.25},{"time":0.8}]},"bone22":{"rotate":[{"angle":3.44},{"time":0.0667,"angle":0.9},{"time":0.4667,"angle":16.15},{"time":0.8,"angle":3.44}]},"bone23":{"rotate":[{"angle":6.17},{"time":0.1333,"angle":1.09},{"time":0.5333,"angle":16.34},{"time":0.8,"angle":6.17}]},"bone24":{"rotate":[{"angle":11.11},{"time":0.2,"angle":3.49},{"time":0.6,"angle":18.74},{"time":0.8,"angle":11.11}]},"bone25":{"rotate":[{},{"time":0.4,"angle":12.36},{"time":0.8}]},"bone26":{"rotate":[{},{"time":0.2333,"angle":8.52},{"time":0.5333,"angle":-11.16},{"time":0.8}]},"bone28":{"rotate":[{"angle":-30.6}]},"bone30":{"rotate":[{"angle":19.84}],"translate":[{"x":-8.46},{"time":0.4,"x":-1.65,"y":1.6},{"time":0.8,"x":-8.46}]},"yingzi":{"scale":[{},{"time":0.4,"x":1.1,"y":1.1},{"time":0.8}]},"bone38":{"translate":[{},{"time":0.3,"x":1.36,"y":2.69},{"time":0.6333,"x":0.46,"y":-0.45},{"time":0.8}]},"bone35":{"rotate":[{},{"time":0.3667,"angle":3.63},{"time":0.8}],"translate":[{},{"time":0.3667,"y":2.67},{"time":0.8}]},"21":{"translate":[{"x":-12.39,"y":-4.21}]}}},"pose1":{"slots":{"bbody":{"attachment":[{"name":null}]},"bdm":{"attachment":[{"name":null}]},"bhead":{"attachment":[{"name":null}]},"bj1":{"attachment":[{"name":null}]},"bj2":{"attachment":[{"name":null}]},"bw":{"attachment":[{"name":null}]},"图层492(3)2":{"attachment":[{"name":null}]},"工具2":{"attachment":[{"name":null}]},"帽子6":{"attachment":[{"name":null}]},"手2":{"attachment":[{"name":null}]},"扳手2":{"attachment":[{"name":null}]},"腰带u":{"attachment":[{"name":null}]},"衣服ffytd":{"attachment":[{"name":null}]}},"bones":{"5465":{"translate":[{},{"time":0.2333,"y":-12.43},{"time":0.4,"curve":"stepped"},{"time":1.3333},{"time":1.4,"y":-2.45},{"time":1.6333,"y":-10.17},{"time":1.8}],"scale":[{},{"time":0.2333,"x":1.02,"y":0.98},{"time":0.4,"x":0.98,"y":1.02},{"time":1.3333},{"time":1.4,"x":1.02,"y":0.98},{"time":1.6333},{"time":1.8,"x":1.02,"y":0.98}]},"bone2":{"rotate":[{"time":0.2333},{"time":0.6,"angle":-1.3},{"time":1.3333,"curve":"stepped"},{"time":1.6333},{"time":2,"angle":-1.3},{"time":2.7333}]},"bone13":{"translate":[{"time":0.3333},{"time":0.6667,"x":5.32,"y":-4.05},{"time":1,"x":-0.72,"y":-4.64},{"time":1.3333,"curve":"stepped"},{"time":1.7333},{"time":2.0667,"x":5.32,"y":-4.05},{"time":2.4,"x":-0.72,"y":-4.64},{"time":2.7333}]},"bone4":{"rotate":[{},{"time":0.3333,"angle":-60.19},{"time":0.6667,"angle":-164.04,"curve":"stepped"},{"time":1.1333,"angle":-164.04},{"time":1.3333,"curve":"stepped"},{"time":1.4},{"time":1.7333,"angle":-60.19},{"time":2.0667,"angle":-164.04,"curve":"stepped"},{"time":2.5333,"angle":-164.04},{"time":2.7333}],"translate":[{},{"time":0.6667,"x":-6.3,"curve":"stepped"},{"time":1.1333,"x":-6.3},{"time":1.3333,"curve":"stepped"},{"time":1.4},{"time":1.7333,"x":-7.87,"y":14.18},{"time":2.0667,"x":-6.3,"curve":"stepped"},{"time":2.5333,"x":-6.3},{"time":2.7333}]},"bone5":{"rotate":[{},{"time":0.3333,"angle":14.61},{"time":0.6667,"angle":-18.5},{"time":1,"angle":10.35},{"time":1.3333,"curve":"stepped"},{"time":1.4},{"time":1.6667,"angle":-18.65},{"time":1.9333,"angle":7.55},{"time":2.2,"angle":-15.52},{"time":2.5,"angle":7.21},{"time":2.7333}]},"bone8":{"rotate":[{"angle":7.09}]},"target2":{"translate":[{"x":12.08,"y":1.58}]},"bone11":{"rotate":[{"angle":3.33}]},"target":{"translate":[{"x":-21.54,"y":-7.35}]},"bone14":{"rotate":[{},{"time":0.4667,"angle":-20.47},{"time":0.8667,"angle":18.34},{"time":1.3333,"curve":"stepped"},{"time":1.4},{"time":1.8667,"angle":-20.47},{"time":2.2667,"angle":18.34},{"time":2.7333}]},"bone15":{"rotate":[{"angle":-3.2},{"time":0.0667,"angle":-5.82},{"time":0.5333,"angle":-26.3},{"time":0.9333,"angle":12.52},{"time":1.3333,"angle":-3.2,"curve":"stepped"},{"time":1.4,"angle":-3.2},{"time":1.4667,"angle":-5.82},{"time":1.9333,"angle":-26.3},{"time":2.3333,"angle":12.52},{"time":2.7333,"angle":-3.2}]},"bone16":{"rotate":[{"angle":-6.37},{"time":0.1333,"angle":-11.61},{"time":0.6,"angle":-32.08},{"time":1,"angle":6.73},{"time":1.3333,"angle":-6.37,"curve":"stepped"},{"time":1.4,"angle":-6.37},{"time":1.5333,"angle":-11.61},{"time":2,"angle":-32.08},{"time":2.4,"angle":6.73},{"time":2.7333,"angle":-6.37}]},"bone17":{"rotate":[{"angle":-11.51},{"time":0.2,"angle":-19.37},{"time":0.6667,"angle":-39.84},{"time":1.0667,"angle":-1.03},{"time":1.3333,"angle":-11.51,"curve":"stepped"},{"time":1.4,"angle":-11.51},{"time":1.6,"angle":-19.37},{"time":2.0667,"angle":-39.84},{"time":2.4667,"angle":-1.03},{"time":2.7333,"angle":-11.51}]},"bone10":{"scale":[{},{"time":0.2333,"x":1.1,"y":1.1},{"time":0.5,"curve":"stepped"},{"time":1.4},{"time":1.6667,"x":1.1,"y":1.1},{"time":1.9}]},"bone33":{"rotate":[{},{"time":0.4,"angle":-15},{"time":1.3333,"curve":"stepped"},{"time":1.4},{"time":1.8,"angle":-15},{"time":2.7333}]},"yaodai":{"translate":[{"time":0.2333},{"time":0.3333,"x":-3.9,"y":-0.43},{"time":0.5,"curve":"stepped"},{"time":1.6333},{"time":1.7333,"x":-3.9,"y":-0.43},{"time":1.9}]},"yaodai2":{"rotate":[{"time":1.7333},{"time":1.8,"angle":-49.76},{"time":1.9,"angle":-124.39},{"time":2,"angle":-199.02},{"time":2.1,"angle":-273.65},{"time":2.2,"angle":-348.29},{"time":2.3333,"angle":-447.8},{"time":2.4333,"angle":-522.43},{"time":2.5,"angle":-572.19},{"time":2.5667,"angle":-621.94},{"time":2.6333,"angle":-671.7},{"time":2.7,"angle":-721.45},{"time":2.7333}],"translate":[{"time":1.7333},{"time":2.2,"x":163.86},{"time":2.7333}]},"yaodai3":{"rotate":[{"time":0.3},{"time":0.4333,"angle":-111.31},{"time":0.6,"angle":-250.46},{"time":0.8,"angle":-417.43},{"time":0.9,"angle":-500.91},{"time":1,"angle":-584.4},{"time":1.1667,"angle":-723.54},{"time":1.2,"angle":-3.54},{"time":1.3333}],"translate":[{"time":0.3},{"time":0.8,"x":229.77,"y":24.04},{"time":1,"x":218.97,"y":21.97},{"time":1.1667,"x":68.06,"y":20.24},{"time":1.3333}]},"5467":{"translate":[{"time":0.2667},{"time":0.4333,"x":4.85,"y":0.11},{"time":0.6333,"curve":"stepped"},{"time":1.6667},{"time":1.8333,"x":4.85,"y":0.11},{"time":2.0333}]}}},"pose2":{"slots":{"bda":{"attachment":[{"name":null}]},"zbody":{"attachment":[{"name":null}]},"zbq":{"attachment":[{"name":null}]},"zdad":{"attachment":[{"name":null}]},"zdm":{"attachment":[{"name":null}]},"zhand2":{"attachment":[{"name":null}]},"zhead":{"attachment":[{"name":null}]},"zj1":{"attachment":[{"name":null}]},"zj2":{"attachment":[{"name":null}]},"zw":{"attachment":[{"name":null}]},"图层492(3)":{"attachment":[{"name":null}]},"图层492(3)2":{"attachment":[{"time":2.6667,"name":null}]},"图层组61":{"attachment":[{"name":null}]},"工具":{"attachment":[{"name":null}]},"帽子":{"attachment":[{"name":null}]},"手":{"attachment":[{"name":null}]},"扳手":{"attachment":[{"name":null}]}},"bones":{"b1":{"translate":[{},{"time":0.1667,"y":-9.05},{"time":0.3333,"curve":"stepped"},{"time":1.3667},{"time":1.5,"y":-9.12},{"time":1.5333,"y":-5.52},{"time":1.7}],"scale":[{},{"time":0.1667,"x":0.98,"y":1.02},{"time":0.3333,"x":1.02,"y":0.98},{"time":0.4667,"curve":"stepped"},{"time":1.1333},{"time":1.3667,"x":1.02,"y":0.98},{"time":1.5},{"time":1.6667,"x":0.98,"y":1.02},{"time":1.8333}]},"bone21":{"rotate":[{},{"time":0.4,"angle":-25.46},{"time":0.9,"angle":7.54},{"time":1.3,"curve":"stepped"},{"time":1.3667},{"time":1.7667,"angle":-25.46},{"time":2.2667,"angle":7.54},{"time":2.6667}]},"bone22":{"rotate":[{"angle":0.51},{"time":0.0667,"angle":-0.75},{"time":0.4667,"angle":-26.21},{"time":0.9667,"angle":6.79},{"time":1.3,"angle":0.51,"curve":"stepped"},{"time":1.3667,"angle":0.51},{"time":1.4333,"angle":-0.75},{"time":1.8333,"angle":-26.21},{"time":2.3333,"angle":6.79},{"time":2.6667,"angle":0.51}]},"bone23":{"rotate":[{"angle":0.76},{"time":0.1333,"angle":-1.75},{"time":0.5333,"angle":-27.21},{"time":1.0333,"angle":5.79},{"time":1.3,"angle":0.76,"curve":"stepped"},{"time":1.3667,"angle":0.76},{"time":1.5,"angle":-1.75},{"time":1.9,"angle":-27.21},{"time":2.4,"angle":5.79},{"time":2.6667,"angle":0.76}]},"bone24":{"rotate":[{"angle":0.38},{"time":0.1667,"angle":-2.76},{"time":0.5667,"angle":-28.22},{"time":1.0667,"angle":4.78},{"time":1.3,"angle":0.38,"curve":"stepped"},{"time":1.3667,"angle":0.38},{"time":1.5333,"angle":-2.76},{"time":1.9333,"angle":-28.22},{"time":2.4333,"angle":4.78},{"time":2.6667,"angle":0.38}]},"bone25":{"rotate":[{},{"time":0.4333,"angle":-32.75},{"time":0.9,"angle":-3.37},{"time":1.3,"curve":"stepped"},{"time":1.3667},{"time":1.8,"angle":-32.75},{"time":2.2667,"angle":-3.37},{"time":2.6667}]},"bone26":{"rotate":[{},{"time":0.2667,"angle":11.72},{"time":0.5667,"angle":-7.54},{"time":0.8333,"angle":21.21},{"time":1.1,"angle":-2.23},{"time":1.3,"curve":"stepped"},{"time":1.3667},{"time":1.6333,"angle":11.72},{"time":1.9333,"angle":-7.54},{"time":2.2,"angle":21.21},{"time":2.4667,"angle":-2.23},{"time":2.6667}]},"bone28":{"rotate":[{"angle":-19.41}]},"bone30":{"rotate":[{"angle":25.45}],"translate":[{"x":-6.63,"y":2.03}]},"23e":{"translate":[{"x":10.13,"y":0.72}]},"21":{"translate":[{"x":-13.7,"y":-5.73}]},"yingzi":{"scale":[{},{"time":0.2,"x":1.1,"y":1.1},{"time":0.4667,"curve":"stepped"},{"time":1.3667},{"time":1.5,"x":1.1,"y":1.1},{"time":1.7333}]},"bone36":{"rotate":[{"time":0.3333},{"time":1.1333,"angle":626.91}],"translate":[{"time":0.3333},{"time":0.7333,"y":168.97},{"time":1.1333}]},"bone37":{"rotate":[{"time":1.4},{"time":2.2,"angle":626.91}],"translate":[{"time":1.4},{"time":1.8,"y":168.97},{"time":2.2}]}}},"walk1":{"slots":{"bbody":{"attachment":[{"name":null}]},"bdm":{"attachment":[{"name":null}]},"bhead":{"attachment":[{"name":null}]},"bj1":{"attachment":[{"name":null}]},"bj2":{"attachment":[{"name":null}]},"bw":{"attachment":[{"name":null}]},"图层492(3)2":{"attachment":[{"name":null}]},"工具2":{"attachment":[{"name":null}]},"帽子6":{"attachment":[{"name":null}]},"手2":{"attachment":[{"name":null}]},"扳手2":{"attachment":[{"name":null}]},"腰带u":{"attachment":[{"name":null}]},"衣服ffytd":{"attachment":[{"name":null}]}},"bones":{"5465":{"translate":[{},{"time":0.2667,"y":9.69},{"time":0.5667},{"time":0.8333,"y":9.69},{"time":1.1}],"scale":[{},{"time":0.2667,"x":0.98,"y":1.02},{"time":0.5667,"x":1.02,"y":0.98},{"time":0.8333,"x":0.98,"y":1.02},{"time":1.1}]},"bone4":{"rotate":[{},{"time":0.5667,"angle":-56.13},{"time":1.1}]},"bone5":{"rotate":[{},{"time":0.2333,"angle":22.74},{"time":0.5333,"angle":-16.55},{"time":0.8333,"angle":12.75},{"time":1.1}]},"bone14":{"rotate":[{},{"time":0.5667,"angle":-20.53},{"time":1.1}]},"bone15":{"rotate":[{"angle":-4.99},{"time":0.0667,"angle":-2.42},{"time":0.6333,"angle":-22.95},{"time":1.1,"angle":-4.99}]},"bone16":{"rotate":[{"angle":-9.97},{"time":0.1333,"angle":-4.84},{"time":0.7,"angle":-25.37},{"time":1.1,"angle":-9.97}]},"bone17":{"rotate":[{"angle":-14.96},{"time":0.2,"angle":-7.26},{"time":0.7667,"angle":-27.79},{"time":1.1,"angle":-14.96}]},"target":{"translate":[{"x":2.2,"y":7.48},{"time":0.2667,"x":-12.92,"y":13.96},{"time":0.5667,"x":-29.94,"y":-3.08},{"time":1.1,"x":2.2,"y":7.48}]},"target2":{"translate":[{"x":-4.84},{"time":0.5667,"x":24.65,"y":19.37},{"time":0.8333,"x":9.91,"y":21.13},{"time":1.1,"x":-4.84}]},"bone10":{"scale":[{},{"time":0.2667,"x":0.8,"y":0.8},{"time":0.5333},{"time":0.8,"x":0.8,"y":0.8},{"time":1.1}]},"bone13":{"translate":[{},{"time":0.4667,"x":-0.9,"y":-5.17},{"time":0.8667,"x":4.06,"y":0.58},{"time":1.1}]},"bone33":{"rotate":[{},{"time":0.5667,"angle":85.85},{"time":1.1}]},"bone19":{"rotate":[{},{"time":0.4667,"angle":-2.76},{"time":0.8,"angle":1.77},{"time":1.1}]}}},"walk2":{"slots":{"bda":{"attachment":[{"name":null}]},"zbody":{"attachment":[{"name":null}]},"zbq":{"attachment":[{"name":null}]},"zdad":{"attachment":[{"name":null}]},"zdm":{"attachment":[{"name":null}]},"zhand2":{"attachment":[{"name":null}]},"zhead":{"attachment":[{"name":null}]},"zj1":{"attachment":[{"name":null}]},"zj2":{"attachment":[{"name":null}]},"zw":{"attachment":[{"name":null}]},"图层492(3)":{"attachment":[{"name":null}]},"图层组61":{"attachment":[{"name":null}]},"工具":{"attachment":[{"name":null}]},"帽子":{"attachment":[{"name":null}]},"手":{"attachment":[{"name":null}]},"扳手":{"attachment":[{"name":null}]},"扳手2":{"attachment":[{"name":null}]}},"bones":{"b1":{"translate":[{},{"time":0.2667,"y":6.85},{"time":0.5333},{"time":0.8333,"y":7.61},{"time":1.1}],"scale":[{},{"time":0.2667,"x":0.98,"y":1.02},{"time":0.5333,"x":1.02,"y":0.98},{"time":0.8333,"x":0.98,"y":1.02},{"time":1.1}]},"bone20":{"rotate":[{},{"time":0.6,"angle":2.67},{"time":1.1}]},"bone21":{"rotate":[{},{"time":0.5667,"angle":-25.69},{"time":1.1}]},"bone22":{"rotate":[{"angle":0.9},{"time":0.0667,"angle":4.11},{"time":0.6333,"angle":-21.58},{"time":1.1,"angle":0.9}]},"bone23":{"rotate":[{"angle":1.09},{"time":0.1333,"angle":7.51},{"time":0.7,"angle":-18.18},{"time":1.1,"angle":1.09}]},"bone24":{"rotate":[{"angle":3.49},{"time":0.2,"angle":13.12},{"time":0.7667,"angle":-12.57},{"time":1.1,"angle":3.49}]},"bone25":{"rotate":[{},{"time":0.5333,"angle":-60.26},{"time":1.1}]},"bone26":{"rotate":[{},{"time":0.3667,"angle":-11.1},{"time":0.5667,"angle":2.4},{"time":0.7667,"angle":8.76},{"time":1.1}]},"bone28":{"rotate":[{"angle":-30.6}],"translate":[{},{"time":0.2667,"x":3.79},{"time":0.5333}]},"bone30":{"rotate":[{"angle":19.84}]},"23e":{"rotate":[{},{"time":0.5667,"angle":43.62},{"time":1.1}],"translate":[{"x":-5.86,"y":0.33},{"time":0.2667,"x":8.1,"y":14.78},{"time":0.5667,"x":23.81,"y":13.26},{"time":1.1,"x":-5.86,"y":0.33}]},"21":{"translate":[{"x":9.44,"y":12.37},{"time":0.5667,"x":-25.8,"y":3.52},{"time":1.1,"x":9.44,"y":12.37}]},"yingzi":{"scale":[{},{"time":0.2667,"x":0.8,"y":0.8},{"time":0.5667},{"time":0.8333,"x":0.8,"y":0.8},{"time":1.1}]},"bone29":{"rotate":[{"time":0.5333},{"time":0.8667,"angle":-14.19},{"time":1.1}]},"bone39":{"translate":[{},{"time":0.3667,"x":3.88,"y":3.22},{"time":1.1}]},"bone38":{"translate":[{},{"time":0.3667,"x":-1.99,"y":-3.37},{"time":0.7667,"x":-2.25,"y":-1.53},{"time":1.1}]},"bone35":{"rotate":[{},{"time":0.5667,"angle":4.58},{"time":1.1}]}}}}}