[{"id": 1, "type": 2, "sonType": 1, "price": 0, "icon": "role_women1", "changeZhi": 0, "spine": "women/nv1", "spineSkin": "skin1", "spineAni": "pose1", "name": "红色篮球服", "desc": "希望这个夏天有惊喜,有心动,有人陪你到球场打球。"}, {"id": 2, "type": 2, "sonType": 2, "price": [[101, 15000]], "icon": "role_women2", "changeZhi": 300, "spine": "women/nv1", "spineSkin": "skin2", "spineAni": "pose1", "name": "扮乖少女", "desc": "往心里装一片大海和花海。再多装一点少女心和爱。"}, {"id": 3, "type": 2, "sonType": 1, "price": [[102, 150]], "icon": "role_women3", "changeZhi": 450, "spine": "women/nv1", "spineSkin": "skin3", "spineAni": "pose1", "name": "嘻哈妹妹", "desc": "音乐是一种很美的艺术，让人禁不住就陶醉其中。"}, {"id": 4, "type": 1, "sonType": 2, "price": 0, "icon": "role_men1", "changeZhi": 0, "spine": "men/nan1", "spineSkin": "skin1", "spineAni": "pose1", "name": "蓝色篮球服", "desc": "蓝球打的好不好,要看服装帅不帅。"}, {"id": 5, "type": 1, "sonType": 1, "price": [[101, 15000]], "icon": "role_men2", "changeZhi": 300, "spine": "men/nan1", "spineSkin": "skin2", "spineAni": "pose1", "name": "回忆青春", "desc": "篮球，是信任，篮球，是团队意志的体现。"}, {"id": 6, "type": 1, "sonType": 2, "price": [[102, 150]], "icon": "role_men3", "changeZhi": 450, "spine": "men/nan1", "spineSkin": "skin3", "spineAni": "pose1", "name": "嘻哈帅哥", "desc": "没有艺术的教育是个不完整的教育。"}]