[{"id": 1, "key": "basicGold", "value": 2000, "ps": "玩家首次登录初始金币"}, {"id": 2, "key": "basicGem", "value": 100, "ps": "玩家首次登录初始钻石"}, {"id": 3, "key": "star", "value": 5, "ps": "一个星星5点体力"}, {"id": 4, "key": "adCoin", "value": 125, "ps": "看视频单次金币奖励数量"}, {"id": 5, "key": "adDiamond", "value": 25, "ps": "看视频单次钻石奖励数量"}, {"id": 6, "key": "adenergy", "value": 25, "ps": "看视频单次体力奖励数量"}, {"id": 7, "key": "energyMax", "value": 100, "ps": "体力上限"}, {"id": 8, "key": "energyRecoverTime", "value": 60, "ps": "恢复1点体力所需的秒数"}, {"id": 9, "key": "bubblePro", "value": [[201, 50], [202, 50], [203, 20], [204, 20], [205, 10], [50, 2000], [1950, 2000]], "ps": "气泡概率，倒二代表开出新物品的概率，最后一个代表没东西"}, {"id": 10, "key": "minuteCost", "value": 24, "ps": "钻石加速，1钻石等于几分钟"}, {"id": 11, "key": "freePower", "value": 100, "ps": "权益卡免费领取体力数量"}, {"id": 12, "key": "diamonsPower", "value": [100, 5, 2], "ps": "[体力数量，起始钻石价格，每次翻倍]0点刷新"}, {"id": 13, "key": "CardAddPower", "value": 10, "ps": "权益卡增加每次购买体力数量"}, {"id": 14, "key": "taskProb", "value": [0.5, 0.4, 0.3, 0.02, 0.01], "ps": "任务概率"}, {"id": 15, "key": "taskMax", "value": 5, "ps": "任务数目最大值"}, {"id": 16, "key": "energyMonth", "value": 20, "ps": "月卡增加体力上限"}, {"id": 17, "key": "seasonAwardUnlock", "value": 5, "ps": "战令解锁等级"}, {"id": 18, "key": "theGodOfWealthShowLv", "value": 12, "ps": "玩家等级为x时，财神就会在街道上游走"}]