[{"id": 1, "lv": 1, "exp": 5, "reward": [[2001, 1]]}, {"id": 2, "lv": 2, "exp": 20, "reward": [[1002, 1]]}, {"id": 3, "lv": 3, "exp": 25, "reward": [[1003, 1]]}, {"id": 4, "lv": 4, "exp": 30, "reward": [[1001, 1], [802, 1], [1005, 1]]}, {"id": 5, "lv": 5, "exp": 35, "reward": [[1001, 1], [802, 1], [1003, 1]]}, {"id": 6, "lv": 6, "exp": 40, "reward": [[1001, 1], [802, 1], [1005, 1]]}, {"id": 7, "lv": 7, "exp": 45, "reward": [[1001, 1], [802, 1], [1003, 1]]}, {"id": 8, "lv": 8, "exp": 50, "reward": [[1001, 1], [802, 1], [1005, 1]]}, {"id": 9, "lv": 9, "exp": 55, "reward": [[1001, 1], [802, 1], [1003, 1]]}, {"id": 10, "lv": 10, "exp": 60, "reward": [[1001, 1], [802, 1], [1005, 1]]}, {"id": 11, "lv": 11, "exp": 65, "reward": [[1001, 1], [802, 1], [1003, 1]]}, {"id": 12, "lv": 12, "exp": 70, "reward": [[1001, 1], [802, 1], [1005, 1]]}, {"id": 13, "lv": 13, "exp": 75, "reward": [[1001, 1], [802, 1], [1003, 1]]}, {"id": 14, "lv": 14, "exp": 80, "reward": [[1001, 1], [802, 1], [1005, 1]]}, {"id": 15, "lv": 15, "exp": 85, "reward": [[1001, 1], [802, 1], [1003, 1]]}, {"id": 16, "lv": 16, "exp": 90, "reward": [[1001, 1], [802, 1], [1005, 1]]}, {"id": 17, "lv": 17, "exp": 95, "reward": [[1001, 1], [802, 1], [1003, 1]]}, {"id": 18, "lv": 18, "exp": 100, "reward": [[1001, 1], [802, 1], [1005, 1]]}, {"id": 19, "lv": 19, "exp": 105, "reward": [[1001, 1], [802, 1], [1003, 1]]}, {"id": 20, "lv": 20, "exp": 110, "reward": [[1001, 1], [802, 1], [1005, 1]]}, {"id": 21, "lv": 21, "exp": 115, "reward": [[1001, 1], [802, 1], [1003, 1]]}, {"id": 22, "lv": 22, "exp": 120, "reward": [[1001, 1], [1002, 1], [1005, 1]]}, {"id": 23, "lv": 23, "exp": 125, "reward": [[1001, 1], [1002, 1], [1003, 1]]}, {"id": 24, "lv": 24, "exp": 130, "reward": [[1001, 1], [1002, 1], [1005, 1]]}, {"id": 25, "lv": 25, "exp": 135, "reward": [[1001, 1], [1002, 1], [1003, 1]]}, {"id": 26, "lv": 26, "exp": 140, "reward": [[1001, 1], [1002, 1], [1005, 1]]}, {"id": 27, "lv": 27, "exp": 145, "reward": [[1001, 1], [1002, 1], [1003, 1]]}, {"id": 28, "lv": 28, "exp": 150, "reward": [[1001, 1], [1002, 1], [1005, 1]]}, {"id": 29, "lv": 29, "exp": 155, "reward": [[1001, 1], [1002, 1], [1003, 1]]}, {"id": 30, "lv": 30, "exp": 160, "reward": [[1001, 1], [1002, 1], [1005, 1]]}, {"id": 31, "lv": 31, "exp": 165, "reward": [[1001, 1], [1002, 1], [1003, 1]]}, {"id": 32, "lv": 32, "exp": 170, "reward": [[1001, 1], [1002, 1], [1005, 1]]}, {"id": 33, "lv": 33, "exp": 175, "reward": [[1001, 1], [1002, 1], [1003, 1]]}, {"id": 34, "lv": 34, "exp": 180, "reward": [[1001, 1], [1002, 1], [1005, 1]]}, {"id": 35, "lv": 35, "exp": 185, "reward": [[1001, 1], [1002, 1], [1003, 1]]}, {"id": 36, "lv": 36, "exp": 190, "reward": [[1001, 1], [1002, 1], [1005, 1]]}, {"id": 37, "lv": 37, "exp": 195, "reward": [[1001, 1], [1002, 1], [1003, 1]]}, {"id": 38, "lv": 38, "exp": 200, "reward": [[1001, 1], [1002, 1], [1005, 1]]}, {"id": 39, "lv": 39, "exp": 205, "reward": [[1001, 1], [1002, 1], [1003, 1]]}, {"id": 40, "lv": 40, "exp": 210, "reward": [[1001, 1], [1002, 1], [1005, 1]]}, {"id": 41, "lv": 41, "exp": 215, "reward": [[1001, 1], [1002, 1], [1003, 1]]}, {"id": 42, "lv": 42, "exp": 220, "reward": [[1001, 1], [1002, 1], [1005, 1]]}, {"id": 43, "lv": 43, "exp": 225, "reward": [[1001, 1], [1002, 1], [1003, 1]]}, {"id": 44, "lv": 44, "exp": 230, "reward": [[1001, 1], [1002, 1], [1005, 1]]}, {"id": 45, "lv": 45, "exp": 235, "reward": [[1001, 1], [1002, 1], [1003, 1]]}, {"id": 46, "lv": 46, "exp": 240, "reward": [[1001, 1], [1002, 1], [1005, 1]]}, {"id": 47, "lv": 47, "exp": 245, "reward": [[1001, 1], [1002, 1], [1003, 1]]}, {"id": 48, "lv": 48, "exp": 250, "reward": [[1001, 1], [1002, 1], [1005, 1]]}, {"id": 49, "lv": 49, "exp": 255, "reward": [[1001, 1], [1002, 1], [1003, 1]]}, {"id": 50, "lv": 50, "exp": 260, "reward": [[1001, 1], [1002, 1], [1005, 1]]}, {"id": 51, "lv": 51, "exp": 265, "reward": [[1001, 1], [1002, 1], [1003, 1]]}, {"id": 52, "lv": 52, "exp": 270, "reward": [[1001, 1], [1002, 1], [1005, 1]]}, {"id": 53, "lv": 53, "exp": 275, "reward": [[1001, 1], [1002, 1], [1003, 1]]}, {"id": 54, "lv": 54, "exp": 280, "reward": [[1001, 1], [1002, 1], [1005, 1]]}, {"id": 55, "lv": 55, "exp": 285, "reward": [[1001, 1], [1002, 1], [1003, 1]]}, {"id": 56, "lv": 56, "exp": 290, "reward": [[1001, 1], [1002, 1], [1005, 1]]}, {"id": 57, "lv": 57, "exp": 295, "reward": [[1001, 1], [1002, 1], [1003, 1]]}, {"id": 58, "lv": 58, "exp": 300, "reward": [[1001, 1], [1002, 1], [1005, 1]]}, {"id": 59, "lv": 59, "exp": 305, "reward": [[1001, 1], [1002, 1], [1003, 1]]}, {"id": 60, "lv": 60, "exp": 310, "reward": [[1001, 1], [1002, 1], [1005, 1]]}, {"id": 61, "lv": 61, "exp": 315, "reward": [[1001, 1], [1002, 1], [1003, 1]]}, {"id": 62, "lv": 62, "exp": 320, "reward": [[1001, 1], [1002, 1], [1005, 1]]}, {"id": 63, "lv": 63, "exp": 325, "reward": [[1001, 1], [1002, 1], [1003, 1]]}, {"id": 64, "lv": 64, "exp": 330, "reward": [[1001, 1], [1002, 1], [1005, 1]]}, {"id": 65, "lv": 65, "exp": 335, "reward": [[1001, 1], [1002, 1], [1003, 1]]}, {"id": 66, "lv": 66, "exp": 340, "reward": [[1001, 1], [1002, 1], [1005, 1]]}, {"id": 67, "lv": 67, "exp": 345, "reward": [[1001, 1], [1002, 1], [1003, 1]]}, {"id": 68, "lv": 68, "exp": 350, "reward": [[1001, 1], [1002, 1], [1005, 1]]}, {"id": 69, "lv": 69, "exp": 355, "reward": [[1001, 1], [1002, 1], [1003, 1]]}, {"id": 70, "lv": 70, "exp": 360, "reward": [[1001, 1], [1002, 1], [1005, 1]]}, {"id": 71, "lv": 71, "exp": 365, "reward": [[1001, 1], [1002, 1], [1003, 1]]}, {"id": 72, "lv": 72, "exp": 370, "reward": [[1001, 1], [1002, 1], [1005, 1]]}, {"id": 73, "lv": 73, "exp": 375, "reward": [[1001, 1], [1002, 1], [1003, 1]]}, {"id": 74, "lv": 74, "exp": 380, "reward": [[1001, 1], [1002, 1], [1005, 1]]}, {"id": 75, "lv": 75, "exp": 385, "reward": [[1001, 1], [1002, 1], [1003, 1]]}, {"id": 76, "lv": 76, "exp": 390, "reward": [[1001, 1], [1002, 1], [1005, 1]]}, {"id": 77, "lv": 77, "exp": 395, "reward": [[1001, 1], [1002, 1], [1003, 1]]}, {"id": 78, "lv": 78, "exp": 400, "reward": [[1001, 1], [1002, 1], [1005, 1]]}, {"id": 79, "lv": 79, "exp": 405, "reward": [[1001, 1], [1002, 1], [1003, 1]]}, {"id": 80, "lv": 80, "exp": 410, "reward": [[1001, 1], [1002, 1], [1005, 1]]}, {"id": 81, "lv": 81, "exp": 415, "reward": [[1001, 1], [1002, 1], [1003, 1]]}, {"id": 82, "lv": 82, "exp": 420, "reward": [[1001, 1], [1002, 1], [1005, 1]]}, {"id": 83, "lv": 83, "exp": 425, "reward": [[1001, 1], [1002, 1], [1003, 1]]}, {"id": 84, "lv": 84, "exp": 430, "reward": [[1001, 1], [1002, 1], [1005, 1]]}, {"id": 85, "lv": 85, "exp": 435, "reward": [[1001, 1], [1002, 1], [1003, 1]]}, {"id": 86, "lv": 86, "exp": 440, "reward": [[1001, 1], [1002, 1], [1005, 1]]}, {"id": 87, "lv": 87, "exp": 445, "reward": [[1001, 1], [1002, 1], [1003, 1]]}, {"id": 88, "lv": 88, "exp": 450, "reward": [[1001, 1], [1002, 1], [1005, 1]]}, {"id": 89, "lv": 89, "exp": 455, "reward": [[1001, 1], [1002, 1], [1003, 1]]}, {"id": 90, "lv": 90, "exp": 460, "reward": [[1001, 1], [1002, 1], [1005, 1]]}, {"id": 91, "lv": 91, "exp": 465, "reward": [[1001, 1], [1002, 1], [1003, 1]]}, {"id": 92, "lv": 92, "exp": 470, "reward": [[1001, 1], [1002, 1], [1005, 1]]}, {"id": 93, "lv": 93, "exp": 475, "reward": [[1001, 1], [1002, 1], [1003, 1]]}, {"id": 94, "lv": 94, "exp": 480, "reward": [[1001, 1], [1002, 1], [1005, 1]]}, {"id": 95, "lv": 95, "exp": 485, "reward": [[1001, 1], [1002, 1], [1003, 1]]}, {"id": 96, "lv": 96, "exp": 490, "reward": [[1001, 1], [1002, 1], [1005, 1]]}, {"id": 97, "lv": 97, "exp": 495, "reward": [[1001, 1], [1002, 1], [1003, 1]]}, {"id": 98, "lv": 98, "exp": 500, "reward": [[1001, 1], [1002, 1], [1005, 1]]}, {"id": 99, "lv": 99, "exp": 505, "reward": [[1001, 1], [1002, 1], [1003, 1]]}, {"id": 100, "lv": 100, "exp": 510, "reward": [[1001, 1], [1002, 1], [1005, 1]]}, {"id": 101, "lv": 101, "exp": 515, "reward": [[1001, 1], [1002, 1], [1003, 1]]}, {"id": 102, "lv": 102, "exp": 520, "reward": [[1001, 1], [1002, 1], [1005, 1]]}, {"id": 103, "lv": 103, "exp": 525, "reward": [[1001, 1], [1002, 1], [1003, 1]]}, {"id": 104, "lv": 104, "exp": 530, "reward": [[1001, 1], [1002, 1], [1005, 1]]}, {"id": 102, "lv": 102, "exp": 535, "reward": [[1001, 1], [1002, 1], [1003, 1]]}, {"id": 106, "lv": 106, "exp": 540, "reward": [[1001, 1], [1002, 1], [1005, 1]]}, {"id": 107, "lv": 107, "exp": 545, "reward": [[1001, 1], [1002, 1], [1003, 1]]}, {"id": 108, "lv": 108, "exp": 550, "reward": [[1001, 1], [1002, 1], [1005, 1]]}, {"id": 109, "lv": 109, "exp": 555, "reward": [[1001, 1], [1002, 1], [1003, 1]]}, {"id": 110, "lv": 110, "exp": 560, "reward": [[1001, 1], [1002, 1], [1005, 1]]}, {"id": 111, "lv": 111, "exp": 565, "reward": [[1001, 1], [1002, 1], [1003, 1]]}, {"id": 112, "lv": 112, "exp": 570, "reward": [[1001, 1], [1002, 1], [1005, 1]]}, {"id": 113, "lv": 113, "exp": 575, "reward": [[1001, 1], [1002, 1], [1003, 1]]}, {"id": 114, "lv": 114, "exp": 580, "reward": [[1001, 1], [1002, 1], [1005, 1]]}, {"id": 115, "lv": 115, "exp": 585, "reward": [[1001, 1], [1002, 1], [1003, 1]]}, {"id": 116, "lv": 116, "exp": 590, "reward": [[1001, 1], [1002, 1], [1005, 1]]}, {"id": 117, "lv": 117, "exp": 595, "reward": [[1001, 1], [1002, 1], [1003, 1]]}, {"id": 118, "lv": 118, "exp": 600, "reward": [[1001, 1], [1002, 1], [1005, 1]]}, {"id": 119, "lv": 119, "exp": 605, "reward": [[1001, 1], [1002, 1], [1003, 1]]}, {"id": 120, "lv": 120, "exp": 610, "reward": [[1001, 1], [1002, 1], [1005, 1]]}, {"id": 121, "lv": 121, "exp": 615, "reward": [[1001, 1], [1002, 1], [1003, 1]]}, {"id": 122, "lv": 122, "exp": 620, "reward": [[1001, 1], [1002, 1], [1005, 1]]}, {"id": 123, "lv": 123, "exp": 625, "reward": [[1001, 1], [1002, 1], [1003, 1]]}, {"id": 124, "lv": 124, "exp": 630, "reward": [[1001, 1], [1002, 1], [1005, 1]]}, {"id": 125, "lv": 125, "exp": 635, "reward": [[1001, 1], [1002, 1], [1003, 1]]}, {"id": 126, "lv": 126, "exp": 640, "reward": [[1001, 1], [1002, 1], [1005, 1]]}, {"id": 127, "lv": 127, "exp": 645, "reward": [[1001, 1], [1002, 1], [1003, 1]]}, {"id": 128, "lv": 128, "exp": 650, "reward": [[1001, 1], [1002, 1], [1005, 1]]}, {"id": 129, "lv": 129, "exp": 655, "reward": [[1001, 1], [1002, 1], [1003, 1]]}, {"id": 130, "lv": 130, "exp": 660, "reward": [[1001, 1], [1002, 1], [1005, 1]]}, {"id": 131, "lv": 131, "exp": 665, "reward": [[1001, 1], [1002, 1], [1003, 1]]}, {"id": 132, "lv": 132, "exp": 670, "reward": [[1001, 1], [1002, 1], [1005, 1]]}, {"id": 133, "lv": 133, "exp": 675, "reward": [[1001, 1], [1002, 1], [1003, 1]]}, {"id": 134, "lv": 134, "exp": 680, "reward": [[1001, 1], [1002, 1], [1005, 1]]}, {"id": 135, "lv": 135, "exp": 685, "reward": [[1001, 1], [1002, 1], [1003, 1]]}, {"id": 136, "lv": 136, "exp": 690, "reward": [[1001, 1], [1002, 1], [1005, 1]]}, {"id": 137, "lv": 137, "exp": 695, "reward": [[1001, 1], [1002, 1], [1003, 1]]}, {"id": 138, "lv": 138, "exp": 700, "reward": [[1001, 1], [1002, 1], [1005, 1]]}, {"id": 139, "lv": 139, "exp": 705, "reward": [[1001, 1], [1002, 1], [1003, 1]]}, {"id": 140, "lv": 140, "exp": 710, "reward": [[1001, 1], [1002, 1], [1005, 1]]}, {"id": 141, "lv": 141, "exp": 715, "reward": [[1001, 1], [1002, 1], [1003, 1]]}, {"id": 142, "lv": 142, "exp": 720, "reward": [[1001, 1], [1002, 1], [1005, 1]]}, {"id": 143, "lv": 143, "exp": 725, "reward": [[1001, 1], [1002, 1], [1003, 1]]}, {"id": 144, "lv": 144, "exp": 730, "reward": [[1001, 1], [1002, 1], [1005, 1]]}, {"id": 145, "lv": 145, "exp": 735, "reward": [[1001, 1], [1002, 1], [1003, 1]]}, {"id": 146, "lv": 146, "exp": 740, "reward": [[1001, 1], [1002, 1], [1005, 1]]}, {"id": 147, "lv": 147, "exp": 745, "reward": [[1001, 1], [1002, 1], [1003, 1]]}, {"id": 148, "lv": 148, "exp": 750, "reward": [[1001, 1], [1002, 1], [1005, 1]]}, {"id": 149, "lv": 149, "exp": 755, "reward": [[1001, 1], [1002, 1], [1003, 1]]}, {"id": 150, "lv": 150, "exp": 760, "reward": [[1001, 1], [1002, 1], [1005, 1]]}, {"id": 151, "lv": 151, "exp": 765, "reward": [[1001, 1], [1002, 1], [1003, 1]]}, {"id": 152, "lv": 152, "exp": 770, "reward": [[1001, 1], [1002, 1], [1005, 1]]}, {"id": 153, "lv": 153, "exp": 775, "reward": [[1001, 1], [1002, 1], [1003, 1]]}, {"id": 154, "lv": 154, "exp": 780, "reward": [[1001, 1], [1002, 1], [1005, 1]]}, {"id": 155, "lv": 155, "exp": 785, "reward": [[1001, 1], [1002, 1], [1003, 1]]}, {"id": 156, "lv": 156, "exp": 790, "reward": [[1001, 1], [1002, 1], [1005, 1]]}, {"id": 157, "lv": 157, "exp": 795, "reward": [[1001, 1], [1002, 1], [1003, 1]]}, {"id": 158, "lv": 158, "exp": 800, "reward": [[1001, 1], [1002, 1], [1005, 1]]}, {"id": 159, "lv": 159, "exp": 805, "reward": [[1001, 1], [1002, 1], [1003, 1]]}, {"id": 160, "lv": 160, "exp": 810, "reward": [[1001, 1], [1002, 1], [1005, 1]]}, {"id": 161, "lv": 161, "exp": 815, "reward": [[1001, 1], [1002, 1], [1003, 1]]}, {"id": 162, "lv": 162, "exp": 820, "reward": [[1001, 1], [1002, 1], [1005, 1]]}, {"id": 163, "lv": 163, "exp": 825, "reward": [[1001, 1], [1002, 1], [1003, 1]]}, {"id": 164, "lv": 164, "exp": 830, "reward": [[1001, 1], [1002, 1], [1005, 1]]}, {"id": 165, "lv": 165, "exp": 835, "reward": [[1001, 1], [1002, 1], [1003, 1]]}, {"id": 166, "lv": 166, "exp": 840, "reward": [[1001, 1], [1002, 1], [1005, 1]]}, {"id": 167, "lv": 167, "exp": 845, "reward": [[1001, 1], [1002, 1], [1003, 1]]}, {"id": 168, "lv": 168, "exp": 850, "reward": [[1001, 1], [1002, 1], [1005, 1]]}, {"id": 169, "lv": 169, "exp": 855, "reward": [[1001, 1], [1002, 1], [1003, 1]]}, {"id": 170, "lv": 170, "exp": 860, "reward": [[1001, 1], [1002, 1], [1005, 1]]}, {"id": 171, "lv": 171, "exp": 865, "reward": [[1001, 1], [1002, 1], [1003, 1]]}, {"id": 172, "lv": 172, "exp": 870, "reward": [[1001, 1], [1002, 1], [1005, 1]]}, {"id": 173, "lv": 173, "exp": 875, "reward": [[1001, 1], [1002, 1], [1003, 1]]}, {"id": 174, "lv": 174, "exp": 880, "reward": [[1001, 1], [1002, 1], [1005, 1]]}, {"id": 175, "lv": 175, "exp": 885, "reward": [[1001, 1], [1002, 1], [1003, 1]]}, {"id": 176, "lv": 176, "exp": 890, "reward": [[1001, 1], [1002, 1], [1005, 1]]}, {"id": 177, "lv": 177, "exp": 895, "reward": [[1001, 1], [1002, 1], [1003, 1]]}, {"id": 178, "lv": 178, "exp": 900, "reward": [[1001, 1], [1002, 1], [1005, 1]]}, {"id": 179, "lv": 179, "exp": 905, "reward": [[1001, 1], [1002, 1], [1003, 1]]}, {"id": 180, "lv": 180, "exp": 910, "reward": [[1001, 1], [1002, 1], [1005, 1]]}, {"id": 181, "lv": 181, "exp": 915, "reward": [[1001, 1], [1002, 1], [1003, 1]]}, {"id": 182, "lv": 182, "exp": 920, "reward": [[1001, 1], [1002, 1], [1005, 1]]}, {"id": 183, "lv": 183, "exp": 925, "reward": [[1001, 1], [1002, 1], [1003, 1]]}, {"id": 184, "lv": 184, "exp": 930, "reward": [[1001, 1], [1002, 1], [1005, 1]]}, {"id": 185, "lv": 185, "exp": 935, "reward": [[1001, 1], [1002, 1], [1003, 1]]}, {"id": 186, "lv": 186, "exp": 940, "reward": [[1001, 1], [1002, 1], [1005, 1]]}, {"id": 187, "lv": 187, "exp": 945, "reward": [[1001, 1], [1002, 1], [1003, 1]]}, {"id": 188, "lv": 188, "exp": 950, "reward": [[1001, 1], [1002, 1], [1005, 1]]}, {"id": 189, "lv": 189, "exp": 955, "reward": [[1001, 1], [1002, 1], [1003, 1]]}, {"id": 190, "lv": 190, "exp": 960, "reward": [[1001, 1], [1002, 1], [1005, 1]]}, {"id": 191, "lv": 191, "exp": 965, "reward": [[1001, 1], [1002, 1], [1003, 1]]}, {"id": 192, "lv": 192, "exp": 970, "reward": [[1001, 1], [1002, 1], [1005, 1]]}, {"id": 193, "lv": 193, "exp": 975, "reward": [[1001, 1], [1002, 1], [1003, 1]]}, {"id": 194, "lv": 194, "exp": 980, "reward": [[1001, 1], [1002, 1], [1005, 1]]}, {"id": 195, "lv": 195, "exp": 985, "reward": [[1001, 1], [1002, 1], [1003, 1]]}, {"id": 196, "lv": 196, "exp": 990, "reward": [[1001, 1], [1002, 1], [1005, 1]]}, {"id": 197, "lv": 197, "exp": 995, "reward": [[1001, 1], [1002, 1], [1003, 1]]}, {"id": 198, "lv": 198, "exp": 1000, "reward": [[1001, 1], [1002, 1], [1005, 1]]}, {"id": 199, "lv": 199, "exp": 1005, "reward": [[1001, 1], [1002, 1], [1003, 1]]}, {"id": 200, "lv": 200, "exp": 1010, "reward": [[1001, 1], [1002, 1], [1005, 1]]}, {"id": 201, "lv": 201, "exp": 1015, "reward": [[1001, 1], [1002, 1], [1003, 1]]}, {"id": 202, "lv": 202, "exp": 1020, "reward": [[1001, 1], [1002, 1], [1005, 1]]}, {"id": 203, "lv": 203, "exp": 1025, "reward": [[1001, 1], [1002, 1], [1003, 1]]}, {"id": 204, "lv": 204, "exp": 1030, "reward": [[1001, 1], [1002, 1], [1005, 1]]}, {"id": 205, "lv": 205, "exp": 1035, "reward": [[1001, 1], [1002, 1], [1003, 1]]}, {"id": 206, "lv": 206, "exp": 1040, "reward": [[1001, 1], [1002, 1], [1005, 1]]}, {"id": 207, "lv": 207, "exp": 1045, "reward": [[1001, 1], [1002, 1], [1003, 1]]}, {"id": 208, "lv": 208, "exp": 1050, "reward": [[1001, 1], [1002, 1], [1005, 1]]}, {"id": 209, "lv": 209, "exp": 1055, "reward": [[1001, 1], [1002, 1], [1003, 1]]}, {"id": 210, "lv": 210, "exp": 1060, "reward": [[1001, 1], [1002, 1], [1005, 1]]}, {"id": 211, "lv": 211, "exp": 1065, "reward": [[1001, 1], [1002, 1], [1003, 1]]}, {"id": 212, "lv": 212, "exp": 1070, "reward": [[1001, 1], [1002, 1], [1005, 1]]}, {"id": 213, "lv": 213, "exp": 1075, "reward": [[1001, 1], [1002, 1], [1003, 1]]}, {"id": 214, "lv": 214, "exp": 1080, "reward": [[1001, 1], [1002, 1], [1005, 1]]}, {"id": 215, "lv": 215, "exp": 1085, "reward": [[1001, 1], [1002, 1], [1003, 1]]}, {"id": 216, "lv": 216, "exp": 1090, "reward": [[1001, 1], [1002, 1], [1005, 1]]}, {"id": 217, "lv": 217, "exp": 1095, "reward": [[1001, 1], [1002, 1], [1003, 1]]}, {"id": 218, "lv": 218, "exp": 1100, "reward": [[1001, 1], [1002, 1], [1005, 1]]}, {"id": 219, "lv": 219, "exp": 1105, "reward": [[1001, 1], [1002, 1], [1003, 1]]}, {"id": 220, "lv": 220, "exp": 1110, "reward": [[1001, 1], [1002, 1], [1005, 1]]}, {"id": 221, "lv": 221, "exp": 1115, "reward": [[1001, 1], [1002, 1], [1003, 1]]}, {"id": 222, "lv": 222, "exp": 1120, "reward": [[1001, 1], [1002, 1], [1005, 1]]}, {"id": 223, "lv": 223, "exp": 1125, "reward": [[1001, 1], [1002, 1], [1003, 1]]}, {"id": 224, "lv": 224, "exp": 1130, "reward": [[1001, 1], [1002, 1], [1005, 1]]}, {"id": 225, "lv": 225, "exp": 1135, "reward": [[1001, 1], [1002, 1], [1003, 1]]}, {"id": 226, "lv": 226, "exp": 1140, "reward": [[1001, 1], [1002, 1], [1005, 1]]}, {"id": 227, "lv": 227, "exp": 1145, "reward": [[1001, 1], [1002, 1], [1003, 1]]}, {"id": 228, "lv": 228, "exp": 1150, "reward": [[1001, 1], [1002, 1], [1005, 1]]}, {"id": 229, "lv": 229, "exp": 1155, "reward": [[1001, 1], [1002, 1], [1003, 1]]}, {"id": 230, "lv": 230, "exp": 1160, "reward": [[1001, 1], [1002, 1], [1005, 1]]}, {"id": 231, "lv": 231, "exp": 1165, "reward": [[1001, 1], [1002, 1], [1003, 1]]}, {"id": 232, "lv": 232, "exp": 1170, "reward": [[1001, 1], [1002, 1], [1005, 1]]}, {"id": 233, "lv": 233, "exp": 1175, "reward": [[1001, 1], [1002, 1], [1003, 1]]}, {"id": 234, "lv": 234, "exp": 1180, "reward": [[1001, 1], [1002, 1], [1005, 1]]}, {"id": 235, "lv": 235, "exp": 1185, "reward": [[1001, 1], [1002, 1], [1003, 1]]}, {"id": 236, "lv": 236, "exp": 1190, "reward": [[1001, 1], [1002, 1], [1005, 1]]}, {"id": 237, "lv": 237, "exp": 1195, "reward": [[1001, 1], [1002, 1], [1003, 1]]}, {"id": 238, "lv": 238, "exp": 1200, "reward": [[1001, 1], [1002, 1], [1005, 1]]}, {"id": 239, "lv": 239, "exp": 1205, "reward": [[1001, 1], [1002, 1], [1003, 1]]}, {"id": 240, "lv": 240, "exp": 1210, "reward": [[1001, 1], [1002, 1], [1005, 1]]}, {"id": 241, "lv": 241, "exp": 1215, "reward": [[1001, 1], [1002, 1], [1003, 1]]}, {"id": 242, "lv": 242, "exp": 1220, "reward": [[1001, 1], [1002, 1], [1005, 1]]}, {"id": 243, "lv": 243, "exp": 1225, "reward": [[1001, 1], [1002, 1], [1003, 1]]}, {"id": 244, "lv": 244, "exp": 1230, "reward": [[1001, 1], [1002, 1], [1005, 1]]}, {"id": 245, "lv": 245, "exp": 1235, "reward": [[1001, 1], [1002, 1], [1003, 1]]}, {"id": 246, "lv": 246, "exp": 1240, "reward": [[1001, 1], [1002, 1], [1005, 1]]}, {"id": 247, "lv": 247, "exp": 1245, "reward": [[1001, 1], [1002, 1], [1003, 1]]}, {"id": 248, "lv": 248, "exp": 1250, "reward": [[1001, 1], [1002, 1], [1005, 1]]}, {"id": 249, "lv": 249, "exp": 1255, "reward": [[1001, 1], [1002, 1], [1003, 1]]}, {"id": 250, "lv": 250, "exp": 1260, "reward": [[1001, 1], [1002, 1], [1005, 1]]}, {"id": 251, "lv": 251, "exp": 1265, "reward": [[1001, 1], [1002, 1], [1003, 1]]}, {"id": 252, "lv": 252, "exp": 1270, "reward": [[1001, 1], [1002, 1], [1005, 1]]}, {"id": 253, "lv": 253, "exp": 1275, "reward": [[1001, 1], [1002, 1], [1003, 1]]}, {"id": 254, "lv": 254, "exp": 1280, "reward": [[1001, 1], [1002, 1], [1005, 1]]}, {"id": 255, "lv": 255, "exp": 1285, "reward": [[1001, 1], [1002, 1], [1003, 1]]}, {"id": 256, "lv": 256, "exp": 1290, "reward": [[1001, 1], [1002, 1], [1005, 1]]}, {"id": 257, "lv": 257, "exp": 1295, "reward": [[1001, 1], [1002, 1], [1003, 1]]}, {"id": 258, "lv": 258, "exp": 1300, "reward": [[1001, 1], [1002, 1], [1005, 1]]}, {"id": 259, "lv": 259, "exp": 1305, "reward": [[1001, 1], [1002, 1], [1003, 1]]}, {"id": 260, "lv": 260, "exp": 1310, "reward": [[1001, 1], [1002, 1], [1005, 1]]}, {"id": 261, "lv": 261, "exp": 1315, "reward": [[1001, 1], [1002, 1], [1003, 1]]}, {"id": 262, "lv": 262, "exp": 1320, "reward": [[1001, 1], [1002, 1], [1005, 1]]}, {"id": 263, "lv": 263, "exp": 1325, "reward": [[1001, 1], [1002, 1], [1003, 1]]}, {"id": 264, "lv": 264, "exp": 1330, "reward": [[1001, 1], [1002, 1], [1005, 1]]}, {"id": 265, "lv": 265, "exp": 1335, "reward": [[1001, 1], [1002, 1], [1003, 1]]}, {"id": 266, "lv": 266, "exp": 1340, "reward": [[1001, 1], [1002, 1], [1005, 1]]}, {"id": 267, "lv": 267, "exp": 1345, "reward": [[1001, 1], [1002, 1], [1003, 1]]}, {"id": 268, "lv": 268, "exp": 1350, "reward": [[1001, 1], [1002, 1], [1005, 1]]}, {"id": 269, "lv": 269, "exp": 1355, "reward": [[1001, 1], [1002, 1], [1003, 1]]}, {"id": 270, "lv": 270, "exp": 1360, "reward": [[1001, 1], [1002, 1], [1005, 1]]}, {"id": 271, "lv": 271, "exp": 1365, "reward": [[1001, 1], [1002, 1], [1003, 1]]}, {"id": 272, "lv": 272, "exp": 1370, "reward": [[1001, 1], [1002, 1], [1005, 1]]}, {"id": 273, "lv": 273, "exp": 1375, "reward": [[1001, 1], [1002, 1], [1003, 1]]}, {"id": 274, "lv": 274, "exp": 1380, "reward": [[1001, 1], [1002, 1], [1005, 1]]}, {"id": 275, "lv": 275, "exp": 1385, "reward": [[1001, 1], [1002, 1], [1003, 1]]}, {"id": 276, "lv": 276, "exp": 1390, "reward": [[1001, 1], [1002, 1], [1005, 1]]}, {"id": 277, "lv": 277, "exp": 1395, "reward": [[1001, 1], [1002, 1], [1003, 1]]}, {"id": 278, "lv": 278, "exp": 1400, "reward": [[1001, 1], [1002, 1], [1005, 1]]}, {"id": 279, "lv": 279, "exp": 1405, "reward": [[1001, 1], [1002, 1], [1003, 1]]}, {"id": 280, "lv": 280, "exp": 1410, "reward": [[1001, 1], [1002, 1], [1005, 1]]}, {"id": 281, "lv": 281, "exp": 1415, "reward": [[1001, 1], [1002, 1], [1003, 1]]}, {"id": 282, "lv": 282, "exp": 1420, "reward": [[1001, 1], [1002, 1], [1005, 1]]}, {"id": 283, "lv": 283, "exp": 1425, "reward": [[1001, 1], [1002, 1], [1003, 1]]}, {"id": 284, "lv": 284, "exp": 1430, "reward": [[1001, 1], [1002, 1], [1005, 1]]}, {"id": 285, "lv": 285, "exp": 1435, "reward": [[1001, 1], [1002, 1], [1003, 1]]}, {"id": 286, "lv": 286, "exp": 1440, "reward": [[1001, 1], [1002, 1], [1005, 1]]}, {"id": 287, "lv": 287, "exp": 1445, "reward": [[1001, 1], [1002, 1], [1003, 1]]}, {"id": 288, "lv": 288, "exp": 1450, "reward": [[1001, 1], [1002, 1], [1005, 1]]}, {"id": 289, "lv": 289, "exp": 1455, "reward": [[1001, 1], [1002, 1], [1003, 1]]}, {"id": 290, "lv": 290, "exp": 1460, "reward": [[1001, 1], [1002, 1], [1005, 1]]}, {"id": 291, "lv": 291, "exp": 1465, "reward": [[1001, 1], [1002, 1], [1003, 1]]}, {"id": 292, "lv": 292, "exp": 1470, "reward": [[1001, 1], [1002, 1], [1005, 1]]}, {"id": 293, "lv": 293, "exp": 1475, "reward": [[1001, 1], [1002, 1], [1003, 1]]}, {"id": 294, "lv": 294, "exp": 1480, "reward": [[1001, 1], [1002, 1], [1005, 1]]}, {"id": 295, "lv": 295, "exp": 1485, "reward": [[1001, 1], [1002, 1], [1003, 1]]}, {"id": 296, "lv": 296, "exp": 1490, "reward": [[1001, 1], [1002, 1], [1005, 1]]}, {"id": 297, "lv": 297, "exp": 1495, "reward": [[1001, 1], [1002, 1], [1003, 1]]}, {"id": 298, "lv": 298, "exp": 1500, "reward": [[1001, 1], [1002, 1], [1005, 1]]}, {"id": 299, "lv": 299, "exp": 1505, "reward": [[1001, 1], [1002, 1], [1003, 1]]}, {"id": 300, "lv": 300, "exp": 1510, "reward": [[1001, 1], [1002, 1], [1005, 1]]}]