[{"id": 1, "type": 1, "turn": 1.1, "base": 1, "arr": [2003, 2002, 2001, 2001, 2001], "pos": [1, 2, 3, 4, 5]}, {"id": 2, "type": 1, "turn": 1.1, "base": 2, "arr": [2002], "pos": [1]}, {"id": 3, "type": 1, "turn": 1.1, "base": 3, "arr": [2003, 2003, 2003, 2003, 2003], "pos": [1, 2, 3, 4, 5]}, {"id": 4, "type": 1, "turn": 1.1, "base": 4, "arr": [2004], "pos": [1]}, {"id": 5, "type": 1, "turn": 1.1, "base": 5, "arr": [2001, 2001, 2001, 2001, 2001], "pos": [1, 2, 3, 4, 5]}, {"id": 6, "type": 1, "turn": 1.1, "base": 6, "arr": [2002], "pos": [1]}, {"id": 7, "type": 1, "turn": 1.1, "base": 7, "arr": [2003, 2003, 2003, 2003, 2003], "pos": [1, 2, 3, 4, 5]}, {"id": 8, "type": 2, "turn": 1.1, "base": 1, "arr": [2004], "pos": [1]}, {"id": 9, "type": 2, "turn": 1.1, "base": 2, "arr": [2001, 2001, 2001, 2001, 2001], "pos": [1, 2, 3, 4, 5]}, {"id": 10, "type": 2, "turn": 1.1, "base": 3, "arr": [2002], "pos": [1]}, {"id": 11, "type": 2, "turn": 1.1, "base": 4, "arr": [2003, 2003, 2003, 2003, 2003], "pos": [1, 2, 3, 4, 5]}, {"id": 12, "type": 2, "turn": 1.1, "base": 5, "arr": [2004], "pos": [1]}, {"id": 13, "type": 2, "turn": 1.1, "base": 6, "arr": [2003, 2003, 2003, 2003, 2003], "pos": [1, 2, 3, 4, 5]}, {"id": 14, "type": 2, "turn": 1.1, "base": 7, "arr": [2004], "pos": [1]}, {"id": 15, "type": 1, "turn": 1.1, "base": 1, "arr": [2001, 2001, 2001, 2001, 2001], "pos": [1, 2, 3, 4, 5]}, {"id": 16, "type": 1, "turn": 1.1, "base": 2, "arr": [2002], "pos": [1]}, {"id": 17, "type": 1, "turn": 1.1, "base": 3, "arr": [2003, 2003, 2003, 2003, 2003], "pos": [1, 2, 3, 4, 5]}, {"id": 18, "type": 1, "turn": 1.1, "base": 4, "arr": [2004], "pos": [1]}, {"id": 19, "type": 1, "turn": 1.1, "base": 5, "arr": [2001, 2001, 2001, 2001, 2001], "pos": [1, 2, 3, 4, 5]}, {"id": 20, "type": 1, "turn": 1.1, "base": 6, "arr": [2002], "pos": [1]}, {"id": 21, "type": 1, "turn": 1.1, "base": 7, "arr": [2003, 2003, 2003, 2003, 2003], "pos": [1, 2, 3, 4, 5]}]