[{"id": 1, "key": 10001, "type": 1, "value": 0, "ps": "免广告", "icon": "privilege_ad", "cdTime": 0, "receiveTime": 6, "dataKey": ""}, {"id": 2, "key": 10002, "type": 1, "value": 0, "ps": "跳过气泡", "icon": "privilege_qipao", "cdTime": 0, "receiveTime": 6, "dataKey": ""}, {"id": 3, "key": 10003, "type": 1, "value": 0, "ps": "购买体力上限+10", "icon": "shop_tili", "cdTime": 0, "receiveTime": 1, "dataKey": ""}, {"id": 4, "key": 10004, "type": 1, "value": 320, "ps": "立即获得钻石", "icon": "shop_diamond5", "cdTime": 0, "receiveTime": 1, "dataKey": ""}, {"id": 5, "key": 10005, "type": 2, "value": [[102, 5], [103, 100]], "ps": "每天领钻石", "icon": "prop_diamond4", "cdTime": 1440, "receiveTime": 1, "dataKey": "month_powerdiamons"}, {"id": 6, "key": 10006, "type": 2, "value": [[102, 5], [103, 100]], "ps": "每天领体力", "icon": "prop_power2", "cdTime": 1440, "receiveTime": 1, "dataKey": "week_powerdiamons"}, {"id": 7, "key": 10007, "type": 3, "value": 0, "ps": "24小时刷新财富补给", "icon": "", "cdTime": 1440, "receiveTime": 0, "dataKey": "shop_money"}, {"id": 8, "key": 10008, "type": 3, "value": 0, "ps": "24小时刷新每日好货", "icon": "", "cdTime": 1440, "receiveTime": 0, "dataKey": "shop_goodprop"}, {"id": 9, "key": 10009, "type": 3, "value": 0, "ps": "限时限量供应刷新", "icon": "", "cdTime": 360, "receiveTime": 1, "dataKey": "shop_limitProp"}, {"id": 10, "key": 10010, "type": 4, "value": 0, "ps": "24小时刷新钻石购买体力", "icon": "", "cdTime": 1440, "receiveTime": 0, "dataKey": "buyPowerTime1"}, {"id": 11, "key": 10011, "type": 5, "value": 0, "ps": "福袋刷新时间", "icon": "", "cdTime": 1440, "receiveTime": 1, "dataKey": "god_refleshtime"}, {"id": 11, "key": 10012, "type": 5, "value": 0, "ps": "阿宝的货车刷新时间", "icon": "", "cdTime": 1440, "receiveTime": 1, "dataKey": "TreasureDialog_refleshtime"}]