[{"id": 1, "coin": 0}, {"id": 2, "coin": 0}, {"id": 3, "coin": 0}, {"id": 4, "coin": 0}, {"id": 5, "coin": 0}, {"id": 6, "coin": 0}, {"id": 7, "coin": 200}, {"id": 8, "coin": 400}, {"id": 9, "coin": 600}, {"id": 10, "coin": 800}, {"id": 11, "coin": 1000}, {"id": 12, "coin": 1200}, {"id": 13, "coin": 1400}, {"id": 14, "coin": 1600}, {"id": 15, "coin": 1800}, {"id": 16, "coin": 2000}, {"id": 17, "coin": 2200}, {"id": 18, "coin": 2400}, {"id": 19, "coin": 2600}, {"id": 20, "coin": 2800}, {"id": 21, "coin": 3000}, {"id": 22, "coin": 3200}, {"id": 23, "coin": 3400}, {"id": 24, "coin": 3600}, {"id": 25, "coin": 3800}, {"id": 26, "coin": 4000}, {"id": 27, "coin": 4200}, {"id": 28, "coin": 4400}, {"id": 29, "coin": 4600}, {"id": 30, "coin": 4800}, {"id": 31, "coin": 5000}, {"id": 32, "coin": 5200}, {"id": 33, "coin": 5400}, {"id": 34, "coin": 5600}, {"id": 35, "coin": 5800}, {"id": 36, "coin": 6000}, {"id": 37, "coin": 6200}, {"id": 38, "coin": 6400}, {"id": 39, "coin": 6600}, {"id": 40, "coin": 6800}, {"id": 41, "coin": 7000}, {"id": 42, "coin": 7200}, {"id": 43, "coin": 7400}, {"id": 44, "coin": 7600}, {"id": 45, "coin": 7800}, {"id": 46, "coin": 8000}, {"id": 47, "coin": 8200}, {"id": 48, "coin": 8400}, {"id": 49, "coin": 8600}, {"id": 50, "coin": 8800}, {"id": 51, "coin": 9000}, {"id": 52, "coin": 9200}, {"id": 53, "coin": 9400}, {"id": 54, "coin": 9600}, {"id": 55, "coin": 9800}, {"id": 56, "coin": 10000}, {"id": 57, "coin": 10200}, {"id": 58, "coin": 10400}, {"id": 59, "coin": 10600}, {"id": 60, "coin": 10800}, {"id": 61, "coin": 11000}, {"id": 62, "coin": 11200}, {"id": 63, "coin": 11400}, {"id": 64, "coin": 11600}, {"id": 65, "coin": 11800}, {"id": 66, "coin": 12000}, {"id": 67, "coin": 12200}, {"id": 68, "coin": 12400}, {"id": 69, "coin": 12600}, {"id": 70, "coin": 12800}, {"id": 71, "coin": 13000}, {"id": 72, "coin": 13200}, {"id": 73, "coin": 13400}, {"id": 74, "coin": 13600}, {"id": 75, "coin": 13800}, {"id": 76, "coin": 14000}, {"id": 77, "coin": 14200}, {"id": 78, "coin": 14400}, {"id": 79, "coin": 14600}, {"id": 80, "coin": 14800}, {"id": 81, "coin": 15000}, {"id": 82, "coin": 15200}, {"id": 83, "coin": 15400}, {"id": 84, "coin": 15600}, {"id": 85, "coin": 15800}, {"id": 86, "coin": 16000}, {"id": 87, "coin": 16200}, {"id": 88, "coin": 16400}, {"id": 89, "coin": 16600}, {"id": 90, "coin": 16800}, {"id": 91, "coin": 17000}, {"id": 92, "coin": 17200}, {"id": 93, "coin": 17400}, {"id": 94, "coin": 17600}, {"id": 95, "coin": 17800}, {"id": 96, "coin": 18000}, {"id": 97, "coin": 18200}, {"id": 98, "coin": 18400}, {"id": 99, "coin": 18600}, {"id": 100, "coin": 18800}]