[{"id": 1, "name": "测试充值", "productId": "com.xmtyq.jsf.id1", "cash": 1, "money": 0, "discount": 0, "shopId": 1}, {"id": 2, "name": "测试充值", "productId": "com.xmtyq.jsf.id2", "cash": 6, "money": 0, "discount": 0, "shopId": 2}, {"id": 3, "name": "测试充值", "productId": "com.xmtyq.jsf.id3", "cash": 30, "money": 0, "discount": 0, "shopId": 3}, {"id": 4, "name": "测试充值", "productId": "com.xmtyq.jsf.id4", "cash": 68, "money": 0, "discount": 0, "shopId": 4}, {"id": 5, "name": "测试充值", "productId": "com.xmtyq.jsf.id5", "cash": 128, "money": 0, "discount": 0, "shopId": 5}, {"id": 6, "name": "测试充值", "productId": "com.xmtyq.jsf.id6", "cash": 328, "money": 0, "discount": 0, "shopId": 6}, {"id": 7, "name": "测试充值", "productId": "com.xmtyq.jsf.id7", "cash": 648, "money": 0, "discount": 0, "shopId": 7}, {"id": 8, "name": "测试充值", "productId": "com.xmtyq.jsf.id8", "cash": 6, "money": 0, "discount": 0, "shopId": 8}, {"id": 9, "name": "测试充值", "productId": "com.xmtyq.jsf.id9", "cash": 30, "money": 0, "discount": 0, "shopId": 9}, {"id": 10, "name": "测试充值", "productId": "com.xmtyq.jsf.id10", "cash": 68, "money": 0, "discount": 0, "shopId": 10}, {"id": 11, "name": "测试充值", "productId": "com.xmtyq.jsf.id11", "cash": 128, "money": 0, "discount": 0, "shopId": 11}, {"id": 12, "name": "测试充值", "productId": "com.xmtyq.jsf.id12", "cash": 328, "money": 0, "discount": 0, "shopId": 12}, {"id": 13, "name": "测试充值", "productId": "com.xmtyq.jsf.id13", "cash": 648, "money": 0, "discount": 0, "shopId": 13}, {"id": 14, "name": "首充豪礼", "productId": "com.xmtyq.jsf.id14", "cash": 6, "money": 0, "discount": 0, "shopId": 14}, {"id": 15, "name": "周卡", "productId": "com.xmtyq.jsf.id15", "cash": 8, "money": 0, "discount": 0, "shopId": 15}, {"id": 16, "name": "月卡", "productId": "com.xmtyq.jsf.id16", "cash": 30, "money": 0, "discount": 0, "shopId": 16}, {"id": 17, "name": "星星礼包", "productId": "com.xmtyq.jsf.id17", "cash": 18, "money": 0, "discount": 0, "shopId": 17}, {"id": 18, "name": "每日好货", "productId": "com.xmtyq.jsf.id19", "cash": 18, "money": 0, "discount": 0, "shopId": 18}, {"id": 19, "name": "每日好货", "productId": "com.xmtyq.jsf.id20", "cash": 18, "money": 0, "discount": 0, "shopId": 19}, {"id": 20, "name": "简易工具箱", "productId": "com.xmtyq.jsf.id21", "cash": 18, "money": 0, "discount": 0, "shopId": 20}, {"id": 21, "name": "工具种子箱", "productId": "com.xmtyq.jsf.id22", "cash": 18, "money": 0, "discount": 0, "shopId": 21}, {"id": 22, "name": "健身器材箱", "productId": "com.xmtyq.jsf.id23", "cash": 18, "money": 0, "discount": 0, "shopId": 22}, {"id": 23, "name": "冷藏工具箱", "productId": "com.xmtyq.jsf.id24", "cash": 18, "money": 0, "discount": 0, "shopId": 23}, {"id": 24, "name": "能量饮料礼包", "productId": "com.xmtyq.jsf.id25", "cash": 30, "money": 0, "discount": 0, "shopId": 24}, {"id": 25, "name": "初级财富补给", "productId": "com.xmtyq.jsf.id26", "cash": 18, "money": 0, "discount": 0, "shopId": 25}, {"id": 26, "name": "中级财富补给", "productId": "com.xmtyq.jsf.id27", "cash": 18, "money": 0, "discount": 0, "shopId": 26}, {"id": 27, "name": "高级财富补给", "productId": "com.xmtyq.jsf.id28", "cash": 18, "money": 0, "discount": 0, "shopId": 27}, {"id": 28, "name": "限时限量供应", "productId": "com.xmtyq.jsf.id29", "cash": 128, "money": 0, "discount": 0, "shopId": 28}]