[{"id": 1, "row": 1, "col": 1, "status": 0, "propId": 10008}, {"id": 2, "row": 1, "col": 2, "status": 0, "propId": 20006}, {"id": 3, "row": 1, "col": 3, "status": 0, "propId": 20038}, {"id": 4, "row": 1, "col": 4, "status": 0, "propId": 10012}, {"id": 5, "row": 1, "col": 5, "status": 0, "propId": 10012}, {"id": 6, "row": 1, "col": 6, "status": 0, "propId": 20021}, {"id": 7, "row": 1, "col": 7, "status": 0, "propId": 10012}, {"id": 8, "row": 2, "col": 1, "status": 0, "propId": 20011}, {"id": 9, "row": 2, "col": 2, "status": 0, "propId": 20041}, {"id": 10, "row": 2, "col": 3, "status": 0, "propId": 10012}, {"id": 11, "row": 2, "col": 4, "status": 0, "propId": 10013}, {"id": 12, "row": 2, "col": 5, "status": 0, "propId": 20011}, {"id": 13, "row": 2, "col": 6, "status": 0, "propId": 10012}, {"id": 14, "row": 2, "col": 7, "status": 0, "propId": 20021}, {"id": 15, "row": 3, "col": 1, "status": 0, "propId": 10012}, {"id": 16, "row": 3, "col": 2, "status": 0, "propId": 10012}, {"id": 17, "row": 3, "col": 3, "status": 0, "propId": 20041}, {"id": 18, "row": 3, "col": 4, "status": 0, "propId": 10012}, {"id": 19, "row": 3, "col": 5, "status": 0, "propId": 20011}, {"id": 20, "row": 3, "col": 6, "status": 0, "propId": 10026}, {"id": 21, "row": 3, "col": 7, "status": 0, "propId": 10013}, {"id": 22, "row": 4, "col": 1, "status": 0, "propId": 10012}, {"id": 23, "row": 4, "col": 2, "status": 0, "propId": 10012}, {"id": 24, "row": 4, "col": 3, "status": 0, "propId": 10014}, {"id": 25, "row": 4, "col": 4, "status": 0, "propId": 10014}, {"id": 26, "row": 4, "col": 5, "status": 0, "propId": 20011}, {"id": 27, "row": 4, "col": 6, "status": 0, "propId": 10012}, {"id": 28, "row": 4, "col": 7, "status": 0, "propId": 20026}, {"id": 29, "row": 5, "col": 1, "status": 0, "propId": 10012}, {"id": 30, "row": 5, "col": 2, "status": 0, "propId": 10026}, {"id": 31, "row": 5, "col": 3, "status": 0, "propId": 20021}, {"id": 32, "row": 5, "col": 4, "status": 0, "propId": 20041}, {"id": 33, "row": 5, "col": 5, "status": 0, "propId": 10012}, {"id": 34, "row": 5, "col": 6, "status": 0, "propId": 10012}, {"id": 35, "row": 5, "col": 7, "status": 0, "propId": 20021}, {"id": 36, "row": 6, "col": 1, "status": 0, "propId": 10012}, {"id": 37, "row": 6, "col": 2, "status": 0, "propId": 20041}, {"id": 38, "row": 6, "col": 3, "status": 0, "propId": 10012}, {"id": 39, "row": 6, "col": 4, "status": 0, "propId": 10013}, {"id": 40, "row": 6, "col": 5, "status": 0, "propId": 10026}, {"id": 41, "row": 6, "col": 6, "status": 0, "propId": 10012}, {"id": 42, "row": 6, "col": 7, "status": 0, "propId": 20026}, {"id": 43, "row": 7, "col": 1, "status": 0, "propId": 10012}, {"id": 44, "row": 7, "col": 2, "status": 0, "propId": 10014}, {"id": 45, "row": 7, "col": 3, "status": 0, "propId": 10012}, {"id": 46, "row": 7, "col": 4, "status": 0, "propId": 20011}, {"id": 47, "row": 7, "col": 5, "status": 0, "propId": 10026}, {"id": 48, "row": 7, "col": 6, "status": 0, "propId": 10012}, {"id": 49, "row": 7, "col": 7, "status": 0, "propId": 20021}, {"id": 50, "row": 8, "col": 1, "status": 0, "propId": 10026}, {"id": 51, "row": 8, "col": 2, "status": 0, "propId": 10012}, {"id": 52, "row": 8, "col": 3, "status": 0, "propId": 10013}, {"id": 53, "row": 8, "col": 4, "status": 0, "propId": 20021}, {"id": 54, "row": 8, "col": 5, "status": 0, "propId": 10012}, {"id": 55, "row": 8, "col": 6, "status": 0, "propId": 10012}, {"id": 56, "row": 8, "col": 7, "status": 0, "propId": 10026}, {"id": 57, "row": 9, "col": 1, "status": 0, "propId": 10012}, {"id": 58, "row": 9, "col": 2, "status": 0, "propId": 20026}, {"id": 59, "row": 9, "col": 3, "status": 0, "propId": 20011}, {"id": 60, "row": 9, "col": 4, "status": 0, "propId": 10012}, {"id": 61, "row": 9, "col": 5, "status": 0, "propId": 10013}, {"id": 62, "row": 9, "col": 6, "status": 0, "propId": 10012}, {"id": 63, "row": 9, "col": 7, "status": 0, "propId": 10026}]