[{"id": 1, "type": 1, "dc": 1, "typename": "累计充值6元", "LimitTime": 1, "reward": [[103, 100]], "dataKey": "rechargeReward_1"}, {"id": 2, "type": 1, "dc": 2, "typename": "累计充值7元", "LimitTime": 1, "reward": [[102, 50]], "dataKey": "rechargeReward_2"}, {"id": 3, "type": 1, "dc": 3, "typename": "累计充值8元", "LimitTime": 1, "reward": [[102, 260]], "dataKey": "rechargeReward_3"}, {"id": 4, "type": 2, "dc": 4, "typename": "累充充值：1天", "LimitTime": 1, "reward": [[102, 580]], "dataKey": "rechargeDayReward_1"}, {"id": 5, "type": 2, "dc": 1, "typename": "累充充值：2天", "LimitTime": 1, "reward": [[103, 100]], "dataKey": "rechargeDayReward_2"}, {"id": 6, "type": 2, "dc": 2, "typename": "累充充值：3天", "LimitTime": 1, "reward": [[102, 50]], "dataKey": "rechargeDayReward_3"}, {"id": 7, "type": 2, "dc": 3, "typename": "累充充值：4天", "LimitTime": 1, "reward": [[102, 260]], "dataKey": "rechargeDayReward_4"}, {"id": 8, "type": 2, "dc": 4, "typename": "累充充值：5天", "LimitTime": 1, "reward": [[102, 580]], "dataKey": "rechargeDayReward_5"}]