[{"id": 1, "type": 1, "dc": 1, "typename": "每日特惠", "recharge": 0, "buyUpLimit": 1, "reward": [[103, 100]], "cdTime": 1440, "dataKey": "saleShop_day1"}, {"id": 2, "type": 1, "dc": 2, "typename": "每日特惠", "recharge": 2, "buyUpLimit": 1, "reward": [[102, 50]], "cdTime": 1440, "dataKey": "saleShop_day2"}, {"id": 3, "type": 1, "dc": 3, "typename": "每日特惠", "recharge": 3, "buyUpLimit": 1, "reward": [[102, 260]], "cdTime": 1440, "dataKey": "saleShop_day3"}, {"id": 4, "type": 1, "dc": 4, "typename": "每日特惠", "recharge": 4, "buyUpLimit": 1, "reward": [[102, 580]], "cdTime": 1440, "dataKey": "saleShop_day4"}, {"id": 5, "type": 2, "dc": 4, "typename": "耀眼的钻石", "recharge": 0, "buyUpLimit": 1, "reward": [[102, 1250]], "cdTime": 10080, "dataKey": "saleShop_week1"}, {"id": 6, "type": 2, "dc": 5, "typename": "耀眼的钻石", "recharge": 6, "buyUpLimit": 1, "reward": [[102, 3400]], "cdTime": 10080, "dataKey": "saleShop_week2"}, {"id": 7, "type": 2, "dc": 6, "typename": "耀眼的钻石", "recharge": 7, "buyUpLimit": 1, "reward": [[102, 7500]], "cdTime": 10080, "dataKey": "saleShop_week3"}, {"id": 8, "type": 2, "dc": 1, "typename": "沉甸甸的钱袋", "recharge": 8, "buyUpLimit": 1, "reward": [[101, 1250]], "cdTime": 10080, "dataKey": "saleShop_week4"}, {"id": 9, "type": 2, "dc": 2, "typename": "沉甸甸的钱袋", "recharge": 9, "buyUpLimit": 1, "reward": [[101, 6500]], "cdTime": 10080, "dataKey": "saleShop_week5"}, {"id": 10, "type": 3, "dc": 3, "typename": "沉甸甸的钱袋", "recharge": 0, "buyUpLimit": 1, "reward": [[101, 14250]], "cdTime": 20080, "dataKey": "saleShop_month1"}, {"id": 11, "type": 3, "dc": 4, "typename": "沉甸甸的钱袋", "recharge": 11, "buyUpLimit": 1, "reward": [[101, 31250]], "cdTime": 20080, "dataKey": "saleShop_month2"}, {"id": 12, "type": 3, "dc": 5, "typename": "沉甸甸的钱袋", "recharge": 12, "buyUpLimit": 1, "reward": [[101, 85000]], "cdTime": 20080, "dataKey": "saleShop_month3"}, {"id": 13, "type": 3, "dc": 6, "typename": "沉甸甸的钱袋", "recharge": 13, "buyUpLimit": 1, "reward": [[101, 187500]], "cdTime": 20080, "dataKey": "saleShop_month4"}, {"id": 14, "type": 3, "dc": 1, "typename": "首充豪礼", "recharge": 14, "buyUpLimit": 1, "reward": [[102, 200], [101, 2000]], "cdTime": 20080, "dataKey": "saleShop_month5"}, {"id": 15, "type": 3, "dc": 1, "typename": "周卡", "recharge": 15, "buyUpLimit": 1, "reward": [[10006, 2]], "cdTime": 20080, "dataKey": "saleShop_month6"}, {"id": 16, "type": 3, "dc": 2, "typename": "月卡", "recharge": 16, "buyUpLimit": 1, "reward": [[10001, 1], [10002, 1], [10003, 1], [10004, 1], [10005, 2]], "cdTime": 20080, "dataKey": "saleShop_month7"}]