[{"id": 1000, "name": "街道", "wall": 0, "type": 0, "complete": 0, "desc": "你来我往，繁华闹市区。", "desc1": "策划还没写，敬请期待！", "desc2": "策划还没写，敬请期待！", "x": 66, "y": 23, "offset": [0, 0], "lv": 0, "cnt": 11, "icon0": "icon_default", "stars": "301,8", "resLock": [[102, 100], [101, 200]], "zb": "106,100", "resAll": [[102, 100], [101, 200]], "picture": "picture1000", "tujianIcon": "picture1000", "tujianName": 0}, {"id": 1001, "name": "会客厅", "wall": 0, "type": 1, "complete": 1, "desc": "简约雅致会客厅。", "desc1": "策划还没写，敬请期待！", "desc2": "策划还没写，敬请期待！", "x": 24, "y": 24, "offset": [0, 0], "lv": 0, "cnt": 8, "icon0": "icon_default", "stars": "301,8", "resLock": [[102, 100], [101, 200]], "zb": "106,100", "resAll": [[102, 100], [101, 200]], "picture": "picture1001", "tujianIcon": "d1scene|icons/icon_1000101", "tujianName": ["格调会客厅", "清新会客厅", "简约会客厅", "会客厅左侧墙纸", "会客厅右侧墙纸", "会客厅地板"]}, {"id": 1002, "name": "有氧区", "wall": 1, "type": 1, "complete": 2, "desc": "养生的诀窍在于运动。", "desc1": "策划还没写，敬请期待！", "desc2": "策划还没写，敬请期待！", "x": 16, "y": 24, "offset": [24, 0], "lv": 8, "cnt": 5, "icon0": "icon_default", "stars": "301,18", "resLock": [[102, 100], [101, 200]], "zb": "106,100", "resAll": [[102, 100], [101, 200]], "picture": "picture1002", "tujianIcon": "icon_1002201", "tujianName": ["自然有氧区", "可爱有氧区", "高档有氧区", "高档有氧区", "有氧区墙纸", "有氧区地板"]}, {"id": 1003, "name": "更衣室", "wall": -1, "type": 1, "complete": 3, "desc": "肥啾们洗澡淋雨的地方！", "desc1": "策划还没写，敬请期待！", "desc2": "策划还没写，敬请期待！", "x": 20, "y": 16, "offset": [0, 24], "lv": 18, "cnt": 5, "icon0": "icon_default", "stars": "301,28", "resLock": [[102, 100], [101, 200]], "zb": "106,100", "resAll": [[102, 100], [101, 200]], "picture": "picture1003", "tujianIcon": "icon_1004201", "tujianName": ["可爱更衣室", "小清新更衣室", "时尚更衣室", "典雅更衣室", "更衣室墙纸", "更衣室地板"]}, {"id": 1004, "name": "重量区", "wall": 0, "type": 1, "complete": 4, "desc": "卧推器，杠铃，一个都不能少！", "desc1": "策划还没写，敬请期待！", "desc2": "策划还没写，敬请期待！", "x": 20, "y": 16, "offset": [20, 24], "lv": 24, "cnt": 5, "icon0": "icon_default", "stars": "301,38", "resLock": [[102, 100], [101, 200]], "zb": "106,100", "resAll": [[102, 100], [101, 200]], "picture": "picture1004", "tujianIcon": "icon_1005301", "tujianName": ["简约重量区", "高档重量区", "时尚重量区", "清新重量区", "重量区地板"]}, {"id": 1005, "name": "游泳池", "wall": -1, "type": 1, "complete": 0, "desc": "炎炎夏日,正是游泳的大好时光！", "desc1": "策划还没写，敬请期待！", "desc2": "策划还没写，敬请期待！", "x": 32, "y": 16, "offset": [0, 40], "lv": 36, "cnt": 10, "icon0": "icon_default", "stars": "301,8", "resLock": [[102, 100], [101, 200]], "zb": "106,100", "resAll": [[102, 100], [101, 200]], "picture": "picture1005", "tujianIcon": "picture1005", "tujianName": 0}, {"id": 1006, "name": "动感舞区", "wall": 0, "type": 1, "complete": 0, "desc": "舞蹈是一门艺术，优美的舞姿，让人如痴如醉。", "desc1": "策划还没写，敬请期待！", "desc2": "策划还没写，敬请期待！", "x": 24, "y": 16, "offset": [32, 40], "lv": 36, "cnt": 8, "icon0": "icon_default", "stars": "301,8", "resLock": [[102, 100], [101, 200]], "zb": "106,100", "resAll": [[102, 100], [101, 200]], "picture": "picture1006", "tujianIcon": "picture1006", "tujianName": 0}, {"id": 1007, "name": "篮球训练场", "wall": 0, "type": 1, "complete": 0, "desc": "篮球如人，在哪里跌倒，就在哪里弹起。", "desc1": "策划还没写，敬请期待！", "desc2": "策划还没写，敬请期待！", "x": 16, "y": 20, "offset": [40, 20], "lv": 36, "cnt": 5, "icon0": "icon_default", "stars": "301,8", "resLock": [[102, 100], [101, 200]], "zb": "106,100", "resAll": [[102, 100], [101, 200]], "picture": "picture1007", "tujianIcon": "picture1007", "tujianName": 0}, {"id": 1008, "name": "冥想室", "wall": 1, "type": 1, "complete": 0, "desc": "真正的冥想是你如何生活。", "desc1": "策划还没写，敬请期待！", "desc2": "策划还没写，敬请期待！", "x": 16, "y": 20, "offset": [40, 0], "lv": 36, "cnt": 5, "icon0": "icon_default", "stars": "301,8", "resLock": [[102, 100], [101, 200]], "zb": "106,100", "resAll": [[102, 100], [101, 200]], "picture": "picture1008", "tujianIcon": "picture1008", "tujianName": 0}, {"id": 1009, "name": "拳击区", "wall": 1, "type": 1, "complete": 0, "desc": "一个拳手，一定要建立自己的节奏。", "desc1": "策划还没写，敬请期待！", "desc2": "策划还没写，敬请期待！", "x": 16, "y": 20, "offset": [56, 0], "lv": 81, "cnt": 5, "icon0": "icon_default", "stars": "301,8", "resLock": [[102, 100], [101, 200]], "zb": "106,100", "resAll": [[102, 100], [101, 200]], "picture": "picture1009", "tujianIcon": "picture1009", "tujianName": 0}, {"id": 1010, "name": "射箭区", "wall": 0, "type": 1, "complete": 0, "desc": "射箭带着美，贯穿梦想。", "desc1": "策划还没写，敬请期待！", "desc2": "策划还没写，敬请期待！", "x": 16, "y": 20, "offset": [56, 20], "lv": 81, "cnt": 5, "icon0": "icon_default", "stars": "301,8", "resLock": [[102, 100], [101, 200]], "zb": "106,100", "resAll": [[102, 100], [101, 200]], "picture": "picture1010", "tujianIcon": "picture1010", "tujianName": 0}, {"id": 1011, "name": "餐饮区", "wall": 0, "type": 1, "complete": 0, "desc": "肥啾们最喜欢光顾的地方！", "desc1": "策划还没写，敬请期待！", "desc2": "策划还没写，敬请期待！", "x": 16, "y": 16, "offset": [56, 40], "lv": 81, "cnt": 4, "icon0": "icon_default", "stars": "301,8", "resLock": [[102, 100], [101, 200]], "zb": "106,100", "resAll": [[102, 100], [101, 200]], "picture": "picture1011", "tujianIcon": "picture1011", "tujianName": 0}, {"id": 1012, "name": "神秘1地带", "wall": -1, "type": 1, "complete": 0, "desc": "尚未开放区域~敬请期待！", "desc1": "策划还没写，敬请期待！", "desc2": "策划还没写，敬请期待！", "x": 24, "y": 16, "offset": [0, 56], "lv": 148, "cnt": 8, "icon0": "icon_default", "stars": "301,8", "resLock": [[102, 100], [101, 200]], "zb": "106,100", "resAll": [[102, 100], [101, 200]], "picture": "picture1012", "tujianIcon": "picture1012", "tujianName": 0}, {"id": 1013, "name": "神秘2地带", "wall": 0, "type": 1, "complete": 0, "desc": "尚未开放区域~敬请期待！", "desc1": "策划还没写，敬请期待！", "desc2": "策划还没写，敬请期待！", "x": 24, "y": 16, "offset": [24, 56], "lv": 148, "cnt": 8, "icon0": "icon_default", "stars": "301,8", "resLock": [[102, 100], [101, 200]], "zb": "106,100", "resAll": [[102, 100], [101, 200]], "picture": "picture1013", "tujianIcon": "picture1013", "tujianName": 0}, {"id": 1014, "name": "神秘3地带", "wall": 0, "type": 1, "complete": 0, "desc": "尚未开放区域~敬请期待！", "desc1": "策划还没写，敬请期待！", "desc2": "策划还没写，敬请期待！", "x": 24, "y": 16, "offset": [48, 56], "lv": 148, "cnt": 8, "icon0": "icon_default", "stars": "301,8", "resLock": [[102, 100], [101, 200]], "zb": "106,100", "resAll": [[102, 100], [101, 200]], "picture": "picture1014", "tujianIcon": "picture1014", "tujianName": 0}, {"id": 1015, "name": "神秘4地带", "wall": -1, "type": 1, "complete": 0, "desc": "尚未开放区域~敬请期待！", "desc1": "策划还没写，敬请期待！", "desc2": "策划还没写，敬请期待！", "x": 32, "y": 16, "offset": [0, 72], "lv": 150, "cnt": 10, "icon0": "icon_default", "stars": "301,8", "resLock": [[102, 100], [101, 200]], "zb": "106,100", "resAll": [[102, 100], [101, 200]], "picture": "picture1015", "tujianIcon": "picture1015", "tujianName": 0}, {"id": 1016, "name": "神秘5地带", "wall": 0, "type": 1, "complete": 0, "desc": "尚未开放区域~敬请期待！", "desc1": "策划还没写，敬请期待！", "desc2": "策划还没写，敬请期待！", "x": 24, "y": 16, "offset": [32, 72], "lv": 150, "cnt": 8, "icon0": "icon_default", "stars": "301,8", "resLock": [[102, 100], [101, 200]], "zb": "106,100", "resAll": [[102, 100], [101, 200]], "picture": "picture1016", "tujianIcon": "picture1016", "tujianName": 0}, {"id": 1017, "name": "神秘6地带", "wall": 0, "type": 1, "complete": 0, "desc": "尚未开放区域~敬请期待！", "desc1": "策划还没写，敬请期待！", "desc2": "策划还没写，敬请期待！", "x": 32, "y": 16, "offset": [56, 72], "lv": 150, "cnt": 8, "icon0": "icon_default", "stars": "301,8", "resLock": [[102, 100], [101, 200]], "zb": "106,100", "resAll": [[102, 100], [101, 200]], "picture": "picture1017", "tujianIcon": "picture1017", "tujianName": 0}, {"id": 1018, "name": "神秘7地带", "wall": 0, "type": 1, "complete": 0, "desc": "尚未开放区域~敬请期待！", "desc1": "策划还没写，敬请期待！", "desc2": "策划还没写，敬请期待！", "x": 16, "y": 20, "offset": [72, 52], "lv": 150, "cnt": 5, "icon0": "icon_default", "stars": "301,8", "resLock": [[102, 100], [101, 200]], "zb": "106,100", "resAll": [[102, 100], [101, 200]], "picture": "picture1018", "tujianIcon": "picture1018", "tujianName": 0}, {"id": 1019, "name": "神秘8地带", "wall": 0, "type": 1, "complete": 0, "desc": "尚未开放区域~敬请期待！", "desc1": "策划还没写，敬请期待！", "desc2": "策划还没写，敬请期待！", "x": 16, "y": 32, "offset": [72, 20], "lv": 150, "cnt": 8, "icon0": "icon_default", "stars": "301,8", "resLock": [[102, 100], [101, 200]], "zb": "106,100", "resAll": [[102, 100], [101, 200]], "picture": "picture1019", "tujianIcon": "picture1019", "tujianName": 0}, {"id": 1020, "name": "神秘9地带", "wall": 1, "type": 1, "complete": 0, "desc": "尚未开放区域~敬请期待！", "desc1": "策划还没写，敬请期待！", "desc2": "策划还没写，敬请期待！", "x": 16, "y": 20, "offset": [72, 0], "lv": 150, "cnt": 5, "icon0": "icon_default", "stars": "301,8", "resLock": [[102, 100], [101, 200]], "zb": "106,100", "resAll": [[102, 100], [101, 200]], "picture": "picture1020", "tujianIcon": "picture1020", "tujianName": 0}]