[{"d1scene|items": "d1scene|items/", "scene_floor_5000": null, "=_xlfn.CONCAT(A1": "scene_floor_50002", "d1scene|items/scene_floor_5000": null}, {"d1scene|items": "d1scene|items/", "scene_floor_5000": null, "=_xlfn.CONCAT(A1": "scene_floor_50002", "d1scene|items/scene_floor_5000": null}, {"d1scene|items": "d1scene|items/", "scene_floor_5000": null, "=_xlfn.CONCAT(A1": "scene_floor_50002", "d1scene|items/scene_floor_5000": null}, {"d1scene|items": "d1scene|items/", "scene_floor_5000": null, "=_xlfn.CONCAT(A1": "scene_floor_50002", "d1scene|items/scene_floor_5000": null}, {"d1scene|items": "d1scene|items/", "scene_floor_5000": null, "=_xlfn.CONCAT(A1": "scene_floor_50002", "d1scene|items/scene_floor_5000": null}, {"d1scene|items": "d1scene|items/", "scene_floor_5000": null, "=_xlfn.CONCAT(A1": "scene_floor_50002", "d1scene|items/scene_floor_5000": null}, {"d1scene|items": "d1scene|items/", "scene_floor_5000": null, "=_xlfn.CONCAT(A1": "scene_floor_50002", "d1scene|items/scene_floor_5000": null}, {"d1scene|items": "d1scene|items/", "scene_floor_5000": null, "=_xlfn.CONCAT(A1": "scene_floor_50002", "d1scene|items/scene_floor_5000": null}, {"d1scene|items": "d1scene|items/", "scene_floor_5000": null, "=_xlfn.CONCAT(A1": "scene_floor_50002", "d1scene|items/scene_floor_5000": null}, {"d1scene|items": "d1scene|items/", "scene_floor_5000": null, "=_xlfn.CONCAT(A1": "scene_floor_50002", "d1scene|items/scene_floor_5000": null}, {"d1scene|items": "d1scene|items/", "scene_floor_5000": null, "=_xlfn.CONCAT(A1": "scene_floor_50002", "d1scene|items/scene_floor_5000": null}, {"d1scene|items": "d1scene|items/", "scene_floor_5000": null, "=_xlfn.CONCAT(A1": "scene_floor_50002", "d1scene|items/scene_floor_5000": null}, {"d1scene|items": "d1scene|items/", "scene_floor_5000": null, "=_xlfn.CONCAT(A1": "scene_floor_50002", "d1scene|items/scene_floor_5000": null}, {"d1scene|items": "d1scene|items/", "scene_floor_5000": null, "=_xlfn.CONCAT(A1": "scene_floor_50003", "d1scene|items/scene_floor_5000": null}, {"d1scene|items": "d1scene|items/", "scene_floor_5000": null, "=_xlfn.CONCAT(A1": "scene_floor_50003", "d1scene|items/scene_floor_5000": null}, {"d1scene|items": "d1scene|items/", "scene_floor_5000": null, "=_xlfn.CONCAT(A1": "scene_floor_50003", "d1scene|items/scene_floor_5000": null}, {"d1scene|items": "d1scene|items/", "scene_floor_5000": null, "=_xlfn.CONCAT(A1": "scene_floor_50003", "d1scene|items/scene_floor_5000": null}, {"d1scene|items": "d1scene|items/", "scene_floor_5000": null, "=_xlfn.CONCAT(A1": "scene_floor_50003", "d1scene|items/scene_floor_5000": null}, {"d1scene|items": "d1scene|items/", "scene_floor_5000": null, "=_xlfn.CONCAT(A1": "scene_floor_50003", "d1scene|items/scene_floor_5000": null}, {"d1scene|items": "d1scene|items/", "scene_floor_5000": null, "=_xlfn.CONCAT(A1": "scene_floor_50003", "d1scene|items/scene_floor_5000": null}, {"d1scene|items": "d1scene|items/", "scene_floor_5000": null, "=_xlfn.CONCAT(A1": "scene_floor_50003", "d1scene|items/scene_floor_5000": null}, {"d1scene|items": "d1scene|items/", "scene_floor_5000": null, "=_xlfn.CONCAT(A1": "scene_floor_50003", "d1scene|items/scene_floor_5000": null}, {"d1scene|items": "d1scene|items/", "scene_floor_5000": null, "=_xlfn.CONCAT(A1": "scene_floor_50003", "d1scene|items/scene_floor_5000": null}, {"d1scene|items": "d1scene|items/", "scene_floor_5000": null, "=_xlfn.CONCAT(A1": "scene_floor_50003", "d1scene|items/scene_floor_5000": null}, {"d1scene|items": "d1scene|items/", "scene_floor_5000": null, "=_xlfn.CONCAT(A1": "scene_floor_50003", "d1scene|items/scene_floor_5000": null}, {"d1scene|items": "d1scene|items/", "scene_floor_5000": null, "=_xlfn.CONCAT(A1": "scene_floor_50003", "d1scene|items/scene_floor_5000": null}, {"d1scene|items": "d1scene|items/", "scene_floor_5000": null, "=_xlfn.CONCAT(A1": "scene_floor_50004", "d1scene|items/scene_floor_5000": null}, {"d1scene|items": "d1scene|items/", "scene_floor_5000": null, "=_xlfn.CONCAT(A1": "scene_floor_50004", "d1scene|items/scene_floor_5000": null}, {"d1scene|items": "d1scene|items/", "scene_floor_5000": null, "=_xlfn.CONCAT(A1": "scene_floor_50004", "d1scene|items/scene_floor_5000": null}, {"d1scene|items": "d1scene|items/", "scene_floor_5000": null, "=_xlfn.CONCAT(A1": "scene_floor_50004", "d1scene|items/scene_floor_5000": null}, {"d1scene|items": "d1scene|items/", "scene_floor_5000": null, "=_xlfn.CONCAT(A1": "scene_floor_50004", "d1scene|items/scene_floor_5000": null}, {"d1scene|items": "d1scene|items/", "scene_floor_5000": null, "=_xlfn.CONCAT(A1": "scene_floor_50004", "d1scene|items/scene_floor_5000": null}, {"d1scene|items": "d1scene|items/", "scene_floor_5000": null, "=_xlfn.CONCAT(A1": "scene_floor_50004", "d1scene|items/scene_floor_5000": null}, {"d1scene|items": "d1scene|items/", "scene_floor_5000": null, "=_xlfn.CONCAT(A1": "scene_floor_50004", "d1scene|items/scene_floor_5000": null}, {"d1scene|items": "d1scene|items/", "scene_floor_5000": null, "=_xlfn.CONCAT(A1": "scene_floor_50004", "d1scene|items/scene_floor_5000": null}, {"d1scene|items": "d1scene|items/", "scene_floor_5000": null, "=_xlfn.CONCAT(A1": "scene_floor_50004", "d1scene|items/scene_floor_5000": null}, {"d1scene|items": "d1scene|items/", "scene_floor_5000": null, "=_xlfn.CONCAT(A1": "scene_floor_50004", "d1scene|items/scene_floor_5000": null}, {"d1scene|items": "d1scene|items/", "scene_floor_5000": null, "=_xlfn.CONCAT(A1": "scene_floor_50004", "d1scene|items/scene_floor_5000": null}, {"d1scene|items": "d1scene|items/", "scene_floor_5000": null, "=_xlfn.CONCAT(A1": "scene_floor_50004", "d1scene|items/scene_floor_5000": null}, {"d1scene|items": "d1scene|items/", "scene_floor_5000": null, "=_xlfn.CONCAT(A1": "scene_floor_50005", "d1scene|items/scene_floor_5000": null}, {"d1scene|items": "d1scene|items/", "scene_floor_5000": null, "=_xlfn.CONCAT(A1": "scene_floor_50006", "d1scene|items/scene_floor_5000": null}, {"d1scene|items": "d1scene|items/", "scene_floor_5000": null, "=_xlfn.CONCAT(A1": "scene_floor_50007", "d1scene|items/scene_floor_5000": null}, {"d1scene|items": "d1scene|items/", "scene_floor_5000": null, "=_xlfn.CONCAT(A1": "scene_floor_50008", "d1scene|items/scene_floor_5000": null}, {"d1scene|items": "d1scene|items/", "scene_floor_5000": null, "=_xlfn.CONCAT(A1": "scene_floor_50009", "d1scene|items/scene_floor_5000": null}, {"d1scene|items": "d1scene|items/", "scene_floor_5000": null, "=_xlfn.CONCAT(A1": "scene_floor_50010", "d1scene|items/scene_floor_5000": null}, {"d1scene|items": "d1scene|items/", "scene_floor_5000": null, "=_xlfn.CONCAT(A1": "scene_floor_50011", "d1scene|items/scene_floor_5000": null}, {"d1scene|items": "d1scene|items/", "scene_floor_5000": null, "=_xlfn.CONCAT(A1": "scene_floor_50012", "d1scene|items/scene_floor_5000": null}, {"d1scene|items": "d1scene|items/", "scene_floor_5000": null, "=_xlfn.CONCAT(A1": "scene_floor_50013", "d1scene|items/scene_floor_5000": null}, {"d1scene|items": "d1scene|items/", "scene_floor_5000": null, "=_xlfn.CONCAT(A1": "scene_floor_50014", "d1scene|items/scene_floor_5000": null}, {"d1scene|items": "d1scene|items/", "scene_floor_5000": null, "=_xlfn.CONCAT(A1": "scene_floor_50015", "d1scene|items/scene_floor_5000": null}, {"d1scene|items": "d1scene|items/", "scene_floor_5000": null, "=_xlfn.CONCAT(A1": "scene_floor_50016", "d1scene|items/scene_floor_5000": null}, {"d1scene|items": "d1scene|items/", "scene_floor_5000": null, "=_xlfn.CONCAT(A1": "scene_floor_50017", "d1scene|items/scene_floor_5000": null}, {"d1scene|items": "d1scene|items/", "scene_floor_5000": null, "=_xlfn.CONCAT(A1": "scene_floor_50018", "d1scene|items/scene_floor_5000": null}, {"d1scene|items": "d1scene|items/", "scene_floor_5000": null, "=_xlfn.CONCAT(A1": "scene_floor_50019", "d1scene|items/scene_floor_5000": null}, {"d1scene|items": "d1scene|items/", "scene_floor_5000": null, "=_xlfn.CONCAT(A1": "scene_floor_50020", "d1scene|items/scene_floor_5000": null}]