[{"id": 88001, "eff": 1, "name": "普通的肥啾", "desc": "我好委屈，我只是虚胖了啦！", "skin": 1000101, "body": "39.5 CM,19 KG,3月14日,双鱼座", "sp2": "", "sp": "d1scene2|guests/guest_88001/feijiu", "limit": [10, 20], "type": 1, "typename": "爱好者系列", "icon": "feijiu_88001"}, {"id": 88002, "eff": 1, "name": "阿宅肥啾", "desc": "可乐果豌豆脆才是我的最爱~\n肥宅快乐水，才是我的最爱！", "skin": 1001701, "body": "41 CM,21 KG,11月5日,天蝎座", "sp2": "", "sp": "d1scene2|guests/guest_88002/feijiufz", "limit": [2, 6], "type": 1, "typename": "爱好者系列", "icon": "feijiu_88002"}, {"id": 88003, "eff": 1, "name": "打工仔肥啾", "desc": "人生不是单纯的加减法，薪水才是~", "skin": 1000501, "body": "40.2 CM,20.7 KG,1月12日,摩羯座", "sp2": "", "sp": "d1scene2|guests/guest_88003/dagong", "limit": [2, 6], "type": 1, "typename": "爱好者系列", "icon": "feijiu_88003"}, {"id": 88004, "eff": 1, "name": "米其林大厨", "desc": "管住嘴，迈开腿~", "skin": 1001801, "body": "41.2 CM,22.7 KG,10月3日,天平座", "sp2": "", "sp": "d1scene2|guests/guest_88004/chushi", "limit": [2, 6], "type": 1, "typename": "爱好者系列", "icon": "feijiu_88004"}, {"id": 88005, "eff": 1, "name": "包租婆肥啾", "desc": "我做不了你老婆，可以做包租婆，这也算是缘分！", "skin": 1002401, "body": "36.6 CM,18.5 KG,11月21日,天蝎座", "sp2": "", "sp": "guest_88005/dama", "limit": [2, 6], "type": 1, "typename": "爱好者系列", "icon": "feijiu_88005"}, {"id": 88006, "eff": 1, "name": "请叫我李阿龙", "desc": "当我倒立的时候，我举起了地球", "skin": 1005801, "body": "40 CM,20 KG,7月2日,巨蟹座", "sp2": "", "sp": "guest_88006/xiaolong", "limit": [2, 6], "type": 1, "typename": "爱好者系列", "icon": "feijiu_88006"}, {"id": 88007, "eff": 1, "name": "游泳健将肥啾", "desc": "我呛了几口水,但我很快就能在水下憋气了~~", "skin": 1004701, "body": "38.2 CM,24.5 KG,11月5日,天蝎座", "sp2": "", "sp": "guest_88007/yushi", "limit": [5, 7], "type": 1, "typename": "爱好者系列", "icon": "feijiu_88007"}, {"id": 88008, "eff": 1, "name": "护士肥啾", "desc": "为烦恼消消毒,为困扰打打针~~", "skin": 1003601, "body": "41.3 CM,20.8 KG,8月20日,狮子座", "sp2": "", "sp": "guest_88008/feijiuhs", "limit": [2, 6], "type": 1, "typename": "爱好者系列", "icon": "feijiu_88008"}, {"id": 88009, "eff": 1, "name": "芭蕾肥啾", "desc": "缘分是本书而我已分不清，你是友情，还是错过的爱情", "skin": 1003801, "body": "38.7 CM,17.7 KG,3月14日,双鱼座", "sp2": "", "sp": "guest_88009/balei", "limit": [2, 6], "type": 1, "typename": "爱好者系列", "icon": "feijiu_88009"}, {"id": 88010, "eff": 1, "name": "带耳机的肥啾", "desc": "沉浸在音乐的海洋里，跟着音乐的节奏尽情摇摆", "skin": 1002801, "body": "37.1 CM,21.5 KG,12月1日,射手座", "sp2": "", "sp": "guest_88010/danche", "limit": [2, 6], "type": 1, "typename": "爱好者系列", "icon": "feijiu_88010"}, {"id": 88011, "eff": 1, "name": "建筑师肥啾", "desc": "通往成功的路，总是在施工中~~", "skin": 1000101, "body": "39.5 CM,19 KG,3月14日,双鱼座", "sp2": "", "sp": "d1scene2|guests/guest_88011/xiuli", "limit": [2, 6], "type": 0, "typename": "", "icon": "feijiu_88011"}, {"id": 88012, "eff": 0, "name": "园艺师肥啾", "desc": "允许我把您打扮得更漂亮！", "skin": 1000301, "body": "40.9 CM,20.2 KG,1月18日,摩羯座", "sp2": "", "sp": "d1scene2|guests/guest_88012/yuanding", "limit": [2, 6], "type": 1, "typename": "爱好者系列", "icon": "feijiu_88012"}, {"id": 88013, "eff": 1, "name": "水管工肥啾", "desc": "修修修，我是个快乐的水管工~", "skin": 1004201, "body": "37.2 CM,18.8 KG,9月22日,处女座", "sp2": "", "sp": "guest_88013/sggong", "limit": [2, 6], "type": 1, "typename": "爱好者系列", "icon": "feijiu_88013"}, {"id": 88014, "eff": 2, "name": "肥啾小财神", "desc": "财到福到，财神到~", "skin": 1000101, "body": "41.2 CM,22.7 KG,10月3日,天平座", "sp2": "", "sp": "guest_88014/chaishen", "limit": [2, 6], "type": 0, "typename": "", "icon": "feijiu_88014"}, {"id": 88801, "eff": 1, "name": "主角", "desc": "可以切换男女", "skin": 1001501, "body": "", "sp2": "d1scene2|guests/women/nv1", "sp": "d1scene2|guests/men/nan1", "limit": [1, 1], "type": 0, "typename": "", "icon": ""}]