[{"id": 1, "guest": 88001, "skin": 1000501, "spineSkin": "skin1", "ani": "work", "offset1": [6, -70], "offset2": [-13, -75], "offset3": [12, -78], "offset4": [-13, -80]}, {"id": 2, "guest": 88001, "skin": 1000502, "spineSkin": "skin3", "ani": "work", "offset1": [6, -70], "offset2": [-13, -75], "offset3": [12, -78], "offset4": [-13, -80]}, {"id": 3, "guest": 88001, "skin": 1000503, "spineSkin": "skin2", "ani": "work", "offset1": [6, -70], "offset2": [-13, -75], "offset3": [12, -78], "offset4": [-13, -80]}, {"id": 4, "guest": 88001, "skin": 1000601, "spineSkin": "skin1", "ani": "work", "offset1": [6, -70], "offset2": [-13, -75], "offset3": [12, -78], "offset4": [-13, -80]}, {"id": 5, "guest": 88001, "skin": 1000602, "spineSkin": "skin3", "ani": "work", "offset1": [6, -70], "offset2": [-13, -75], "offset3": [12, -78], "offset4": [-13, -80]}, {"id": 6, "guest": 88001, "skin": 1000603, "spineSkin": "skin2", "ani": "work", "offset1": [6, -70], "offset2": [-13, -75], "offset3": [12, -78], "offset4": [-13, -80]}, {"id": 7, "guest": 88001, "skin": 1000701, "spineSkin": "skin1", "ani": "work", "offset1": [6, -70], "offset2": [-13, -75], "offset3": [12, -78], "offset4": [-13, -80]}, {"id": 8, "guest": 88001, "skin": 1000702, "spineSkin": "skin3", "ani": "work", "offset1": [6, -70], "offset2": [-13, -75], "offset3": [12, -78], "offset4": [-13, -80]}, {"id": 9, "guest": 88001, "skin": 1000703, "spineSkin": "skin2", "ani": "work", "offset1": [6, -70], "offset2": [-13, -75], "offset3": [12, -78], "offset4": [-13, -80]}, {"id": 10, "guest": 88001, "skin": 1000101, "spineSkin": "skin1", "ani": "run", "offset1": [23, -125], "offset2": [-14, -120], "offset3": [0, -125], "offset4": [0, -125]}, {"id": 11, "guest": 88001, "skin": 1000102, "spineSkin": "skin2", "ani": "run", "offset1": [23, -125], "offset2": [-14, -120], "offset3": [0, -125], "offset4": [0, -125]}, {"id": 12, "guest": 88001, "skin": 1000103, "spineSkin": "skin3", "ani": "run", "offset1": [23, -125], "offset2": [-14, -120], "offset3": [0, -125], "offset4": [0, -125]}, {"id": 13, "guest": 88001, "skin": 1000201, "spineSkin": "skin1", "ani": "run", "offset1": [23, -125], "offset2": [-14, -120], "offset3": [0, -125], "offset4": [0, -125]}, {"id": 14, "guest": 88001, "skin": 1000202, "spineSkin": "skin2", "ani": "run", "offset1": [23, -125], "offset2": [-14, -120], "offset3": [0, -125], "offset4": [0, -125]}, {"id": 15, "guest": 88001, "skin": 1000203, "spineSkin": "skin3", "ani": "run", "offset1": [23, -125], "offset2": [-14, -120], "offset3": [0, -125], "offset4": [0, -125]}, {"id": 16, "guest": 88001, "skin": 1003601, "spineSkin": "skin1", "ani": "qiu", "offset1": [30, -60], "offset2": [-18, -60], "offset3": [-5, -60], "offset4": [5, -60]}, {"id": 17, "guest": 88001, "skin": 1003602, "spineSkin": "skin2", "ani": "qiu", "offset1": [30, -60], "offset2": [-18, -60], "offset3": [-5, -60], "offset4": [5, -60]}, {"id": 18, "guest": 88001, "skin": 1003603, "spineSkin": "skin3", "ani": "qiu", "offset1": [30, -60], "offset2": [-18, -60], "offset3": [-5, -60], "offset4": [5, -60]}, {"id": 19, "guest": 88001, "skin": 1003604, "spineSkin": "skin4", "ani": "qiu", "offset1": [30, -60], "offset2": [-18, -60], "offset3": [-5, -60], "offset4": [5, -60]}, {"id": 20, "guest": 88001, "skin": 1003701, "spineSkin": "skin1", "ani": "qiu", "offset1": [30, -60], "offset2": [-18, -60], "offset3": [-5, -60], "offset4": [5, -60]}, {"id": 21, "guest": 88001, "skin": 1003702, "spineSkin": "skin2", "ani": "qiu", "offset1": [30, -60], "offset2": [-18, -60], "offset3": [-5, -60], "offset4": [5, -60]}, {"id": 22, "guest": 88001, "skin": 1003703, "spineSkin": "skin3", "ani": "qiu", "offset1": [30, -60], "offset2": [-18, -60], "offset3": [-5, -60], "offset4": [5, -60]}, {"id": 23, "guest": 88001, "skin": 1003704, "spineSkin": "skin4", "ani": "qiu", "offset1": [30, -60], "offset2": [-18, -60], "offset3": [-5, -60], "offset4": [5, -60]}, {"id": 24, "guest": 88001, "skin": 1004101, "spineSkin": "skin1", "ani": "matong", "offset1": [36, -70], "offset2": [-30, -62], "offset3": [0, 0], "offset4": [0, 0]}, {"id": 25, "guest": 88001, "skin": 1004102, "spineSkin": "skin2", "ani": "matong", "offset1": [36, -70], "offset2": [-30, -62], "offset3": [0, 0], "offset4": [0, 0]}, {"id": 26, "guest": 88001, "skin": 1004103, "spineSkin": "skin3", "ani": "matong", "offset1": [36, -70], "offset2": [-30, -62], "offset3": [0, 0], "offset4": [0, 0]}, {"id": 27, "guest": 88001, "skin": 1005301, "spineSkin": "skin1", "ani": "fujilun", "offset1": [6, -30], "offset2": [-13, -35], "offset3": [0, 0], "offset4": [0, 0]}, {"id": 28, "guest": 88001, "skin": 1005302, "spineSkin": "skin2", "ani": "fujilun", "offset1": [6, -30], "offset2": [-13, -35], "offset3": [0, 0], "offset4": [0, 0]}, {"id": 29, "guest": 88001, "skin": 1005303, "spineSkin": "skin3", "ani": "fujilun", "offset1": [6, -30], "offset2": [-13, -35], "offset3": [0, 0], "offset4": [0, 0]}, {"id": 30, "guest": 88001, "skin": 1001801, "spineSkin": "skin1", "ani": "weigh", "offset1": [16, -25], "offset2": [-13, -25], "offset3": [0, -25], "offset4": [-5, -25]}, {"id": 31, "guest": 88001, "skin": 1001802, "spineSkin": "skin2", "ani": "weigh", "offset1": [16, -25], "offset2": [-13, -25], "offset3": [0, -25], "offset4": [-5, -25]}, {"id": 32, "guest": 88001, "skin": 1004201, "spineSkin": "skin1", "ani": "xilian", "offset1": [50, -100], "offset2": [-50, -100], "offset3": [-30, -58], "offset4": [30, -60]}, {"id": 33, "guest": 88001, "skin": 1004202, "spineSkin": "skin2", "ani": "xilian", "offset1": [50, -100], "offset2": [-50, -100], "offset3": [-30, -58], "offset4": [30, -60]}, {"id": 34, "guest": 88001, "skin": 1004203, "spineSkin": "skin3", "ani": "xilian", "offset1": [50, -100], "offset2": [-50, -100], "offset3": [-30, -58], "offset4": [30, -60]}, {"id": 35, "guest": 88001, "skin": 1004204, "spineSkin": "skin4", "ani": "xilian", "offset1": [50, -100], "offset2": [-50, -100], "offset3": [-30, -58], "offset4": [30, -60]}, {"id": 36, "guest": 88001, "skin": 1004301, "spineSkin": "skin1", "ani": "xilian", "offset1": [50, -100], "offset2": [-50, -100], "offset3": [-30, -58], "offset4": [30, -60]}, {"id": 37, "guest": 88001, "skin": 1004302, "spineSkin": "skin2", "ani": "xilian", "offset1": [50, -100], "offset2": [-50, -100], "offset3": [-30, -58], "offset4": [30, -60]}, {"id": 38, "guest": 88001, "skin": 1004303, "spineSkin": "skin3", "ani": "xilian", "offset1": [50, -100], "offset2": [-50, -100], "offset3": [-30, -58], "offset4": [30, -60]}, {"id": 39, "guest": 88001, "skin": 1004304, "spineSkin": "skin4", "ani": "xilian", "offset1": [50, -100], "offset2": [-50, -100], "offset3": [-30, -58], "offset4": [30, -60]}, {"id": 41, "guest": 88002, "skin": 1001701, "spineSkin": "skin1", "ani": "work", "offset1": [86, -180], "offset2": [-86, -180], "offset3": [-70, -150], "offset4": [70, -150]}, {"id": 42, "guest": 88002, "skin": 1001702, "spineSkin": "skin2", "ani": "work", "offset1": [86, -180], "offset2": [-86, -180], "offset3": [-70, -150], "offset4": [70, -150]}, {"id": 43, "guest": 88003, "skin": 1000501, "spineSkin": "skin1", "ani": "work", "offset1": [6, -70], "offset2": [-13, -75], "offset3": [12, -78], "offset4": [-13, -80]}, {"id": 44, "guest": 88003, "skin": 1000502, "spineSkin": "skin3", "ani": "work", "offset1": [6, -70], "offset2": [-13, -75], "offset3": [12, -78], "offset4": [-13, -80]}, {"id": 45, "guest": 88003, "skin": 1000503, "spineSkin": "skin2", "ani": "work", "offset1": [6, -70], "offset2": [-13, -75], "offset3": [12, -78], "offset4": [-13, -80]}, {"id": 46, "guest": 88003, "skin": 1000601, "spineSkin": "skin1", "ani": "work", "offset1": [6, -70], "offset2": [-13, -75], "offset3": [12, -78], "offset4": [-13, -80]}, {"id": 47, "guest": 88003, "skin": 1000602, "spineSkin": "skin3", "ani": "work", "offset1": [6, -70], "offset2": [-13, -75], "offset3": [12, -78], "offset4": [-13, -80]}, {"id": 48, "guest": 88003, "skin": 1000603, "spineSkin": "skin2", "ani": "work", "offset1": [6, -70], "offset2": [-13, -75], "offset3": [12, -78], "offset4": [-13, -80]}, {"id": 49, "guest": 88003, "skin": 1000701, "spineSkin": "skin1", "ani": "work", "offset1": [6, -70], "offset2": [-13, -75], "offset3": [12, -78], "offset4": [-13, -80]}, {"id": 50, "guest": 88003, "skin": 1000702, "spineSkin": "skin3", "ani": "work", "offset1": [6, -70], "offset2": [-13, -75], "offset3": [12, -78], "offset4": [-13, -80]}, {"id": 51, "guest": 88003, "skin": 1000703, "spineSkin": "skin2", "ani": "work", "offset1": [6, -70], "offset2": [-13, -75], "offset3": [12, -78], "offset4": [-13, -80]}, {"id": 52, "guest": 88004, "skin": 1001801, "spineSkin": "skin1", "ani": "work", "offset1": [16, -25], "offset2": [-13, -25], "offset3": [0, -25], "offset4": [-5, -25]}, {"id": 53, "guest": 88004, "skin": 1001802, "spineSkin": "skin2", "ani": "work", "offset1": [16, -25], "offset2": [-13, -25], "offset3": [0, -25], "offset4": [-5, -25]}, {"id": 54, "guest": 88005, "skin": 1002301, "spineSkin": "skin1", "ani": "work", "offset1": [8, -20], "offset2": [-5, -20], "offset3": [8, -20], "offset4": [-8, -20]}, {"id": 55, "guest": 88005, "skin": 1002302, "spineSkin": "skin2", "ani": "work", "offset1": [8, -20], "offset2": [-5, -20], "offset3": [8, -20], "offset4": [-8, -20]}, {"id": 56, "guest": 88005, "skin": 1002303, "spineSkin": "skin3", "ani": "work", "offset1": [8, -20], "offset2": [-5, -20], "offset3": [8, -20], "offset4": [-8, -20]}, {"id": 57, "guest": 88005, "skin": 1002304, "spineSkin": "skin4", "ani": "work", "offset1": [8, -20], "offset2": [-5, -20], "offset3": [8, -20], "offset4": [-8, -20]}, {"id": 58, "guest": 88005, "skin": 1002401, "spineSkin": "skin2", "ani": "work", "offset1": [8, -20], "offset2": [-5, -20], "offset3": [8, -20], "offset4": [-8, -20]}, {"id": 59, "guest": 88005, "skin": 1002402, "spineSkin": "skin1", "ani": "work", "offset1": [8, -20], "offset2": [-5, -20], "offset3": [8, -20], "offset4": [-8, -20]}, {"id": 60, "guest": 88005, "skin": 1002403, "spineSkin": "skin3", "ani": "work", "offset1": [8, -20], "offset2": [-5, -20], "offset3": [8, -20], "offset4": [-8, -20]}, {"id": 61, "guest": 88005, "skin": 1002404, "spineSkin": "skin4", "ani": "work", "offset1": [8, -20], "offset2": [-5, -20], "offset3": [8, -20], "offset4": [-8, -20]}, {"id": 62, "guest": 88006, "skin": 1005701, "spineSkin": "skin1", "ani": "work", "offset1": [-66, -120], "offset2": [66, -120], "offset3": [66, -120], "offset4": [-88, -120]}, {"id": 63, "guest": 88006, "skin": 1005702, "spineSkin": "skin2", "ani": "work", "offset1": [-66, -120], "offset2": [66, -120], "offset3": [66, -120], "offset4": [-88, -120]}, {"id": 64, "guest": 88006, "skin": 1005703, "spineSkin": "skin3", "ani": "work", "offset1": [-66, -120], "offset2": [66, -120], "offset3": [66, -120], "offset4": [-88, -120]}, {"id": 65, "guest": 88006, "skin": 1005704, "spineSkin": "skin4", "ani": "work", "offset1": [-66, -120], "offset2": [66, -120], "offset3": [66, -120], "offset4": [-88, -120]}, {"id": 66, "guest": 88006, "skin": 1005705, "spineSkin": "skin5", "ani": "work", "offset1": [-66, -120], "offset2": [66, -120], "offset3": [66, -120], "offset4": [-88, -120]}, {"id": 67, "guest": 88006, "skin": 1005801, "spineSkin": "skin1", "ani": "work", "offset1": [-66, -120], "offset2": [66, -120], "offset3": [66, -120], "offset4": [-88, -120]}, {"id": 68, "guest": 88006, "skin": 1005802, "spineSkin": "skin2", "ani": "work", "offset1": [-66, -120], "offset2": [66, -120], "offset3": [66, -120], "offset4": [-88, -120]}, {"id": 69, "guest": 88006, "skin": 1005803, "spineSkin": "skin3", "ani": "work", "offset1": [-66, -120], "offset2": [66, -120], "offset3": [66, -120], "offset4": [-88, -120]}, {"id": 70, "guest": 88006, "skin": 1005804, "spineSkin": "skin4", "ani": "work", "offset1": [-66, -120], "offset2": [66, -120], "offset3": [66, -120], "offset4": [-88, -120]}, {"id": 71, "guest": 88006, "skin": 1005805, "spineSkin": "skin5", "ani": "work", "offset1": [-66, -120], "offset2": [66, -120], "offset3": [66, -120], "offset4": [-88, -120]}, {"id": 72, "guest": 88007, "skin": 1004701, "spineSkin": "skin2", "ani": "work", "offset1": [10, -170], "offset2": [-30, -170], "offset3": [0, 0], "offset4": [0, 0]}, {"id": 73, "guest": 88007, "skin": 1004702, "spineSkin": "skin1", "ani": "work", "offset1": [10, -170], "offset2": [-30, -170], "offset3": [0, 0], "offset4": [0, 0]}, {"id": 74, "guest": 88007, "skin": 1004801, "spineSkin": "skin2", "ani": "work", "offset1": [10, -170], "offset2": [-30, -170], "offset3": [0, 0], "offset4": [0, 0]}, {"id": 75, "guest": 88007, "skin": 1004802, "spineSkin": "skin1", "ani": "work", "offset1": [10, -170], "offset2": [-30, -170], "offset3": [0, 0], "offset4": [0, 0]}, {"id": 76, "guest": 88007, "skin": 1004901, "spineSkin": "skin2", "ani": "work", "offset1": [10, -170], "offset2": [-30, -170], "offset3": [0, 0], "offset4": [0, 0]}, {"id": 77, "guest": 88007, "skin": 1004902, "spineSkin": "skin1", "ani": "work", "offset1": [10, -170], "offset2": [-30, -170], "offset3": [0, 0], "offset4": [0, 0]}, {"id": 78, "guest": 88008, "skin": 1003601, "spineSkin": "skin1", "ani": "work", "offset1": [0, -30], "offset2": [0, -30], "offset3": [0, -30], "offset4": [0, -30]}, {"id": 79, "guest": 88008, "skin": 1003602, "spineSkin": "skin2", "ani": "work", "offset1": [0, -30], "offset2": [0, -30], "offset3": [0, -30], "offset4": [0, -30]}, {"id": 80, "guest": 88008, "skin": 1003603, "spineSkin": "skin3", "ani": "work", "offset1": [0, -30], "offset2": [0, -30], "offset3": [0, -30], "offset4": [0, -30]}, {"id": 81, "guest": 88008, "skin": 1003604, "spineSkin": "skin4", "ani": "work", "offset1": [0, -30], "offset2": [0, -30], "offset3": [0, -30], "offset4": [0, -30]}, {"id": 82, "guest": 88008, "skin": 1003701, "spineSkin": "skin1", "ani": "work", "offset1": [0, -30], "offset2": [0, -30], "offset3": [0, -30], "offset4": [0, -30]}, {"id": 83, "guest": 88008, "skin": 1003702, "spineSkin": "skin2", "ani": "work", "offset1": [0, -30], "offset2": [0, -30], "offset3": [0, -30], "offset4": [0, -30]}, {"id": 84, "guest": 88008, "skin": 1003703, "spineSkin": "skin3", "ani": "work", "offset1": [0, -30], "offset2": [0, -30], "offset3": [0, -30], "offset4": [0, -30]}, {"id": 85, "guest": 88008, "skin": 1003704, "spineSkin": "skin4", "ani": "work", "offset1": [0, -30], "offset2": [0, -30], "offset3": [0, -30], "offset4": [0, -30]}, {"id": 86, "guest": 88009, "skin": 1003801, "spineSkin": "skin1", "ani": "work", "offset1": [0, -60], "offset2": [0, -60], "offset3": [0, 0], "offset4": [0, 0]}, {"id": 87, "guest": 88009, "skin": 1003802, "spineSkin": "skin2", "ani": "work", "offset1": [0, -60], "offset2": [0, -60], "offset3": [0, 0], "offset4": [0, 0]}, {"id": 88, "guest": 88009, "skin": 1003901, "spineSkin": "skin1", "ani": "work", "offset1": [0, -60], "offset2": [0, -60], "offset3": [0, 0], "offset4": [0, 0]}, {"id": 89, "guest": 88009, "skin": 1003902, "spineSkin": "skin2", "ani": "work", "offset1": [0, -60], "offset2": [0, -60], "offset3": [0, 0], "offset4": [0, 0]}, {"id": 90, "guest": 88010, "skin": 1002801, "spineSkin": "skin2", "ani": "work", "offset1": [16, -50], "offset2": [-8, -50], "offset3": [-8, -50], "offset4": [16, -50]}, {"id": 91, "guest": 88010, "skin": 1002802, "spineSkin": "skin1", "ani": "work", "offset1": [16, -50], "offset2": [-8, -50], "offset3": [-8, -50], "offset4": [16, -50]}, {"id": 92, "guest": 88010, "skin": 1002901, "spineSkin": "skin1", "ani": "work", "offset1": [16, -50], "offset2": [-8, -50], "offset3": [-8, -50], "offset4": [16, -50]}, {"id": 93, "guest": 88010, "skin": 1002902, "spineSkin": "skin2", "ani": "work", "offset1": [16, -50], "offset2": [-8, -50], "offset3": [-8, -50], "offset4": [16, -50]}, {"id": 94, "guest": 88010, "skin": 1003001, "spineSkin": "skin2", "ani": "work", "offset1": [16, -50], "offset2": [-8, -50], "offset3": [-8, -50], "offset4": [16, -50]}, {"id": 95, "guest": 88010, "skin": 1003002, "spineSkin": "skin1", "ani": "work", "offset1": [16, -50], "offset2": [-8, -50], "offset3": [-8, -50], "offset4": [16, -50]}, {"id": 96, "guest": 88012, "skin": 1000301, "spineSkin": "skin1", "ani": "work", "offset1": [6, -70], "offset2": [-13, -75], "offset3": [12, -78], "offset4": [-13, -80]}, {"id": 97, "guest": 88012, "skin": 1000302, "spineSkin": "skin2", "ani": "work", "offset1": [6, -70], "offset2": [-13, -75], "offset3": [12, -78], "offset4": [-13, -80]}, {"id": 98, "guest": 88012, "skin": 1001001, "spineSkin": "skin1", "ani": "work", "offset1": [6, -70], "offset2": [-13, -75], "offset3": [12, -78], "offset4": [-13, -80]}, {"id": 99, "guest": 88012, "skin": 1001002, "spineSkin": "skin3", "ani": "work", "offset1": [6, -70], "offset2": [-13, -75], "offset3": [12, -78], "offset4": [-13, -80]}, {"id": 100, "guest": 88013, "skin": 1004201, "spineSkin": "skin1", "ani": "work", "offset1": [85, -110], "offset2": [-90, -110], "offset3": [-75, -70], "offset4": [60, -60]}, {"id": 101, "guest": 88013, "skin": 1004202, "spineSkin": "skin2", "ani": "work", "offset1": [85, -110], "offset2": [-90, -110], "offset3": [-75, -70], "offset4": [60, -60]}, {"id": 102, "guest": 88013, "skin": 1004203, "spineSkin": "skin3", "ani": "work", "offset1": [85, -110], "offset2": [-90, -110], "offset3": [-75, -70], "offset4": [60, -60]}, {"id": 103, "guest": 88013, "skin": 1004204, "spineSkin": "skin4", "ani": "work", "offset1": [85, -110], "offset2": [-90, -110], "offset3": [-75, -70], "offset4": [60, -60]}, {"id": 104, "guest": 88013, "skin": 1004301, "spineSkin": "skin1", "ani": "work", "offset1": [85, -110], "offset2": [-90, -110], "offset3": [-75, -70], "offset4": [60, -60]}, {"id": 105, "guest": 88013, "skin": 1004302, "spineSkin": "skin2", "ani": "work", "offset1": [85, -110], "offset2": [-90, -110], "offset3": [-75, -70], "offset4": [60, -60]}, {"id": 106, "guest": 88013, "skin": 1004303, "spineSkin": "skin3", "ani": "work", "offset1": [85, -110], "offset2": [-90, -110], "offset3": [-75, -70], "offset4": [60, -60]}, {"id": 107, "guest": 88013, "skin": 1004304, "spineSkin": "skin4", "ani": "work", "offset1": [85, -110], "offset2": [-90, -110], "offset3": [-75, -70], "offset4": [60, -60]}]