[{"id": 10001, "eff": 1, "type": 1, "x": 5, "y": 3, "pos": [19, 16], "st": 0, "stars": "301,4", "order": 2, "room": 1001, "faceMax": 4, "face": 1, "workSkin": 0, "skin": 1000100, "unlockSkin": 1000101, "reward": [1001, 1]}, {"id": 10002, "eff": 1, "type": 1, "x": 5, "y": 3, "pos": [19, 12], "st": 0, "stars": "301,4", "order": 5, "room": 1001, "faceMax": 4, "face": 1, "workSkin": 0, "skin": 1000200, "unlockSkin": 1000201, "reward": [1002, 1]}, {"id": 10003, "eff": 1, "type": 1, "x": 5, "y": 2, "pos": [19, 22], "st": 0, "stars": "301,4", "order": 6, "room": 1001, "faceMax": 2, "face": 1, "workSkin": 0, "skin": 1000300, "unlockSkin": 1000301, "reward": [1003, 1]}, {"id": 10004, "eff": 1, "type": 1, "x": 4, "y": 2, "pos": [3, 2], "st": 0, "stars": "301,6", "order": 7, "room": 1001, "faceMax": 2, "face": 2, "workSkin": 0, "skin": 1000400, "unlockSkin": 1000401, "reward": [1005, 1]}, {"id": 10005, "eff": 1, "type": 1, "x": 2, "y": 2, "pos": [3, 20], "st": 0, "stars": "301,6", "order": 8, "room": 1001, "faceMax": 4, "face": 4, "workSkin": 0, "skin": 1000500, "unlockSkin": 1000501, "reward": [1001, 1]}, {"id": 10006, "eff": 1, "type": 1, "x": 2, "y": 2, "pos": [3, 14], "st": 0, "stars": "301,6", "order": 9, "room": 1001, "faceMax": 4, "face": 2, "workSkin": 0, "skin": 1000600, "unlockSkin": 1000601, "reward": [1002, 1]}, {"id": 10007, "eff": 1, "type": 1, "x": 2, "y": 2, "pos": [5, 17], "st": 0, "stars": "301,6", "order": 10, "room": 1001, "faceMax": 4, "face": 3, "workSkin": 0, "skin": 1000700, "unlockSkin": 1000701, "reward": [1003, 1]}, {"id": 10008, "eff": 1, "type": 1, "x": 2, "y": 2, "pos": [8, 10], "st": 0, "stars": "301,8", "order": 11, "room": 1001, "faceMax": 2, "face": 1, "workSkin": 0, "skin": 1000800, "unlockSkin": 1000801, "reward": [1005, 1]}, {"id": 10009, "eff": 1, "type": 1, "x": 2, "y": 2, "pos": [10, 5], "st": 0, "stars": "301,8", "order": 12, "room": 1001, "faceMax": 4, "face": 1, "workSkin": 0, "skin": 1000900, "unlockSkin": 1000901, "reward": [1001, 1]}, {"id": 10010, "eff": 1, "type": 1, "x": 5, "y": 2, "pos": [22, 0], "st": 0, "stars": "301,8", "order": 13, "room": 1001, "faceMax": 2, "face": 2, "workSkin": 0, "skin": 1001000, "unlockSkin": 1001001, "reward": [1002, 1]}, {"id": 10011, "eff": 1, "type": 1, "x": 6, "y": 2, "pos": [0, 9], "st": 0, "stars": "301,8", "order": 14, "room": 1001, "faceMax": 2, "face": 1, "workSkin": 0, "skin": 1001100, "unlockSkin": 1001101, "reward": [1003, 1]}, {"id": 10012, "eff": 1, "type": 1, "x": 4, "y": 2, "pos": [0, 4], "st": 0, "stars": "301,12", "order": 15, "room": 1001, "faceMax": 4, "face": 2, "workSkin": 0, "skin": 1001200, "unlockSkin": 1001201, "reward": [1005, 1]}, {"id": 10013, "eff": 1, "type": 1, "x": 4, "y": 2, "pos": [0, 0], "st": 0, "stars": "301,12", "order": 16, "room": 1001, "faceMax": 4, "face": 2, "workSkin": 0, "skin": 1001300, "unlockSkin": 1001301, "reward": [1001, 1]}, {"id": 10014, "eff": 1, "type": 1, "x": 5, "y": 2, "pos": [0, 15], "st": 0, "stars": "301,12", "order": 17, "room": 1001, "faceMax": 4, "face": 2, "workSkin": 0, "skin": 1001400, "unlockSkin": 1001401, "reward": [1002, 1]}, {"id": 10015, "eff": 1, "type": 1, "x": 5, "y": 5, "pos": [7, 0], "st": 0, "stars": "301,1", "order": 1, "room": 1001, "faceMax": 2, "face": 2, "workSkin": 0, "skin": 1001500, "unlockSkin": 1001501, "reward": [1003, 1]}, {"id": 10016, "eff": 1, "type": 1, "x": 2, "y": 2, "pos": [16, 0], "st": 0, "stars": "301,12", "order": 17, "room": 1001, "faceMax": 2, "face": 1, "workSkin": 0, "skin": 1001600, "unlockSkin": 1001601, "reward": [1005, 1]}, {"id": 10017, "eff": 1, "type": 1, "x": 3, "y": 3, "pos": [18, 0], "st": 0, "stars": "301,12", "order": 18, "room": 1001, "faceMax": 4, "face": 2, "workSkin": 0, "skin": 1001700, "unlockSkin": 1001701, "reward": [1001, 1]}, {"id": 10018, "eff": 1, "type": 1, "x": 2, "y": 2, "pos": [22, 8], "st": 0, "stars": "301,12", "order": 19, "room": 1001, "faceMax": 4, "face": 4, "workSkin": 0, "skin": 1001800, "unlockSkin": 1001801, "reward": [1002, 1]}, {"id": 10019, "eff": 1, "type": 1, "x": 2, "y": 2, "pos": [22, 6], "st": 0, "stars": "301,15", "order": 20, "room": 1001, "faceMax": 4, "face": 1, "workSkin": 0, "skin": 1001900, "unlockSkin": 1001901, "reward": [1003, 1]}, {"id": 10020, "eff": 1, "type": 1, "x": 2, "y": 2, "pos": [8, 22], "st": 0, "stars": "301,18", "order": 21, "room": 1001, "faceMax": 4, "face": 2, "workSkin": 0, "skin": 1002000, "unlockSkin": 1002001, "reward": [1005, 1]}, {"id": 10021, "eff": 1, "type": 1, "x": 2, "y": 2, "pos": [3, 17], "st": 0, "stars": "301,22", "order": 22, "room": 1001, "faceMax": 2, "face": 2, "workSkin": 0, "skin": 1002100, "unlockSkin": 1002101, "reward": [1001, 1]}, {"id": 10022, "eff": 1, "type": 1, "x": 4, "y": 2, "pos": [24, 19], "st": 0, "stars": "301,25", "order": 22, "room": 1002, "faceMax": 4, "face": 4, "workSkin": 0, "skin": 1002200, "unlockSkin": 1002201, "reward": [1002, 1]}, {"id": 10023, "eff": 1, "type": 1, "x": 4, "y": 3, "pos": [28, 16], "st": 0, "stars": "301,5", "order": 1, "room": 1002, "faceMax": 4, "face": 1, "workSkin": 0, "skin": 1002300, "unlockSkin": 1002301, "reward": [1003, 1]}, {"id": 10024, "eff": 1, "type": 1, "x": 4, "y": 3, "pos": [28, 20], "st": 0, "stars": "301,5", "order": 3, "room": 1002, "faceMax": 4, "face": 1, "workSkin": 0, "skin": 1002400, "unlockSkin": 1002401, "reward": [1005, 1]}, {"id": 10025, "eff": 1, "type": 1, "x": 2, "y": 2, "pos": [29, 13], "st": 0, "stars": "301,8", "order": 4, "room": 1002, "faceMax": 2, "face": 1, "workSkin": 0, "skin": 1002500, "unlockSkin": 1002501, "reward": [1001, 1]}, {"id": 10026, "eff": 1, "type": 1, "x": 2, "y": 2, "pos": [24, 0], "st": 0, "stars": "301,8", "order": 5, "room": 1002, "faceMax": 2, "face": 2, "workSkin": 0, "skin": 1002600, "unlockSkin": 1002601, "reward": [1002, 1]}, {"id": 10027, "eff": 1, "type": 1, "x": 2, "y": 1, "pos": [35, 0], "st": 0, "stars": "301,8", "order": 6, "room": 1002, "faceMax": 4, "face": 1, "workSkin": 0, "skin": 1002700, "unlockSkin": 1002701, "reward": [1003, 1]}, {"id": 10028, "eff": 1, "type": 1, "x": 3, "y": 2, "pos": [26, 0], "st": 0, "stars": "301,9", "order": 6, "room": 1002, "faceMax": 4, "face": 2, "workSkin": 0, "skin": 1002800, "unlockSkin": 1002801, "reward": [1005, 1]}, {"id": 10029, "eff": 1, "type": 1, "x": 3, "y": 2, "pos": [29, 0], "st": 0, "stars": "301,9", "order": 7, "room": 1002, "faceMax": 4, "face": 2, "workSkin": 0, "skin": 1002900, "unlockSkin": 1002901, "reward": [1001, 1]}, {"id": 10030, "eff": 1, "type": 1, "x": 3, "y": 2, "pos": [32, 0], "st": 0, "stars": "301,12", "order": 8, "room": 1002, "faceMax": 4, "face": 2, "workSkin": 0, "skin": 1003000, "unlockSkin": 1003001, "reward": [1002, 1]}, {"id": 10031, "eff": 1, "type": 1, "x": 5, "y": 2, "pos": [38, 0], "st": 0, "stars": "301,15", "order": 9, "room": 1002, "faceMax": 2, "face": 2, "workSkin": 0, "skin": 1003100, "unlockSkin": 1003101, "reward": [1003, 1]}, {"id": 10032, "eff": 1, "type": 1, "x": 4, "y": 2, "pos": [34, 19], "st": 0, "stars": "301,18", "order": 10, "room": 1002, "faceMax": 4, "face": 4, "workSkin": 0, "skin": 1003200, "unlockSkin": 1003201, "reward": [1005, 1]}, {"id": 10033, "eff": 1, "type": 1, "x": 4, "y": 2, "pos": [34, 14], "st": 0, "stars": "301,18", "order": 11, "room": 1002, "faceMax": 4, "face": 2, "workSkin": 0, "skin": 1003300, "unlockSkin": 1003301, "reward": [1001, 1]}, {"id": 10034, "eff": 1, "type": 1, "x": 4, "y": 4, "pos": [36, 14], "st": 0, "stars": "301,21", "order": 12, "room": 1002, "faceMax": 4, "face": 3, "workSkin": 0, "skin": 1003400, "unlockSkin": 1003401, "reward": [1002, 1]}, {"id": 10035, "eff": 1, "type": 1, "x": 4, "y": 4, "pos": [36, 19], "st": 0, "stars": "301,24", "order": 13, "room": 1002, "faceMax": 4, "face": 3, "workSkin": 0, "skin": 1003500, "unlockSkin": 1003501, "reward": [1003, 1]}, {"id": 10036, "eff": 1, "type": 1, "x": 4, "y": 2, "pos": [35, 6], "st": 0, "stars": "301,24", "order": 14, "room": 1002, "faceMax": 4, "face": 1, "workSkin": 0, "skin": 1003600, "unlockSkin": 1003601, "reward": [1005, 1]}, {"id": 10037, "eff": 1, "type": 1, "x": 4, "y": 2, "pos": [35, 10], "st": 0, "stars": "301,24", "order": 15, "room": 1002, "faceMax": 4, "face": 1, "workSkin": 0, "skin": 1003700, "unlockSkin": 1003701, "reward": [1001, 1]}, {"id": 10038, "eff": 1, "type": 1, "x": 3, "y": 3, "pos": [26, 7], "st": 0, "stars": "301,27", "order": 16, "room": 1002, "faceMax": 2, "face": 2, "workSkin": 0, "skin": 1003800, "unlockSkin": 1003801, "reward": [1002, 1]}, {"id": 10039, "eff": 1, "type": 1, "x": 3, "y": 3, "pos": [30, 7], "st": 0, "stars": "301,27", "order": 17, "room": 1002, "faceMax": 2, "face": 2, "workSkin": 0, "skin": 1003900, "unlockSkin": 1003901, "reward": [1003, 1]}, {"id": 10040, "eff": 1, "type": 1, "x": 5, "y": 2, "pos": [0, 38], "st": 0, "stars": "301,5", "order": 1, "room": 1003, "faceMax": 2, "face": 1, "workSkin": 0, "skin": 1004000, "unlockSkin": 1004001, "reward": [1005, 1]}, {"id": 10041, "eff": 1, "type": 1, "x": 2, "y": 2, "pos": [0, 36], "st": 0, "stars": "301,5", "order": 2, "room": 1003, "faceMax": 2, "face": 1, "workSkin": 0, "skin": 1004100, "unlockSkin": 1004101, "reward": [1001, 1]}, {"id": 10042, "eff": 1, "type": 1, "x": 3, "y": 3, "pos": [0, 29], "st": 0, "stars": "301,8", "order": 3, "room": 1003, "faceMax": 4, "face": 1, "workSkin": 0, "skin": 1004200, "unlockSkin": 1004201, "reward": [1002, 1]}, {"id": 10043, "eff": 1, "type": 1, "x": 3, "y": 3, "pos": [0, 32], "st": 0, "stars": "301,8", "order": 3, "room": 1003, "faceMax": 4, "face": 1, "workSkin": 0, "skin": 1004300, "unlockSkin": 1004301, "reward": [1003, 1]}, {"id": 10044, "eff": 1, "type": 1, "x": 2, "y": 2, "pos": [0, 27], "st": 0, "stars": "301,10", "order": 5, "room": 1003, "faceMax": 2, "face": 2, "workSkin": 0, "skin": 1004400, "unlockSkin": 1004401, "reward": [1005, 1]}, {"id": 10045, "eff": 1, "type": 1, "x": 7, "y": 2, "pos": [13, 24], "st": 0, "stars": "301,10", "order": 6, "room": 1003, "faceMax": 4, "face": 1, "workSkin": 0, "skin": 1004500, "unlockSkin": 1004501, "reward": [1001, 1]}, {"id": 10046, "eff": 1, "type": 1, "x": 7, "y": 2, "pos": [0, 24], "st": 0, "stars": "301,10", "order": 6, "room": 1003, "faceMax": 4, "face": 1, "workSkin": 0, "skin": 1004600, "unlockSkin": 1004601, "reward": [1002, 1]}, {"id": 10047, "eff": 1, "type": 1, "x": 3, "y": 3, "pos": [11, 35], "st": 0, "stars": "301,12", "order": 8, "room": 1003, "faceMax": 2, "face": 1, "workSkin": 0, "skin": 1004700, "unlockSkin": 1004701, "reward": [1003, 1]}, {"id": 10048, "eff": 1, "type": 1, "x": 3, "y": 3, "pos": [16, 35], "st": 0, "stars": "301,15", "order": 8, "room": 1003, "faceMax": 2, "face": 2, "workSkin": 0, "skin": 1004800, "unlockSkin": 1004801, "reward": [1005, 1]}, {"id": 10049, "eff": 1, "type": 1, "x": 3, "y": 3, "pos": [6, 35], "st": 0, "stars": "301,15", "order": 8, "room": 1003, "faceMax": 2, "face": 1, "workSkin": 0, "skin": 1004900, "unlockSkin": 1004901, "reward": [1001, 1]}, {"id": 10050, "eff": 1, "type": 1, "x": 5, "y": 3, "pos": [5, 27], "st": 0, "stars": "301,19", "order": 11, "room": 1003, "faceMax": 2, "face": 1, "workSkin": 0, "skin": 1005000, "unlockSkin": 1005001, "reward": [1002, 1]}, {"id": 10051, "eff": 1, "type": 1, "x": 5, "y": 3, "pos": [12, 27], "st": 0, "stars": "301,19", "order": 11, "room": 1003, "faceMax": 2, "face": 1, "workSkin": 0, "skin": 1005100, "unlockSkin": 1005101, "reward": [1003, 1]}, {"id": 10052, "eff": 1, "type": 1, "x": 2, "y": 2, "pos": [18, 26], "st": 0, "stars": "301,24", "order": 13, "room": 1003, "faceMax": 2, "face": 1, "workSkin": 0, "skin": 1005200, "unlockSkin": 1005201, "reward": [1005, 1]}, {"id": 10053, "eff": 1, "type": 1, "x": 2, "y": 1, "pos": [27, 28], "st": 0, "stars": "301,8", "order": 1, "room": 1004, "faceMax": 2, "face": 1, "workSkin": 0, "skin": 1005300, "unlockSkin": 1005301, "reward": [1001, 1]}, {"id": 10054, "eff": 1, "type": 1, "x": 5, "y": 2, "pos": [35, 24], "st": 0, "stars": "301,8", "order": 2, "room": 1004, "faceMax": 2, "face": 1, "workSkin": 0, "skin": 1005400, "unlockSkin": 1005401, "reward": [1002, 1]}, {"id": 10055, "eff": 1, "type": 1, "x": 4, "y": 1, "pos": [20, 24], "st": 0, "stars": "301,8", "order": 3, "room": 1004, "faceMax": 4, "face": 4, "workSkin": 0, "skin": 1005500, "unlockSkin": 1005501, "reward": [1003, 1]}, {"id": 10056, "eff": 1, "type": 1, "x": 3, "y": 3, "pos": [33, 27], "st": 0, "stars": "301,8", "order": 4, "room": 1004, "faceMax": 2, "face": 2, "workSkin": 0, "skin": 1005600, "unlockSkin": 1005601, "reward": [1005, 1]}, {"id": 10057, "eff": 1, "type": 1, "x": 3, "y": 3, "pos": [28, 37], "st": 0, "stars": "301,8", "order": 5, "room": 1004, "faceMax": 4, "face": 1, "workSkin": 0, "skin": 1005700, "unlockSkin": 1005701, "reward": [1001, 1]}, {"id": 10058, "eff": 1, "type": 1, "x": 3, "y": 3, "pos": [28, 33], "st": 0, "stars": "301,8", "order": 5, "room": 1004, "faceMax": 4, "face": 1, "workSkin": 0, "skin": 1005800, "unlockSkin": 1005801, "reward": [1002, 1]}, {"id": 10059, "eff": 1, "type": 1, "x": 3, "y": 2, "pos": [37, 32], "st": 0, "stars": "301,8", "order": 6, "room": 1004, "faceMax": 2, "face": 1, "workSkin": 0, "skin": 1005900, "unlockSkin": 1005901, "reward": [1003, 1]}, {"id": 10060, "eff": 1, "type": 1, "x": 3, "y": 3, "pos": [21, 36], "st": 0, "stars": "301,8", "order": 7, "room": 1004, "faceMax": 4, "face": 1, "workSkin": 0, "skin": 1006000, "unlockSkin": 1006001, "reward": [1005, 1]}, {"id": 10061, "eff": 1, "type": 1, "x": 3, "y": 3, "pos": [21, 31], "st": 0, "stars": "301,8", "order": 8, "room": 1004, "faceMax": 4, "face": 1, "workSkin": 0, "skin": 1006100, "unlockSkin": 1006101, "reward": [1001, 1]}, {"id": 10062, "eff": 1, "type": 1, "x": 2, "y": 2, "pos": [33, 24], "st": 0, "stars": "301,8", "order": 9, "room": 1004, "faceMax": 2, "face": 2, "workSkin": 0, "skin": 1006200, "unlockSkin": 1006201, "reward": [1002, 1]}, {"id": 10063, "eff": 1, "type": 1, "x": 5, "y": 2, "pos": [22, 24], "st": 0, "stars": "301,8", "order": 10, "room": 1004, "faceMax": 4, "face": 1, "workSkin": 0, "skin": 1006300, "unlockSkin": 1006301, "reward": [1003, 1]}, {"id": 10064, "eff": 1, "type": 1, "x": 4, "y": 3, "pos": [36, 36], "st": 0, "stars": "301,8", "order": 11, "room": 1004, "faceMax": 4, "face": 3, "workSkin": 0, "skin": 1006400, "unlockSkin": 1006401, "reward": [1005, 1]}, {"id": 10065, "eff": 1, "type": 1, "x": 3, "y": 2, "pos": [25, 38], "st": 0, "stars": "301,8", "order": 12, "room": 1004, "faceMax": 2, "face": 1, "workSkin": 0, "skin": 1006500, "unlockSkin": 1006501, "reward": [1001, 1]}, {"id": 20001, "eff": 1, "type": 2, "x": 12, "y": 8, "pos": [0, 12], "st": 0, "stars": "301,27", "order": 23, "room": 1001, "faceMax": 2, "face": 2, "workSkin": 0, "skin": 2000100, "unlockSkin": 2000101, "reward": [1002, 1]}, {"id": 20002, "eff": 1, "type": 2, "x": 4, "y": 2, "pos": [11, 0], "st": 0, "stars": "301,29", "order": 24, "room": 1001, "faceMax": 4, "face": 1, "workSkin": 0, "skin": 2000200, "unlockSkin": 2000201, "reward": [1003, 1]}, {"id": 20003, "eff": 1, "type": 2, "x": 6, "y": 6, "pos": [1, 1], "st": 0, "stars": "301,32", "order": 25, "room": 1001, "faceMax": 4, "face": 2, "workSkin": 0, "skin": 2000300, "unlockSkin": 2000301, "reward": [1005, 1]}, {"id": 20004, "eff": 1, "type": 2, "x": 12, "y": 8, "pos": [24, 12], "st": 0, "stars": "301,11", "order": 1, "room": 1002, "faceMax": 2, "face": 2, "workSkin": 0, "skin": 2000400, "unlockSkin": 2000401, "reward": [1001, 1]}, {"id": 20005, "eff": 1, "type": 2, "x": 4, "y": 2, "pos": [7, 24], "st": 0, "stars": "301,11", "order": 2, "room": 1003, "faceMax": 4, "face": 3, "workSkin": 0, "skin": 2000500, "unlockSkin": 2000501, "reward": [1002, 1]}, {"id": 20006, "eff": 1, "type": 2, "x": 2, "y": 2, "pos": [1, 36], "st": 0, "stars": "301,11", "order": 3, "room": 1003, "faceMax": 2, "face": 1, "workSkin": 0, "skin": 2000600, "unlockSkin": 2000601, "reward": [1003, 1]}, {"id": 20007, "eff": 1, "type": 2, "x": 12, "y": 4, "pos": [25, 27], "st": 0, "stars": "301,12", "order": 1, "room": 1004, "faceMax": 2, "face": 1, "workSkin": 0, "skin": 2000700, "unlockSkin": 2000701, "reward": [1005, 1]}, {"id": 20008, "eff": 1, "type": 2, "x": 3, "y": 2, "pos": [28, 24], "st": 0, "stars": "301,13", "order": 2, "room": 1004, "faceMax": 4, "face": 3, "workSkin": 0, "skin": 2000800, "unlockSkin": 2000801, "reward": [1001, 1]}, {"id": 30001, "eff": 1, "type": 3, "x": 2, "y": 3, "pos": [-2, 1], "st": 0, "stars": "301,12", "order": 27, "room": 1001, "faceMax": 1, "face": 1, "workSkin": 0, "skin": 3000100, "unlockSkin": 3000101, "reward": [1002, 1]}, {"id": 30002, "eff": 1, "type": 3, "x": 4, "y": 3, "pos": [-13, 0], "st": 0, "stars": "301,13", "order": 28, "room": 1001, "faceMax": 1, "face": 1, "workSkin": 0, "skin": 3000200, "unlockSkin": 3000201, "reward": [1003, 1]}, {"id": 30003, "eff": 1, "type": 3, "x": 2, "y": 3, "pos": [-7, 2], "st": 0, "stars": "301,14", "order": 29, "room": 1001, "faceMax": 1, "face": 1, "workSkin": 0, "skin": 3000300, "unlockSkin": 3000301, "reward": [1005, 1]}, {"id": 30004, "eff": 1, "type": 3, "x": 2, "y": 3, "pos": [6, 2], "st": 0, "stars": "301,15", "order": 30, "room": 1001, "faceMax": 1, "face": 1, "workSkin": 0, "skin": 3000400, "unlockSkin": 3000401, "reward": [1001, 1]}, {"id": 30005, "eff": 1, "type": 3, "x": 1, "y": 3, "pos": [38, 3], "st": 0, "stars": "301,5", "order": 3, "room": 1002, "faceMax": 1, "face": 1, "workSkin": 0, "skin": 3000500, "unlockSkin": 3000501, "reward": [1002, 1]}, {"id": 30006, "eff": 1, "type": 3, "x": 2, "y": 3, "pos": [29, 2], "st": 0, "stars": "301,14", "order": 29, "room": 1002, "faceMax": 1, "face": 1, "workSkin": 0, "skin": 3000600, "unlockSkin": 3000601, "reward": [1003, 1]}, {"id": 30007, "eff": 1, "type": 3, "x": 2, "y": 5, "pos": [-38, 2], "st": 0, "stars": "301,14", "order": 1, "room": 1003, "faceMax": 1, "face": 1, "workSkin": 0, "skin": 3000700, "unlockSkin": 3000701, "reward": [1005, 1]}, {"id": 30008, "eff": 1, "type": 3, "x": 2, "y": 5, "pos": [-32, 3], "st": 0, "stars": "301,14", "order": 2, "room": 1003, "faceMax": 1, "face": 1, "workSkin": 0, "skin": 3000800, "unlockSkin": 3000801, "reward": [1001, 1]}, {"id": 30009, "eff": 1, "type": 3, "x": 2, "y": 5, "pos": [-35, 3], "st": 0, "stars": "301,14", "order": 22, "room": 1003, "faceMax": 1, "face": 1, "workSkin": 0, "skin": 3000900, "unlockSkin": 3000901, "reward": [1002, 1]}, {"id": 40001, "eff": 1, "type": 4, "x": 0, "y": 0, "pos": [0, 0], "st": 0, "stars": "301,2", "order": 4, "room": 1001, "faceMax": 1, "face": 1, "workSkin": 0, "skin": 4000100, "unlockSkin": 4000101, "reward": [1003, 1]}, {"id": 40002, "eff": 1, "type": 4, "x": 0, "y": 0, "pos": [0, 0], "st": 0, "stars": "301,10", "order": 5, "room": 1001, "faceMax": 1, "face": 1, "workSkin": 0, "skin": 4000200, "unlockSkin": 4000201, "reward": [1005, 1]}, {"id": 40003, "eff": 1, "type": 4, "x": 0, "y": 0, "pos": [0, 0], "st": 0, "stars": "301,18", "order": 0, "room": 1002, "faceMax": 1, "face": 1, "workSkin": 0, "skin": 4000300, "unlockSkin": 4000301, "reward": [1001, 1]}, {"id": 40004, "eff": 1, "type": 4, "x": 0, "y": 0, "pos": [0, 0], "st": 0, "stars": "301,18", "order": 12, "room": 1003, "faceMax": 1, "face": 1, "workSkin": 0, "skin": 4000400, "unlockSkin": 4000401, "reward": [1002, 1]}, {"id": 50001, "eff": 1, "type": 5, "x": 0, "y": 0, "pos": [0, 0], "st": 0, "stars": "301,2", "order": 3, "room": 1001, "faceMax": 1, "face": 1, "workSkin": 5000199, "skin": 5000100, "unlockSkin": 5000101, "reward": [1003, 1]}, {"id": 50002, "eff": 1, "type": 5, "x": 0, "y": 0, "pos": [0, 0], "st": 0, "stars": "301,20", "order": 0, "room": 1002, "faceMax": 1, "face": 1, "workSkin": 5000299, "skin": 5000200, "unlockSkin": 5000201, "reward": [1005, 1]}, {"id": 50003, "eff": 1, "type": 5, "x": 0, "y": 0, "pos": [0, 0], "st": 0, "stars": "301,21", "order": 0, "room": 1003, "faceMax": 1, "face": 1, "workSkin": 5000399, "skin": 5000300, "unlockSkin": 5000301, "reward": [1001, 1]}, {"id": 50004, "eff": 1, "type": 5, "x": 0, "y": 0, "pos": [0, 0], "st": 0, "stars": "301,22", "order": 0, "room": 1004, "faceMax": 1, "face": 1, "workSkin": 5000499, "skin": 5000400, "unlockSkin": 5000401, "reward": [1002, 1]}, {"id": 50005, "eff": 1, "type": 5, "x": 0, "y": 0, "pos": [0, 0], "st": 0, "stars": "301,23", "order": 0, "room": 1005, "faceMax": 1, "face": 1, "workSkin": 5000599, "skin": 5000500, "unlockSkin": 5000501, "reward": [1003, 1]}, {"id": 50006, "eff": 1, "type": 5, "x": 0, "y": 0, "pos": [0, 0], "st": 0, "stars": "301,24", "order": 0, "room": 1006, "faceMax": 1, "face": 1, "workSkin": 5000699, "skin": 5000600, "unlockSkin": 5000601, "reward": [1005, 1]}, {"id": 50007, "eff": 1, "type": 5, "x": 0, "y": 0, "pos": [0, 0], "st": 0, "stars": "301,25", "order": 0, "room": 1007, "faceMax": 1, "face": 1, "workSkin": 5000799, "skin": 5000700, "unlockSkin": 5000701, "reward": [1001, 1]}, {"id": 50008, "eff": 1, "type": 5, "x": 0, "y": 0, "pos": [0, 0], "st": 0, "stars": "301,26", "order": 0, "room": 1008, "faceMax": 1, "face": 1, "workSkin": 5000899, "skin": 5000800, "unlockSkin": 5000801, "reward": [1002, 1]}, {"id": 50009, "eff": 1, "type": 5, "x": 0, "y": 0, "pos": [0, 0], "st": 0, "stars": "301,27", "order": 0, "room": 1009, "faceMax": 1, "face": 1, "workSkin": 5000999, "skin": 5000900, "unlockSkin": 5000901, "reward": [1003, 1]}, {"id": 50010, "eff": 1, "type": 5, "x": 0, "y": 0, "pos": [0, 0], "st": 0, "stars": "301,28", "order": 0, "room": 1010, "faceMax": 1, "face": 1, "workSkin": 5001099, "skin": 5001000, "unlockSkin": 5001001, "reward": [1005, 1]}, {"id": 50011, "eff": 1, "type": 5, "x": 0, "y": 0, "pos": [0, 0], "st": 0, "stars": "301,29", "order": 0, "room": 1011, "faceMax": 1, "face": 1, "workSkin": 5001199, "skin": 5001100, "unlockSkin": 5001101, "reward": [1001, 1]}, {"id": 50012, "eff": 1, "type": 5, "x": 0, "y": 0, "pos": [0, 0], "st": 0, "stars": "301,30", "order": 0, "room": 1012, "faceMax": 1, "face": 1, "workSkin": 5001299, "skin": 5001200, "unlockSkin": 5001201, "reward": [1002, 1]}, {"id": 50013, "eff": 1, "type": 5, "x": 0, "y": 0, "pos": [0, 0], "st": 0, "stars": "301,31", "order": 0, "room": 1013, "faceMax": 1, "face": 1, "workSkin": 5001399, "skin": 5001300, "unlockSkin": 5001301, "reward": [1003, 1]}, {"id": 50014, "eff": 1, "type": 5, "x": 0, "y": 0, "pos": [0, 0], "st": 0, "stars": "301,32", "order": 0, "room": 1014, "faceMax": 1, "face": 1, "workSkin": 5001499, "skin": 5001400, "unlockSkin": 5001401, "reward": [1005, 1]}, {"id": 50015, "eff": 1, "type": 5, "x": 0, "y": 0, "pos": [0, 0], "st": 0, "stars": "301,33", "order": 0, "room": 1015, "faceMax": 1, "face": 1, "workSkin": 5001599, "skin": 5001500, "unlockSkin": 5001501, "reward": [1001, 1]}, {"id": 50016, "eff": 1, "type": 5, "x": 0, "y": 0, "pos": [0, 0], "st": 0, "stars": "301,34", "order": 0, "room": 1016, "faceMax": 1, "face": 1, "workSkin": 5001699, "skin": 5001600, "unlockSkin": 5001601, "reward": [1002, 1]}, {"id": 50017, "eff": 1, "type": 5, "x": 0, "y": 0, "pos": [0, 0], "st": 0, "stars": "301,35", "order": 0, "room": 1017, "faceMax": 1, "face": 1, "workSkin": 5001799, "skin": 5001700, "unlockSkin": 5001701, "reward": [1003, 1]}, {"id": 50018, "eff": 1, "type": 5, "x": 0, "y": 0, "pos": [0, 0], "st": 0, "stars": "301,36", "order": 0, "room": 1018, "faceMax": 1, "face": 1, "workSkin": 5001899, "skin": 5001800, "unlockSkin": 5001801, "reward": [1005, 1]}, {"id": 50019, "eff": 1, "type": 5, "x": 0, "y": 0, "pos": [0, 0], "st": 0, "stars": "301,37", "order": 0, "room": 1019, "faceMax": 1, "face": 1, "workSkin": 5001999, "skin": 5001900, "unlockSkin": 5001901, "reward": [1001, 1]}, {"id": 50020, "eff": 1, "type": 5, "x": 0, "y": 0, "pos": [0, 0], "st": 0, "stars": "301,38", "order": 0, "room": 1020, "faceMax": 1, "face": 1, "workSkin": 5002099, "skin": 5002000, "unlockSkin": 5002001, "reward": [1002, 1]}]