[{"id": 1000101, "name": "蓝色跑步机", "scene": 10001, "prefab": "scene_item_10001", "face": 2, "icon0": "", "icon1": "scene_item_1000101_1", "icon2": "", "zb": 50, "res": "2,199"}, {"id": 1000201, "name": "粉色跑步机", "scene": 10002, "prefab": "scene_item_10002", "face": 4, "icon0": "", "icon1": "scene_item_1000201_1", "icon2": "scene_item_1000201_2", "zb": 51, "res": "2,199"}, {"id": 2000101, "name": "肥啾地毯", "scene": 20001, "prefab": "scene_item_20001", "face": 2, "icon0": "", "icon1": "scene_item_2000101_1", "icon2": "", "zb": 52, "res": "2,200"}, {"id": 4000101, "name": "英伦风墙纸", "scene": 40001, "prefab": "wall_40001", "face": 1, "icon0": "", "icon1": "wall_4000101", "icon2": "", "zb": 53, "res": "2,201"}, {"id": 4000201, "name": "英伦风墙纸", "scene": 40002, "prefab": "wall_40002", "face": 1, "icon0": "", "icon1": "wall_4000201", "icon2": "", "zb": 54, "res": "2,202"}, {"id": 5000101, "name": "实木棕地板", "scene": 50001, "prefab": "floor_50001", "face": 1, "icon0": "", "icon1": "floor_5000101", "icon2": "", "zb": 55, "res": "2,203"}]