[{"id": 1, "key": "roleLv", "ps": "等级", "type": 1, "editValue": 1}, {"id": 2, "key": "roleExp", "ps": "经验", "type": 1, "editValue": 10}, {"id": 3, "key": "coin", "ps": "金币", "type": 1, "editValue": 10000}, {"id": 4, "key": "diamonds", "ps": "钻石", "type": 1, "editValue": 1000}, {"id": 5, "key": "power", "ps": "体力", "type": 1, "editValue": 100}, {"id": 6, "key": "greenStar", "ps": "星星", "type": 1, "editValue": 10}, {"id": 7, "key": "dressMoney", "ps": "装扮券", "type": 1, "editValue": 1000}, {"id": 8, "key": "modifyTime", "ps": "时间误差", "type": 1, "editValue": 30}, {"id": 9, "key": "addprop", "ps": "获得道具", "type": 2, "editValue": 0}]