[{"id": 1, "type": 1, "typeson": 1, "typename": "免费钻石", "price3": "102,5", "info": "观看广告获得钻石 +5", "cdTime": 360, "receiveTime": 6, "dataKey": "video_diamons1", "icon": "gift_free1", "fontColor": "8a4326"}, {"id": 2, "type": 1, "typeson": 2, "typename": "免费体力", "price3": "103,25", "info": "观看广告获得体力 +25", "cdTime": 360, "receiveTime": 6, "dataKey": "video_power2", "icon": "gift_free2", "fontColor": "1c87c2"}, {"id": 3, "type": 1, "typeson": 3, "typename": "免费装扮券", "price3": "305,25", "info": "观看广告获得装扮券 +25", "cdTime": 360, "receiveTime": 6, "dataKey": "video_dressup", "icon": "gift_free3", "fontColor": "7156af"}, {"id": 4, "type": 1, "typeson": 4, "typename": "免费金币", "price3": "101,125", "info": "观看广告获得金币 +125", "cdTime": 360, "receiveTime": 6, "dataKey": "video_giftcoin1", "icon": "gift_free4", "fontColor": "586f90"}, {"id": 5, "type": 2, "typeson": 1, "typename": "恢复体力", "price3": "103,1", "info": "2分钟获得一个体力 +1", "cdTime": 2, "receiveTime": 1, "dataKey": "video_powerAuto", "icon": "", "fontColor": "8a4329"}, {"id": 6, "type": 1, "typeson": 5, "typename": "敬请期待", "price3": "", "info": "", "cdTime": 0, "receiveTime": 0, "dataKey": 0, "icon": "gift_free", "fontColor": "8a4329"}]