[{"id": 1, "type": 1, "typeson": 1, "dc": 1, "typename": "用不完的力气", "add": 0, "num": 0, "recharge": 0, "specialOffer": 0, "buyUpLimit": 0, "totalLimit": 0, "price2": [[102, 5]], "price3": [[103, 100]], "first": 0, "icon": "shop_tili", "cdKey": 10010, "autoReflesh": 0}, {"id": 2, "type": 1, "typeson": 2, "dc": 1, "typename": "耀眼的钻石", "add": 0, "num": 0, "recharge": 2, "specialOffer": 0, "buyUpLimit": 0, "totalLimit": 0, "price2": 0, "price3": [[102, 50]], "first": [[102, 100]], "icon": "shop_diamond1", "cdKey": 0, "autoReflesh": 0}, {"id": 3, "type": 1, "typeson": 2, "dc": 2, "typename": "耀眼的钻石", "add": 0, "num": 0, "recharge": 3, "specialOffer": 0, "buyUpLimit": 0, "totalLimit": 0, "price2": 0, "price3": [[102, 260]], "first": [[102, 520]], "icon": "shop_diamond2", "cdKey": 0, "autoReflesh": 0}, {"id": 4, "type": 1, "typeson": 2, "dc": 3, "typename": "耀眼的钻石", "add": 0, "num": 0, "recharge": 4, "specialOffer": 0, "buyUpLimit": 0, "totalLimit": 0, "price2": 0, "price3": [[102, 580]], "first": [[102, 1160]], "icon": "shop_diamond3", "cdKey": 0, "autoReflesh": 0}, {"id": 5, "type": 1, "typeson": 2, "dc": 4, "typename": "耀眼的钻石", "add": 0, "num": 0, "recharge": 5, "specialOffer": 0, "buyUpLimit": 0, "totalLimit": 0, "price2": 0, "price3": [[102, 1250]], "first": [[102, 2500]], "icon": "shop_diamond4", "cdKey": 0, "autoReflesh": 0}, {"id": 6, "type": 1, "typeson": 2, "dc": 5, "typename": "耀眼的钻石", "add": 0, "num": 0, "recharge": 6, "specialOffer": 0, "buyUpLimit": 0, "totalLimit": 0, "price2": 0, "price3": [[102, 3400]], "first": [[102, 6800]], "icon": "shop_diamond5", "cdKey": 0, "autoReflesh": 0}, {"id": 7, "type": 1, "typeson": 2, "dc": 6, "typename": "耀眼的钻石", "add": 0, "num": 0, "recharge": 7, "specialOffer": 0, "buyUpLimit": 0, "totalLimit": 0, "price2": 0, "price3": [[102, 7500]], "first": [[102, 15000]], "icon": "shop_diamond6", "cdKey": 0, "autoReflesh": 0}, {"id": 8, "type": 1, "typeson": 3, "dc": 1, "typename": "沉甸甸的钱袋", "add": 0, "num": 0, "recharge": 8, "specialOffer": 0, "buyUpLimit": 0, "totalLimit": 0, "price2": 0, "price3": [[101, 1250]], "first": [[101, 2500]], "icon": "shop_gold1", "cdKey": 0, "autoReflesh": 0}, {"id": 9, "type": 1, "typeson": 3, "dc": 2, "typename": "沉甸甸的钱袋", "add": 0, "num": 0, "recharge": 9, "specialOffer": 0, "buyUpLimit": 0, "totalLimit": 0, "price2": 0, "price3": [[101, 6500]], "first": [[101, 13000]], "icon": "shop_gold2", "cdKey": 0, "autoReflesh": 0}, {"id": 10, "type": 1, "typeson": 3, "dc": 3, "typename": "沉甸甸的钱袋", "add": 0, "num": 0, "recharge": 10, "specialOffer": 0, "buyUpLimit": 0, "totalLimit": 0, "price2": 0, "price3": [[101, 14250]], "first": [[101, 28500]], "icon": "shop_gold3", "cdKey": 0, "autoReflesh": 0}, {"id": 11, "type": 1, "typeson": 3, "dc": 4, "typename": "沉甸甸的钱袋", "add": 0, "num": 0, "recharge": 11, "specialOffer": 0, "buyUpLimit": 0, "totalLimit": 0, "price2": 0, "price3": [[101, 31250]], "first": [[101, 62500]], "icon": "shop_gold4", "cdKey": 0, "autoReflesh": 0}, {"id": 12, "type": 1, "typeson": 3, "dc": 5, "typename": "沉甸甸的钱袋", "add": 0, "num": 0, "recharge": 12, "specialOffer": 0, "buyUpLimit": 0, "totalLimit": 0, "price2": 0, "price3": [[101, 85000]], "first": [[101, 170000]], "icon": "shop_gold5", "cdKey": 0, "autoReflesh": 0}, {"id": 13, "type": 1, "typeson": 3, "dc": 6, "typename": "沉甸甸的钱袋", "add": 0, "num": 0, "recharge": 13, "specialOffer": 0, "buyUpLimit": 0, "totalLimit": 0, "price2": 0, "price3": [[101, 187500]], "first": [[101, 375000]], "icon": "shop_gold6", "cdKey": 0, "autoReflesh": 0}, {"id": 14, "type": 2, "typeson": 2, "dc": 1, "typename": "首充豪礼", "add": 0, "num": 0, "recharge": 14, "specialOffer": 0, "buyUpLimit": 0, "totalLimit": 0, "price2": 0, "price3": [[102, 200], [101, 2000]], "first": 0, "icon": "shop_free1", "cdKey": 0, "autoReflesh": 0}, {"id": 15, "type": 3, "typeson": 3, "dc": 1, "typename": "周卡", "add": 0, "num": 0, "recharge": 15, "specialOffer": 0, "buyUpLimit": 0, "totalLimit": 7, "price2": 0, "price3": [[10006, 2]], "first": [[102, 100]], "icon": "shop_free2", "cdKey": 0, "autoReflesh": 0}, {"id": 16, "type": 3, "typeson": 3, "dc": 2, "typename": "月卡", "add": 0, "num": 0, "recharge": 16, "specialOffer": 0, "buyUpLimit": 0, "totalLimit": 30, "price2": 0, "price3": [[10001, 1], [10002, 1], [10003, 1], [10004, 1], [10005, 2]], "first": [[103, 320]], "icon": "shop_free3", "cdKey": 0, "autoReflesh": 0}, {"id": 17, "type": 7, "typeson": 1, "dc": 1, "typename": "星星礼包", "add": 0, "num": 0, "recharge": 17, "specialOffer": 0, "buyUpLimit": 0, "totalLimit": 0, "price2": 0, "price3": [[105, 20]], "first": 0, "icon": "shop_free4", "cdKey": 0, "autoReflesh": 0}, {"id": 18, "type": 4, "typeson": 2, "dc": 1, "typename": "每日好货", "add": 0, "num": 0, "recharge": 0, "specialOffer": 0, "buyUpLimit": 0, "totalLimit": 2, "price2": [[0, 0], [1, 1]], "price3": [[1007, 1]], "first": 0, "icon": "shop_free6", "cdKey": 10008, "autoReflesh": 0}, {"id": 19, "type": 4, "typeson": 2, "dc": 2, "typename": "每日好货", "add": 0, "num": 0, "recharge": 0, "specialOffer": 0, "buyUpLimit": 0, "totalLimit": 2, "price2": [[101, 100], [1, 1]], "price3": [[1002, 1]], "first": 0, "icon": "shop_free7", "cdKey": 10008, "autoReflesh": 0}, {"id": 20, "type": 4, "typeson": 4, "dc": 1, "typename": "简易工具箱", "add": 0, "num": 0, "recharge": 0, "specialOffer": 0, "buyUpLimit": 0, "totalLimit": 0, "price2": [[101, 50, 10]], "price3": [[2001, 1]], "first": 0, "icon": "shop_free8", "cdKey": 0, "autoReflesh": 0}, {"id": 21, "type": 4, "typeson": 4, "dc": 2, "typename": "工具种子箱", "add": 0, "num": 0, "recharge": 0, "specialOffer": 0, "buyUpLimit": 0, "totalLimit": 0, "price2": [[101, 50, 10]], "price3": [[2002, 1]], "first": 0, "icon": "shop_free9", "cdKey": 0, "autoReflesh": 0}, {"id": 22, "type": 4, "typeson": 4, "dc": 3, "typename": "健身器材箱", "add": 0, "num": 0, "recharge": 0, "specialOffer": 0, "buyUpLimit": 0, "totalLimit": 0, "price2": [[101, 50, 10]], "price3": [[2003, 1]], "first": 0, "icon": "shop_free10", "cdKey": 0, "autoReflesh": 0}, {"id": 23, "type": 4, "typeson": 4, "dc": 4, "typename": "冷藏工具箱", "add": 0, "num": 0, "recharge": 0, "specialOffer": 0, "buyUpLimit": 0, "totalLimit": 0, "price2": [[101, 50, 10]], "price3": [[2004, 1]], "first": 0, "icon": "shop_free11", "cdKey": 0, "autoReflesh": 0}, {"id": 24, "type": 5, "typeson": 1, "dc": 1, "typename": "能量饮料礼包", "add": 0, "num": 0, "recharge": 24, "specialOffer": 170, "buyUpLimit": 0, "totalLimit": 1, "price2": 0, "price3": [[20017, 4], [20018, 1], [102, 260]], "first": 0, "icon": "shop_free12", "cdKey": 10007, "autoReflesh": 0}, {"id": 25, "type": 5, "typeson": 1, "dc": 2, "typename": "初级财富补给", "add": 0, "num": 0, "recharge": 25, "specialOffer": 200, "buyUpLimit": 0, "totalLimit": 1, "price2": 0, "price3": [[102, 150], [101, 2500]], "first": 0, "icon": "shop_free13", "cdKey": 10007, "autoReflesh": 0}, {"id": 26, "type": 5, "typeson": 1, "dc": 3, "typename": "中级财富补给", "add": 0, "num": 0, "recharge": 26, "specialOffer": 210, "buyUpLimit": 0, "totalLimit": 1, "price2": 0, "price3": [[102, 260], [101, 6500]], "first": 0, "icon": "shop_free14", "cdKey": 10007, "autoReflesh": 0}, {"id": 27, "type": 5, "typeson": 1, "dc": 4, "typename": "高级财富补给", "add": 0, "num": 0, "recharge": 27, "specialOffer": 220, "buyUpLimit": 0, "totalLimit": 1, "price2": 0, "price3": [[102, 570], [101, 14250]], "first": 0, "icon": "shop_free15", "cdKey": 10007, "autoReflesh": 0}, {"id": 28, "type": 5, "typeson": 1, "dc": 5, "typename": "蛋白质补给包", "add": 0, "num": 0, "recharge": 28, "specialOffer": 180, "buyUpLimit": 0, "totalLimit": 1, "price2": 0, "price3": [[20009, 1], [101, 15000], [102, 1250]], "first": 0, "icon": "shop_free16", "cdKey": 10007, "autoReflesh": 0}, {"id": 29, "type": 6, "typeson": 3, "dc": 1, "typename": "限时限量供应", "add": 0, "num": 0, "recharge": 0, "specialOffer": 230, "buyUpLimit": 0, "totalLimit": 6, "price2": 0, "price3": 0, "first": 0, "icon": "", "cdKey": 10009, "autoReflesh": 3}]