[{"id": 1, "lv": 3, "price": [[102, 50], [101, 800]]}, {"id": 2, "lv": 4, "price": [[10028, 2], [805, 1]]}, {"id": 3, "lv": 5, "price": [[102, 80], [101, 1500]]}, {"id": 4, "lv": 6, "price": [[40014, 1], [805, 1]]}, {"id": 5, "lv": 7, "price": [[102, 108], [101, 1800]]}, {"id": 6, "lv": 8, "price": [[40014, 1], [60011, 1]]}, {"id": 7, "lv": 9, "price": [[50016, 1], [60011, 1]]}, {"id": 8, "lv": 10, "price": [[10028, 2], [60006, 1]]}, {"id": 9, "lv": 11, "price": [[20063, 1], [60006, 1]]}, {"id": 10, "lv": 13, "price": [[10028, 2], [40032, 2]]}, {"id": 11, "lv": 15, "price": [[60016, 1]]}, {"id": 12, "lv": 16, "price": [[1008, 1], [305, 388]]}, {"id": 13, "lv": 18, "price": [[10028, 2], [40032, 2]]}, {"id": 14, "lv": 20, "price": [[1006, 1], [305, 488]]}, {"id": 15, "lv": 22, "price": [[10028, 2], [40032, 2]]}, {"id": 16, "lv": 25, "price": [[1008, 1], [102, 138]]}, {"id": 17, "lv": 31, "price": [[1005, 1], [101, 8888]]}, {"id": 18, "lv": 35, "price": [[60029, 1], [102, 138]]}, {"id": 19, "lv": 39, "price": [[60018, 1]]}, {"id": 20, "lv": 45, "price": [[10028, 2], [40032, 2]]}, {"id": 21, "lv": 47, "price": [[60017, 1]]}, {"id": 22, "lv": 50, "price": [[60030, 1], [101, 8888]]}, {"id": 23, "lv": 53, "price": [[60031, 1], [805, 2]]}, {"id": 24, "lv": 56, "price": [[101, 12000], [305, 588]]}, {"id": 25, "lv": 60, "price": [[60016, 1]]}]