[{"id": 1, "name": "保底任务1", "prop": 10012, "num": 1, "taskReward": 1}, {"id": 2, "name": "保底任务2", "prop": 10013, "num": 1, "taskReward": 1}, {"id": 3, "name": "保底任务3", "prop": 10014, "num": 1, "taskReward": 1}, {"id": 4, "name": "保底任务4", "prop": 10015, "num": 1, "taskReward": 1}, {"id": 5, "name": "保底任务5", "prop": 10016, "num": 1, "taskReward": 1}, {"id": 6, "name": "保底任务6", "prop": 10017, "num": 1, "taskReward": 1}, {"id": 7, "name": "保底任务7", "prop": 10026, "num": 1, "taskReward": 1}, {"id": 8, "name": "保底任务8", "prop": 10027, "num": 1, "taskReward": 1}, {"id": 9, "name": "保底任务9", "prop": 10028, "num": 1, "taskReward": 1}]