[{"id": 1, "name": "步骤1", "prop": 10028, "num": 1, "taskReward": 1}, {"id": 2, "name": "步骤2", "prop": 10015, "num": 1, "taskReward": 1}, {"id": 3, "name": "步骤3", "prop": 10028, "num": 1, "taskReward": 1}, {"id": 4, "name": "步骤4", "prop": 10028, "num": 1, "taskReward": 1}, {"id": 5, "name": "步骤5", "prop": 10015, "num": 1, "taskReward": 1}, {"id": 6, "name": "步骤6", "prop": 10013, "num": 1, "taskReward": 1}, {"id": 7, "name": "步骤7", "prop": 10014, "num": 1, "taskReward": 1}, {"id": 8, "name": "步骤8", "prop": 10028, "num": 1, "taskReward": 1}, {"id": 9, "name": "步骤9", "prop": 10018, "num": 1, "taskReward": 3}, {"id": 10, "name": "步骤10", "prop": 40012, "num": 1, "taskReward": 1}, {"id": 11, "name": "步骤11", "prop": 20021, "num": 1, "taskReward": 1}, {"id": 12, "name": "步骤12", "prop": 10015, "num": 1, "taskReward": 1}, {"id": 13, "name": "步骤13", "prop": 10028, "num": 1, "taskReward": 2}, {"id": 14, "name": "步骤14", "prop": 10015, "num": 1, "taskReward": 1}, {"id": 15, "name": "步骤15", "prop": 20012, "num": 1, "taskReward": 1}, {"id": 16, "name": "步骤16", "prop": 20014, "num": 1, "taskReward": 1}, {"id": 17, "name": "步骤17", "prop": 10028, "num": 1, "taskReward": 1}, {"id": 18, "name": "步骤18", "prop": 40030, "num": 1, "taskReward": 2}, {"id": 19, "name": "步骤19", "prop": 40013, "num": 1, "taskReward": 1}, {"id": 20, "name": "步骤20", "prop": 20042, "num": 1, "taskReward": 1}, {"id": 21, "name": "步骤21", "prop": 20052, "num": 1, "taskReward": 1}]