[{"id": 1, "name": "库存消耗", "lock": 1, "lockSon": 1, "res1": 2, "you": 1, "djzl": 1, "djsj": 0, "num": "100,10,5", "weight": 35, "levelMin": 1, "levelMax": 100, "quality": 10, "taskReward": [1, 1]}, {"id": 2, "name": "库存消耗", "lock": 1, "lockSon": 1, "res1": 2, "you": 1, "djzl": 2, "djsj": 0, "num": "100,10,5", "weight": 35, "levelMin": 1, "levelMax": 100, "quality": 10, "taskReward": [1, 2]}, {"id": 3, "name": "重新养起来", "lock": 1, "lockSon": 1, "res1": 3, "you": 0, "djzl": 1, "djsj": 0, "num": "100,10,5", "weight": 100, "levelMin": 5, "levelMax": 100, "quality": 10, "taskReward": [1, 2]}, {"id": 4, "name": "重新养起来", "lock": 1, "lockSon": 1, "res1": 3, "you": 0, "djzl": 1, "djsj": 1, "num": "100,10,5", "weight": 100, "levelMin": 10, "levelMax": 100, "quality": 10, "taskReward": [1, 2]}, {"id": 5, "name": "重新养起来", "lock": 1, "lockSon": 1, "res1": 3, "you": 0, "djzl": 1, "djsj": 2, "num": "100,10,5", "weight": 20, "levelMin": 15, "levelMax": 100, "quality": 10, "taskReward": [1, 2, 3]}, {"id": 6, "name": "重新养起来", "lock": 1, "lockSon": 1, "res1": 3, "you": 0, "djzl": 1, "djsj": 3, "num": "100,10,5", "weight": 20, "levelMin": 25, "levelMax": 100, "quality": 10, "taskReward": [1, 2, 3]}, {"id": 7, "name": "重新养起来", "lock": 1, "lockSon": 1, "res1": 3, "you": 0, "djzl": 1, "djsj": 4, "num": "100,10,5", "weight": 20, "levelMin": 30, "levelMax": 100, "quality": 10, "taskReward": [1, 2, 3]}, {"id": 8, "name": "重新养起来", "lock": 1, "lockSon": 1, "res1": 3, "you": 0, "djzl": 1, "djsj": 5, "num": "100,10,5", "weight": 20, "levelMin": 35, "levelMax": 100, "quality": 10, "taskReward": [1, 2, 3]}, {"id": 9, "name": "重新养起来", "lock": 1, "lockSon": 1, "res1": 3, "you": 0, "djzl": 1, "djsj": 6, "num": "100,10,5", "weight": 20, "levelMin": 40, "levelMax": 100, "quality": 10, "taskReward": [1, 2, 3]}, {"id": 10, "name": "重新养起来", "lock": 1, "lockSon": 1, "res1": 3, "you": 0, "djzl": 1, "djsj": 7, "num": "100,10,5", "weight": 20, "levelMin": 45, "levelMax": 100, "quality": 10, "taskReward": [1, 2, 3]}, {"id": 11, "name": "重新养起来", "lock": 1, "lockSon": 1, "res1": 3, "you": 0, "djzl": 1, "djsj": 8, "num": "100,10,5", "weight": 20, "levelMin": 50, "levelMax": 100, "quality": 10, "taskReward": [1, 2, 3]}, {"id": 12, "name": "重新养起来", "lock": 1, "lockSon": 1, "res1": 3, "you": 0, "djzl": 1, "djsj": 9, "num": "100,10,5", "weight": 20, "levelMin": 55, "levelMax": 100, "quality": 10, "taskReward": [1, 2, 3, 4]}, {"id": 13, "name": "重新养起来", "lock": 1, "lockSon": 1, "res1": 3, "you": 0, "djzl": 1, "djsj": 10, "num": "100,10,5", "weight": 20, "levelMin": 60, "levelMax": 100, "quality": 10, "taskReward": [2, 3, 4]}, {"id": 14, "name": "重新养起来", "lock": 1, "lockSon": 1, "res1": 3, "you": 0, "djzl": 2, "djsj": 1, "num": "100,10,5", "weight": 100, "levelMin": 15, "levelMax": 100, "quality": 10, "taskReward": [4, 4]}, {"id": 15, "name": "重新养起来", "lock": 1, "lockSon": 1, "res1": 3, "you": 0, "djzl": 2, "djsj": 1, "num": "100,10,5", "weight": 100, "levelMin": 18, "levelMax": 100, "quality": 10, "taskReward": [4, 4]}, {"id": 16, "name": "重新养起来", "lock": 1, "lockSon": 1, "res1": 3, "you": 0, "djzl": 2, "djsj": 2, "num": "100,10,5", "weight": 20, "levelMin": 22, "levelMax": 100, "quality": 10, "taskReward": [4, 4]}, {"id": 17, "name": "重新养起来", "lock": 1, "lockSon": 1, "res1": 3, "you": 0, "djzl": 2, "djsj": 3, "num": "100,10,5", "weight": 20, "levelMin": 25, "levelMax": 100, "quality": 10, "taskReward": [4, 4]}, {"id": 18, "name": "重新养起来", "lock": 1, "lockSon": 1, "res1": 3, "you": 0, "djzl": 2, "djsj": 4, "num": "100,10,5", "weight": 20, "levelMin": 30, "levelMax": 100, "quality": 10, "taskReward": [4, 4]}, {"id": 19, "name": "重新养起来", "lock": 1, "lockSon": 1, "res1": 3, "you": 0, "djzl": 2, "djsj": 5, "num": "100,10,5", "weight": 20, "levelMin": 35, "levelMax": 100, "quality": 10, "taskReward": [4, 4]}, {"id": 20, "name": "重新养起来", "lock": 1, "lockSon": 1, "res1": 3, "you": 0, "djzl": 2, "djsj": 6, "num": "100,10,5", "weight": 20, "levelMin": 40, "levelMax": 100, "quality": 10, "taskReward": [4, 4]}, {"id": 21, "name": "重新养起来", "lock": 1, "lockSon": 1, "res1": 3, "you": 0, "djzl": 2, "djsj": 7, "num": "100,10,5", "weight": 20, "levelMin": 45, "levelMax": 100, "quality": 10, "taskReward": [4, 4]}, {"id": 22, "name": "重新养起来", "lock": 1, "lockSon": 1, "res1": 3, "you": 0, "djzl": 2, "djsj": 8, "num": "100,10,5", "weight": 20, "levelMin": 50, "levelMax": 100, "quality": 10, "taskReward": [4, 4]}, {"id": 23, "name": "重新养起来", "lock": 1, "lockSon": 1, "res1": 3, "you": 0, "djzl": 2, "djsj": 9, "num": "100,10,5", "weight": 20, "levelMin": 55, "levelMax": 100, "quality": 10, "taskReward": [4, 4]}, {"id": 24, "name": "重新养起来", "lock": 1, "lockSon": 1, "res1": 3, "you": 0, "djzl": 2, "djsj": 10, "num": "100,10,5", "weight": 20, "levelMin": 60, "levelMax": 100, "quality": 10, "taskReward": [4, 4]}, {"id": 25, "name": "库存消耗", "lock": 1, "lockSon": 1, "res1": 2, "you": 1, "djzl": 1, "djsj": 1, "num": "100,10,5", "weight": 100, "levelMin": 10, "levelMax": 100, "quality": 10, "taskReward": [2, 3, 4, 5]}, {"id": 26, "name": "库存消耗", "lock": 1, "lockSon": 1, "res1": 2, "you": 1, "djzl": 1, "djsj": 2, "num": "100,10,5", "weight": 20, "levelMin": 15, "levelMax": 100, "quality": 10, "taskReward": [2, 3, 4]}, {"id": 27, "name": "库存消耗", "lock": 1, "lockSon": 1, "res1": 2, "you": 1, "djzl": 1, "djsj": 3, "num": "100,10,5", "weight": 20, "levelMin": 20, "levelMax": 100, "quality": 10, "taskReward": [2, 3, 4]}, {"id": 28, "name": "库存消耗", "lock": 1, "lockSon": 1, "res1": 2, "you": 1, "djzl": 1, "djsj": 4, "num": "100,10,5", "weight": 20, "levelMin": 30, "levelMax": 100, "quality": 10, "taskReward": [2, 3, 4]}, {"id": 29, "name": "库存消耗", "lock": 1, "lockSon": 1, "res1": 2, "you": 1, "djzl": 1, "djsj": 5, "num": "100,10,5", "weight": 20, "levelMin": 40, "levelMax": 100, "quality": 10, "taskReward": [2, 3, 4]}, {"id": 30, "name": "库存消耗", "lock": 1, "lockSon": 1, "res1": 2, "you": 1, "djzl": 1, "djsj": 6, "num": "100,10,5", "weight": 20, "levelMin": 50, "levelMax": 100, "quality": 10, "taskReward": [2, 3, 4]}, {"id": 31, "name": "库存消耗", "lock": 1, "lockSon": 1, "res1": 2, "you": 1, "djzl": 1, "djsj": 7, "num": "100,10,5", "weight": 20, "levelMin": 60, "levelMax": 100, "quality": 10, "taskReward": [2, 3, 4]}, {"id": 32, "name": "库存消耗", "lock": 1, "lockSon": 1, "res1": 2, "you": 1, "djzl": 1, "djsj": 8, "num": "100,10,5", "weight": 20, "levelMin": 70, "levelMax": 100, "quality": 10, "taskReward": [2, 3, 4]}, {"id": 33, "name": "库存消耗", "lock": 1, "lockSon": 1, "res1": 2, "you": 1, "djzl": 1, "djsj": 9, "num": "100,10,5", "weight": 20, "levelMin": 80, "levelMax": 100, "quality": 10, "taskReward": [2, 3, 4]}, {"id": 34, "name": "库存消耗", "lock": 1, "lockSon": 1, "res1": 2, "you": 1, "djzl": 1, "djsj": 10, "num": "100,10,5", "weight": 20, "levelMin": 90, "levelMax": 100, "quality": 10, "taskReward": [2, 3, 4]}, {"id": 35, "name": "库存消耗", "lock": 1, "lockSon": 1, "res1": 2, "you": 1, "djzl": 2, "djsj": 1, "num": "100,10,5", "weight": 100, "levelMin": 10, "levelMax": 100, "quality": 10, "taskReward": [2, 3, 4, 5]}, {"id": 36, "name": "库存消耗", "lock": 1, "lockSon": 1, "res1": 2, "you": 1, "djzl": 2, "djsj": 2, "num": "100,10,5", "weight": 20, "levelMin": 15, "levelMax": 100, "quality": 10, "taskReward": [2, 3, 4]}, {"id": 37, "name": "库存消耗", "lock": 1, "lockSon": 1, "res1": 2, "you": 1, "djzl": 2, "djsj": 3, "num": "100,10,5", "weight": 20, "levelMin": 20, "levelMax": 100, "quality": 10, "taskReward": [2, 3, 4]}, {"id": 38, "name": "库存消耗", "lock": 1, "lockSon": 1, "res1": 2, "you": 1, "djzl": 2, "djsj": 4, "num": "100,10,5", "weight": 20, "levelMin": 30, "levelMax": 100, "quality": 10, "taskReward": [2, 3, 4]}, {"id": 39, "name": "库存消耗", "lock": 1, "lockSon": 1, "res1": 2, "you": 1, "djzl": 2, "djsj": 5, "num": "100,10,5", "weight": 20, "levelMin": 40, "levelMax": 100, "quality": 10, "taskReward": [2, 3, 4]}, {"id": 40, "name": "库存消耗", "lock": 1, "lockSon": 1, "res1": 2, "you": 1, "djzl": 2, "djsj": 6, "num": "100,10,5", "weight": 20, "levelMin": 50, "levelMax": 100, "quality": 10, "taskReward": [2, 3, 4]}, {"id": 41, "name": "库存消耗", "lock": 1, "lockSon": 1, "res1": 2, "you": 1, "djzl": 2, "djsj": 7, "num": "100,10,5", "weight": 20, "levelMin": 60, "levelMax": 100, "quality": 10, "taskReward": [2, 3, 4]}, {"id": 42, "name": "库存消耗", "lock": 1, "lockSon": 1, "res1": 2, "you": 1, "djzl": 2, "djsj": 8, "num": "100,10,5", "weight": 20, "levelMin": 70, "levelMax": 100, "quality": 10, "taskReward": [2, 3, 4]}, {"id": 43, "name": "库存消耗", "lock": 1, "lockSon": 1, "res1": 2, "you": 1, "djzl": 2, "djsj": 9, "num": "100,10,5", "weight": 20, "levelMin": 80, "levelMax": 100, "quality": 10, "taskReward": [2, 3, 4]}, {"id": 44, "name": "库存消耗", "lock": 1, "lockSon": 1, "res1": 2, "you": 1, "djzl": 2, "djsj": 10, "num": "100,10,5", "weight": 20, "levelMin": 90, "levelMax": 100, "quality": 10, "taskReward": [2, 3, 4]}, {"id": 45, "name": "发现新物品", "lock": 0, "lockSon": 1, "res1": 4, "you": 0, "djzl": 1, "djsj": 0, "num": "100,10,5", "weight": 20, "levelMin": 20, "levelMax": 100, "quality": 15, "taskReward": [4, 5, 6, 7]}, {"id": 46, "name": "发现新物品", "lock": 0, "lockSon": 1, "res1": 4, "you": 0, "djzl": 2, "djsj": 0, "num": "100,10,5", "weight": 20, "levelMin": 20, "levelMax": 100, "quality": 15, "taskReward": [4, 5, 6, 7]}, {"id": 47, "name": "发现新大陆", "lock": 0, "lockSon": 0, "res1": 5, "you": 0, "djzl": 1, "djsj": 0, "num": "100,10,5", "weight": 10, "levelMin": 20, "levelMax": 100, "quality": 20, "taskReward": [5, 6, 7, 8]}, {"id": 48, "name": "发现新大陆", "lock": 0, "lockSon": 0, "res1": 5, "you": 0, "djzl": 2, "djsj": 0, "num": "100,10,5", "weight": 10, "levelMin": 20, "levelMax": 100, "quality": 20, "taskReward": [5, 6, 7, 8]}, {"id": 49, "name": "不管是否拥有", "lock": 1, "lockSon": 1, "res1": 6, "you": 1, "djzl": 1, "djsj": 0, "num": "100,10,5", "weight": 100, "levelMin": 1, "levelMax": 100, "quality": 10, "taskReward": [1, 1]}, {"id": 50, "name": "不管是否拥有", "lock": 1, "lockSon": 1, "res1": 6, "you": 1, "djzl": 2, "djsj": 0, "num": "100,10,5", "weight": 100, "levelMin": 1, "levelMax": 100, "quality": 10, "taskReward": [1, 2]}]