[{"id": 101, "type": 101, "typename": "", "typeson": 0, "sonname": "", "luna": 1}, {"id": 102, "type": 102, "typename": "", "typeson": 0, "sonname": "", "luna": 1}, {"id": 103, "type": 103, "typename": "", "typeson": 0, "sonname": "", "luna": 1}, {"id": 104, "type": 104, "typename": "", "typeson": 0, "sonname": "", "luna": 1}, {"id": 105, "type": 105, "typename": "", "typeson": 0, "sonname": "", "luna": 1}, {"id": 106, "type": 106, "typename": "", "typeson": 0, "sonname": "", "luna": 1}, {"id": 107, "type": 107, "typename": "", "typeson": 0, "sonname": "", "luna": 1}, {"id": 108, "type": 108, "typename": "", "typeson": 0, "sonname": "", "luna": 1}, {"id": 201, "type": 11, "typename": "金币", "typeson": 0, "sonname": "金币", "luna": 1}, {"id": 202, "type": 11, "typename": "金币", "typeson": 0, "sonname": "金币", "luna": 2}, {"id": 203, "type": 11, "typename": "金币", "typeson": 0, "sonname": "金币", "luna": 3}, {"id": 204, "type": 11, "typename": "金币", "typeson": 0, "sonname": "金币", "luna": 4}, {"id": 205, "type": 11, "typename": "金币", "typeson": 0, "sonname": "金币", "luna": 5}, {"id": 206, "type": 12, "typename": "钻石", "typeson": 0, "sonname": "钻石", "luna": 1}, {"id": 207, "type": 12, "typename": "钻石", "typeson": 0, "sonname": "钻石", "luna": 2}, {"id": 208, "type": 12, "typename": "钻石", "typeson": 0, "sonname": "钻石", "luna": 3}, {"id": 209, "type": 12, "typename": "钻石", "typeson": 0, "sonname": "钻石", "luna": 4}, {"id": 210, "type": 210, "typename": "", "typeson": 0, "sonname": "", "luna": 1}, {"id": 211, "type": 11, "typename": "金币", "typeson": 0, "sonname": "金币", "luna": 6}, {"id": 301, "type": 13, "typename": "", "typeson": 0, "sonname": "", "luna": 1}, {"id": 302, "type": 13, "typename": "", "typeson": 0, "sonname": "", "luna": 2}, {"id": 303, "type": 13, "typename": "", "typeson": 0, "sonname": "", "luna": 3}, {"id": 304, "type": 13, "typename": "", "typeson": 0, "sonname": "", "luna": 4}, {"id": 305, "type": 27, "typename": "", "typeson": 0, "sonname": "", "luna": 1}, {"id": 306, "type": 306, "typename": "", "typeson": 0, "sonname": "", "luna": 1}, {"id": 401, "type": 14, "typename": "", "typeson": 0, "sonname": "", "luna": 1}, {"id": 801, "type": 15, "typename": "能量", "typeson": 0, "sonname": "能量", "luna": 1}, {"id": 802, "type": 15, "typename": "能量", "typeson": 0, "sonname": "能量", "luna": 2}, {"id": 803, "type": 15, "typename": "能量", "typeson": 0, "sonname": "能量", "luna": 3}, {"id": 804, "type": 15, "typename": "能量", "typeson": 0, "sonname": "能量", "luna": 4}, {"id": 805, "type": 15, "typename": "能量", "typeson": 0, "sonname": "能量", "luna": 5}, {"id": 806, "type": 806, "typename": "", "typeson": 0, "sonname": "", "luna": 4}, {"id": 807, "type": 807, "typename": "", "typeson": 0, "sonname": "", "luna": 4}, {"id": 808, "type": 808, "typename": "", "typeson": 0, "sonname": "", "luna": 4}, {"id": 809, "type": 809, "typename": "", "typeson": 0, "sonname": "", "luna": 4}, {"id": 901, "type": 901, "typename": "", "typeson": 0, "sonname": "", "luna": 4}, {"id": 1001, "type": 19, "typename": "", "typeson": 0, "sonname": "", "luna": 4}, {"id": 1002, "type": 20, "typename": "", "typeson": 0, "sonname": "", "luna": 4}, {"id": 1003, "type": 21, "typename": "", "typeson": 0, "sonname": "", "luna": 1}, {"id": 1004, "type": 21, "typename": "", "typeson": 0, "sonname": "", "luna": 2}, {"id": 1005, "type": 23, "typename": "", "typeson": 0, "sonname": "", "luna": 1}, {"id": 1006, "type": 23, "typename": "", "typeson": 0, "sonname": "", "luna": 2}, {"id": 1007, "type": 25, "typename": "", "typeson": 0, "sonname": "", "luna": 1}, {"id": 1008, "type": 25, "typename": "", "typeson": 0, "sonname": "", "luna": 2}, {"id": 1009, "type": 25, "typename": "", "typeson": 0, "sonname": "", "luna": 3}, {"id": 1010, "type": 28, "typename": "", "typeson": 0, "sonname": "", "luna": 4}, {"id": 2001, "type": 29, "typename": "", "typeson": 0, "sonname": "", "luna": 1}, {"id": 2002, "type": 30, "typename": "", "typeson": 0, "sonname": "", "luna": 1}, {"id": 2003, "type": 31, "typename": "", "typeson": 0, "sonname": "", "luna": 1}, {"id": 2004, "type": 32, "typename": "", "typeson": 0, "sonname": "", "luna": 1}, {"id": 2005, "type": 33, "typename": "", "typeson": 0, "sonname": "", "luna": 1}, {"id": 2006, "type": 33, "typename": "", "typeson": 0, "sonname": "", "luna": 1}, {"id": 2007, "type": 33, "typename": "", "typeson": 0, "sonname": "", "luna": 1}, {"id": 2008, "type": 33, "typename": "", "typeson": 0, "sonname": "", "luna": 1}, {"id": 2009, "type": 33, "typename": "", "typeson": 0, "sonname": "", "luna": 1}, {"id": 2010, "type": 33, "typename": "", "typeson": 0, "sonname": "", "luna": 1}, {"id": 10001, "type": 1, "typename": "打造健身房", "typeson": 1, "sonname": "维修工具箱", "luna": 1}, {"id": 10002, "type": 1, "typename": "打造健身房", "typeson": 1, "sonname": "维修工具箱", "luna": 2}, {"id": 10003, "type": 1, "typename": "打造健身房", "typeson": 1, "sonname": "维修工具箱", "luna": 3}, {"id": 10004, "type": 1, "typename": "打造健身房", "typeson": 1, "sonname": "维修工具箱", "luna": 4}, {"id": 10005, "type": 1, "typename": "打造健身房", "typeson": 1, "sonname": "维修工具箱", "luna": 5}, {"id": 10006, "type": 1, "typename": "打造健身房", "typeson": 1, "sonname": "维修工具箱", "luna": 6}, {"id": 10007, "type": 1, "typename": "打造健身房", "typeson": 1, "sonname": "维修工具箱", "luna": 7}, {"id": 10008, "type": 1, "typename": "打造健身房", "typeson": 1, "sonname": "维修工具箱", "luna": 8}, {"id": 10009, "type": 1, "typename": "打造健身房", "typeson": 1, "sonname": "维修工具箱", "luna": 9}, {"id": 10010, "type": 1, "typename": "打造健身房", "typeson": 1, "sonname": "维修工具箱", "luna": 10}, {"id": 10011, "type": 1, "typename": "打造健身房", "typeson": 1, "sonname": "维修工具箱", "luna": 11}, {"id": 10012, "type": 1, "typename": "打造健身房", "typeson": 2, "sonname": "维修工具", "luna": 1}, {"id": 10013, "type": 1, "typename": "打造健身房", "typeson": 2, "sonname": "维修工具", "luna": 2}, {"id": 10014, "type": 1, "typename": "打造健身房", "typeson": 2, "sonname": "维修工具", "luna": 3}, {"id": 10015, "type": 1, "typename": "打造健身房", "typeson": 2, "sonname": "维修工具", "luna": 4}, {"id": 10016, "type": 1, "typename": "打造健身房", "typeson": 2, "sonname": "维修工具", "luna": 5}, {"id": 10017, "type": 1, "typename": "打造健身房", "typeson": 2, "sonname": "维修工具", "luna": 6}, {"id": 10018, "type": 1, "typename": "打造健身房", "typeson": 2, "sonname": "维修工具", "luna": 7}, {"id": 10019, "type": 1, "typename": "打造健身房", "typeson": 2, "sonname": "维修工具", "luna": 8}, {"id": 10020, "type": 1, "typename": "打造健身房", "typeson": 2, "sonname": "维修工具", "luna": 9}, {"id": 10021, "type": 1, "typename": "打造健身房", "typeson": 2, "sonname": "维修工具", "luna": 10}, {"id": 10022, "type": 1, "typename": "打造健身房", "typeson": 2, "sonname": "维修工具", "luna": 11}, {"id": 10023, "type": 1, "typename": "打造健身房", "typeson": 2, "sonname": "维修工具", "luna": 12}, {"id": 10024, "type": 1, "typename": "打造健身房", "typeson": 2, "sonname": "维修工具", "luna": 13}, {"id": 10025, "type": 1, "typename": "打造健身房", "typeson": 2, "sonname": "维修工具", "luna": 14}, {"id": 10026, "type": 1, "typename": "打造健身房", "typeson": 3, "sonname": "手套", "luna": 1}, {"id": 10027, "type": 1, "typename": "打造健身房", "typeson": 3, "sonname": "手套", "luna": 2}, {"id": 10028, "type": 1, "typename": "打造健身房", "typeson": 3, "sonname": "手套", "luna": 3}, {"id": 20001, "type": 2, "typename": "健身吧肥啾", "typeson": 1, "sonname": "冰箱", "luna": 1}, {"id": 20002, "type": 2, "typename": "健身吧肥啾", "typeson": 1, "sonname": "冰箱", "luna": 2}, {"id": 20003, "type": 2, "typename": "健身吧肥啾", "typeson": 1, "sonname": "冰箱", "luna": 3}, {"id": 20004, "type": 2, "typename": "健身吧肥啾", "typeson": 1, "sonname": "冰箱", "luna": 4}, {"id": 20005, "type": 2, "typename": "健身吧肥啾", "typeson": 1, "sonname": "冰箱", "luna": 5}, {"id": 20006, "type": 2, "typename": "健身吧肥啾", "typeson": 1, "sonname": "冰箱", "luna": 6}, {"id": 20007, "type": 2, "typename": "健身吧肥啾", "typeson": 1, "sonname": "冰箱", "luna": 7}, {"id": 20008, "type": 2, "typename": "健身吧肥啾", "typeson": 1, "sonname": "冰箱", "luna": 8}, {"id": 20009, "type": 2, "typename": "健身吧肥啾", "typeson": 1, "sonname": "冰箱", "luna": 9}, {"id": 20010, "type": 2, "typename": "健身吧肥啾", "typeson": 1, "sonname": "冰箱", "luna": 10}, {"id": 20011, "type": 2, "typename": "健身吧肥啾", "typeson": 2, "sonname": "饮品", "luna": 1}, {"id": 20012, "type": 2, "typename": "健身吧肥啾", "typeson": 2, "sonname": "饮品", "luna": 2}, {"id": 20013, "type": 2, "typename": "健身吧肥啾", "typeson": 2, "sonname": "饮品", "luna": 3}, {"id": 20014, "type": 2, "typename": "健身吧肥啾", "typeson": 2, "sonname": "饮品", "luna": 4}, {"id": 20015, "type": 2, "typename": "健身吧肥啾", "typeson": 2, "sonname": "饮品", "luna": 5}, {"id": 20016, "type": 2, "typename": "健身吧肥啾", "typeson": 2, "sonname": "饮品", "luna": 6}, {"id": 20017, "type": 2, "typename": "健身吧肥啾", "typeson": 2, "sonname": "饮品", "luna": 7}, {"id": 20018, "type": 2, "typename": "健身吧肥啾", "typeson": 2, "sonname": "饮品", "luna": 8}, {"id": 20019, "type": 2, "typename": "健身吧肥啾", "typeson": 2, "sonname": "饮品", "luna": 9}, {"id": 20020, "type": 2, "typename": "健身吧肥啾", "typeson": 2, "sonname": "饮品", "luna": 10}, {"id": 20021, "type": 2, "typename": "健身吧肥啾", "typeson": 3, "sonname": "健康食品", "luna": 1}, {"id": 20022, "type": 2, "typename": "健身吧肥啾", "typeson": 3, "sonname": "健康食品", "luna": 2}, {"id": 20023, "type": 2, "typename": "健身吧肥啾", "typeson": 3, "sonname": "健康食品", "luna": 3}, {"id": 20024, "type": 2, "typename": "健身吧肥啾", "typeson": 3, "sonname": "健康食品", "luna": 4}, {"id": 20025, "type": 2, "typename": "健身吧肥啾", "typeson": 3, "sonname": "健康食品", "luna": 5}, {"id": 20026, "type": 2, "typename": "健身吧肥啾", "typeson": 4, "sonname": "常用药品", "luna": 1}, {"id": 20027, "type": 2, "typename": "健身吧肥啾", "typeson": 4, "sonname": "常用药品", "luna": 2}, {"id": 20028, "type": 2, "typename": "健身吧肥啾", "typeson": 4, "sonname": "常用药品", "luna": 3}, {"id": 20029, "type": 2, "typename": "健身吧肥啾", "typeson": 4, "sonname": "常用药品", "luna": 4}, {"id": 20030, "type": 2, "typename": "健身吧肥啾", "typeson": 5, "sonname": "器材采购车", "luna": 1}, {"id": 20031, "type": 2, "typename": "健身吧肥啾", "typeson": 5, "sonname": "器材采购车", "luna": 2}, {"id": 20032, "type": 2, "typename": "健身吧肥啾", "typeson": 5, "sonname": "器材采购车", "luna": 3}, {"id": 20033, "type": 2, "typename": "健身吧肥啾", "typeson": 5, "sonname": "器材采购车", "luna": 4}, {"id": 20034, "type": 2, "typename": "健身吧肥啾", "typeson": 5, "sonname": "器材采购车", "luna": 5}, {"id": 20035, "type": 2, "typename": "健身吧肥啾", "typeson": 5, "sonname": "器材采购车", "luna": 6}, {"id": 20036, "type": 2, "typename": "健身吧肥啾", "typeson": 5, "sonname": "器材采购车", "luna": 7}, {"id": 20037, "type": 2, "typename": "健身吧肥啾", "typeson": 5, "sonname": "器材采购车", "luna": 8}, {"id": 20038, "type": 2, "typename": "健身吧肥啾", "typeson": 5, "sonname": "器材采购车", "luna": 9}, {"id": 20039, "type": 2, "typename": "健身吧肥啾", "typeson": 5, "sonname": "器材采购车", "luna": 10}, {"id": 20040, "type": 2, "typename": "健身吧肥啾", "typeson": 5, "sonname": "器材采购车", "luna": 11}, {"id": 20041, "type": 2, "typename": "健身吧肥啾", "typeson": 6, "sonname": "有氧器材", "luna": 1}, {"id": 20042, "type": 2, "typename": "健身吧肥啾", "typeson": 6, "sonname": "有氧器材", "luna": 2}, {"id": 20043, "type": 2, "typename": "健身吧肥啾", "typeson": 6, "sonname": "有氧器材", "luna": 3}, {"id": 20044, "type": 2, "typename": "健身吧肥啾", "typeson": 6, "sonname": "有氧器材", "luna": 4}, {"id": 20045, "type": 2, "typename": "健身吧肥啾", "typeson": 6, "sonname": "有氧器材", "luna": 5}, {"id": 20046, "type": 2, "typename": "健身吧肥啾", "typeson": 6, "sonname": "有氧器材", "luna": 6}, {"id": 20047, "type": 2, "typename": "健身吧肥啾", "typeson": 6, "sonname": "有氧器材", "luna": 7}, {"id": 20048, "type": 2, "typename": "健身吧肥啾", "typeson": 6, "sonname": "有氧器材", "luna": 8}, {"id": 20049, "type": 2, "typename": "健身吧肥啾", "typeson": 6, "sonname": "有氧器材", "luna": 9}, {"id": 20050, "type": 2, "typename": "健身吧肥啾", "typeson": 6, "sonname": "有氧器材", "luna": 10}, {"id": 20051, "type": 2, "typename": "健身吧肥啾", "typeson": 6, "sonname": "有氧器材", "luna": 11}, {"id": 20052, "type": 2, "typename": "健身吧肥啾", "typeson": 7, "sonname": "力量器械", "luna": 1}, {"id": 20053, "type": 2, "typename": "健身吧肥啾", "typeson": 7, "sonname": "力量器械", "luna": 2}, {"id": 20054, "type": 2, "typename": "健身吧肥啾", "typeson": 7, "sonname": "力量器械", "luna": 3}, {"id": 20055, "type": 2, "typename": "健身吧肥啾", "typeson": 7, "sonname": "力量器械", "luna": 4}, {"id": 20056, "type": 2, "typename": "健身吧肥啾", "typeson": 7, "sonname": "力量器械", "luna": 5}, {"id": 20057, "type": 2, "typename": "健身吧肥啾", "typeson": 7, "sonname": "力量器械", "luna": 6}, {"id": 20058, "type": 2, "typename": "健身吧肥啾", "typeson": 7, "sonname": "力量器械", "luna": 7}, {"id": 20059, "type": 2, "typename": "健身吧肥啾", "typeson": 8, "sonname": "宣传方式", "luna": 1}, {"id": 20060, "type": 2, "typename": "健身吧肥啾", "typeson": 8, "sonname": "宣传方式", "luna": 2}, {"id": 20061, "type": 2, "typename": "健身吧肥啾", "typeson": 8, "sonname": "宣传方式", "luna": 3}, {"id": 20062, "type": 2, "typename": "健身吧肥啾", "typeson": 8, "sonname": "宣传方式", "luna": 4}, {"id": 20063, "type": 2, "typename": "健身吧肥啾", "typeson": 8, "sonname": "宣传方式", "luna": 5}, {"id": 20064, "type": 2, "typename": "健身吧肥啾", "typeson": 8, "sonname": "宣传方式", "luna": 6}, {"id": 20065, "type": 2, "typename": "健身吧肥啾", "typeson": 9, "sonname": "体能测试", "luna": 1}, {"id": 20066, "type": 2, "typename": "健身吧肥啾", "typeson": 9, "sonname": "体能测试", "luna": 2}, {"id": 20067, "type": 2, "typename": "健身吧肥啾", "typeson": 9, "sonname": "体能测试", "luna": 3}, {"id": 20068, "type": 2, "typename": "健身吧肥啾", "typeson": 9, "sonname": "体能测试", "luna": 4}, {"id": 20069, "type": 2, "typename": "健身吧肥啾", "typeson": 10, "sonname": "健身课程", "luna": 1}, {"id": 20070, "type": 2, "typename": "健身吧肥啾", "typeson": 10, "sonname": "健身课程", "luna": 2}, {"id": 20071, "type": 2, "typename": "健身吧肥啾", "typeson": 10, "sonname": "健身课程", "luna": 3}, {"id": 20072, "type": 2, "typename": "健身吧肥啾", "typeson": 10, "sonname": "健身课程", "luna": 4}, {"id": 20073, "type": 2, "typename": "健身吧肥啾", "typeson": 10, "sonname": "健身课程", "luna": 5}, {"id": 20074, "type": 2, "typename": "健身吧肥啾", "typeson": 10, "sonname": "健身课程", "luna": 6}, {"id": 20075, "type": 2, "typename": "健身吧肥啾", "typeson": 10, "sonname": "健身课程", "luna": 7}, {"id": 20076, "type": 2, "typename": "健身吧肥啾", "typeson": 10, "sonname": "健身课程", "luna": 8}, {"id": 20077, "type": 2, "typename": "健身吧肥啾", "typeson": 10, "sonname": "健身课程", "luna": 9}, {"id": 30001, "type": 3, "typename": "凌乱的储物间", "typeson": 1, "sonname": "购物车", "luna": 1}, {"id": 30002, "type": 3, "typename": "凌乱的储物间", "typeson": 1, "sonname": "购物车", "luna": 2}, {"id": 30003, "type": 3, "typename": "凌乱的储物间", "typeson": 1, "sonname": "购物车", "luna": 3}, {"id": 30004, "type": 3, "typename": "凌乱的储物间", "typeson": 1, "sonname": "购物车", "luna": 4}, {"id": 30005, "type": 3, "typename": "凌乱的储物间", "typeson": 1, "sonname": "购物车", "luna": 5}, {"id": 30006, "type": 3, "typename": "凌乱的储物间", "typeson": 1, "sonname": "购物车", "luna": 6}, {"id": 30007, "type": 3, "typename": "凌乱的储物间", "typeson": 1, "sonname": "购物车", "luna": 7}, {"id": 30008, "type": 3, "typename": "凌乱的储物间", "typeson": 2, "sonname": "储物箱", "luna": 1}, {"id": 30009, "type": 3, "typename": "凌乱的储物间", "typeson": 2, "sonname": "储物箱", "luna": 2}, {"id": 30010, "type": 3, "typename": "凌乱的储物间", "typeson": 2, "sonname": "储物箱", "luna": 3}, {"id": 30011, "type": 3, "typename": "凌乱的储物间", "typeson": 2, "sonname": "储物箱", "luna": 4}, {"id": 30012, "type": 3, "typename": "凌乱的储物间", "typeson": 2, "sonname": "储物箱", "luna": 5}, {"id": 30013, "type": 3, "typename": "凌乱的储物间", "typeson": 2, "sonname": "储物箱", "luna": 6}, {"id": 30014, "type": 3, "typename": "凌乱的储物间", "typeson": 2, "sonname": "储物箱", "luna": 7}, {"id": 30015, "type": 3, "typename": "凌乱的储物间", "typeson": 2, "sonname": "储物箱", "luna": 8}, {"id": 30016, "type": 3, "typename": "凌乱的储物间", "typeson": 2, "sonname": "储物箱", "luna": 9}, {"id": 30017, "type": 3, "typename": "凌乱的储物间", "typeson": 2, "sonname": "储物箱", "luna": 10}, {"id": 30018, "type": 3, "typename": "凌乱的储物间", "typeson": 2, "sonname": "储物箱", "luna": 11}, {"id": 30019, "type": 3, "typename": "凌乱的储物间", "typeson": 3, "sonname": "钥匙", "luna": 1}, {"id": 30020, "type": 3, "typename": "凌乱的储物间", "typeson": 3, "sonname": "钥匙", "luna": 2}, {"id": 30021, "type": 3, "typename": "凌乱的储物间", "typeson": 3, "sonname": "钥匙", "luna": 3}, {"id": 30022, "type": 3, "typename": "凌乱的储物间", "typeson": 3, "sonname": "钥匙", "luna": 4}, {"id": 30023, "type": 3, "typename": "凌乱的储物间", "typeson": 3, "sonname": "钥匙", "luna": 5}, {"id": 30024, "type": 3, "typename": "凌乱的储物间", "typeson": 4, "sonname": "拼图", "luna": 1}, {"id": 30025, "type": 3, "typename": "凌乱的储物间", "typeson": 4, "sonname": "拼图", "luna": 2}, {"id": 30026, "type": 3, "typename": "凌乱的储物间", "typeson": 4, "sonname": "拼图", "luna": 3}, {"id": 30027, "type": 3, "typename": "凌乱的储物间", "typeson": 4, "sonname": "拼图", "luna": 4}, {"id": 30028, "type": 3, "typename": "凌乱的储物间", "typeson": 4, "sonname": "拼图", "luna": 5}, {"id": 30029, "type": 3, "typename": "凌乱的储物间", "typeson": 4, "sonname": "拼图", "luna": 6}, {"id": 30030, "type": 3, "typename": "凌乱的储物间", "typeson": 4, "sonname": "拼图", "luna": 7}, {"id": 30031, "type": 3, "typename": "凌乱的储物间", "typeson": 4, "sonname": "拼图", "luna": 8}, {"id": 30032, "type": 3, "typename": "凌乱的储物间", "typeson": 4, "sonname": "拼图", "luna": 9}, {"id": 30033, "type": 3, "typename": "凌乱的储物间", "typeson": 4, "sonname": "拼图", "luna": 10}, {"id": 30034, "type": 3, "typename": "凌乱的储物间", "typeson": 4, "sonname": "拼图", "luna": 11}, {"id": 30035, "type": 3, "typename": "凌乱的储物间", "typeson": 4, "sonname": "拼图", "luna": 12}, {"id": 30036, "type": 3, "typename": "凌乱的储物间", "typeson": 4, "sonname": "拼图", "luna": 13}, {"id": 30037, "type": 3, "typename": "凌乱的储物间", "typeson": 5, "sonname": "神秘时光", "luna": 1}, {"id": 30038, "type": 3, "typename": "凌乱的储物间", "typeson": 5, "sonname": "神秘时光", "luna": 2}, {"id": 30039, "type": 3, "typename": "凌乱的储物间", "typeson": 5, "sonname": "神秘时光", "luna": 3}, {"id": 30040, "type": 3, "typename": "凌乱的储物间", "typeson": 5, "sonname": "神秘时光", "luna": 4}, {"id": 30041, "type": 3, "typename": "凌乱的储物间", "typeson": 5, "sonname": "神秘时光", "luna": 5}, {"id": 30042, "type": 3, "typename": "凌乱的储物间", "typeson": 5, "sonname": "神秘时光", "luna": 6}, {"id": 30043, "type": 3, "typename": "凌乱的储物间", "typeson": 5, "sonname": "神秘时光", "luna": 7}, {"id": 30044, "type": 3, "typename": "凌乱的储物间", "typeson": 5, "sonname": "神秘时光", "luna": 8}, {"id": 30045, "type": 3, "typename": "凌乱的储物间", "typeson": 5, "sonname": "神秘时光", "luna": 9}, {"id": 30046, "type": 3, "typename": "凌乱的储物间", "typeson": 5, "sonname": "神秘时光", "luna": 10}, {"id": 30047, "type": 3, "typename": "凌乱的储物间", "typeson": 5, "sonname": "神秘时光", "luna": 11}, {"id": 30048, "type": 3, "typename": "凌乱的储物间", "typeson": 5, "sonname": "神秘时光", "luna": 12}, {"id": 30049, "type": 3, "typename": "凌乱的储物间", "typeson": 6, "sonname": "遗失物", "luna": 1}, {"id": 30050, "type": 3, "typename": "凌乱的储物间", "typeson": 6, "sonname": "遗失物", "luna": 2}, {"id": 30051, "type": 3, "typename": "凌乱的储物间", "typeson": 6, "sonname": "遗失物", "luna": 3}, {"id": 30052, "type": 3, "typename": "凌乱的储物间", "typeson": 6, "sonname": "遗失物", "luna": 4}, {"id": 30053, "type": 3, "typename": "凌乱的储物间", "typeson": 6, "sonname": "遗失物", "luna": 5}, {"id": 30054, "type": 3, "typename": "凌乱的储物间", "typeson": 6, "sonname": "遗失物", "luna": 6}, {"id": 30055, "type": 3, "typename": "凌乱的储物间", "typeson": 7, "sonname": "娱乐设施", "luna": 1}, {"id": 30056, "type": 3, "typename": "凌乱的储物间", "typeson": 7, "sonname": "娱乐设施", "luna": 2}, {"id": 30057, "type": 3, "typename": "凌乱的储物间", "typeson": 7, "sonname": "娱乐设施", "luna": 3}, {"id": 30058, "type": 3, "typename": "凌乱的储物间", "typeson": 7, "sonname": "娱乐设施", "luna": 4}, {"id": 30059, "type": 3, "typename": "凌乱的储物间", "typeson": 7, "sonname": "娱乐设施", "luna": 5}, {"id": 30060, "type": 3, "typename": "凌乱的储物间", "typeson": 7, "sonname": "娱乐设施", "luna": 6}, {"id": 30061, "type": 3, "typename": "凌乱的储物间", "typeson": 7, "sonname": "娱乐设施", "luna": 7}, {"id": 30062, "type": 3, "typename": "凌乱的储物间", "typeson": 7, "sonname": "娱乐设施", "luna": 8}, {"id": 30063, "type": 3, "typename": "凌乱的储物间", "typeson": 8, "sonname": "游戏机", "luna": 1}, {"id": 30064, "type": 3, "typename": "凌乱的储物间", "typeson": 8, "sonname": "游戏机", "luna": 2}, {"id": 30065, "type": 3, "typename": "凌乱的储物间", "typeson": 8, "sonname": "游戏机", "luna": 3}, {"id": 30066, "type": 3, "typename": "凌乱的储物间", "typeson": 8, "sonname": "游戏机", "luna": 4}, {"id": 30067, "type": 3, "typename": "凌乱的储物间", "typeson": 9, "sonname": "野餐", "luna": 1}, {"id": 30068, "type": 3, "typename": "凌乱的储物间", "typeson": 9, "sonname": "野餐", "luna": 2}, {"id": 30069, "type": 3, "typename": "凌乱的储物间", "typeson": 9, "sonname": "野餐", "luna": 3}, {"id": 30070, "type": 3, "typename": "凌乱的储物间", "typeson": 9, "sonname": "野餐", "luna": 4}, {"id": 30071, "type": 3, "typename": "凌乱的储物间", "typeson": 9, "sonname": "野餐", "luna": 5}, {"id": 30072, "type": 3, "typename": "凌乱的储物间", "typeson": 10, "sonname": "肥啾斗恶龙", "luna": 1}, {"id": 30073, "type": 3, "typename": "凌乱的储物间", "typeson": 10, "sonname": "肥啾斗恶龙", "luna": 2}, {"id": 30074, "type": 3, "typename": "凌乱的储物间", "typeson": 10, "sonname": "肥啾斗恶龙", "luna": 3}, {"id": 30075, "type": 3, "typename": "凌乱的储物间", "typeson": 10, "sonname": "肥啾斗恶龙", "luna": 4}, {"id": 30076, "type": 3, "typename": "凌乱的储物间", "typeson": 10, "sonname": "肥啾斗恶龙", "luna": 5}, {"id": 30077, "type": 3, "typename": "凌乱的储物间", "typeson": 11, "sonname": "肥啾手办", "luna": 1}, {"id": 30078, "type": 3, "typename": "凌乱的储物间", "typeson": 11, "sonname": "肥啾手办", "luna": 2}, {"id": 30079, "type": 3, "typename": "凌乱的储物间", "typeson": 11, "sonname": "肥啾手办", "luna": 3}, {"id": 30080, "type": 3, "typename": "凌乱的储物间", "typeson": 11, "sonname": "肥啾手办", "luna": 4}, {"id": 30081, "type": 3, "typename": "凌乱的储物间", "typeson": 11, "sonname": "肥啾手办", "luna": 5}, {"id": 30082, "type": 3, "typename": "凌乱的储物间", "typeson": 11, "sonname": "肥啾手办", "luna": 6}, {"id": 40001, "type": 4, "typename": "园艺空间", "typeson": 1, "sonname": "花盆", "luna": 1}, {"id": 40002, "type": 4, "typename": "园艺空间", "typeson": 1, "sonname": "花盆", "luna": 2}, {"id": 40003, "type": 4, "typename": "园艺空间", "typeson": 1, "sonname": "花盆", "luna": 3}, {"id": 40004, "type": 4, "typename": "园艺空间", "typeson": 1, "sonname": "花盆", "luna": 4}, {"id": 40005, "type": 4, "typename": "园艺空间", "typeson": 1, "sonname": "花盆", "luna": 5}, {"id": 40006, "type": 4, "typename": "园艺空间", "typeson": 1, "sonname": "花盆", "luna": 6}, {"id": 40007, "type": 4, "typename": "园艺空间", "typeson": 1, "sonname": "花盆", "luna": 7}, {"id": 40008, "type": 4, "typename": "园艺空间", "typeson": 1, "sonname": "花盆", "luna": 8}, {"id": 40009, "type": 4, "typename": "园艺空间", "typeson": 1, "sonname": "花盆", "luna": 9}, {"id": 40010, "type": 4, "typename": "园艺空间", "typeson": 1, "sonname": "花盆", "luna": 10}, {"id": 40011, "type": 4, "typename": "园艺空间", "typeson": 2, "sonname": "种子袋", "luna": 1}, {"id": 40012, "type": 4, "typename": "园艺空间", "typeson": 2, "sonname": "种子袋", "luna": 2}, {"id": 40013, "type": 4, "typename": "园艺空间", "typeson": 2, "sonname": "种子袋", "luna": 3}, {"id": 40014, "type": 4, "typename": "园艺空间", "typeson": 2, "sonname": "种子袋", "luna": 4}, {"id": 40015, "type": 4, "typename": "园艺空间", "typeson": 3, "sonname": "用完种子袋", "luna": 1}, {"id": 40016, "type": 4, "typename": "园艺空间", "typeson": 3, "sonname": "用完种子袋", "luna": 2}, {"id": 40017, "type": 4, "typename": "园艺空间", "typeson": 3, "sonname": "用完种子袋", "luna": 3}, {"id": 40018, "type": 4, "typename": "园艺空间", "typeson": 3, "sonname": "用完种子袋", "luna": 4}, {"id": 40019, "type": 4, "typename": "园艺空间", "typeson": 4, "sonname": "布偶玩袋", "luna": 1}, {"id": 40020, "type": 4, "typename": "园艺空间", "typeson": 4, "sonname": "布偶玩袋", "luna": 2}, {"id": 40021, "type": 4, "typename": "园艺空间", "typeson": 4, "sonname": "布偶玩袋", "luna": 3}, {"id": 40022, "type": 4, "typename": "园艺空间", "typeson": 4, "sonname": "布偶玩袋", "luna": 4}, {"id": 40023, "type": 4, "typename": "园艺空间", "typeson": 4, "sonname": "布偶玩袋", "luna": 5}, {"id": 40024, "type": 4, "typename": "园艺空间", "typeson": 4, "sonname": "布偶玩袋", "luna": 6}, {"id": 40025, "type": 4, "typename": "园艺空间", "typeson": 4, "sonname": "布偶玩袋", "luna": 7}, {"id": 40026, "type": 4, "typename": "园艺空间", "typeson": 4, "sonname": "布偶玩袋", "luna": 8}, {"id": 40027, "type": 4, "typename": "园艺空间", "typeson": 5, "sonname": "盆栽", "luna": 1}, {"id": 40028, "type": 4, "typename": "园艺空间", "typeson": 5, "sonname": "盆栽", "luna": 2}, {"id": 40029, "type": 4, "typename": "园艺空间", "typeson": 5, "sonname": "盆栽", "luna": 3}, {"id": 40030, "type": 4, "typename": "园艺空间", "typeson": 5, "sonname": "盆栽", "luna": 4}, {"id": 40031, "type": 4, "typename": "园艺空间", "typeson": 5, "sonname": "盆栽", "luna": 5}, {"id": 40032, "type": 4, "typename": "园艺空间", "typeson": 5, "sonname": "盆栽", "luna": 6}, {"id": 40033, "type": 4, "typename": "园艺空间", "typeson": 6, "sonname": "蝴蝶", "luna": 1}, {"id": 40034, "type": 4, "typename": "园艺空间", "typeson": 6, "sonname": "蝴蝶", "luna": 2}, {"id": 40035, "type": 4, "typename": "园艺空间", "typeson": 6, "sonname": "蝴蝶", "luna": 3}, {"id": 40036, "type": 4, "typename": "园艺空间", "typeson": 6, "sonname": "蝴蝶", "luna": 4}, {"id": 40037, "type": 4, "typename": "园艺空间", "typeson": 6, "sonname": "蝴蝶", "luna": 5}, {"id": 40038, "type": 4, "typename": "园艺空间", "typeson": 6, "sonname": "蝴蝶", "luna": 6}, {"id": 40039, "type": 4, "typename": "园艺空间", "typeson": 7, "sonname": "花篮", "luna": 1}, {"id": 40040, "type": 4, "typename": "园艺空间", "typeson": 7, "sonname": "花篮", "luna": 2}, {"id": 40041, "type": 4, "typename": "园艺空间", "typeson": 7, "sonname": "花篮", "luna": 3}, {"id": 40042, "type": 4, "typename": "园艺空间", "typeson": 7, "sonname": "花篮", "luna": 4}, {"id": 40043, "type": 4, "typename": "园艺空间", "typeson": 7, "sonname": "花篮", "luna": 5}, {"id": 40044, "type": 4, "typename": "园艺空间", "typeson": 7, "sonname": "花篮", "luna": 6}, {"id": 40045, "type": 4, "typename": "园艺空间", "typeson": 7, "sonname": "花篮", "luna": 7}, {"id": 40046, "type": 4, "typename": "园艺空间", "typeson": 7, "sonname": "花篮", "luna": 8}, {"id": 40047, "type": 4, "typename": "园艺空间", "typeson": 7, "sonname": "花篮", "luna": 9}, {"id": 40048, "type": 4, "typename": "园艺空间", "typeson": 8, "sonname": "花艺", "luna": 1}, {"id": 40049, "type": 4, "typename": "园艺空间", "typeson": 8, "sonname": "花艺", "luna": 2}, {"id": 40050, "type": 4, "typename": "园艺空间", "typeson": 8, "sonname": "花艺", "luna": 3}, {"id": 40051, "type": 4, "typename": "园艺空间", "typeson": 8, "sonname": "花艺", "luna": 4}, {"id": 40052, "type": 4, "typename": "园艺空间", "typeson": 8, "sonname": "花艺", "luna": 5}, {"id": 40053, "type": 4, "typename": "园艺空间", "typeson": 8, "sonname": "花艺", "luna": 6}, {"id": 40054, "type": 4, "typename": "园艺空间", "typeson": 8, "sonname": "花艺", "luna": 7}, {"id": 40055, "type": 4, "typename": "园艺空间", "typeson": 8, "sonname": "花艺", "luna": 8}, {"id": 40056, "type": 4, "typename": "园艺空间", "typeson": 8, "sonname": "花艺", "luna": 9}, {"id": 50001, "type": 5, "typename": "健身房大扫除", "typeson": 1, "sonname": "扫地机器人", "luna": 1}, {"id": 50002, "type": 5, "typename": "健身房大扫除", "typeson": 1, "sonname": "扫地机器人", "luna": 2}, {"id": 50003, "type": 5, "typename": "健身房大扫除", "typeson": 1, "sonname": "扫地机器人", "luna": 3}, {"id": 50004, "type": 5, "typename": "健身房大扫除", "typeson": 1, "sonname": "扫地机器人", "luna": 4}, {"id": 50005, "type": 5, "typename": "健身房大扫除", "typeson": 1, "sonname": "扫地机器人", "luna": 5}, {"id": 50006, "type": 5, "typename": "健身房大扫除", "typeson": 1, "sonname": "扫地机器人", "luna": 6}, {"id": 50007, "type": 5, "typename": "健身房大扫除", "typeson": 1, "sonname": "扫地机器人", "luna": 7}, {"id": 50008, "type": 5, "typename": "健身房大扫除", "typeson": 1, "sonname": "扫地机器人", "luna": 8}, {"id": 50009, "type": 5, "typename": "健身房大扫除", "typeson": 1, "sonname": "扫地机器人", "luna": 9}, {"id": 50010, "type": 5, "typename": "健身房大扫除", "typeson": 1, "sonname": "扫地机器人", "luna": 10}, {"id": 50011, "type": 5, "typename": "健身房大扫除", "typeson": 2, "sonname": "垃圾", "luna": 1}, {"id": 50012, "type": 5, "typename": "健身房大扫除", "typeson": 2, "sonname": "垃圾", "luna": 2}, {"id": 50013, "type": 5, "typename": "健身房大扫除", "typeson": 2, "sonname": "垃圾", "luna": 3}, {"id": 50014, "type": 5, "typename": "健身房大扫除", "typeson": 2, "sonname": "垃圾", "luna": 4}, {"id": 50015, "type": 5, "typename": "健身房大扫除", "typeson": 2, "sonname": "垃圾", "luna": 5}, {"id": 50016, "type": 5, "typename": "健身房大扫除", "typeson": 2, "sonname": "垃圾", "luna": 6}, {"id": 50017, "type": 5, "typename": "健身房大扫除", "typeson": 3, "sonname": "老鼠", "luna": 1}, {"id": 50018, "type": 5, "typename": "健身房大扫除", "typeson": 3, "sonname": "老鼠", "luna": 2}, {"id": 50019, "type": 5, "typename": "健身房大扫除", "typeson": 3, "sonname": "老鼠", "luna": 3}, {"id": 50020, "type": 5, "typename": "健身房大扫除", "typeson": 3, "sonname": "老鼠", "luna": 4}, {"id": 50021, "type": 5, "typename": "健身房大扫除", "typeson": 3, "sonname": "老鼠", "luna": 5}, {"id": 50022, "type": 5, "typename": "健身房大扫除", "typeson": 3, "sonname": "老鼠", "luna": 6}, {"id": 50023, "type": 5, "typename": "健身房大扫除", "typeson": 4, "sonname": "小猫窝", "luna": 1}, {"id": 50024, "type": 5, "typename": "健身房大扫除", "typeson": 5, "sonname": "猫", "luna": 1}, {"id": 50025, "type": 5, "typename": "健身房大扫除", "typeson": 5, "sonname": "猫", "luna": 2}, {"id": 50026, "type": 5, "typename": "健身房大扫除", "typeson": 5, "sonname": "猫", "luna": 3}, {"id": 50027, "type": 5, "typename": "健身房大扫除", "typeson": 5, "sonname": "猫", "luna": 4}, {"id": 50028, "type": 5, "typename": "健身房大扫除", "typeson": 5, "sonname": "猫", "luna": 5}, {"id": 50029, "type": 5, "typename": "健身房大扫除", "typeson": 5, "sonname": "猫", "luna": 6}, {"id": 50030, "type": 5, "typename": "健身房大扫除", "typeson": 5, "sonname": "猫", "luna": 7}, {"id": 50031, "type": 5, "typename": "健身房大扫除", "typeson": 5, "sonname": "猫", "luna": 8}, {"id": 50032, "type": 5, "typename": "健身房大扫除", "typeson": 5, "sonname": "猫", "luna": 9}, {"id": 50033, "type": 5, "typename": "健身房大扫除", "typeson": 5, "sonname": "猫", "luna": 10}, {"id": 50034, "type": 5, "typename": "健身房大扫除", "typeson": 5, "sonname": "猫", "luna": 11}, {"id": 50035, "type": 5, "typename": "健身房大扫除", "typeson": 5, "sonname": "猫", "luna": 12}, {"id": 60001, "type": 6, "typename": "神奇的道具", "typeson": 1, "sonname": "无限能量", "luna": 1}, {"id": 60002, "type": 6, "typename": "神奇的道具", "typeson": 1, "sonname": "无限能量", "luna": 2}, {"id": 60003, "type": 6, "typename": "神奇的道具", "typeson": 1, "sonname": "无限能量", "luna": 3}, {"id": 60004, "type": 6, "typename": "神奇的道具", "typeson": 1, "sonname": "无限能量", "luna": 4}, {"id": 60005, "type": 6, "typename": "神奇的道具", "typeson": 2, "sonname": "充能器", "luna": 1}, {"id": 60006, "type": 6, "typename": "神奇的道具", "typeson": 2, "sonname": "充能器", "luna": 2}, {"id": 60007, "type": 6, "typename": "神奇的道具", "typeson": 2, "sonname": "充能器", "luna": 3}, {"id": 60008, "type": 6, "typename": "神奇的道具", "typeson": 3, "sonname": "拆分器", "luna": 1}, {"id": 60009, "type": 6, "typename": "神奇的道具", "typeson": 3, "sonname": "拆分器", "luna": 2}, {"id": 60010, "type": 6, "typename": "神奇的道具", "typeson": 3, "sonname": "拆分器", "luna": 3}, {"id": 60011, "type": 6, "typename": "神奇的道具", "typeson": 4, "sonname": "加速器", "luna": 1}, {"id": 60012, "type": 6, "typename": "神奇的道具", "typeson": 4, "sonname": "加速器", "luna": 2}, {"id": 60013, "type": 6, "typename": "神奇的道具", "typeson": 4, "sonname": "加速器", "luna": 3}, {"id": 60014, "type": 6, "typename": "神奇的道具", "typeson": 4, "sonname": "加速器", "luna": 4}, {"id": 60015, "type": 6, "typename": "神奇的道具", "typeson": 4, "sonname": "加速器", "luna": 5}, {"id": 60016, "type": 6, "typename": "神奇的道具", "typeson": 5, "sonname": "系列升级卡", "luna": 1}, {"id": 60017, "type": 6, "typename": "神奇的道具", "typeson": 5, "sonname": "系列升级卡", "luna": 2}, {"id": 60018, "type": 6, "typename": "神奇的道具", "typeson": 5, "sonname": "系列升级卡", "luna": 3}, {"id": 60019, "type": 6, "typename": "神奇的道具", "typeson": 6, "sonname": "超级升级卡", "luna": 1}, {"id": 60020, "type": 6, "typename": "神奇的道具", "typeson": 7, "sonname": "全能升级卡", "luna": 1}, {"id": 60021, "type": 6, "typename": "神奇的道具", "typeson": 8, "sonname": "扩容背包", "luna": 1}, {"id": 60022, "type": 6, "typename": "神奇的道具", "typeson": 9, "sonname": "怀表", "luna": 1}, {"id": 60023, "type": 6, "typename": "神奇的道具", "typeson": 10, "sonname": "柑橘香清洁剂", "luna": 1}, {"id": 60024, "type": 6, "typename": "神奇的道具", "typeson": 11, "sonname": "加速装置", "luna": 1}, {"id": 60025, "type": 6, "typename": "神奇的道具", "typeson": 11, "sonname": "加速装置", "luna": 2}, {"id": 60026, "type": 6, "typename": "神奇的道具", "typeson": 11, "sonname": "加速装置", "luna": 3}, {"id": 60027, "type": 6, "typename": "神奇的道具", "typeson": 11, "sonname": "加速装置", "luna": 4}, {"id": 60028, "type": 6, "typename": "神奇的道具", "typeson": 11, "sonname": "加速装置", "luna": 5}, {"id": 60029, "type": 6, "typename": "神奇的道具", "typeson": 11, "sonname": "加速装置", "luna": 6}, {"id": 60030, "type": 6, "typename": "神奇的道具", "typeson": 11, "sonname": "加速装置", "luna": 7}, {"id": 60031, "type": 6, "typename": "神奇的道具", "typeson": 11, "sonname": "加速装置", "luna": 8}]