[{"id": 1, "name": "开始当店长的第一天", "任务i": 1, "支": 1, "二级支": 1, "描": "3级装修手套", "res1": [[10028, 1]], "you": 1, "djzl": 1, "djsj": 0, "num": "100,10,5", "weight": 35, "levelMin": 1, "levelMax": 100, "quality": 10, "taskReward": [1, 1]}, {"id": 2, "name": "开始当店长的第一天", "任务i": 1, "支": 1, "二级支": 2, "描": "4级钳子", "res1": [[10015, 1]], "you": 1, "djzl": 2, "djsj": 0, "num": "100,10,5", "weight": 35, "levelMin": 1, "levelMax": 100, "quality": 10, "taskReward": [1, 2]}, {"id": 3, "name": "开始当店长的第一天", "任务i": 1, "支": 1, "二级支": 3, "描": "3级装修手套", "res1": [[10028, 1]], "you": 0, "djzl": 1, "djsj": 0, "num": "100,10,5", "weight": 100, "levelMin": 5, "levelMax": 100, "quality": 10, "taskReward": [1, 2]}, {"id": 5, "name": "开始当店长的第一天", "任务i": 1, "支": 1, "二级支": 4, "描": "4级钳子", "res1": [[10015, 1]], "you": 0, "djzl": 1, "djsj": 2, "num": "100,10,5", "weight": 20, "levelMin": 15, "levelMax": 100, "quality": 10, "taskReward": [1, 2, 3]}, {"id": 6, "name": "开始当店长的第一天", "任务i": 1, "支": 1, "二级支": 5, "描": "2级扁口螺丝刀", "res1": [[10013, 1]], "you": 0, "djzl": 1, "djsj": 3, "num": "100,10,5", "weight": 20, "levelMin": 25, "levelMax": 100, "quality": 10, "taskReward": [1, 2, 3]}, {"id": 7, "name": "开始当店长的第一天", "任务i": 1, "支": 1, "二级支": 6, "描": "3级六角扳手", "res1": [[10014, 1]], "you": 0, "djzl": 1, "djsj": 4, "num": "100,10,5", "weight": 20, "levelMin": 30, "levelMax": 100, "quality": 10, "taskReward": [1, 2, 3]}, {"id": 8, "name": "开始当店长的第一天", "任务i": 1, "支": 1, "二级支": 7, "描": "3级装修手套", "res1": [[10028, 1]], "you": 0, "djzl": 1, "djsj": 5, "num": "100,10,5", "weight": 20, "levelMin": 35, "levelMax": 100, "quality": 10, "taskReward": [1, 2, 3]}, {"id": 9, "name": "开始当店长的第一天", "任务i": 1, "支": 1, "二级支": 8, "描": "5级工具", "res1": [[10016, 1]], "you": 0, "djzl": 1, "djsj": 6, "num": "100,10,5", "weight": 20, "levelMin": 40, "levelMax": 100, "quality": 10, "taskReward": [1, 2, 3]}, {"id": 10, "name": "开始当店长的第一天", "任务i": 1, "支": 1, "二级支": 9, "描": "2级工具", "res1": [[10013, 1]], "you": 0, "djzl": 1, "djsj": 7, "num": "100,10,5", "weight": 20, "levelMin": 45, "levelMax": 100, "quality": 10, "taskReward": [1, 2, 3]}, {"id": 11, "name": "开始当店长的第一天", "任务i": 1, "支": 1, "二级支": 10, "描": "3级垃圾", "res1": [[50013, 1]], "you": 0, "djzl": 1, "djsj": 8, "num": "100,10,5", "weight": 20, "levelMin": 50, "levelMax": 100, "quality": 10, "taskReward": [1, 2, 3]}, {"id": 12, "name": "开始当店长的第一天", "任务i": 1, "支": 1, "二级支": 11, "描": "4级钳子", "res1": [[10015, 1]], "you": 0, "djzl": 1, "djsj": 9, "num": "100,10,5", "weight": 20, "levelMin": 55, "levelMax": 100, "quality": 10, "taskReward": [1, 2, 3, 4]}, {"id": 13, "name": "开始当店长的第一天", "任务i": 1, "支": 1, "二级支": 12, "描": "3级六角扳手", "res1": [[10014, 1]], "you": 0, "djzl": 1, "djsj": 10, "num": "100,10,5", "weight": 20, "levelMin": 60, "levelMax": 100, "quality": 10, "taskReward": [2, 3, 4]}, {"id": 14, "name": "开始当店长的第一天", "任务i": 1, "支": 1, "二级支": 13, "描": "5级工具", "res1": [[10016, 1]], "you": 0, "djzl": 2, "djsj": 1, "num": "100,10,5", "weight": 100, "levelMin": 15, "levelMax": 100, "quality": 10, "taskReward": [4, 4]}, {"id": 15, "name": "开始当店长的第一天", "任务i": 1, "支": 1, "二级支": 14, "描": "3级有氧+2级力量", "res1": [[20043, 1], [20053, 1]], "you": 0, "djzl": 2, "djsj": 1, "num": "100,10,5", "weight": 100, "levelMin": 18, "levelMax": 100, "quality": 10, "taskReward": [4, 4]}, {"id": 16, "name": "开始当店长的第一天", "任务i": 1, "支": 1, "二级支": 15, "描": "4级钳子", "res1": [[10015, 1]], "you": 0, "djzl": 2, "djsj": 2, "num": "100,10,5", "weight": 20, "levelMin": 22, "levelMax": 100, "quality": 10, "taskReward": [4, 4]}, {"id": 17, "name": "开始当店长的第一天", "任务i": 1, "支": 1, "二级支": 16, "描": "4级饮料", "res1": [[20014, 1]], "you": 0, "djzl": 2, "djsj": 3, "num": "100,10,5", "weight": 20, "levelMin": 25, "levelMax": 100, "quality": 10, "taskReward": [4, 4]}, {"id": 18, "name": "开始当店长的第一天", "任务i": 1, "支": 1, "二级支": 17, "描": "3级工具+2级药品", "res1": [[20043, 1], [20027, 1]], "you": 0, "djzl": 2, "djsj": 4, "num": "100,10,5", "weight": 20, "levelMin": 30, "levelMax": 100, "quality": 10, "taskReward": [4, 4]}, {"id": 19, "name": "开始当店长的第一天", "任务i": 1, "支": 1, "二级支": 18, "描": "1级蜗牛壳", "res1": [[40033, 1]], "you": 0, "djzl": 2, "djsj": 5, "num": "100,10,5", "weight": 20, "levelMin": 35, "levelMax": 100, "quality": 10, "taskReward": [4, 4]}, {"id": 20, "name": "开始当店长的第一天", "任务i": 1, "支": 1, "二级支": 19, "描": "3级手套+6级树", "res1": [[10028, 1], [40032, 1]], "you": 0, "djzl": 2, "djsj": 6, "num": "100,10,5", "weight": 20, "levelMin": 40, "levelMax": 100, "quality": 10, "taskReward": [4, 4]}, {"id": 21, "name": "开始当店长的第一天", "任务i": 1, "支": 1, "二级支": 20, "描": "7级工具+3级手套", "res1": [[10018, 1], [10028, 1]], "you": 0, "djzl": 2, "djsj": 7, "num": "100,10,5", "weight": 20, "levelMin": 45, "levelMax": 100, "quality": 10, "taskReward": [4, 4]}, {"id": 22, "name": "开始当店长的第一天", "任务i": 1, "支": 1, "二级支": 21, "描": "4级垃圾", "res1": [[50014, 1]], "you": 0, "djzl": 2, "djsj": 8, "num": "100,10,5", "weight": 20, "levelMin": 50, "levelMax": 100, "quality": 10, "taskReward": [4, 4]}, {"id": 23, "name": "开始当店长的第一天", "任务i": 1, "支": 1, "二级支": 22, "描": "1级空种子袋", "res1": [[40015, 1]], "you": 0, "djzl": 2, "djsj": 9, "num": "100,10,5", "weight": 20, "levelMin": 55, "levelMax": 100, "quality": 10, "taskReward": [4, 4]}, {"id": 24, "name": "开始当店长的第一天", "任务i": 1, "支": 1, "二级支": 23, "描": "6级树", "res1": [[40032, 1]], "you": 0, "djzl": 2, "djsj": 10, "num": "100,10,5", "weight": 20, "levelMin": 60, "levelMax": 100, "quality": 10, "taskReward": [4, 4]}, {"id": 25, "name": "开始当店长的第一天", "任务i": 1, "支": 1, "二级支": 24, "描": "4级有氧", "res1": [[20044, 1]], "you": 1, "djzl": 1, "djsj": 1, "num": "100,10,5", "weight": 100, "levelMin": 10, "levelMax": 100, "quality": 10, "taskReward": [2, 3, 4, 5]}, {"id": 26, "name": "开始当店长的第一天", "任务i": 1, "支": 1, "二级支": 25, "描": "4级工具+3级饮料", "res1": [[10015, 1], [20013, 1]], "you": 1, "djzl": 1, "djsj": 2, "num": "100,10,5", "weight": 20, "levelMin": 15, "levelMax": 100, "quality": 10, "taskReward": [2, 3, 4]}, {"id": 27, "name": "开始当店长的第一天", "任务i": 1, "支": 1, "二级支": 26, "描": "6工具+3手套", "res1": [[10017, 1], [10028, 1]], "you": 0, "djzl": 0, "djsj": 0, "num": "", "weight": 0, "levelMin": 0, "levelMax": 0, "quality": 0, "taskReward": 0}, {"id": 28, "name": "开始当店长的第一天", "任务i": 1, "支": 1, "二级支": 27, "描": "4级饮料", "res1": [[20014, 1]], "you": 1, "djzl": 1, "djsj": 3, "num": "100,10,5", "weight": 20, "levelMin": 20, "levelMax": 100, "quality": 10, "taskReward": [2, 3, 4]}, {"id": 29, "name": "开始当店长的第一天", "任务i": 1, "支": 1, "二级支": 28, "描": "3级有氧", "res1": [[20044, 1]], "you": 1, "djzl": 1, "djsj": 4, "num": "100,10,5", "weight": 20, "levelMin": 30, "levelMax": 100, "quality": 10, "taskReward": [2, 3, 4]}, {"id": 30, "name": "开始当店长的第一天", "任务i": 1, "支": 1, "二级支": 29, "描": "3级装修手套+1老鼠", "res1": [[10028, 1], [50017, 1]], "you": 1, "djzl": 1, "djsj": 5, "num": "100,10,5", "weight": 20, "levelMin": 40, "levelMax": 100, "quality": 10, "taskReward": [2, 3, 4]}, {"id": 31, "name": "开始当店长的第一天", "任务i": 1, "支": 2, "二级支": 9, "描": "2级种子包", "res1": [[40012, 1]], "you": 1, "djzl": 1, "djsj": 6, "num": "100,10,5", "weight": 20, "levelMin": 50, "levelMax": 100, "quality": 10, "taskReward": [2, 3, 4]}, {"id": 32, "name": "开始当店长的第一天", "任务i": 1, "支": 2, "二级支": 10, "描": "4级工具+3级手套", "res1": [[10015, 1], [10028, 1]], "you": 1, "djzl": 1, "djsj": 7, "num": "100,10,5", "weight": 20, "levelMin": 60, "levelMax": 100, "quality": 10, "taskReward": [2, 3, 4]}, {"id": 33, "name": "开始当店长的第一天", "任务i": 1, "支": 2, "二级支": 11, "描": "3级树", "res1": [[40029, 1]], "you": 1, "djzl": 1, "djsj": 8, "num": "100,10,5", "weight": 20, "levelMin": 70, "levelMax": 100, "quality": 10, "taskReward": [2, 3, 4]}, {"id": 34, "name": "开始当店长的第一天", "任务i": 1, "支": 2, "二级支": 12, "描": "3级装修手套+1空种子袋", "res1": [[10028, 1], [40015, 1]], "you": 1, "djzl": 1, "djsj": 9, "num": "100,10,5", "weight": 20, "levelMin": 80, "levelMax": 100, "quality": 10, "taskReward": [2, 3, 4]}, {"id": 35, "name": "开始当店长的第一天", "任务i": 1, "支": 2, "二级支": 13, "描": "2级工具+5级工具", "res1": [[20042, 1], [20045, 1]], "you": 1, "djzl": 1, "djsj": 10, "num": "100,10,5", "weight": 20, "levelMin": 90, "levelMax": 100, "quality": 10, "taskReward": [2, 3, 4]}, {"id": 36, "name": "开始当店长的第一天", "任务i": 1, "支": 2, "二级支": 14, "描": "1级蜗牛壳", "res1": [[40033, 1]], "you": 1, "djzl": 2, "djsj": 1, "num": "100,10,5", "weight": 100, "levelMin": 10, "levelMax": 100, "quality": 10, "taskReward": [2, 3, 4, 5]}, {"id": 37, "name": "开始当店长的第一天", "任务i": 1, "支": 2, "二级支": 15, "描": "4级钳子", "res1": [[10015, 1]], "you": 1, "djzl": 2, "djsj": 2, "num": "100,10,5", "weight": 20, "levelMin": 15, "levelMax": 100, "quality": 10, "taskReward": [2, 3, 4]}, {"id": 38, "name": "开始当店长的第一天", "任务i": 1, "支": 2, "二级支": 16, "描": "4级饮料", "res1": [[20014, 1]], "you": 1, "djzl": 2, "djsj": 3, "num": "100,10,5", "weight": 20, "levelMin": 20, "levelMax": 100, "quality": 10, "taskReward": [2, 3, 4]}, {"id": 39, "name": "开始当店长的第一天", "任务i": 1, "支": 3, "二级支": 3, "描": "3级装修手套", "res1": [[10028, 1]], "you": 1, "djzl": 2, "djsj": 4, "num": "100,10,5", "weight": 20, "levelMin": 30, "levelMax": 100, "quality": 10, "taskReward": [2, 3, 4]}, {"id": 40, "name": "开始当店长的第一天", "任务i": 1, "支": 3, "二级支": 4, "描": "4级钳子", "res1": [[10015, 1]], "you": 1, "djzl": 2, "djsj": 5, "num": "100,10,5", "weight": 20, "levelMin": 40, "levelMax": 100, "quality": 10, "taskReward": [2, 3, 4]}, {"id": 41, "name": "开始当店长的第一天", "任务i": 1, "支": 3, "二级支": 5, "描": "5级工具+3级手套", "res1": [[10016, 1], [10028, 1]], "you": 1, "djzl": 2, "djsj": 6, "num": "100,10,5", "weight": 20, "levelMin": 50, "levelMax": 100, "quality": 10, "taskReward": [2, 3, 4]}, {"id": 42, "name": "开始当店长的第一天", "任务i": 1, "支": 3, "二级支": 6, "描": "6级工具+3级手套", "res1": [[10017, 1], [10028, 1]], "you": 1, "djzl": 2, "djsj": 7, "num": "100,10,5", "weight": 20, "levelMin": 60, "levelMax": 100, "quality": 10, "taskReward": [2, 3, 4]}, {"id": 43, "name": "无穷无尽的客人求助", "任务i": 2, "支": 1, "二级支": 1, "描": "4级钳子", "res1": [[10015, 1]], "you": 1, "djzl": 2, "djsj": 8, "num": "100,10,5", "weight": 20, "levelMin": 70, "levelMax": 100, "quality": 10, "taskReward": [2, 3, 4]}, {"id": 44, "name": "无穷无尽的客人求助", "任务i": 2, "支": 1, "二级支": 2, "描": "3工具+3手套", "res1": [[10014, 1], [10028, 1]], "you": 1, "djzl": 2, "djsj": 9, "num": "100,10,5", "weight": 20, "levelMin": 80, "levelMax": 100, "quality": 10, "taskReward": [2, 3, 4]}, {"id": 45, "name": "无穷无尽的客人求助", "任务i": 2, "支": 1, "二级支": 3, "描": "3级有氧", "res1": [[20043, 1]], "you": 1, "djzl": 2, "djsj": 10, "num": "100,10,5", "weight": 20, "levelMin": 90, "levelMax": 100, "quality": 10, "taskReward": [2, 3, 4]}, {"id": 46, "name": "无穷无尽的客人求助", "任务i": 2, "支": 1, "二级支": 4, "描": "2工具+3手套", "res1": [[10013, 1], [10028, 1]], "you": 0, "djzl": 1, "djsj": 0, "num": "100,10,5", "weight": 20, "levelMin": 20, "levelMax": 100, "quality": 15, "taskReward": [4, 5, 6, 7]}, {"id": 47, "name": "无穷无尽的客人求助", "任务i": 2, "支": 1, "二级支": 5, "描": "4工具+3手套", "res1": [[10015, 1], [10028, 1]], "you": 0, "djzl": 2, "djsj": 0, "num": "100,10,5", "weight": 20, "levelMin": 20, "levelMax": 100, "quality": 15, "taskReward": [4, 5, 6, 7]}, {"id": 48, "name": "无穷无尽的客人求助", "任务i": 2, "支": 1, "二级支": 6, "描": "7级工具", "res1": [[10018, 1]], "you": 0, "djzl": 1, "djsj": 0, "num": "100,10,5", "weight": 10, "levelMin": 20, "levelMax": 100, "quality": 20, "taskReward": [5, 6, 7, 8]}, {"id": 49, "name": "无穷无尽的客人求助", "任务i": 2, "支": 1, "二级支": 7, "描": "5级工具", "res1": [[10016, 1]], "you": 0, "djzl": 2, "djsj": 0, "num": "100,10,5", "weight": 10, "levelMin": 20, "levelMax": 100, "quality": 20, "taskReward": [5, 6, 7, 8]}, {"id": 50, "name": "无穷无尽的客人求助", "任务i": 2, "支": 1, "二级支": 8, "描": "3级树", "res1": [[40029, 1]], "you": 1, "djzl": 1, "djsj": 0, "num": "100,10,5", "weight": 100, "levelMin": 1, "levelMax": 100, "quality": 10, "taskReward": [1, 1]}, {"id": 51, "name": "无穷无尽的客人求助", "任务i": 2, "支": 1, "二级支": 9, "描": "3工具+3手套", "res1": [[10014, 1], [10028, 1]], "you": 1, "djzl": 2, "djsj": 0, "num": "100,10,5", "weight": 100, "levelMin": 1, "levelMax": 100, "quality": 10, "taskReward": [1, 2]}, {"id": 52, "name": "无穷无尽的客人求助", "任务i": 2, "支": 1, "二级支": 10, "描": "4工具+3手套", "res1": [[10015, 1], [10028, 1]], "you": 0, "djzl": 0, "djsj": 0, "num": "", "weight": 0, "levelMin": 0, "levelMax": 0, "quality": 0, "taskReward": 0}, {"id": 53, "name": "无穷无尽的客人求助", "任务i": 2, "支": 1, "二级支": 11, "描": "4级钳子", "res1": [[10015, 1]], "you": 0, "djzl": 0, "djsj": 0, "num": "", "weight": 0, "levelMin": 0, "levelMax": 0, "quality": 0, "taskReward": 0}, {"id": 54, "name": "无穷无尽的客人求助", "任务i": 2, "支": 1, "二级支": 12, "描": "7级工具", "res1": [[10018, 1]], "you": 0, "djzl": 0, "djsj": 0, "num": "", "weight": 0, "levelMin": 0, "levelMax": 0, "quality": 0, "taskReward": 0}, {"id": 55, "name": "无穷无尽的客人求助", "任务i": 2, "支": 1, "二级支": 13, "描": "5级工具+3级手套", "res1": [[10016, 1], [10028, 1]], "you": 0, "djzl": 0, "djsj": 0, "num": "", "weight": 0, "levelMin": 0, "levelMax": 0, "quality": 0, "taskReward": 0}, {"id": 56, "name": "无穷无尽的客人求助", "任务i": 2, "支": 1, "二级支": 14, "描": "6级树", "res1": [[40032, 1]], "you": 0, "djzl": 0, "djsj": 0, "num": "", "weight": 0, "levelMin": 0, "levelMax": 0, "quality": 0, "taskReward": 0}, {"id": 57, "name": "无穷无尽的客人求助", "任务i": 2, "支": 2, "二级支": 14, "描": "5垃圾", "res1": [[50015, 1]], "you": 0, "djzl": 0, "djsj": 0, "num": "", "weight": 0, "levelMin": 0, "levelMax": 0, "quality": 0, "taskReward": 0}, {"id": 58, "name": "无穷无尽的客人求助", "任务i": 2, "支": 2, "二级支": 15, "描": "3工具+3手套", "res1": [[10014, 1], [10028, 1]], "you": 0, "djzl": 0, "djsj": 0, "num": "", "weight": 0, "levelMin": 0, "levelMax": 0, "quality": 0, "taskReward": 0}, {"id": 59, "name": "无穷无尽的客人求助", "任务i": 2, "支": 2, "二级支": 16, "描": "2饮料+3饮料", "res1": [[20012, 1], [20013, 1]], "you": 0, "djzl": 0, "djsj": 0, "num": "", "weight": 0, "levelMin": 0, "levelMax": 0, "quality": 0, "taskReward": 0}, {"id": 60, "name": "无穷无尽的客人求助", "任务i": 2, "支": 2, "二级支": 17, "描": "3有氧+2力量", "res1": [[20043, 1], [20053, 1]], "you": 0, "djzl": 0, "djsj": 0, "num": "", "weight": 0, "levelMin": 0, "levelMax": 0, "quality": 0, "taskReward": 0}, {"id": 61, "name": "无穷无尽的客人求助", "任务i": 2, "支": 2, "二级支": 18, "描": "4饮料+2药品", "res1": [[20014, 1], [20027, 1]], "you": 0, "djzl": 0, "djsj": 0, "num": "", "weight": 0, "levelMin": 0, "levelMax": 0, "quality": 0, "taskReward": 0}, {"id": 62, "name": "无穷无尽的客人求助", "任务i": 2, "支": 2, "二级支": 19, "描": "3药品", "res1": [[20028, 1]], "you": 0, "djzl": 0, "djsj": 0, "num": "", "weight": 0, "levelMin": 0, "levelMax": 0, "quality": 0, "taskReward": 0}, {"id": 63, "name": "无穷无尽的客人求助", "任务i": 2, "支": 2, "二级支": 20, "描": "4工具+3手套", "res1": [[10015, 1], [10028, 1]], "you": 0, "djzl": 0, "djsj": 0, "num": "", "weight": 0, "levelMin": 0, "levelMax": 0, "quality": 0, "taskReward": 0}, {"id": 64, "name": "无穷无尽的客人求助", "任务i": 2, "支": 2, "二级支": 21, "描": "3工具", "res1": [[10014, 1]], "you": 0, "djzl": 0, "djsj": 0, "num": "", "weight": 0, "levelMin": 0, "levelMax": 0, "quality": 0, "taskReward": 0}, {"id": 65, "name": "无穷无尽的客人求助", "任务i": 2, "支": 2, "二级支": 22, "描": "6级工具+3级手套", "res1": [[10017, 1], [10028, 1]], "you": 0, "djzl": 0, "djsj": 0, "num": "", "weight": 0, "levelMin": 0, "levelMax": 0, "quality": 0, "taskReward": 0}, {"id": 66, "name": "无穷无尽的客人求助", "任务i": 2, "支": 3, "二级支": 10, "描": "6级树", "res1": [[40032, 1]], "you": 0, "djzl": 0, "djsj": 0, "num": "", "weight": 0, "levelMin": 0, "levelMax": 0, "quality": 0, "taskReward": 0}, {"id": 67, "name": "无穷无尽的客人求助", "任务i": 2, "支": 3, "二级支": 11, "描": "1级布偶玩袋", "res1": [[40019, 1]], "you": 0, "djzl": 0, "djsj": 0, "num": "", "weight": 0, "levelMin": 0, "levelMax": 0, "quality": 0, "taskReward": 0}, {"id": 68, "name": "无穷无尽的客人求助", "任务i": 2, "支": 3, "二级支": 12, "描": "4储物柜", "res1": [[30011, 1]], "you": 0, "djzl": 0, "djsj": 0, "num": "", "weight": 0, "levelMin": 0, "levelMax": 0, "quality": 0, "taskReward": 0}, {"id": 69, "name": "无穷无尽的客人求助", "任务i": 2, "支": 3, "二级支": 13, "描": "2药品", "res1": [[20027, 1]], "you": 0, "djzl": 0, "djsj": 0, "num": "", "weight": 0, "levelMin": 0, "levelMax": 0, "quality": 0, "taskReward": 0}, {"id": 70, "name": "无穷无尽的客人求助", "任务i": 2, "支": 3, "二级支": 14, "描": "5级工具", "res1": [[10016, 1]], "you": 0, "djzl": 0, "djsj": 0, "num": "", "weight": 0, "levelMin": 0, "levelMax": 0, "quality": 0, "taskReward": 0}, {"id": 71, "name": "无穷无尽的客人求助", "任务i": 2, "支": 3, "二级支": 15, "描": "4级有氧", "res1": [[20044, 1]], "you": 0, "djzl": 0, "djsj": 0, "num": "", "weight": 0, "levelMin": 0, "levelMax": 0, "quality": 0, "taskReward": 0}, {"id": 72, "name": "无穷无尽的客人求助", "任务i": 2, "支": 4, "二级支": 12, "描": "4级课程", "res1": [[20072, 1]], "you": 0, "djzl": 0, "djsj": 0, "num": "", "weight": 0, "levelMin": 0, "levelMax": 0, "quality": 0, "taskReward": 0}, {"id": 73, "name": "无穷无尽的客人求助", "任务i": 2, "支": 5, "二级支": 3, "描": "3工具+2饮料", "res1": [[10014, 1], [20012, 1]], "you": 0, "djzl": 0, "djsj": 0, "num": "", "weight": 0, "levelMin": 0, "levelMax": 0, "quality": 0, "taskReward": 0}, {"id": 74, "name": "无穷无尽的客人求助", "任务i": 2, "支": 5, "二级支": 4, "描": "4工具+3手套", "res1": [[10015, 1], [10028, 1]], "you": 0, "djzl": 0, "djsj": 0, "num": "", "weight": 0, "levelMin": 0, "levelMax": 0, "quality": 0, "taskReward": 0}, {"id": 75, "name": "无穷无尽的客人求助", "任务i": 2, "支": 5, "二级支": 5, "描": "2储物柜+5储物柜", "res1": [[30009, 1], [30012, 1]], "you": 0, "djzl": 0, "djsj": 0, "num": "", "weight": 0, "levelMin": 0, "levelMax": 0, "quality": 0, "taskReward": 0}, {"id": 76, "name": "无穷无尽的客人求助", "任务i": 2, "支": 5, "二级支": 6, "描": "2饮料+2有氧", "res1": [[20012, 1], [20042, 1]], "you": 0, "djzl": 0, "djsj": 0, "num": "", "weight": 0, "levelMin": 0, "levelMax": 0, "quality": 0, "taskReward": 0}, {"id": 77, "name": "无穷无尽的客人求助", "任务i": 2, "支": 5, "二级支": 7, "描": "6级工具+3级手套", "res1": [[10017, 1], [10028, 1]], "you": 0, "djzl": 0, "djsj": 0, "num": "", "weight": 0, "levelMin": 0, "levelMax": 0, "quality": 0, "taskReward": 0}, {"id": 78, "name": "无穷无尽的客人求助", "任务i": 2, "支": 5, "二级支": 8, "描": "5级饮料", "res1": [[20015, 1]], "you": 0, "djzl": 0, "djsj": 0, "num": "", "weight": 0, "levelMin": 0, "levelMax": 0, "quality": 0, "taskReward": 0}, {"id": 79, "name": "无穷无尽的客人求助", "任务i": 2, "支": 5, "二级支": 9, "描": "4垃圾", "res1": [[50014, 1]], "you": 0, "djzl": 0, "djsj": 0, "num": "", "weight": 0, "levelMin": 0, "levelMax": 0, "quality": 0, "taskReward": 0}, {"id": 80, "name": "无穷无尽的客人求助", "任务i": 2, "支": 5, "二级支": 10, "描": "2级种子包", "res1": [[40012, 1]], "you": 0, "djzl": 0, "djsj": 0, "num": "", "weight": 0, "levelMin": 0, "levelMax": 0, "quality": 0, "taskReward": 0}, {"id": 81, "name": "无穷无尽的客人求助", "任务i": 2, "支": 5, "二级支": 11, "描": "3有氧+2力量", "res1": [[20043, 1], [20053, 1]], "you": 0, "djzl": 0, "djsj": 0, "num": "", "weight": 0, "levelMin": 0, "levelMax": 0, "quality": 0, "taskReward": 0}, {"id": 82, "name": "无穷无尽的客人求助", "任务i": 2, "支": 5, "二级支": 12, "描": "3饮料+4药品", "res1": [[20013, 1], [20030, 1]], "you": 0, "djzl": 0, "djsj": 0, "num": "", "weight": 0, "levelMin": 0, "levelMax": 0, "quality": 0, "taskReward": 0}, {"id": 83, "name": "无穷无尽的客人求助", "任务i": 2, "支": 5, "二级支": 13, "描": "3级装修手套+2饮料", "res1": [[10028, 1], [20012, 1]], "you": 0, "djzl": 0, "djsj": 0, "num": "", "weight": 0, "levelMin": 0, "levelMax": 0, "quality": 0, "taskReward": 0}, {"id": 84, "name": "无穷无尽的客人求助", "任务i": 2, "支": 5, "二级支": 14, "描": "5级饮料", "res1": [[20015, 1]], "you": 0, "djzl": 0, "djsj": 0, "num": "", "weight": 0, "levelMin": 0, "levelMax": 0, "quality": 0, "taskReward": 0}, {"id": 85, "name": "无穷无尽的客人求助", "任务i": 2, "支": 5, "二级支": 15, "描": "7级工具", "res1": [[10018, 1]], "you": 0, "djzl": 0, "djsj": 0, "num": "", "weight": 0, "levelMin": 0, "levelMax": 0, "quality": 0, "taskReward": 0}, {"id": 86, "name": "无穷无尽的客人求助", "任务i": 2, "支": 5, "二级支": 16, "描": "5级工具+3级手套", "res1": [[10016, 1], [10028, 1]], "you": 0, "djzl": 0, "djsj": 0, "num": "", "weight": 0, "levelMin": 0, "levelMax": 0, "quality": 0, "taskReward": 0}, {"id": 87, "name": "无穷无尽的客人求助", "任务i": 2, "支": 5, "二级支": 17, "描": "6级树", "res1": [[40032, 1]], "you": 0, "djzl": 0, "djsj": 0, "num": "", "weight": 0, "levelMin": 0, "levelMax": 0, "quality": 0, "taskReward": 0}, {"id": 88, "name": "无穷无尽的客人求助", "任务i": 2, "支": 5, "二级支": 18, "描": "4垃圾", "res1": [[50014, 1]], "you": 0, "djzl": 0, "djsj": 0, "num": "", "weight": 0, "levelMin": 0, "levelMax": 0, "quality": 0, "taskReward": 0}, {"id": 89, "name": "无穷无尽的客人求助", "任务i": 2, "支": 5, "二级支": 19, "描": "6垃圾", "res1": [[50016, 1]], "you": 0, "djzl": 0, "djsj": 0, "num": "", "weight": 0, "levelMin": 0, "levelMax": 0, "quality": 0, "taskReward": 0}, {"id": 90, "name": "无穷无尽的客人求助", "任务i": 2, "支": 5, "二级支": 20, "描": "7级工具+3级手套*2", "res1": [[10018, 1], [10028, 2]], "you": 0, "djzl": 0, "djsj": 0, "num": "", "weight": 0, "levelMin": 0, "levelMax": 0, "quality": 0, "taskReward": 0}, {"id": 91, "name": "热火朝天的健身区", "任务i": 3, "支": 1, "二级支": 1, "描": "4工具+5饮料", "res1": [[10015, 1], [20015, 1]], "you": 0, "djzl": 0, "djsj": 0, "num": "", "weight": 0, "levelMin": 0, "levelMax": 0, "quality": 0, "taskReward": 0}, {"id": 92, "name": "热火朝天的健身区", "任务i": 3, "支": 1, "二级支": 2, "描": "4饮料+6饮料", "res1": [[20014, 1], [20016, 1]], "you": 0, "djzl": 0, "djsj": 0, "num": "", "weight": 0, "levelMin": 0, "levelMax": 0, "quality": 0, "taskReward": 0}, {"id": 93, "name": "热火朝天的健身区", "任务i": 3, "支": 1, "二级支": 3, "描": "4有氧+2力量", "res1": [[20044, 1], [20053, 1]], "you": 0, "djzl": 0, "djsj": 0, "num": "", "weight": 0, "levelMin": 0, "levelMax": 0, "quality": 0, "taskReward": 0}, {"id": 94, "name": "热火朝天的健身区", "任务i": 3, "支": 1, "二级支": 4, "描": "3饮料+3体能分析", "res1": [[20013, 1], [20067, 1]], "you": 0, "djzl": 0, "djsj": 0, "num": "", "weight": 0, "levelMin": 0, "levelMax": 0, "quality": 0, "taskReward": 0}, {"id": 95, "name": "热火朝天的健身区", "任务i": 3, "支": 1, "二级支": 5, "描": "3体能分析", "res1": [[20067, 1]], "you": 0, "djzl": 0, "djsj": 0, "num": "", "weight": 0, "levelMin": 0, "levelMax": 0, "quality": 0, "taskReward": 0}, {"id": 96, "name": "热火朝天的健身区", "任务i": 3, "支": 1, "二级支": 6, "描": "5饮料+4面包", "res1": [[20015, 1], [20024, 1]], "you": 0, "djzl": 0, "djsj": 0, "num": "", "weight": 0, "levelMin": 0, "levelMax": 0, "quality": 0, "taskReward": 0}, {"id": 97, "name": "热火朝天的健身区", "任务i": 3, "支": 1, "二级支": 7, "描": "5级工具+3级手套", "res1": [[10016, 1], [10028, 1]], "you": 0, "djzl": 0, "djsj": 0, "num": "", "weight": 0, "levelMin": 0, "levelMax": 0, "quality": 0, "taskReward": 0}, {"id": 98, "name": "热火朝天的健身区", "任务i": 3, "支": 2, "二级支": 5, "描": "4饮料+2药品", "res1": [[20014, 1], [20027, 1]], "you": 0, "djzl": 0, "djsj": 0, "num": "", "weight": 0, "levelMin": 0, "levelMax": 0, "quality": 0, "taskReward": 0}, {"id": 99, "name": "热火朝天的健身区", "任务i": 3, "支": 2, "二级支": 6, "描": "6垃圾*2", "res1": [[50016, 2]], "you": 0, "djzl": 0, "djsj": 0, "num": "", "weight": 0, "levelMin": 0, "levelMax": 0, "quality": 0, "taskReward": 0}, {"id": 100, "name": "热火朝天的健身区", "任务i": 3, "支": 3, "二级支": 3, "描": "5级工具+3级手套", "res1": [[10016, 1], [10028, 1]], "you": 0, "djzl": 0, "djsj": 0, "num": "", "weight": 0, "levelMin": 0, "levelMax": 0, "quality": 0, "taskReward": 0}, {"id": 101, "name": "热火朝天的健身区", "任务i": 3, "支": 3, "二级支": 4, "描": "8级工具", "res1": [[10019, 1]], "you": 0, "djzl": 0, "djsj": 0, "num": "", "weight": 0, "levelMin": 0, "levelMax": 0, "quality": 0, "taskReward": 0}, {"id": 102, "name": "热火朝天的健身区", "任务i": 3, "支": 3, "二级支": 5, "描": "2级工具+3级手套", "res1": [[10013, 1], [10028, 1]], "you": 0, "djzl": 0, "djsj": 0, "num": "", "weight": 0, "levelMin": 0, "levelMax": 0, "quality": 0, "taskReward": 0}, {"id": 103, "name": "热火朝天的健身区", "任务i": 3, "支": 3, "二级支": 6, "描": "5级工具+3级手套", "res1": [[10016, 1], [10028, 1]], "you": 0, "djzl": 0, "djsj": 0, "num": "", "weight": 0, "levelMin": 0, "levelMax": 0, "quality": 0, "taskReward": 0}, {"id": 104, "name": "热火朝天的健身区", "任务i": 3, "支": 3, "二级支": 7, "描": "6级树*2", "res1": [[40032, 2]], "you": 0, "djzl": 0, "djsj": 0, "num": "", "weight": 0, "levelMin": 0, "levelMax": 0, "quality": 0, "taskReward": 0}, {"id": 105, "name": "热火朝天的健身区", "任务i": 3, "支": 4, "二级支": 6, "描": "8级工具", "res1": [[10019, 1]], "you": 0, "djzl": 0, "djsj": 0, "num": "", "weight": 0, "levelMin": 0, "levelMax": 0, "quality": 0, "taskReward": 0}, {"id": 106, "name": "热火朝天的健身区", "任务i": 3, "支": 4, "二级支": 7, "描": "2级扁口螺丝刀", "res1": [[10013, 1]], "you": 0, "djzl": 0, "djsj": 0, "num": "", "weight": 0, "levelMin": 0, "levelMax": 0, "quality": 0, "taskReward": 0}, {"id": 107, "name": "热火朝天的健身区", "任务i": 3, "支": 4, "二级支": 8, "描": "5级工具+3级手套", "res1": [[10016, 1], [10028, 1]], "you": 0, "djzl": 0, "djsj": 0, "num": "", "weight": 0, "levelMin": 0, "levelMax": 0, "quality": 0, "taskReward": 0}, {"id": 108, "name": "热火朝天的健身区", "任务i": 3, "支": 4, "二级支": 9, "描": "6级树*2", "res1": [[40032, 2]], "you": 0, "djzl": 0, "djsj": 0, "num": "", "weight": 0, "levelMin": 0, "levelMax": 0, "quality": 0, "taskReward": 0}, {"id": 109, "name": "热火朝天的健身区", "任务i": 3, "支": 5, "二级支": 8, "描": "8级工具+3级手套*2", "res1": [[10019, 1], [10028, 2]], "you": 0, "djzl": 0, "djsj": 0, "num": "", "weight": 0, "levelMin": 0, "levelMax": 0, "quality": 0, "taskReward": 0}, {"id": 110, "name": "热火朝天的健身区", "任务i": 3, "支": 6, "二级支": 4, "描": "5级工具+3级手套", "res1": [[10016, 1], [10028, 1]], "you": 0, "djzl": 0, "djsj": 0, "num": "", "weight": 0, "levelMin": 0, "levelMax": 0, "quality": 0, "taskReward": 0}, {"id": 111, "name": "热火朝天的健身区", "任务i": 3, "支": 6, "二级支": 5, "描": "4级钳子", "res1": [[10015, 1]], "you": 0, "djzl": 0, "djsj": 0, "num": "", "weight": 0, "levelMin": 0, "levelMax": 0, "quality": 0, "taskReward": 0}, {"id": 112, "name": "热火朝天的健身区", "任务i": 3, "支": 6, "二级支": 6, "描": "4工具+3饮料", "res1": [[10015, 1], [20013, 1]], "you": 0, "djzl": 0, "djsj": 0, "num": "", "weight": 0, "levelMin": 0, "levelMax": 0, "quality": 0, "taskReward": 0}, {"id": 113, "name": "热火朝天的健身区", "任务i": 3, "支": 6, "二级支": 7, "描": "3饮料+3体能分析", "res1": [[20013, 1], [20067, 1]], "you": 0, "djzl": 0, "djsj": 0, "num": "", "weight": 0, "levelMin": 0, "levelMax": 0, "quality": 0, "taskReward": 0}, {"id": 114, "name": "热火朝天的健身区", "任务i": 3, "支": 6, "二级支": 8, "描": "4热情推荐", "res1": [[20068, 1]], "you": 0, "djzl": 0, "djsj": 0, "num": "", "weight": 0, "levelMin": 0, "levelMax": 0, "quality": 0, "taskReward": 0}, {"id": 115, "name": "热火朝天的健身区", "任务i": 3, "支": 6, "二级支": 9, "描": "5饮料+3面包", "res1": [[20015, 1], [20023, 1]], "you": 0, "djzl": 0, "djsj": 0, "num": "", "weight": 0, "levelMin": 0, "levelMax": 0, "quality": 0, "taskReward": 0}, {"id": 116, "name": "热火朝天的健身区", "任务i": 3, "支": 6, "二级支": 10, "描": "6级树", "res1": [[40032, 1]], "you": 0, "djzl": 0, "djsj": 0, "num": "", "weight": 0, "levelMin": 0, "levelMax": 0, "quality": 0, "taskReward": 0}, {"id": 117, "name": "热火朝天的健身区", "任务i": 3, "支": 6, "二级支": 11, "描": "6级工具+3级手套", "res1": [[10017, 1], [10028, 1]], "you": 0, "djzl": 0, "djsj": 0, "num": "", "weight": 0, "levelMin": 0, "levelMax": 0, "quality": 0, "taskReward": 0}, {"id": 118, "name": "热火朝天的健身区", "任务i": 3, "支": 6, "二级支": 12, "描": "4级钳子*3", "res1": [[10015, 3]], "you": 0, "djzl": 0, "djsj": 0, "num": "", "weight": 0, "levelMin": 0, "levelMax": 0, "quality": 0, "taskReward": 0}, {"id": 119, "name": "热火朝天的健身区", "任务i": 3, "支": 6, "二级支": 13, "描": "2储物柜+5储物柜", "res1": [[30009, 1], [30012, 1]], "you": 0, "djzl": 0, "djsj": 0, "num": "", "weight": 0, "levelMin": 0, "levelMax": 0, "quality": 0, "taskReward": 0}, {"id": 120, "name": "热火朝天的健身区", "任务i": 3, "支": 6, "二级支": 14, "描": "5力量+3力量", "res1": [[20056, 1], [20054, 1]], "you": 0, "djzl": 0, "djsj": 0, "num": "", "weight": 0, "levelMin": 0, "levelMax": 0, "quality": 0, "taskReward": 0}, {"id": 121, "name": "热火朝天的健身区", "任务i": 3, "支": 6, "二级支": 15, "描": "6垃圾*2", "res1": [[50016, 2]], "you": 0, "djzl": 0, "djsj": 0, "num": "", "weight": 0, "levelMin": 0, "levelMax": 0, "quality": 0, "taskReward": 0}, {"id": 122, "name": "热火朝天的健身区", "任务i": 3, "支": 6, "二级支": 16, "描": "6失物招领", "res1": [[30054, 1]], "you": 0, "djzl": 0, "djsj": 0, "num": "", "weight": 0, "levelMin": 0, "levelMax": 0, "quality": 0, "taskReward": 0}, {"id": 123, "name": "热火朝天的健身区", "任务i": 3, "支": 6, "二级支": 17, "描": "8级工具+3级手套*2", "res1": [[10019, 1], [10028, 2]], "you": 0, "djzl": 0, "djsj": 0, "num": "", "weight": 0, "levelMin": 0, "levelMax": 0, "quality": 0, "taskReward": 0}, {"id": 124, "name": "热火朝天的健身区", "任务i": 3, "支": 7, "二级支": 10, "描": "8级工具+3级手套*2", "res1": [[10019, 1], [10028, 2]], "you": 0, "djzl": 0, "djsj": 0, "num": "", "weight": 0, "levelMin": 0, "levelMax": 0, "quality": 0, "taskReward": 0}, {"id": 125, "name": "热火朝天的健身区", "任务i": 3, "支": 7, "二级支": 11, "描": "2级扁口螺丝刀", "res1": [[10013, 1]], "you": 0, "djzl": 0, "djsj": 0, "num": "", "weight": 0, "levelMin": 0, "levelMax": 0, "quality": 0, "taskReward": 0}, {"id": 126, "name": "热火朝天的健身区", "任务i": 3, "支": 7, "二级支": 12, "描": "5工具+3手套", "res1": [[10016, 1], [10028, 1]], "you": 0, "djzl": 0, "djsj": 0, "num": "", "weight": 0, "levelMin": 0, "levelMax": 0, "quality": 0, "taskReward": 0}, {"id": 127, "name": "热火朝天的健身区", "任务i": 3, "支": 8, "二级支": 10, "描": "4饮料+2药品", "res1": [[20014, 1], [20027, 1]], "you": 0, "djzl": 0, "djsj": 0, "num": "", "weight": 0, "levelMin": 0, "levelMax": 0, "quality": 0, "taskReward": 0}, {"id": 128, "name": "热火朝天的健身区", "任务i": 3, "支": 8, "二级支": 11, "描": "6垃圾*3", "res1": [[50016, 3]], "you": 0, "djzl": 0, "djsj": 0, "num": "", "weight": 0, "levelMin": 0, "levelMax": 0, "quality": 0, "taskReward": 0}, {"id": 129, "name": "热火朝天的健身区", "任务i": 3, "支": 8, "二级支": 12, "描": "6级树*2", "res1": [[40032, 2]], "you": 0, "djzl": 0, "djsj": 0, "num": "", "weight": 0, "levelMin": 0, "levelMax": 0, "quality": 0, "taskReward": 0}, {"id": 130, "name": "热火朝天的健身区", "任务i": 3, "支": 8, "二级支": 13, "描": "6级树*2", "res1": [[40032, 2]], "you": 0, "djzl": 0, "djsj": 0, "num": "", "weight": 0, "levelMin": 0, "levelMax": 0, "quality": 0, "taskReward": 0}, {"id": 131, "name": "热火朝天的健身区", "任务i": 3, "支": 8, "二级支": 14, "描": "2饮料+6饮料", "res1": [[20012, 1], [20016, 1]], "you": 0, "djzl": 0, "djsj": 0, "num": "", "weight": 0, "levelMin": 0, "levelMax": 0, "quality": 0, "taskReward": 0}, {"id": 132, "name": "热火朝天的健身区", "任务i": 3, "支": 9, "二级支": 12, "描": "6工具+3手套", "res1": [[10017, 1], [10028, 1]], "you": 0, "djzl": 0, "djsj": 0, "num": "", "weight": 0, "levelMin": 0, "levelMax": 0, "quality": 0, "taskReward": 0}, {"id": 133, "name": "热火朝天的健身区", "任务i": 3, "支": 9, "二级支": 13, "描": "6有氧", "res1": [[20046, 1]], "you": 0, "djzl": 0, "djsj": 0, "num": "", "weight": 0, "levelMin": 0, "levelMax": 0, "quality": 0, "taskReward": 0}, {"id": 134, "name": "热火朝天的健身区", "任务i": 3, "支": 9, "二级支": 14, "描": "3有氧+3力量", "res1": [[20043, 1], [20054, 1]], "you": 0, "djzl": 0, "djsj": 0, "num": "", "weight": 0, "levelMin": 0, "levelMax": 0, "quality": 0, "taskReward": 0}, {"id": 135, "name": "热火朝天的健身区", "任务i": 3, "支": 9, "二级支": 15, "描": "4储物柜*2", "res1": [[30011, 2]], "you": 0, "djzl": 0, "djsj": 0, "num": "", "weight": 0, "levelMin": 0, "levelMax": 0, "quality": 0, "taskReward": 0}, {"id": 136, "name": "热火朝天的健身区", "任务i": 3, "支": 9, "二级支": 16, "描": "4级工具", "res1": [[10015, 1]], "you": 0, "djzl": 0, "djsj": 0, "num": "", "weight": 0, "levelMin": 0, "levelMax": 0, "quality": 0, "taskReward": 0}, {"id": 137, "name": "热火朝天的健身区", "任务i": 3, "支": 9, "二级支": 17, "描": "5级工具", "res1": [[10016, 1]], "you": 0, "djzl": 0, "djsj": 0, "num": "", "weight": 0, "levelMin": 0, "levelMax": 0, "quality": 0, "taskReward": 0}, {"id": 138, "name": "热火朝天的健身区", "任务i": 3, "支": 9, "二级支": 18, "描": "8级工具+3级手套*2", "res1": [[10019, 1], [10028, 2]], "you": 0, "djzl": 0, "djsj": 0, "num": "", "weight": 0, "levelMin": 0, "levelMax": 0, "quality": 0, "taskReward": 0}, {"id": 139, "name": "热火朝天的健身区", "任务i": 3, "支": 9, "二级支": 19, "描": "3药品", "res1": [[20028, 1]], "you": 0, "djzl": 0, "djsj": 0, "num": "", "weight": 0, "levelMin": 0, "levelMax": 0, "quality": 0, "taskReward": 0}, {"id": 140, "name": "热火朝天的健身区", "任务i": 3, "支": 9, "二级支": 20, "描": "6失物招领", "res1": [[30054, 1]], "you": 0, "djzl": 0, "djsj": 0, "num": "", "weight": 0, "levelMin": 0, "levelMax": 0, "quality": 0, "taskReward": 0}, {"id": 141, "name": "健身房的小确幸", "任务i": 4, "支": 1, "二级支": 1, "描": "9级工具+3级手套", "res1": [[10020, 1], [10028, 1]], "you": 0, "djzl": 0, "djsj": 0, "num": "", "weight": 0, "levelMin": 0, "levelMax": 0, "quality": 0, "taskReward": 0}, {"id": 142, "name": "健身房的小确幸", "任务i": 4, "支": 1, "二级支": 2, "描": "6垃圾*3", "res1": [[50016, 3]], "you": 0, "djzl": 0, "djsj": 0, "num": "", "weight": 0, "levelMin": 0, "levelMax": 0, "quality": 0, "taskReward": 0}, {"id": 143, "name": "健身房的小确幸", "任务i": 4, "支": 1, "二级支": 3, "描": "3级装修手套+3饮料", "res1": [[10028, 1], [20013, 1]], "you": 0, "djzl": 0, "djsj": 0, "num": "", "weight": 0, "levelMin": 0, "levelMax": 0, "quality": 0, "taskReward": 0}, {"id": 144, "name": "健身房的小确幸", "任务i": 4, "支": 1, "二级支": 4, "描": "7级饮料", "res1": [[20017, 1]], "you": 0, "djzl": 0, "djsj": 0, "num": "", "weight": 0, "levelMin": 0, "levelMax": 0, "quality": 0, "taskReward": 0}, {"id": 145, "name": "健身房的小确幸", "任务i": 4, "支": 1, "二级支": 5, "描": "5级钳子", "res1": [[10016, 1]], "you": 0, "djzl": 0, "djsj": 0, "num": "", "weight": 0, "levelMin": 0, "levelMax": 0, "quality": 0, "taskReward": 0}, {"id": 146, "name": "健身房的小确幸", "任务i": 4, "支": 1, "二级支": 6, "描": "5级饮料", "res1": [[20015, 1]], "you": 0, "djzl": 0, "djsj": 0, "num": "", "weight": 0, "levelMin": 0, "levelMax": 0, "quality": 0, "taskReward": 0}, {"id": 147, "name": "健身房的小确幸", "任务i": 4, "支": 1, "二级支": 7, "描": "7级工具+3级手套", "res1": [[10018, 1], [10028, 1]], "you": 0, "djzl": 0, "djsj": 0, "num": "", "weight": 0, "levelMin": 0, "levelMax": 0, "quality": 0, "taskReward": 0}, {"id": 148, "name": "健身房的小确幸", "任务i": 4, "支": 1, "二级支": 8, "描": "6饮料+2面包", "res1": [[20016, 1], [20022, 1]], "you": 0, "djzl": 0, "djsj": 0, "num": "", "weight": 0, "levelMin": 0, "levelMax": 0, "quality": 0, "taskReward": 0}, {"id": 149, "name": "健身房的小确幸", "任务i": 4, "支": 1, "二级支": 9, "描": "4药品", "res1": [[20029, 1]], "you": 0, "djzl": 0, "djsj": 0, "num": "", "weight": 0, "levelMin": 0, "levelMax": 0, "quality": 0, "taskReward": 0}, {"id": 150, "name": "健身房的小确幸", "任务i": 4, "支": 1, "二级支": 10, "描": "5级工具", "res1": [[10016, 1]], "you": 0, "djzl": 0, "djsj": 0, "num": "", "weight": 0, "levelMin": 0, "levelMax": 0, "quality": 0, "taskReward": 0}, {"id": 151, "name": "健身房的小确幸", "任务i": 4, "支": 2, "二级支": 5, "描": "4级工具+3级手套", "res1": [[10015, 1], [10028, 1]], "you": 0, "djzl": 0, "djsj": 0, "num": "", "weight": 0, "levelMin": 0, "levelMax": 0, "quality": 0, "taskReward": 0}, {"id": 152, "name": "健身房的小确幸", "任务i": 4, "支": 2, "二级支": 6, "描": "5工具+3手套", "res1": [[10016, 1], [10028, 1]], "you": 0, "djzl": 0, "djsj": 0, "num": "", "weight": 0, "levelMin": 0, "levelMax": 0, "quality": 0, "taskReward": 0}, {"id": 153, "name": "健身房的小确幸", "任务i": 4, "支": 2, "二级支": 7, "描": "5级饮料", "res1": [[20015, 1]], "you": 0, "djzl": 0, "djsj": 0, "num": "", "weight": 0, "levelMin": 0, "levelMax": 0, "quality": 0, "taskReward": 0}, {"id": 154, "name": "健身房的小确幸", "任务i": 4, "支": 2, "二级支": 8, "描": "5面包+3药品", "res1": [[20025, 1], [20028, 1]], "you": 0, "djzl": 0, "djsj": 0, "num": "", "weight": 0, "levelMin": 0, "levelMax": 0, "quality": 0, "taskReward": 0}, {"id": 155, "name": "健身房的小确幸", "任务i": 4, "支": 2, "二级支": 9, "描": "3有氧+3力量", "res1": [[20043, 1], [20054, 1]], "you": 0, "djzl": 0, "djsj": 0, "num": "", "weight": 0, "levelMin": 0, "levelMax": 0, "quality": 0, "taskReward": 0}, {"id": 156, "name": "健身房的小确幸", "任务i": 4, "支": 2, "二级支": 10, "描": "6储物柜", "res1": [[30013, 1]], "you": 0, "djzl": 0, "djsj": 0, "num": "", "weight": 0, "levelMin": 0, "levelMax": 0, "quality": 0, "taskReward": 0}, {"id": 157, "name": "健身房的小确幸", "任务i": 4, "支": 2, "二级支": 11, "描": "3娱乐+4娱乐", "res1": [[30057, 1], [30058, 1]], "you": 0, "djzl": 0, "djsj": 0, "num": "", "weight": 0, "levelMin": 0, "levelMax": 0, "quality": 0, "taskReward": 0}, {"id": 158, "name": "健身房的小确幸", "任务i": 4, "支": 2, "二级支": 12, "描": "6失物招领*2", "res1": [[30054, 2]], "you": 0, "djzl": 0, "djsj": 0, "num": "", "weight": 0, "levelMin": 0, "levelMax": 0, "quality": 0, "taskReward": 0}, {"id": 159, "name": "健身房的小确幸", "任务i": 4, "支": 2, "二级支": 13, "描": "6级树", "res1": [[40032, 1]], "you": 0, "djzl": 0, "djsj": 0, "num": "", "weight": 0, "levelMin": 0, "levelMax": 0, "quality": 0, "taskReward": 0}, {"id": 160, "name": "健身房的小确幸", "任务i": 4, "支": 2, "二级支": 14, "描": "8有氧", "res1": [[20048, 1]], "you": 0, "djzl": 0, "djsj": 0, "num": "", "weight": 0, "levelMin": 0, "levelMax": 0, "quality": 0, "taskReward": 0}, {"id": 161, "name": "健身房的小确幸", "任务i": 4, "支": 2, "二级支": 15, "描": "4拼图", "res1": [[30027, 1]], "you": 0, "djzl": 0, "djsj": 0, "num": "", "weight": 0, "levelMin": 0, "levelMax": 0, "quality": 0, "taskReward": 0}, {"id": 162, "name": "健身房的小确幸", "任务i": 4, "支": 2, "二级支": 16, "描": "6失物招领*2", "res1": [[30054, 2]], "you": 0, "djzl": 0, "djsj": 0, "num": "", "weight": 0, "levelMin": 0, "levelMax": 0, "quality": 0, "taskReward": 0}, {"id": 163, "name": "健身房的小确幸", "任务i": 4, "支": 3, "二级支": 4, "描": "4级工具+3级手套", "res1": [[10015, 1], [10028, 1]], "you": 0, "djzl": 0, "djsj": 0, "num": "", "weight": 0, "levelMin": 0, "levelMax": 0, "quality": 0, "taskReward": 0}, {"id": 164, "name": "健身房的小确幸", "任务i": 4, "支": 3, "二级支": 5, "描": "3有氧+3力量", "res1": [[20043, 1], [20054, 1]], "you": 0, "djzl": 0, "djsj": 0, "num": "", "weight": 0, "levelMin": 0, "levelMax": 0, "quality": 0, "taskReward": 0}, {"id": 165, "name": "健身房的小确幸", "任务i": 4, "支": 4, "二级支": 5, "描": "9级工具+3级手套*2", "res1": [[10020, 1], [10028, 2]], "you": 0, "djzl": 0, "djsj": 0, "num": "", "weight": 0, "levelMin": 0, "levelMax": 0, "quality": 0, "taskReward": 0}, {"id": 166, "name": "健身房的小确幸", "任务i": 4, "支": 4, "二级支": 6, "描": "8有氧", "res1": [[20048, 1]], "you": 0, "djzl": 0, "djsj": 0, "num": "", "weight": 0, "levelMin": 0, "levelMax": 0, "quality": 0, "taskReward": 0}, {"id": 167, "name": "健身房的小确幸", "任务i": 4, "支": 4, "二级支": 7, "描": "3工具+3手套", "res1": [[10014, 1], [10028, 1]], "you": 0, "djzl": 0, "djsj": 0, "num": "", "weight": 0, "levelMin": 0, "levelMax": 0, "quality": 0, "taskReward": 0}, {"id": 168, "name": "健身房的小确幸", "任务i": 4, "支": 4, "二级支": 8, "描": "2有氧+3有氧", "res1": [[20042, 1], [20043, 1]], "you": 0, "djzl": 0, "djsj": 0, "num": "", "weight": 0, "levelMin": 0, "levelMax": 0, "quality": 0, "taskReward": 0}, {"id": 169, "name": "健身房的小确幸", "任务i": 4, "支": 4, "二级支": 9, "描": "5有氧", "res1": [[20045, 1]], "you": 0, "djzl": 0, "djsj": 0, "num": "", "weight": 0, "levelMin": 0, "levelMax": 0, "quality": 0, "taskReward": 0}, {"id": 170, "name": "健身房的小确幸", "任务i": 4, "支": 4, "二级支": 10, "描": "4力量", "res1": [[20055, 1]], "you": 0, "djzl": 0, "djsj": 0, "num": "", "weight": 0, "levelMin": 0, "levelMax": 0, "quality": 0, "taskReward": 0}, {"id": 171, "name": "健身房的小确幸", "任务i": 4, "支": 5, "二级支": 7, "描": "6饮料+3体能分析", "res1": [[20016, 1], [20067, 1]], "you": 0, "djzl": 0, "djsj": 0, "num": "", "weight": 0, "levelMin": 0, "levelMax": 0, "quality": 0, "taskReward": 0}, {"id": 172, "name": "健身房的小确幸", "任务i": 4, "支": 5, "二级支": 8, "描": "9饮料+4药品*2", "res1": [[20019, 1], [20029, 2]], "you": 0, "djzl": 0, "djsj": 0, "num": "", "weight": 0, "levelMin": 0, "levelMax": 0, "quality": 0, "taskReward": 0}, {"id": 173, "name": "健身房的小确幸", "任务i": 4, "支": 5, "二级支": 9, "描": "5力量+2力量", "res1": [[20056, 1], [20053, 1]], "you": 0, "djzl": 0, "djsj": 0, "num": "", "weight": 0, "levelMin": 0, "levelMax": 0, "quality": 0, "taskReward": 0}, {"id": 174, "name": "健身房的小确幸", "任务i": 4, "支": 6, "二级支": 10, "描": "3饮料+5面包*3", "res1": [[20013, 1], [20025, 3]], "you": 0, "djzl": 0, "djsj": 0, "num": "", "weight": 0, "levelMin": 0, "levelMax": 0, "quality": 0, "taskReward": 0}, {"id": 175, "name": "健身房的小确幸", "任务i": 4, "支": 6, "二级支": 11, "描": "9饮料+4药品*2", "res1": [[20019, 1], [20029, 2]], "you": 0, "djzl": 0, "djsj": 0, "num": "", "weight": 0, "levelMin": 0, "levelMax": 0, "quality": 0, "taskReward": 0}, {"id": 176, "name": "健身房的小确幸", "任务i": 4, "支": 6, "二级支": 12, "描": "6有氧+2力量", "res1": [[20046, 1], [20053, 1]], "you": 0, "djzl": 0, "djsj": 0, "num": "", "weight": 0, "levelMin": 0, "levelMax": 0, "quality": 0, "taskReward": 0}, {"id": 177, "name": "健身房的小确幸", "任务i": 4, "支": 6, "二级支": 13, "描": "6级工具+3级手套", "res1": [[10017, 1], [10028, 1]], "you": 0, "djzl": 0, "djsj": 0, "num": "", "weight": 0, "levelMin": 0, "levelMax": 0, "quality": 0, "taskReward": 0}, {"id": 178, "name": "健身房的小确幸", "任务i": 4, "支": 6, "二级支": 14, "描": "1有氧+5力量", "res1": [[20041, 1], [20056, 1]], "you": 0, "djzl": 0, "djsj": 0, "num": "", "weight": 0, "levelMin": 0, "levelMax": 0, "quality": 0, "taskReward": 0}, {"id": 179, "name": "健身房的小确幸", "任务i": 4, "支": 6, "二级支": 15, "描": "4饮料+3药品", "res1": [[20014, 1], [20028, 1]], "you": 0, "djzl": 0, "djsj": 0, "num": "", "weight": 0, "levelMin": 0, "levelMax": 0, "quality": 0, "taskReward": 0}, {"id": 180, "name": "健身房的小确幸", "任务i": 4, "支": 6, "二级支": 16, "描": "8饮料+5面包", "res1": [[20018, 1], [20025, 1]], "you": 0, "djzl": 0, "djsj": 0, "num": "", "weight": 0, "levelMin": 0, "levelMax": 0, "quality": 0, "taskReward": 0}, {"id": 181, "name": "健身房的小确幸", "任务i": 4, "支": 6, "二级支": 17, "描": "3饮料+3体能分析", "res1": [[20013, 1], [20067, 1]], "you": 0, "djzl": 0, "djsj": 0, "num": "", "weight": 0, "levelMin": 0, "levelMax": 0, "quality": 0, "taskReward": 0}, {"id": 182, "name": "健身房的小确幸", "任务i": 4, "支": 6, "二级支": 18, "描": "5饮料+6垃圾*4", "res1": [[20015, 1], [50016, 4]], "you": 0, "djzl": 0, "djsj": 0, "num": "", "weight": 0, "levelMin": 0, "levelMax": 0, "quality": 0, "taskReward": 0}, {"id": 183, "name": "健身房的小确幸", "任务i": 4, "支": 6, "二级支": 19, "描": "3工具+3手套", "res1": [[10014, 1], [10028, 1]], "you": 0, "djzl": 0, "djsj": 0, "num": "", "weight": 0, "levelMin": 0, "levelMax": 0, "quality": 0, "taskReward": 0}, {"id": 184, "name": "健身房的小确幸", "任务i": 4, "支": 6, "二级支": 20, "描": "8饮料+5面包*3", "res1": [[20018, 1], [20025, 3]], "you": 0, "djzl": 0, "djsj": 0, "num": "", "weight": 0, "levelMin": 0, "levelMax": 0, "quality": 0, "taskReward": 0}, {"id": 185, "name": "健身房的小确幸", "任务i": 4, "支": 6, "二级支": 21, "描": "4饮料+3药品", "res1": [[20014, 1], [20028, 1]], "you": 0, "djzl": 0, "djsj": 0, "num": "", "weight": 0, "levelMin": 0, "levelMax": 0, "quality": 0, "taskReward": 0}, {"id": 186, "name": "健身房的小确幸", "任务i": 4, "支": 6, "二级支": 22, "描": "4药品+9有氧", "res1": [[20029, 1], [20049, 1]], "you": 0, "djzl": 0, "djsj": 0, "num": "", "weight": 0, "levelMin": 0, "levelMax": 0, "quality": 0, "taskReward": 0}, {"id": 187, "name": "健身房的小确幸", "任务i": 4, "支": 6, "二级支": 23, "描": "3体能分析*2", "res1": [[20067, 2]], "you": 0, "djzl": 0, "djsj": 0, "num": "", "weight": 0, "levelMin": 0, "levelMax": 0, "quality": 0, "taskReward": 0}, {"id": 188, "name": "健身房的小确幸", "任务i": 4, "支": 6, "二级支": 24, "描": "2纸片+3拼图", "res1": [[30025, 1], [30026, 1]], "you": 0, "djzl": 0, "djsj": 0, "num": "", "weight": 0, "levelMin": 0, "levelMax": 0, "quality": 0, "taskReward": 0}, {"id": 189, "name": "健身房的小确幸", "任务i": 4, "支": 6, "二级支": 25, "描": "7力量", "res1": [[20058, 1]], "you": 0, "djzl": 0, "djsj": 0, "num": "", "weight": 0, "levelMin": 0, "levelMax": 0, "quality": 0, "taskReward": 0}, {"id": 190, "name": "健身房的小确幸", "任务i": 4, "支": 6, "二级支": 26, "描": "5工具+3手套", "res1": [[10016, 1], [10028, 1]], "you": 0, "djzl": 0, "djsj": 0, "num": "", "weight": 0, "levelMin": 0, "levelMax": 0, "quality": 0, "taskReward": 0}, {"id": 191, "name": "健身房的小确幸", "任务i": 4, "支": 6, "二级支": 27, "描": "6级树*2", "res1": [[40032, 2]], "you": 0, "djzl": 0, "djsj": 0, "num": "", "weight": 0, "levelMin": 0, "levelMax": 0, "quality": 0, "taskReward": 0}, {"id": 192, "name": "健身房的小确幸", "任务i": 4, "支": 6, "二级支": 28, "描": "6级蜗牛", "res1": [[40038, 1]], "you": 0, "djzl": 0, "djsj": 0, "num": "", "weight": 0, "levelMin": 0, "levelMax": 0, "quality": 0, "taskReward": 0}, {"id": 193, "name": "健身房的小确幸", "任务i": 4, "支": 6, "二级支": 29, "描": "5课程*2", "res1": [[20073, 2]], "you": 0, "djzl": 0, "djsj": 0, "num": "", "weight": 0, "levelMin": 0, "levelMax": 0, "quality": 0, "taskReward": 0}, {"id": 194, "name": "健身房的小确幸", "任务i": 4, "支": 7, "二级支": 12, "描": "8饮料+5面包", "res1": [[20018, 1], [20025, 1]], "you": 0, "djzl": 0, "djsj": 0, "num": "", "weight": 0, "levelMin": 0, "levelMax": 0, "quality": 0, "taskReward": 0}, {"id": 195, "name": "健身房的小确幸", "任务i": 4, "支": 7, "二级支": 13, "描": "3饮料+5饮料", "res1": [[20013, 1], [20015, 1]], "you": 0, "djzl": 0, "djsj": 0, "num": "", "weight": 0, "levelMin": 0, "levelMax": 0, "quality": 0, "taskReward": 0}, {"id": 196, "name": "健身房的小确幸", "任务i": 4, "支": 7, "二级支": 14, "描": "7有氧", "res1": [[20047, 1]], "you": 0, "djzl": 0, "djsj": 0, "num": "", "weight": 0, "levelMin": 0, "levelMax": 0, "quality": 0, "taskReward": 0}, {"id": 197, "name": "健身房的小确幸", "任务i": 4, "支": 7, "二级支": 15, "描": "3有氧+4力量", "res1": [[20043, 1], [20055, 1]], "you": 0, "djzl": 0, "djsj": 0, "num": "", "weight": 0, "levelMin": 0, "levelMax": 0, "quality": 0, "taskReward": 0}, {"id": 198, "name": "健身房的小确幸", "任务i": 4, "支": 7, "二级支": 16, "描": "6饮料+3体能分析*3", "res1": [[20016, 1], [20067, 3]], "you": 0, "djzl": 0, "djsj": 0, "num": "", "weight": 0, "levelMin": 0, "levelMax": 0, "quality": 0, "taskReward": 0}, {"id": 199, "name": "盛夏与海滩之歌", "任务i": 5, "支": 1, "二级支": 1, "描": "7级工具+3级手套", "res1": [[10018, 1], [10028, 1]], "you": 0, "djzl": 0, "djsj": 0, "num": "", "weight": 0, "levelMin": 0, "levelMax": 0, "quality": 0, "taskReward": 0}, {"id": 200, "name": "盛夏与海滩之歌", "任务i": 5, "支": 1, "二级支": 2, "描": "6级工具+3级手套", "res1": [[10017, 1], [10028, 1]], "you": 0, "djzl": 0, "djsj": 0, "num": "", "weight": 0, "levelMin": 0, "levelMax": 0, "quality": 0, "taskReward": 0}, {"id": 201, "name": "盛夏与海滩之歌", "任务i": 5, "支": 1, "二级支": 3, "描": "6级工具+3级手套", "res1": [[10017, 1], [10028, 1]], "you": 0, "djzl": 0, "djsj": 0, "num": "", "weight": 0, "levelMin": 0, "levelMax": 0, "quality": 0, "taskReward": 0}, {"id": 202, "name": "盛夏与海滩之歌", "任务i": 5, "支": 2, "二级支": 2, "描": "5级工具+3级手套", "res1": [[10016, 1], [10028, 1]], "you": 0, "djzl": 0, "djsj": 0, "num": "", "weight": 0, "levelMin": 0, "levelMax": 0, "quality": 0, "taskReward": 0}, {"id": 203, "name": "盛夏与海滩之歌", "任务i": 5, "支": 2, "二级支": 3, "描": "6失物招领*2", "res1": [[30054, 2]], "you": 0, "djzl": 0, "djsj": 0, "num": "", "weight": 0, "levelMin": 0, "levelMax": 0, "quality": 0, "taskReward": 0}, {"id": 204, "name": "盛夏与海滩之歌", "任务i": 5, "支": 3, "二级支": 2, "描": "9级工具", "res1": [[10020, 1]], "you": 0, "djzl": 0, "djsj": 0, "num": "", "weight": 0, "levelMin": 0, "levelMax": 0, "quality": 0, "taskReward": 0}, {"id": 205, "name": "盛夏与海滩之歌", "任务i": 5, "支": 3, "二级支": 3, "描": "8花", "res1": [[40055, 1]], "you": 0, "djzl": 0, "djsj": 0, "num": "", "weight": 0, "levelMin": 0, "levelMax": 0, "quality": 0, "taskReward": 0}, {"id": 206, "name": "盛夏与海滩之歌", "任务i": 5, "支": 3, "二级支": 4, "描": "9级工具+3级手套*2", "res1": [[10020, 1], [10028, 2]], "you": 0, "djzl": 0, "djsj": 0, "num": "", "weight": 0, "levelMin": 0, "levelMax": 0, "quality": 0, "taskReward": 0}, {"id": 207, "name": "盛夏与海滩之歌", "任务i": 5, "支": 3, "二级支": 5, "描": "5级工具+3级手套", "res1": [[10016, 1], [10028, 1]], "you": 0, "djzl": 0, "djsj": 0, "num": "", "weight": 0, "levelMin": 0, "levelMax": 0, "quality": 0, "taskReward": 0}, {"id": 208, "name": "盛夏与海滩之歌", "任务i": 5, "支": 3, "二级支": 6, "描": "6失物招领*2", "res1": [[30054, 2]], "you": 0, "djzl": 0, "djsj": 0, "num": "", "weight": 0, "levelMin": 0, "levelMax": 0, "quality": 0, "taskReward": 0}, {"id": 209, "name": "盛夏与海滩之歌", "任务i": 5, "支": 3, "二级支": 7, "描": "6垃圾*2", "res1": [[50016, 2]], "you": 0, "djzl": 0, "djsj": 0, "num": "", "weight": 0, "levelMin": 0, "levelMax": 0, "quality": 0, "taskReward": 0}, {"id": 210, "name": "盛夏与海滩之歌", "任务i": 5, "支": 3, "二级支": 8, "描": "6垃圾*2", "res1": [[50016, 2]], "you": 0, "djzl": 0, "djsj": 0, "num": "", "weight": 0, "levelMin": 0, "levelMax": 0, "quality": 0, "taskReward": 0}, {"id": 211, "name": "盛夏与海滩之歌", "任务i": 5, "支": 4, "二级支": 7, "描": "5级工具+3级手套", "res1": [[10016, 1], [10028, 1]], "you": 0, "djzl": 0, "djsj": 0, "num": "", "weight": 0, "levelMin": 0, "levelMax": 0, "quality": 0, "taskReward": 0}, {"id": 212, "name": "盛夏与海滩之歌", "任务i": 5, "支": 4, "二级支": 8, "描": "6失物招领*2", "res1": [[30054, 2]], "you": 0, "djzl": 0, "djsj": 0, "num": "", "weight": 0, "levelMin": 0, "levelMax": 0, "quality": 0, "taskReward": 0}, {"id": 213, "name": "盛夏与海滩之歌", "任务i": 5, "支": 5, "二级支": 5, "描": "7级工具+3级手套", "res1": [[10018, 1], [10028, 1]], "you": 0, "djzl": 0, "djsj": 0, "num": "", "weight": 0, "levelMin": 0, "levelMax": 0, "quality": 0, "taskReward": 0}, {"id": 214, "name": "盛夏与海滩之歌", "任务i": 5, "支": 6, "二级支": 4, "描": "4级工具+3级手套", "res1": [[10015, 1], [10028, 1]], "you": 0, "djzl": 0, "djsj": 0, "num": "", "weight": 0, "levelMin": 0, "levelMax": 0, "quality": 0, "taskReward": 0}, {"id": 215, "name": "盛夏与海滩之歌", "任务i": 5, "支": 6, "二级支": 5, "描": "8级工具", "res1": [[10019, 1]], "you": 0, "djzl": 0, "djsj": 0, "num": "", "weight": 0, "levelMin": 0, "levelMax": 0, "quality": 0, "taskReward": 0}, {"id": 216, "name": "盛夏与海滩之歌", "任务i": 5, "支": 6, "二级支": 6, "描": "8花", "res1": [[40055, 1]], "you": 0, "djzl": 0, "djsj": 0, "num": "", "weight": 0, "levelMin": 0, "levelMax": 0, "quality": 0, "taskReward": 0}, {"id": 217, "name": "盛夏与海滩之歌", "任务i": 5, "支": 6, "二级支": 7, "描": "8级工具+3级手套*2", "res1": [[10019, 1], [10028, 2]], "you": 0, "djzl": 0, "djsj": 0, "num": "", "weight": 0, "levelMin": 0, "levelMax": 0, "quality": 0, "taskReward": 0}, {"id": 218, "name": "盛夏与海滩之歌", "任务i": 5, "支": 7, "二级支": 3, "描": "5级工具+3级手套", "res1": [[10016, 1], [10028, 1]], "you": 0, "djzl": 0, "djsj": 0, "num": "", "weight": 0, "levelMin": 0, "levelMax": 0, "quality": 0, "taskReward": 0}, {"id": 219, "name": "盛夏与海滩之歌", "任务i": 5, "支": 7, "二级支": 4, "描": "6级树", "res1": [[40032, 1]], "you": 0, "djzl": 0, "djsj": 0, "num": "", "weight": 0, "levelMin": 0, "levelMax": 0, "quality": 0, "taskReward": 0}, {"id": 220, "name": "盛夏与海滩之歌", "任务i": 5, "支": 7, "二级支": 5, "描": "3体能分析*2", "res1": [[20067, 2]], "you": 0, "djzl": 0, "djsj": 0, "num": "", "weight": 0, "levelMin": 0, "levelMax": 0, "quality": 0, "taskReward": 0}, {"id": 221, "name": "盛夏与海滩之歌", "任务i": 5, "支": 8, "二级支": 3, "描": "6级树", "res1": [[40032, 1]], "you": 0, "djzl": 0, "djsj": 0, "num": "", "weight": 0, "levelMin": 0, "levelMax": 0, "quality": 0, "taskReward": 0}, {"id": 222, "name": "盛夏与海滩之歌", "任务i": 5, "支": 8, "二级支": 4, "描": "6垃圾*2", "res1": [[50016, 2]], "you": 0, "djzl": 0, "djsj": 0, "num": "", "weight": 0, "levelMin": 0, "levelMax": 0, "quality": 0, "taskReward": 0}, {"id": 223, "name": "盛夏与海滩之歌", "任务i": 5, "支": 8, "二级支": 5, "描": "5课程", "res1": [[20073, 1]], "you": 0, "djzl": 0, "djsj": 0, "num": "", "weight": 0, "levelMin": 0, "levelMax": 0, "quality": 0, "taskReward": 0}, {"id": 224, "name": "春日的奇妙物语", "任务i": 6, "支": 1, "二级支": 1, "描": "7级工具+3级手套", "res1": [[10018, 1], [10028, 1]], "you": 0, "djzl": 0, "djsj": 0, "num": "", "weight": 0, "levelMin": 0, "levelMax": 0, "quality": 0, "taskReward": 0}, {"id": 225, "name": "春日的奇妙物语", "任务i": 6, "支": 1, "二级支": 2, "描": "5储物柜", "res1": [[30012, 1]], "you": 0, "djzl": 0, "djsj": 0, "num": "", "weight": 0, "levelMin": 0, "levelMax": 0, "quality": 0, "taskReward": 0}, {"id": 226, "name": "春日的奇妙物语", "任务i": 6, "支": 1, "二级支": 3, "描": "3饮料+3面包", "res1": [[20013, 1], [20023, 1]], "you": 0, "djzl": 0, "djsj": 0, "num": "", "weight": 0, "levelMin": 0, "levelMax": 0, "quality": 0, "taskReward": 0}, {"id": 227, "name": "春日的奇妙物语", "任务i": 6, "支": 1, "二级支": 4, "描": "8级工具+3级手套", "res1": [[10019, 1], [10028, 1]], "you": 0, "djzl": 0, "djsj": 0, "num": "", "weight": 0, "levelMin": 0, "levelMax": 0, "quality": 0, "taskReward": 0}, {"id": 228, "name": "春日的奇妙物语", "任务i": 6, "支": 1, "二级支": 5, "描": "1级布偶玩袋", "res1": [[40019, 1]], "you": 0, "djzl": 0, "djsj": 0, "num": "", "weight": 0, "levelMin": 0, "levelMax": 0, "quality": 0, "taskReward": 0}, {"id": 229, "name": "春日的奇妙物语", "任务i": 6, "支": 1, "二级支": 6, "描": "3级蜗牛", "res1": [[40035, 1]], "you": 0, "djzl": 0, "djsj": 0, "num": "", "weight": 0, "levelMin": 0, "levelMax": 0, "quality": 0, "taskReward": 0}, {"id": 230, "name": "春日的奇妙物语", "任务i": 6, "支": 1, "二级支": 7, "描": "4级娱乐", "res1": [[30058, 1]], "you": 0, "djzl": 0, "djsj": 0, "num": "", "weight": 0, "levelMin": 0, "levelMax": 0, "quality": 0, "taskReward": 0}, {"id": 231, "name": "春日的奇妙物语", "任务i": 6, "支": 1, "二级支": 8, "描": "6失物招领*2+树*3", "res1": [[30054, 2], [40032, 3]], "you": 0, "djzl": 0, "djsj": 0, "num": "", "weight": 0, "levelMin": 0, "levelMax": 0, "quality": 0, "taskReward": 0}, {"id": 232, "name": "春日的奇妙物语", "任务i": 6, "支": 1, "二级支": 9, "描": "6级蜗牛", "res1": [[40038, 1]], "you": 0, "djzl": 0, "djsj": 0, "num": "", "weight": 0, "levelMin": 0, "levelMax": 0, "quality": 0, "taskReward": 0}, {"id": 233, "name": "春日的奇妙物语", "任务i": 6, "支": 1, "二级支": 10, "描": "4级猫", "res1": [[50027, 1]], "you": 0, "djzl": 0, "djsj": 0, "num": "", "weight": 0, "levelMin": 0, "levelMax": 0, "quality": 0, "taskReward": 0}, {"id": 234, "name": "春日的奇妙物语", "任务i": 6, "支": 2, "二级支": 4, "描": "5级工具+3级手套", "res1": [[10016, 1], [10028, 1]], "you": 0, "djzl": 0, "djsj": 0, "num": "", "weight": 0, "levelMin": 0, "levelMax": 0, "quality": 0, "taskReward": 0}, {"id": 235, "name": "春日的奇妙物语", "任务i": 6, "支": 3, "二级支": 2, "描": "6级工具+3级手套", "res1": [[10017, 1], [10028, 1]], "you": 0, "djzl": 0, "djsj": 0, "num": "", "weight": 0, "levelMin": 0, "levelMax": 0, "quality": 0, "taskReward": 0}, {"id": 236, "name": "春日的奇妙物语", "任务i": 6, "支": 3, "二级支": 3, "描": "3级工具+3级手套", "res1": [[10014, 1], [10028, 1]], "you": 0, "djzl": 0, "djsj": 0, "num": "", "weight": 0, "levelMin": 0, "levelMax": 0, "quality": 0, "taskReward": 0}, {"id": 237, "name": "春日的奇妙物语", "任务i": 6, "支": 3, "二级支": 4, "描": "3级手套+3饮料", "res1": [[10028, 1], [20013, 1]], "you": 0, "djzl": 0, "djsj": 0, "num": "", "weight": 0, "levelMin": 0, "levelMax": 0, "quality": 0, "taskReward": 0}, {"id": 238, "name": "春日的奇妙物语", "任务i": 6, "支": 3, "二级支": 5, "描": "8饮料+3面包", "res1": [[20018, 1], [20023, 1]], "you": 0, "djzl": 0, "djsj": 0, "num": "", "weight": 0, "levelMin": 0, "levelMax": 0, "quality": 0, "taskReward": 0}, {"id": 239, "name": "春日的奇妙物语", "任务i": 6, "支": 3, "二级支": 6, "描": "2有氧+6有氧", "res1": [[20042, 1], [20046, 1]], "you": 0, "djzl": 0, "djsj": 0, "num": "", "weight": 0, "levelMin": 0, "levelMax": 0, "quality": 0, "taskReward": 0}, {"id": 240, "name": "春日的奇妙物语", "任务i": 6, "支": 3, "二级支": 7, "描": "1药品+3药品", "res1": [[20027, 1], [20028, 1]], "you": 0, "djzl": 0, "djsj": 0, "num": "", "weight": 0, "levelMin": 0, "levelMax": 0, "quality": 0, "taskReward": 0}, {"id": 241, "name": "春日的奇妙物语", "任务i": 6, "支": 4, "二级支": 4, "描": "6级工具+3级手套", "res1": [[10017, 1], [10028, 1]], "you": 0, "djzl": 0, "djsj": 0, "num": "", "weight": 0, "levelMin": 0, "levelMax": 0, "quality": 0, "taskReward": 0}, {"id": 242, "name": "春日的奇妙物语", "任务i": 6, "支": 4, "二级支": 5, "描": "4级工具+3级手套", "res1": [[10015, 1], [10028, 1]], "you": 0, "djzl": 0, "djsj": 0, "num": "", "weight": 0, "levelMin": 0, "levelMax": 0, "quality": 0, "taskReward": 0}, {"id": 243, "name": "春日的奇妙物语", "任务i": 6, "支": 4, "二级支": 6, "描": "4储物柜", "res1": [[30011, 1]], "you": 0, "djzl": 0, "djsj": 0, "num": "", "weight": 0, "levelMin": 0, "levelMax": 0, "quality": 0, "taskReward": 0}, {"id": 244, "name": "春日的奇妙物语", "任务i": 6, "支": 4, "二级支": 7, "描": "3娱乐+5娱乐", "res1": [[30057, 1], [30059, 1]], "you": 0, "djzl": 0, "djsj": 0, "num": "", "weight": 0, "levelMin": 0, "levelMax": 0, "quality": 0, "taskReward": 0}, {"id": 245, "name": "春日的奇妙物语", "任务i": 6, "支": 4, "二级支": 8, "描": "6失物招领*2", "res1": [[30054, 2]], "you": 0, "djzl": 0, "djsj": 0, "num": "", "weight": 0, "levelMin": 0, "levelMax": 0, "quality": 0, "taskReward": 0}, {"id": 246, "name": "春日的奇妙物语", "任务i": 6, "支": 4, "二级支": 9, "描": "3钥匙", "res1": [[30021, 1]], "you": 0, "djzl": 0, "djsj": 0, "num": "", "weight": 0, "levelMin": 0, "levelMax": 0, "quality": 0, "taskReward": 0}, {"id": 247, "name": "春日的奇妙物语", "任务i": 6, "支": 4, "二级支": 10, "描": "2纸片+3拼图", "res1": [[30025, 1], [30026, 1]], "you": 0, "djzl": 0, "djsj": 0, "num": "", "weight": 0, "levelMin": 0, "levelMax": 0, "quality": 0, "taskReward": 0}, {"id": 248, "name": "春日的奇妙物语", "任务i": 6, "支": 4, "二级支": 11, "描": "2饮料+2药品", "res1": [[20012, 1], [20027, 1]], "you": 0, "djzl": 0, "djsj": 0, "num": "", "weight": 0, "levelMin": 0, "levelMax": 0, "quality": 0, "taskReward": 0}, {"id": 249, "name": "春日的奇妙物语", "任务i": 6, "支": 4, "二级支": 12, "描": "7饮料+5面包", "res1": [[20017, 1], [20025, 1]], "you": 0, "djzl": 0, "djsj": 0, "num": "", "weight": 0, "levelMin": 0, "levelMax": 0, "quality": 0, "taskReward": 0}, {"id": 250, "name": "春日的奇妙物语", "任务i": 6, "支": 4, "二级支": 13, "描": "7级工具", "res1": [[10018, 1]], "you": 0, "djzl": 0, "djsj": 0, "num": "", "weight": 0, "levelMin": 0, "levelMax": 0, "quality": 0, "taskReward": 0}, {"id": 251, "name": "春日的奇妙物语", "任务i": 6, "支": 4, "二级支": 14, "描": "6级工具+3级手套", "res1": [[10017, 1], [10028, 1]], "you": 0, "djzl": 0, "djsj": 0, "num": "", "weight": 0, "levelMin": 0, "levelMax": 0, "quality": 0, "taskReward": 0}, {"id": 252, "name": "春日的奇妙物语", "任务i": 6, "支": 4, "二级支": 15, "描": "4储物柜", "res1": [[30011, 1]], "you": 0, "djzl": 0, "djsj": 0, "num": "", "weight": 0, "levelMin": 0, "levelMax": 0, "quality": 0, "taskReward": 0}, {"id": 253, "name": "春日的奇妙物语", "任务i": 6, "支": 4, "二级支": 16, "描": "8级工具+3级手套", "res1": [[10019, 1], [10028, 1]], "you": 0, "djzl": 0, "djsj": 0, "num": "", "weight": 0, "levelMin": 0, "levelMax": 0, "quality": 0, "taskReward": 0}, {"id": 254, "name": "春日的奇妙物语", "任务i": 6, "支": 5, "二级支": 6, "描": "9有氧", "res1": [[20049, 1]], "you": 0, "djzl": 0, "djsj": 0, "num": "", "weight": 0, "levelMin": 0, "levelMax": 0, "quality": 0, "taskReward": 0}, {"id": 255, "name": "春日的奇妙物语", "任务i": 6, "支": 5, "二级支": 7, "描": "7级工具+3级手套", "res1": [[10018, 1], [10028, 1]], "you": 0, "djzl": 0, "djsj": 0, "num": "", "weight": 0, "levelMin": 0, "levelMax": 0, "quality": 0, "taskReward": 0}, {"id": 256, "name": "春日的奇妙物语", "任务i": 6, "支": 5, "二级支": 8, "描": "5级工具+3级手套", "res1": [[10016, 1], [10028, 1]], "you": 0, "djzl": 0, "djsj": 0, "num": "", "weight": 0, "levelMin": 0, "levelMax": 0, "quality": 0, "taskReward": 0}, {"id": 257, "name": "春日的奇妙物语", "任务i": 6, "支": 5, "二级支": 9, "描": "3手套+6有氧", "res1": [[10028, 1], [20046, 1]], "you": 0, "djzl": 0, "djsj": 0, "num": "", "weight": 0, "levelMin": 0, "levelMax": 0, "quality": 0, "taskReward": 0}, {"id": 258, "name": "春日的奇妙物语", "任务i": 6, "支": 5, "二级支": 10, "描": "6级树*3", "res1": [[40032, 3]], "you": 0, "djzl": 0, "djsj": 0, "num": "", "weight": 0, "levelMin": 0, "levelMax": 0, "quality": 0, "taskReward": 0}, {"id": 259, "name": "春日的奇妙物语", "任务i": 6, "支": 6, "二级支": 7, "描": "3级工具+6级工具", "res1": [[10014, 1], [10017, 1]], "you": 0, "djzl": 0, "djsj": 0, "num": "", "weight": 0, "levelMin": 0, "levelMax": 0, "quality": 0, "taskReward": 0}, {"id": 260, "name": "春日的奇妙物语", "任务i": 6, "支": 6, "二级支": 8, "描": "4级工具+3级手套", "res1": [[10015, 1], [10028, 1]], "you": 0, "djzl": 0, "djsj": 0, "num": "", "weight": 0, "levelMin": 0, "levelMax": 0, "quality": 0, "taskReward": 0}, {"id": 261, "name": "春日的奇妙物语", "任务i": 6, "支": 6, "二级支": 9, "描": "3手套+6有氧", "res1": [[10028, 1], [20046, 1]], "you": 0, "djzl": 0, "djsj": 0, "num": "", "weight": 0, "levelMin": 0, "levelMax": 0, "quality": 0, "taskReward": 0}, {"id": 262, "name": "春日的奇妙物语", "任务i": 6, "支": 6, "二级支": 10, "描": "6级树*3", "res1": [[40032, 3]], "you": 0, "djzl": 0, "djsj": 0, "num": "", "weight": 0, "levelMin": 0, "levelMax": 0, "quality": 0, "taskReward": 0}, {"id": 263, "name": "春日的奇妙物语", "任务i": 6, "支": 6, "二级支": 11, "描": "6失物招领*2", "res1": [[30054, 2]], "you": 0, "djzl": 0, "djsj": 0, "num": "", "weight": 0, "levelMin": 0, "levelMax": 0, "quality": 0, "taskReward": 0}, {"id": 264, "name": "春日的奇妙物语", "任务i": 6, "支": 6, "二级支": 12, "描": "6失物招领*2", "res1": [[30054, 2]], "you": 0, "djzl": 0, "djsj": 0, "num": "", "weight": 0, "levelMin": 0, "levelMax": 0, "quality": 0, "taskReward": 0}, {"id": 265, "name": "春日的奇妙物语", "任务i": 6, "支": 6, "二级支": 13, "描": "9级工具", "res1": [[10020, 1]], "you": 0, "djzl": 0, "djsj": 0, "num": "", "weight": 0, "levelMin": 0, "levelMax": 0, "quality": 0, "taskReward": 0}, {"id": 266, "name": "春日的奇妙物语", "任务i": 6, "支": 6, "二级支": 14, "描": "6失物招领*2+6树*2", "res1": [[30054, 2], [40032, 2]], "you": 0, "djzl": 0, "djsj": 0, "num": "", "weight": 0, "levelMin": 0, "levelMax": 0, "quality": 0, "taskReward": 0}, {"id": 267, "name": "春日的奇妙物语", "任务i": 6, "支": 6, "二级支": 15, "描": "8级工具", "res1": [[10019, 1]], "you": 0, "djzl": 0, "djsj": 0, "num": "", "weight": 0, "levelMin": 0, "levelMax": 0, "quality": 0, "taskReward": 0}, {"id": 268, "name": "春日的奇妙物语", "任务i": 6, "支": 6, "二级支": 16, "描": "6失物招领+6树", "res1": [[30054, 1], [40032, 1]], "you": 0, "djzl": 0, "djsj": 0, "num": "", "weight": 0, "levelMin": 0, "levelMax": 0, "quality": 0, "taskReward": 0}, {"id": 269, "name": "春日的奇妙物语", "任务i": 6, "支": 7, "二级支": 5, "描": "9级工具+3级手套*2", "res1": [[10020, 1], [10028, 2]], "you": 0, "djzl": 0, "djsj": 0, "num": "", "weight": 0, "levelMin": 0, "levelMax": 0, "quality": 0, "taskReward": 0}, {"id": 270, "name": "春日的奇妙物语", "任务i": 6, "支": 7, "二级支": 6, "描": "4饮料+3药品", "res1": [[20014, 1], [20028, 1]], "you": 0, "djzl": 0, "djsj": 0, "num": "", "weight": 0, "levelMin": 0, "levelMax": 0, "quality": 0, "taskReward": 0}, {"id": 271, "name": "春日的奇妙物语", "任务i": 6, "支": 7, "二级支": 7, "描": "8饮料+5面包", "res1": [[20018, 1], [20025, 1]], "you": 0, "djzl": 0, "djsj": 0, "num": "", "weight": 0, "levelMin": 0, "levelMax": 0, "quality": 0, "taskReward": 0}, {"id": 272, "name": "春日的奇妙物语", "任务i": 6, "支": 7, "二级支": 8, "描": "6饮料+4热情*2", "res1": [[20016, 1], [20068, 2]], "you": 0, "djzl": 0, "djsj": 0, "num": "", "weight": 0, "levelMin": 0, "levelMax": 0, "quality": 0, "taskReward": 0}, {"id": 273, "name": "春日的奇妙物语", "任务i": 6, "支": 7, "二级支": 9, "描": "3级手套+7饮料", "res1": [[10028, 1], [20017, 1]], "you": 0, "djzl": 0, "djsj": 0, "num": "", "weight": 0, "levelMin": 0, "levelMax": 0, "quality": 0, "taskReward": 0}, {"id": 274, "name": "春日的奇妙物语", "任务i": 6, "支": 7, "二级支": 10, "描": "3饮料+4热情*4", "res1": [[20013, 1], [20068, 4]], "you": 0, "djzl": 0, "djsj": 0, "num": "", "weight": 0, "levelMin": 0, "levelMax": 0, "quality": 0, "taskReward": 0}, {"id": 275, "name": "春日的奇妙物语", "任务i": 6, "支": 7, "二级支": 11, "描": "3手套+7有氧", "res1": [[10028, 1], [20047, 1]], "you": 0, "djzl": 0, "djsj": 0, "num": "", "weight": 0, "levelMin": 0, "levelMax": 0, "quality": 0, "taskReward": 0}, {"id": 276, "name": "春日的奇妙物语", "任务i": 6, "支": 7, "二级支": 12, "描": "4饮料+2药品", "res1": [[20014, 1], [20027, 1]], "you": 0, "djzl": 0, "djsj": 0, "num": "", "weight": 0, "levelMin": 0, "levelMax": 0, "quality": 0, "taskReward": 0}, {"id": 277, "name": "春日的奇妙物语", "任务i": 6, "支": 7, "二级支": 13, "描": "8饮料+3面包", "res1": [[20018, 1], [20023, 1]], "you": 0, "djzl": 0, "djsj": 0, "num": "", "weight": 0, "levelMin": 0, "levelMax": 0, "quality": 0, "taskReward": 0}, {"id": 278, "name": "春日的奇妙物语", "任务i": 6, "支": 7, "二级支": 14, "描": "3饮料+4热情*3", "res1": [[20013, 1], [20068, 3]], "you": 0, "djzl": 0, "djsj": 0, "num": "", "weight": 0, "levelMin": 0, "levelMax": 0, "quality": 0, "taskReward": 0}, {"id": 279, "name": "春日的奇妙物语", "任务i": 6, "支": 7, "二级支": 15, "描": "3饮料+4热情*3", "res1": [[20013, 1], [20068, 3]], "you": 0, "djzl": 0, "djsj": 0, "num": "", "weight": 0, "levelMin": 0, "levelMax": 0, "quality": 0, "taskReward": 0}, {"id": 280, "name": "他和她的故事", "任务i": 7, "支": 1, "二级支": 1, "描": "7级工具+3级手套", "res1": [[10018, 1], [10028, 1]], "you": 0, "djzl": 0, "djsj": 0, "num": "", "weight": 0, "levelMin": 0, "levelMax": 0, "quality": 0, "taskReward": 0}, {"id": 281, "name": "他和她的故事", "任务i": 7, "支": 1, "二级支": 2, "描": "3工具+3手套", "res1": [[10014, 1], [10028, 1]], "you": 0, "djzl": 0, "djsj": 0, "num": "", "weight": 0, "levelMin": 0, "levelMax": 0, "quality": 0, "taskReward": 0}, {"id": 282, "name": "他和她的故事", "任务i": 7, "支": 1, "二级支": 3, "描": "5级工具", "res1": [[10016, 1]], "you": 0, "djzl": 0, "djsj": 0, "num": "", "weight": 0, "levelMin": 0, "levelMax": 0, "quality": 0, "taskReward": 0}, {"id": 283, "name": "他和她的故事", "任务i": 7, "支": 1, "二级支": 4, "描": "5级工具+2级种子袋", "res1": [[10016, 1], [40012, 1]], "you": 0, "djzl": 0, "djsj": 0, "num": "", "weight": 0, "levelMin": 0, "levelMax": 0, "quality": 0, "taskReward": 0}, {"id": 284, "name": "他和她的故事", "任务i": 7, "支": 1, "二级支": 5, "描": "2纸片+3拼图*2", "res1": [[30025, 1], [30026, 2]], "you": 0, "djzl": 0, "djsj": 0, "num": "", "weight": 0, "levelMin": 0, "levelMax": 0, "quality": 0, "taskReward": 0}, {"id": 285, "name": "他和她的故事", "任务i": 7, "支": 1, "二级支": 6, "描": "6失物招领", "res1": [[30054, 1]], "you": 0, "djzl": 0, "djsj": 0, "num": "", "weight": 0, "levelMin": 0, "levelMax": 0, "quality": 0, "taskReward": 0}, {"id": 286, "name": "他和她的故事", "任务i": 7, "支": 1, "二级支": 7, "描": "6级工具", "res1": [[10017, 1]], "you": 0, "djzl": 0, "djsj": 0, "num": "", "weight": 0, "levelMin": 0, "levelMax": 0, "quality": 0, "taskReward": 0}, {"id": 287, "name": "他和她的故事", "任务i": 7, "支": 1, "二级支": 8, "描": "3级工具+2级种子袋", "res1": [[10014, 1], [40012, 1]], "you": 0, "djzl": 0, "djsj": 0, "num": "", "weight": 0, "levelMin": 0, "levelMax": 0, "quality": 0, "taskReward": 0}, {"id": 288, "name": "他和她的故事", "任务i": 7, "支": 1, "二级支": 9, "描": "9级工具+3级手套*2", "res1": [[10020, 1], [10028, 2]], "you": 0, "djzl": 0, "djsj": 0, "num": "", "weight": 0, "levelMin": 0, "levelMax": 0, "quality": 0, "taskReward": 0}, {"id": 289, "name": "他和她的故事", "任务i": 7, "支": 1, "二级支": 10, "描": "4储物柜+7储物柜", "res1": [[30011, 1], [30014, 1]], "you": 0, "djzl": 0, "djsj": 0, "num": "", "weight": 0, "levelMin": 0, "levelMax": 0, "quality": 0, "taskReward": 0}, {"id": 290, "name": "他和她的故事", "任务i": 7, "支": 1, "二级支": 11, "描": "5饮料+4药品", "res1": [[20015, 1], [20029, 1]], "you": 0, "djzl": 0, "djsj": 0, "num": "", "weight": 0, "levelMin": 0, "levelMax": 0, "quality": 0, "taskReward": 0}, {"id": 291, "name": "他和她的故事", "任务i": 7, "支": 1, "二级支": 12, "描": "6饮料+3面包", "res1": [[20016, 1], [20023, 1]], "you": 0, "djzl": 0, "djsj": 0, "num": "", "weight": 0, "levelMin": 0, "levelMax": 0, "quality": 0, "taskReward": 0}, {"id": 292, "name": "他和她的故事", "任务i": 7, "支": 1, "二级支": 13, "描": "4级种子袋", "res1": [[40014, 1]], "you": 0, "djzl": 0, "djsj": 0, "num": "", "weight": 0, "levelMin": 0, "levelMax": 0, "quality": 0, "taskReward": 0}, {"id": 293, "name": "他和她的故事", "任务i": 7, "支": 1, "二级支": 14, "描": "3工具+3手套", "res1": [[10014, 1], [10028, 1]], "you": 0, "djzl": 0, "djsj": 0, "num": "", "weight": 0, "levelMin": 0, "levelMax": 0, "quality": 0, "taskReward": 0}, {"id": 294, "name": "他和她的故事", "任务i": 7, "支": 1, "二级支": 15, "描": "9级工具+3级手套", "res1": [[10020, 1], [10028, 1]], "you": 0, "djzl": 0, "djsj": 0, "num": "", "weight": 0, "levelMin": 0, "levelMax": 0, "quality": 0, "taskReward": 0}, {"id": 295, "name": "他和她的故事", "任务i": 7, "支": 1, "二级支": 16, "描": "3工具+3手套", "res1": [[10014, 1], [10028, 1]], "you": 0, "djzl": 0, "djsj": 0, "num": "", "weight": 0, "levelMin": 0, "levelMax": 0, "quality": 0, "taskReward": 0}, {"id": 296, "name": "他和她的故事", "任务i": 7, "支": 1, "二级支": 17, "描": "4级工具+2级种子袋", "res1": [[10015, 1], [40012, 1]], "you": 0, "djzl": 0, "djsj": 0, "num": "", "weight": 0, "levelMin": 0, "levelMax": 0, "quality": 0, "taskReward": 0}, {"id": 297, "name": "他和她的故事", "任务i": 7, "支": 1, "二级支": 18, "描": "6饮料+4面包", "res1": [[20016, 1], [20024, 1]], "you": 0, "djzl": 0, "djsj": 0, "num": "", "weight": 0, "levelMin": 0, "levelMax": 0, "quality": 0, "taskReward": 0}, {"id": 298, "name": "他和她的故事", "任务i": 7, "支": 1, "二级支": 19, "描": "9饮料+4药品", "res1": [[20019, 1], [20029, 1]], "you": 0, "djzl": 0, "djsj": 0, "num": "", "weight": 0, "levelMin": 0, "levelMax": 0, "quality": 0, "taskReward": 0}, {"id": 299, "name": "他和她的故事", "任务i": 7, "支": 1, "二级支": 20, "描": "5花+6花", "res1": [[40052, 1], [40053, 1]], "you": 0, "djzl": 0, "djsj": 0, "num": "", "weight": 0, "levelMin": 0, "levelMax": 0, "quality": 0, "taskReward": 0}, {"id": 300, "name": "他和她的故事", "任务i": 7, "支": 1, "二级支": 21, "描": "1课程*2", "res1": [[20069, 2]], "you": 0, "djzl": 0, "djsj": 0, "num": "", "weight": 0, "levelMin": 0, "levelMax": 0, "quality": 0, "taskReward": 0}, {"id": 301, "name": "他和她的故事", "任务i": 7, "支": 1, "二级支": 22, "描": "6饮料+4面包", "res1": [[20016, 1], [20024, 1]], "you": 0, "djzl": 0, "djsj": 0, "num": "", "weight": 0, "levelMin": 0, "levelMax": 0, "quality": 0, "taskReward": 0}, {"id": 302, "name": "他和她的故事", "任务i": 7, "支": 1, "二级支": 23, "描": "4级种子袋", "res1": [[40014, 1]], "you": 0, "djzl": 0, "djsj": 0, "num": "", "weight": 0, "levelMin": 0, "levelMax": 0, "quality": 0, "taskReward": 0}, {"id": 303, "name": "他和她的故事", "任务i": 7, "支": 1, "二级支": 24, "描": "11级工具+3级手套*2", "res1": [[10022, 1], [10028, 2]], "you": 0, "djzl": 0, "djsj": 0, "num": "", "weight": 0, "levelMin": 0, "levelMax": 0, "quality": 0, "taskReward": 0}, {"id": 304, "name": "他和她的故事", "任务i": 7, "支": 1, "二级支": 25, "描": "2有氧+6有氧", "res1": [[20042, 1], [20046, 1]], "you": 0, "djzl": 0, "djsj": 0, "num": "", "weight": 0, "levelMin": 0, "levelMax": 0, "quality": 0, "taskReward": 0}, {"id": 305, "name": "他和她的故事", "任务i": 7, "支": 1, "二级支": 26, "描": "7花", "res1": [[40054, 1]], "you": 0, "djzl": 0, "djsj": 0, "num": "", "weight": 0, "levelMin": 0, "levelMax": 0, "quality": 0, "taskReward": 0}, {"id": 306, "name": "他和她的故事", "任务i": 7, "支": 1, "二级支": 27, "描": "6树", "res1": [[40032, 1]], "you": 0, "djzl": 0, "djsj": 0, "num": "", "weight": 0, "levelMin": 0, "levelMax": 0, "quality": 0, "taskReward": 0}, {"id": 307, "name": "他和她的故事", "任务i": 7, "支": 1, "二级支": 28, "描": "3工具+3手套", "res1": [[10014, 1], [10028, 1]], "you": 0, "djzl": 0, "djsj": 0, "num": "", "weight": 0, "levelMin": 0, "levelMax": 0, "quality": 0, "taskReward": 0}, {"id": 308, "name": "他和她的故事", "任务i": 7, "支": 1, "二级支": 29, "描": "6有氧+3力量", "res1": [[20046, 1], [20054, 1]], "you": 0, "djzl": 0, "djsj": 0, "num": "", "weight": 0, "levelMin": 0, "levelMax": 0, "quality": 0, "taskReward": 0}, {"id": 309, "name": "他和她的故事", "任务i": 7, "支": 1, "二级支": 30, "描": "4级种子袋", "res1": [[40014, 1]], "you": 0, "djzl": 0, "djsj": 0, "num": "", "weight": 0, "levelMin": 0, "levelMax": 0, "quality": 0, "taskReward": 0}, {"id": 310, "name": "他和她的故事", "任务i": 7, "支": 1, "二级支": 31, "描": "8级工具", "res1": [[10019, 1]], "you": 0, "djzl": 0, "djsj": 0, "num": "", "weight": 0, "levelMin": 0, "levelMax": 0, "quality": 0, "taskReward": 0}, {"id": 311, "name": "他和她的故事", "任务i": 7, "支": 1, "二级支": 32, "描": "6级饮料", "res1": [[20016, 1]], "you": 0, "djzl": 0, "djsj": 0, "num": "", "weight": 0, "levelMin": 0, "levelMax": 0, "quality": 0, "taskReward": 0}, {"id": 312, "name": "他和她的故事", "任务i": 7, "支": 1, "二级支": 33, "描": "2纸片+3拼图*2", "res1": [[30025, 1], [30026, 2]], "you": 0, "djzl": 0, "djsj": 0, "num": "", "weight": 0, "levelMin": 0, "levelMax": 0, "quality": 0, "taskReward": 0}, {"id": 313, "name": "他和她的故事", "任务i": 7, "支": 1, "二级支": 34, "描": "4级蜗牛+6级蜗牛", "res1": [[40036, 1], [40038, 1]], "you": 0, "djzl": 0, "djsj": 0, "num": "", "weight": 0, "levelMin": 0, "levelMax": 0, "quality": 0, "taskReward": 0}, {"id": 314, "name": "他和她的故事", "任务i": 7, "支": 2, "二级支": 31, "描": "8级工具+3级手套", "res1": [[10019, 1], [10028, 1]], "you": 0, "djzl": 0, "djsj": 0, "num": "", "weight": 0, "levelMin": 0, "levelMax": 0, "quality": 0, "taskReward": 0}, {"id": 315, "name": "他和她的故事", "任务i": 7, "支": 3, "二级支": 9, "描": "4级种子袋", "res1": [[40014, 1]], "you": 0, "djzl": 0, "djsj": 0, "num": "", "weight": 0, "levelMin": 0, "levelMax": 0, "quality": 0, "taskReward": 0}, {"id": 316, "name": "他和她的故事", "任务i": 7, "支": 3, "二级支": 10, "描": "3工具+3手套", "res1": [[10014, 1], [10028, 1]], "you": 0, "djzl": 0, "djsj": 0, "num": "", "weight": 0, "levelMin": 0, "levelMax": 0, "quality": 0, "taskReward": 0}, {"id": 317, "name": "他和她的故事", "任务i": 7, "支": 3, "二级支": 11, "描": "5饮料+4药品", "res1": [[20015, 1], [20029, 1]], "you": 0, "djzl": 0, "djsj": 0, "num": "", "weight": 0, "levelMin": 0, "levelMax": 0, "quality": 0, "taskReward": 0}, {"id": 318, "name": "他和她的故事", "任务i": 7, "支": 3, "二级支": 12, "描": "6饮料+3面包", "res1": [[20016, 1], [20023, 1]], "you": 0, "djzl": 0, "djsj": 0, "num": "", "weight": 0, "levelMin": 0, "levelMax": 0, "quality": 0, "taskReward": 0}, {"id": 319, "name": "他和她的故事", "任务i": 7, "支": 3, "二级支": 13, "描": "4级种子袋", "res1": [[40014, 1]], "you": 0, "djzl": 0, "djsj": 0, "num": "", "weight": 0, "levelMin": 0, "levelMax": 0, "quality": 0, "taskReward": 0}, {"id": 320, "name": "他和她的故事", "任务i": 7, "支": 3, "二级支": 14, "描": "7级工具", "res1": [[10018, 1]], "you": 0, "djzl": 0, "djsj": 0, "num": "", "weight": 0, "levelMin": 0, "levelMax": 0, "quality": 0, "taskReward": 0}, {"id": 321, "name": "他和她的故事", "任务i": 7, "支": 3, "二级支": 15, "描": "9花", "res1": [[40056, 1]], "you": 0, "djzl": 0, "djsj": 0, "num": "", "weight": 0, "levelMin": 0, "levelMax": 0, "quality": 0, "taskReward": 0}, {"id": 322, "name": "他和她的故事", "任务i": 7, "支": 3, "二级支": 16, "描": "8级工具+3级手套", "res1": [[10019, 1], [10028, 1]], "you": 0, "djzl": 0, "djsj": 0, "num": "", "weight": 0, "levelMin": 0, "levelMax": 0, "quality": 0, "taskReward": 0}, {"id": 323, "name": "他和她的故事", "任务i": 7, "支": 3, "二级支": 17, "描": "6饮料+4热情*2", "res1": [[20016, 1], [20068, 2]], "you": 0, "djzl": 0, "djsj": 0, "num": "", "weight": 0, "levelMin": 0, "levelMax": 0, "quality": 0, "taskReward": 0}, {"id": 324, "name": "他和她的故事", "任务i": 7, "支": 3, "二级支": 18, "描": "6失物招领", "res1": [[30054, 1]], "you": 0, "djzl": 0, "djsj": 0, "num": "", "weight": 0, "levelMin": 0, "levelMax": 0, "quality": 0, "taskReward": 0}, {"id": 325, "name": "他和她的故事", "任务i": 7, "支": 3, "二级支": 19, "描": "3储物柜+7储物柜", "res1": [[30010, 1], [30014, 1]], "you": 0, "djzl": 0, "djsj": 0, "num": "", "weight": 0, "levelMin": 0, "levelMax": 0, "quality": 0, "taskReward": 0}, {"id": 326, "name": "他和她的故事", "任务i": 7, "支": 3, "二级支": 20, "描": "5娱乐", "res1": [[30059, 1]], "you": 0, "djzl": 0, "djsj": 0, "num": "", "weight": 0, "levelMin": 0, "levelMax": 0, "quality": 0, "taskReward": 0}, {"id": 327, "name": "他和她的故事", "任务i": 7, "支": 3, "二级支": 21, "描": "8级工具", "res1": [[10019, 1]], "you": 0, "djzl": 0, "djsj": 0, "num": "", "weight": 0, "levelMin": 0, "levelMax": 0, "quality": 0, "taskReward": 0}, {"id": 328, "name": "他和她的故事", "任务i": 7, "支": 3, "二级支": 22, "描": "8饮料+4面包", "res1": [[20018, 1], [20024, 1]], "you": 0, "djzl": 0, "djsj": 0, "num": "", "weight": 0, "levelMin": 0, "levelMax": 0, "quality": 0, "taskReward": 0}, {"id": 329, "name": "他和她的故事", "任务i": 7, "支": 3, "二级支": 23, "描": "5饮料+4药品", "res1": [[20015, 1], [20029, 1]], "you": 0, "djzl": 0, "djsj": 0, "num": "", "weight": 0, "levelMin": 0, "levelMax": 0, "quality": 0, "taskReward": 0}, {"id": 330, "name": "他和她的故事", "任务i": 7, "支": 3, "二级支": 24, "描": "1有氧*2+3有氧*2", "res1": [[20041, 2], [20043, 2]], "you": 0, "djzl": 0, "djsj": 0, "num": "", "weight": 0, "levelMin": 0, "levelMax": 0, "quality": 0, "taskReward": 0}, {"id": 331, "name": "他和她的故事", "任务i": 7, "支": 3, "二级支": 25, "描": "8级工具", "res1": [[10019, 1]], "you": 0, "djzl": 0, "djsj": 0, "num": "", "weight": 0, "levelMin": 0, "levelMax": 0, "quality": 0, "taskReward": 0}, {"id": 332, "name": "他和她的故事", "任务i": 7, "支": 3, "二级支": 26, "描": "9级工具+3级手套", "res1": [[10020, 1], [10028, 1]], "you": 0, "djzl": 0, "djsj": 0, "num": "", "weight": 0, "levelMin": 0, "levelMax": 0, "quality": 0, "taskReward": 0}, {"id": 333, "name": "他和她的故事", "任务i": 7, "支": 3, "二级支": 27, "描": "6饮料+3面包", "res1": [[20016, 1], [20023, 1]], "you": 0, "djzl": 0, "djsj": 0, "num": "", "weight": 0, "levelMin": 0, "levelMax": 0, "quality": 0, "taskReward": 0}, {"id": 334, "name": "他和她的故事", "任务i": 7, "支": 3, "二级支": 28, "描": "4储物柜+7储物柜", "res1": [[30011, 1], [30014, 1]], "you": 0, "djzl": 0, "djsj": 0, "num": "", "weight": 0, "levelMin": 0, "levelMax": 0, "quality": 0, "taskReward": 0}, {"id": 335, "name": "他和她的故事", "任务i": 7, "支": 3, "二级支": 29, "描": "6级树", "res1": [[40032, 1]], "you": 0, "djzl": 0, "djsj": 0, "num": "", "weight": 0, "levelMin": 0, "levelMax": 0, "quality": 0, "taskReward": 0}, {"id": 336, "name": "他和她的故事", "任务i": 7, "支": 3, "二级支": 30, "描": "3级工具+3级手套", "res1": [[10014, 1], [10028, 1]], "you": 0, "djzl": 0, "djsj": 0, "num": "", "weight": 0, "levelMin": 0, "levelMax": 0, "quality": 0, "taskReward": 0}, {"id": 337, "name": "他和她的故事", "任务i": 7, "支": 3, "二级支": 31, "描": "6有氧+3力量", "res1": [[20046, 1], [20054, 1]], "you": 0, "djzl": 0, "djsj": 0, "num": "", "weight": 0, "levelMin": 0, "levelMax": 0, "quality": 0, "taskReward": 0}, {"id": 338, "name": "他和她的故事", "任务i": 7, "支": 3, "二级支": 32, "描": "4级种子袋", "res1": [[40014, 1]], "you": 0, "djzl": 0, "djsj": 0, "num": "", "weight": 0, "levelMin": 0, "levelMax": 0, "quality": 0, "taskReward": 0}, {"id": 339, "name": "他和她的故事", "任务i": 7, "支": 3, "二级支": 33, "描": "3级手套+2级种子袋", "res1": [[10028, 1], [40012, 1]], "you": 0, "djzl": 0, "djsj": 0, "num": "", "weight": 0, "levelMin": 0, "levelMax": 0, "quality": 0, "taskReward": 0}, {"id": 340, "name": "他和她的故事", "任务i": 7, "支": 4, "二级支": 7, "描": "3工具+6饮料", "res1": [[10014, 1], [20016, 1]], "you": 0, "djzl": 0, "djsj": 0, "num": "", "weight": 0, "levelMin": 0, "levelMax": 0, "quality": 0, "taskReward": 0}, {"id": 341, "name": "他和她的故事", "任务i": 7, "支": 4, "二级支": 8, "描": "3饮料+3体能分析", "res1": [[20013, 1], [20067, 1]], "you": 0, "djzl": 0, "djsj": 0, "num": "", "weight": 0, "levelMin": 0, "levelMax": 0, "quality": 0, "taskReward": 0}, {"id": 342, "name": "他和她的故事", "任务i": 7, "支": 4, "二级支": 9, "描": "6有氧", "res1": [[20046, 1]], "you": 0, "djzl": 0, "djsj": 0, "num": "", "weight": 0, "levelMin": 0, "levelMax": 0, "quality": 0, "taskReward": 0}, {"id": 343, "name": "他和她的故事", "任务i": 7, "支": 4, "二级支": 10, "描": "7级工具+2级种子袋", "res1": [[10018, 1], [40012, 1]], "you": 0, "djzl": 0, "djsj": 0, "num": "", "weight": 0, "levelMin": 0, "levelMax": 0, "quality": 0, "taskReward": 0}, {"id": 344, "name": "他和她的故事", "任务i": 7, "支": 4, "二级支": 11, "描": "3饮料+3体能分析", "res1": [[20013, 1], [20067, 1]], "you": 0, "djzl": 0, "djsj": 0, "num": "", "weight": 0, "levelMin": 0, "levelMax": 0, "quality": 0, "taskReward": 0}, {"id": 345, "name": "他和她的故事", "任务i": 7, "支": 4, "二级支": 12, "描": "3有氧+3力量", "res1": [[20043, 1], [20054, 1]], "you": 0, "djzl": 0, "djsj": 0, "num": "", "weight": 0, "levelMin": 0, "levelMax": 0, "quality": 0, "taskReward": 0}, {"id": 346, "name": "他和她的故事", "任务i": 7, "支": 4, "二级支": 13, "描": "6饮料+3体能分析", "res1": [[20016, 1], [20067, 1]], "you": 0, "djzl": 0, "djsj": 0, "num": "", "weight": 0, "levelMin": 0, "levelMax": 0, "quality": 0, "taskReward": 0}, {"id": 347, "name": "他和她的故事", "任务i": 7, "支": 4, "二级支": 14, "描": "8饮料+5面包", "res1": [[20018, 1], [20025, 1]], "you": 0, "djzl": 0, "djsj": 0, "num": "", "weight": 0, "levelMin": 0, "levelMax": 0, "quality": 0, "taskReward": 0}, {"id": 348, "name": "他和她的故事", "任务i": 7, "支": 4, "二级支": 15, "描": "9饮料+3药品", "res1": [[20019, 1], [20028, 1]], "you": 0, "djzl": 0, "djsj": 0, "num": "", "weight": 0, "levelMin": 0, "levelMax": 0, "quality": 0, "taskReward": 0}, {"id": 349, "name": "他和她的故事", "任务i": 7, "支": 4, "二级支": 16, "描": "11级工具+3级手套", "res1": [[10022, 1], [10028, 1]], "you": 0, "djzl": 0, "djsj": 0, "num": "", "weight": 0, "levelMin": 0, "levelMax": 0, "quality": 0, "taskReward": 0}, {"id": 350, "name": "他和她的故事", "任务i": 7, "支": 4, "二级支": 17, "描": "6级树*2", "res1": [[40032, 2]], "you": 0, "djzl": 0, "djsj": 0, "num": "", "weight": 0, "levelMin": 0, "levelMax": 0, "quality": 0, "taskReward": 0}, {"id": 351, "name": "他和她的故事", "任务i": 7, "支": 4, "二级支": 18, "描": "6失物招领", "res1": [[30054, 1]], "you": 0, "djzl": 0, "djsj": 0, "num": "", "weight": 0, "levelMin": 0, "levelMax": 0, "quality": 0, "taskReward": 0}, {"id": 352, "name": "他和她的故事", "任务i": 7, "支": 4, "二级支": 19, "描": "3级手套+2级种子袋", "res1": [[10028, 1], [40012, 1]], "you": 0, "djzl": 0, "djsj": 0, "num": "", "weight": 0, "levelMin": 0, "levelMax": 0, "quality": 0, "taskReward": 0}, {"id": 353, "name": "他和她的故事", "任务i": 7, "支": 5, "二级支": 7, "描": "3级手套+2级种子袋", "res1": [[10028, 1], [40012, 1]], "you": 0, "djzl": 0, "djsj": 0, "num": "", "weight": 0, "levelMin": 0, "levelMax": 0, "quality": 0, "taskReward": 0}]