{"skeleton":{"hash":"4RNdg4YGNEY","spine":"3.8-from-4.0-from-4.1.17","x":-97.55,"y":-20.38,"width":192.51,"height":171.6,"images":"./images/","audio":"E:/游戏项目/健身房/spine"},"bones":[{"name":"root","scaleX":0.6,"scaleY":0.6},{"name":"z1","parent":"root","x":2.29,"y":37.62},{"name":"5465","parent":"z1","length":53.69,"rotation":91.82,"x":-0.87,"y":5.1},{"name":"bone2","parent":"5465","length":82.2,"rotation":-1.22,"x":58.82,"y":0.69},{"name":"bone13","parent":"bone2","x":25.58,"y":42.84},{"name":"bone3","parent":"bone13","length":8.14,"rotation":-6.6,"x":-9.43,"y":-5.1},{"name":"bone4","parent":"5465","length":36.26,"rotation":-148.31,"x":45.01,"y":-45.32},{"name":"bone5","parent":"5465","length":17.04,"rotation":-54.95,"x":30.01,"y":-74.67},{"name":"bone6","parent":"bone5","length":10.54,"rotation":6.49,"x":20.27,"y":0.77},{"name":"bone7","parent":"bone6","length":12.88,"rotation":-9.15,"x":12.64,"y":0.36},{"name":"bone8","parent":"5465","length":33.23,"rotation":179.65,"x":-1.05,"y":-19.57},{"name":"target2","parent":"root","x":13.3,"y":11.69,"color":"ff3f00ff"},{"name":"bone9","parent":"target2","length":12.38,"rotation":-150.78,"x":0.25,"y":1.8},{"name":"bone11","parent":"5465","length":27.74,"rotation":-179.7,"x":9.35,"y":24.74},{"name":"target","parent":"root","x":1.72,"y":19.01,"color":"ff3f00ff"},{"name":"bone12","parent":"target","length":12.88,"rotation":-140.45,"x":-0.27,"y":5.81},{"name":"bone14","parent":"bone13","length":15.74,"rotation":56.29,"x":56.34,"y":-23.58},{"name":"bone15","parent":"bone14","length":18.38,"rotation":-36.19,"x":16.11,"y":-0.22},{"name":"bone16","parent":"bone15","length":17.77,"rotation":-19.46,"x":20.17,"y":-0.68},{"name":"bone17","parent":"bone16","length":17.35,"rotation":-21.86,"x":18.71,"y":-0.98},{"name":"bone10","parent":"z1","x":-0.01,"y":-22.97},{"name":"bone18","parent":"bone2","x":62.92,"y":-44.26},{"name":"bone","parent":"root","x":-4.2,"y":25.44,"color":"2a24ffff"},{"name":"b1","parent":"bone","length":66.96,"rotation":91.79,"x":-0.33,"y":4.23,"color":"2a24ffff"},{"name":"bone20","parent":"b1","length":72.15,"rotation":-2.21,"x":70.09,"y":-0.1,"color":"2a24ffff"},{"name":"bone21","parent":"bone20","length":20.46,"rotation":-30.88,"x":82.34,"y":-29.68,"color":"2a24ffff"},{"name":"bone22","parent":"bone21","length":16.4,"rotation":20.45,"x":20.75,"y":0.18,"color":"2a24ffff"},{"name":"bone23","parent":"bone22","length":15.83,"rotation":15.81,"x":16.4,"color":"2a24ffff"},{"name":"bone24","parent":"bone23","length":13.05,"rotation":24.96,"x":16.88,"y":0.25,"color":"2a24ffff"},{"name":"bone25","parent":"b1","length":33.61,"rotation":-137.01,"x":41.49,"y":-51.26,"color":"2a24ffff"},{"name":"b3","parent":"b1","x":13.69,"y":51.22,"color":"2a24ffff"},{"name":"bone32","parent":"b3","x":15.12,"y":1.28,"color":"2a24ffff"},{"name":"bone26","parent":"bone32","length":22.9,"rotation":34.24,"x":2.99,"y":0.98,"color":"2a24ffff"},{"name":"bone27","parent":"bone26","length":20.12,"rotation":1.32,"x":24.42,"y":-0.06,"color":"2a24ffff"},{"name":"bone28","parent":"b1","length":18,"rotation":-178.17,"x":0.63,"y":-18.34,"color":"2a24ffff"},{"name":"bone30","parent":"b1","length":22.3,"rotation":170.85,"x":4.15,"y":20.28,"color":"2a24ffff"},{"name":"23e","parent":"root","x":5.79,"y":2.63,"color":"2a24ffff"},{"name":"bone29","parent":"23e","length":14.5,"rotation":-4.26,"x":0.5,"y":1.31,"color":"2a24ffff"},{"name":"21","parent":"root","x":-16.73,"y":8.1,"color":"2a24ffff"},{"name":"bone31","parent":"21","length":14.97,"rotation":-7.23,"x":1.82,"y":2.44,"color":"2a24ffff"},{"name":"bone33","parent":"5465","length":36.26,"rotation":104.33,"x":46.9,"y":58.23,"scaleX":0.9,"scaleY":0.9},{"name":"yingzi","parent":"bone","x":-6.04,"y":-10.79,"color":"2a24ffff"},{"name":"z2","parent":"z1","length":19.09,"rotation":70.35,"x":20.31,"y":37.39,"scaleX":2,"scaleY":2},{"name":"z3","parent":"z2","x":23.67,"y":52.09},{"name":"z4","parent":"z3","x":-22.82,"y":-93.75},{"name":"yizi","parent":"bone","length":23.58,"rotation":85.6,"x":-131.44,"y":-61.34,"scaleX":2,"scaleY":2,"color":"ff19d2ff"},{"name":"z5","parent":"z1","x":-16.28,"y":-15.72,"scaleX":-1.7,"scaleY":1.7,"color":"16ff7aff"},{"name":"z6","parent":"z5","x":29.3,"y":20},{"name":"z7","parent":"z5","length":13.73,"rotation":145.71,"x":7.53,"y":-4.76,"color":"5eff00ff"},{"name":"paobu22","parent":"bone","rotation":88.03,"x":27.51,"y":-94.04,"scaleX":1.7,"scaleY":1.7,"color":"39ffd2ff"},{"name":"bone34","parent":"paobu22","rotation":-88.03,"x":6.27,"y":-86.12},{"name":"cheng1","parent":"z1","x":-1.75,"y":-29.52,"scaleX":-1.7,"scaleY":1.7,"skin":true,"color":"f02fffff"},{"name":"cheng4","parent":"bone","x":6.86,"y":-13.82,"scaleX":-1.7,"scaleY":1.7,"skin":true,"color":"f02fffff"},{"name":"5467","parent":"5465","x":9.88,"y":56.65,"color":"32ff00ff"},{"name":"5466","parent":"5467","x":10.26,"y":-6.32},{"name":"bone35","parent":"bone33","x":32.76,"y":3.54},{"name":"bone19","parent":"bone4","x":38.25,"y":0.31},{"name":"bone36","parent":"bone35","length":60.56,"rotation":-32.45,"x":7.42,"y":-4.78},{"name":"bone37","parent":"bone35","length":62.68,"rotation":-6.65,"x":9.4,"y":0.29},{"name":"bone38","parent":"bone35","length":64.35,"rotation":31.8,"x":7.28,"y":4.49},{"name":"bone39","parent":"bone35","length":62.22,"rotation":61.74,"x":3.27,"y":7.45},{"name":"5468","parent":"5465","x":31.32,"y":-44.81,"color":"32ff00ff"},{"name":"5469","parent":"5466","length":6.28,"rotation":139.52,"x":-2.31,"y":10.36},{"name":"5470","parent":"5469","length":13.72,"rotation":1.79,"x":6.74,"y":0.37},{"name":"5471","parent":"5466","length":9.46,"rotation":-141.86,"x":-6.72,"y":-5.19},{"name":"5472","parent":"5471","length":17.15,"rotation":-17.79,"x":11.2,"y":0.85},{"name":"b2","parent":"b1","length":25.92,"rotation":54.14,"x":41.94,"y":70.01,"scaleX":0.8,"scaleY":0.8,"color":"2a24ffff"},{"name":"bone41","parent":"bone19","length":65.84,"rotation":-49.6,"x":4.17,"y":-5.59},{"name":"bone42","parent":"bone19","length":66.33,"rotation":-19.47,"x":9.28,"y":-2.98},{"name":"bone43","parent":"bone19","length":67.74,"rotation":14.62,"x":9.09,"y":1.06},{"name":"bone44","parent":"bone19","length":62.69,"rotation":41.83,"x":7.93,"y":6},{"name":"bone45","parent":"bone25","x":44.07,"y":1.28,"color":"2a24ffff"},{"name":"bone46","parent":"bone45","length":64.28,"rotation":-21.43,"x":3.86,"y":-3.83,"color":"2a24ffff"},{"name":"bone47","parent":"bone45","length":62.76,"rotation":13.52,"x":6.49,"y":-0.37,"color":"2a24ffff"},{"name":"bone48","parent":"bone45","length":68.01,"rotation":44.75,"x":3.69,"y":4.25,"color":"2a24ffff"},{"name":"bone49","parent":"bone45","length":60.86,"rotation":69.97,"x":-0.16,"y":6.76,"color":"2a24ffff"},{"name":"b4","parent":"b1","x":38.85,"y":-49.28,"color":"2a24ffff"},{"name":"cheng2","parent":"z1","x":-1.75,"y":-29.52,"scaleX":-1.7,"scaleY":1.7,"skin":true,"color":"f02fffff"},{"name":"cheng5","parent":"bone","x":6.86,"y":-13.82,"scaleX":-1.7,"scaleY":1.7,"skin":true,"color":"f02fffff"},{"name":"cheng6","parent":"bone","x":6.86,"y":-13.82,"scaleX":-1.7,"scaleY":1.7,"skin":true,"color":"f02fffff"},{"name":"cheng3","parent":"z1","x":-1.75,"y":-29.52,"scaleX":-1.7,"scaleY":1.7,"skin":true,"color":"f02fffff"},{"name":"cheng7","parent":"z1","x":-1.75,"y":-29.52,"scaleX":-1.7,"scaleY":1.7,"skin":true,"color":"f02fffff"},{"name":"cheng8","parent":"bone","x":6.86,"y":-13.82,"scaleX":-1.7,"scaleY":1.7,"skin":true,"color":"f02fffff"}],"slots":[{"name":"体重秤3","bone":"cheng4"},{"name":"体重秤6","bone":"cheng6"},{"name":"体重秤9","bone":"cheng8"},{"name":"体重秤5","bone":"cheng5"},{"name":"体重秤2","bone":"cheng1"},{"name":"体重秤7","bone":"cheng3"},{"name":"体重秤8","bone":"cheng7"},{"name":"体重秤4","bone":"cheng2"},{"name":"图层492(3)","bone":"bone10","attachment":"图层492(3)"},{"name":"图层492(3)2","bone":"yingzi","attachment":"图层492(3)"},{"name":"扇子(2)3","bone":"b2","attachment":"扇子(2)"},{"name":"扇子(2)","bone":"bone35","attachment":"扇子(2)"},{"name":"跑步机1","bone":"paobu22"},{"name":"p12","bone":"bone34"},{"name":"sad3","bone":"yizi"},{"name":"bj1","bone":"bone30","attachment":"bj1"},{"name":"bj2","bone":"bone28","attachment":"bj2"},{"name":"bbody","bone":"b1","attachment":"bbody"},{"name":"bdm","bone":"bone21","attachment":"bdm"},{"name":"bhead","bone":"bone20","attachment":"bhead"},{"name":"衣服ds","bone":"b1","attachment":"衣服ds"},{"name":"bw","bone":"bone26","attachment":"bw"},{"name":"sad2","bone":"yizi"},{"name":"sad1","bone":"yizi"},{"name":"bhand","bone":"bone25"},{"name":"p66","bone":"z5"},{"name":"p22","bone":"z7"},{"name":"d22","bone":"bone33","attachment":"d22"},{"name":"yiz1","bone":"z2"},{"name":"zj1","bone":"bone11","attachment":"zj1"},{"name":"zj2","bone":"bone8","attachment":"zj2"},{"name":"zw","bone":"bone5","attachment":"zw"},{"name":"zhand2","bone":"bone33"},{"name":"zbody","bone":"5465","attachment":"zbody"},{"name":"zhead","bone":"bone2","attachment":"zhead"},{"name":"yifu22","bone":"5465","attachment":"yifu22"},{"name":"头发","bone":"bone13","attachment":"头发"},{"name":"yiz2","bone":"z4"},{"name":"zhand","bone":"bone4"},{"name":"zbq","bone":"bone3","attachment":"zbq"},{"name":"zdm","bone":"bone14","attachment":"zdm"},{"name":"p55","bone":"z5"},{"name":"跑步机1背面","bone":"paobu22"},{"name":"adaf","bone":"5466","attachment":"adaf"},{"name":"dad手","bone":"bone4","attachment":"dad手"},{"name":"扇子(4)","bone":"bone45","attachment":"扇子(4)"},{"name":"扇子(2)2","bone":"bone19","attachment":"扇子(2)"},{"name":"dad手2","bone":"bone25","attachment":"dad手"},{"name":"头发www","bone":"bone20","attachment":"头发www"}],"ik":[{"name":"21","order":2,"bones":["bone30"],"target":"21"},{"name":"23e","order":3,"bones":["bone28"],"target":"23e"},{"name":"target","bones":["bone11"],"target":"target"},{"name":"target2","order":1,"bones":["bone8"],"target":"target2"}],"skins":[{"name":"default","attachments":{"adaf":{"adaf":{"type":"mesh","uvs":[0.43085,0.54803,0.36937,0.69849,0.27134,0.75548,0.16833,0.75548,0.06698,0.65973,0.00218,0.54347,0,0.45456,0.00384,0.36109,0.13676,0.17415,0.273,0.07384,0.4026,0.03965,0.45909,8.9E-4,0.57872,0.01229,0.66678,0.067,0.66179,0.16731,0.75484,0.2357,0.86117,0.36337,0.96086,0.49787,1,0.60046,1,0.75548,0.93428,0.87859,0.85785,0.9561,0.76148,0.99713,0.69669,1,0.65349,0.9675,0.60863,0.84439,0.55712,0.57538,0.49232,0.58678],"triangles":[23,24,22,21,22,25,22,24,25,21,25,20,18,19,20,20,25,17,17,26,16,17,25,26,20,17,18,27,0,26,26,0,14,26,15,16,26,14,15,1,2,0,4,0,2,4,2,3,8,4,6,4,8,0,8,6,7,4,5,6,8,9,0,9,10,0,14,11,12,10,11,14,14,0,10,14,12,13],"vertices":[4,54,-16.07,6.13,0.00543,62,7.72,12.15,0.02774,63,1.35,11.75,0.6157,64,0.36,-14.67,0.35113,2,63,8.7,12.73,0.92315,64,2.99,-21.61,0.07685,2,63,14.13,9.57,0.97798,64,1.15,-27.62,0.02202,2,63,17.78,4.71,0.99812,64,-2.75,-32.27,0.00188,2,62,24.88,-1.61,0.01,63,18.07,-2.54,0.99,2,62,23.37,-7.72,0.09336,63,16.37,-8.6,0.90664,2,62,20.46,-10.21,0.1866,63,13.39,-11,0.8134,2,62,17.18,-12.54,0.31275,63,10.04,-13.23,0.68725,2,62,6,-11.44,0.89591,63,-1.1,-11.78,0.10409,2,54,4.61,14.79,0.03928,62,-2.39,-7.86,0.96072,2,54,5.84,7.1,0.50461,62,-8.31,-2.8,0.49539,2,54,7.4,3.71,0.76383,62,-11.69,-1.24,0.23617,3,54,6.68,-3.32,0.94988,62,-15.72,4.57,0.01052,64,-11.7,6.81,0.03959,3,54,4.17,-8.44,0.79455,64,-6.56,9.28,0.20539,65,-19.48,2.6,5.0E-5,3,54,-0.14,-8.01,0.47697,64,-3.44,6.29,0.51096,65,-15.6,0.7,0.01207,3,54,-3.25,-13.41,0.03421,64,2.34,8.6,0.76787,65,-10.8,4.68,0.19793,2,64,10.58,9.89,0.17035,65,-3.35,8.42,0.82965,1,65,4.22,11.68,1,1,65,9.18,12.16,1,1,65,15.35,9.64,1,1,65,18.79,4.05,1,2,64,29.99,-6.63,0.00261,65,20.18,-1.38,0.99739,2,64,27.69,-12.12,0.0388,65,19.67,-7.31,0.9612,2,64,25.33,-15.13,0.07481,65,18.34,-10.9,0.92519,3,63,7.9,33.08,1.0E-5,64,22.62,-16.19,0.1054,65,16.08,-12.73,0.89459,3,63,5.25,27.79,0.00267,64,16.86,-14.82,0.25093,65,10.18,-13.19,0.7464,4,62,3.98,18.71,0.00657,63,-2.18,18.42,0.14536,64,6.05,-9.72,0.79859,65,-1.68,-11.64,0.04948,5,54,-17.85,2.55,0.00154,62,6.75,16.03,0.02041,63,0.51,15.65,0.33868,64,3.97,-12.96,0.63809,65,-2.67,-15.36,0.00128],"hull":28,"edges":[0,2,2,4,4,6,6,8,8,10,10,12,12,14,14,16,16,18,18,20,20,22,22,24,24,26,26,28,28,30,30,32,32,34,34,36,36,38,38,40,40,42,42,44,44,46,46,48,48,50,50,52,52,54,0,54],"width":59,"height":43}},"bbody":{"bbody":{"type":"mesh","uvs":[0.50903,0,0.376,0,0.27672,0.0289,0.16155,0.09413,0.08015,0.1648,0.02256,0.28167,0,0.43116,7.2E-4,0.58608,0.04639,0.74133,0.1417,0.85005,0.2509,0.92343,0.37202,0.98051,0.50109,0.99953,0.62022,0.98594,0.74134,0.94246,0.87437,0.84189,0.94188,0.74405,0.98954,0.57553,1,0.46681,0.99549,0.27656,0.8843,0.10804,0.7334,0.01835],"triangles":[20,18,21,18,20,19,4,7,6,5,4,6,3,8,7,21,18,17,17,15,21,16,15,17,4,3,7,9,8,3,10,3,2,9,3,10,1,10,2,11,10,1,15,0,21,0,11,1,15,14,0,11,0,12,14,13,0,13,12,0],"vertices":[104.05,-0.57,104.75,21.63,101.74,38.31,94.39,57.79,86.19,71.64,72.24,81.7,54.13,86.04,35.24,86.51,16.07,79.48,2.31,63.98,-7.21,46.03,-14.8,26.03,-17.79,4.56,-16.76,-15.38,-12.08,-35.76,-0.52,-58.35,11.06,-69.99,31.36,-78.59,44.57,-80.75,67.79,-80.72,88.92,-62.8,100.64,-37.95],"hull":22,"edges":[0,2,2,4,4,6,6,8,8,10,10,12,12,14,14,16,16,18,18,20,20,22,22,24,24,26,26,28,28,30,30,32,32,34,34,36,36,38,38,40,40,42,0,42],"width":167,"height":122}},"bdm":{"bdm":{"type":"mesh","uvs":[0.03416,0.91159,0.03416,0.9563,0.12488,0.98082,0.29296,0.97938,0.47172,0.95053,0.66115,0.864,0.81323,0.74847,0.91195,0.6403,0.96531,0.49608,0.96531,0.34321,0.91195,0.20621,0.79455,0.10237,0.64514,0.02016,0.54109,0.0043,0.41569,0.0144,0.29563,0.07785,0.29296,0.12977,0.30097,0.26245,0.33298,0.40234,0.37834,0.58117,0.38367,0.74414,0.30897,0.83211,0.18624,0.88547],"triangles":[11,10,17,11,17,12,16,13,12,16,14,13,12,17,16,14,16,15,18,9,19,9,18,10,18,17,10,7,19,8,8,19,9,3,2,22,22,2,0,4,3,21,2,1,0,3,22,21,4,21,5,21,20,5,5,20,6,7,6,19,6,20,19],"vertices":[1,25,-8.92,11.55,1,1,25,-11.75,9.83,1,1,25,-11.41,5.79,1,1,25,-7.83,0.1,1,1,25,-2.29,-4.91,1,1,25,7.12,-8.05,1,2,25,17.58,-8.81,0.99724,26,-6.11,-7.32,0.00276,2,25,26.47,-8.03,0.44325,26,2.49,-9.69,0.55675,3,25,36.7,-4.31,0.01575,26,13.38,-9.78,0.83521,27,-5.57,-8.58,0.14904,3,26,24.49,-7.65,0.06094,27,5.7,-9.56,0.93265,28,-14.28,-4.18,0.00641,2,27,15.98,-8.32,0.53925,28,-4.43,-7.39,0.46075,2,27,24.04,-4.3,3.4E-4,28,4.57,-7.15,0.99966,1,28,12.82,-5.01,1,1,28,15.92,-1.99,1,2,27,31.84,10.23,0.00473,28,17.77,2.73,0.99527,2,27,27.58,15.42,0.05547,28,16.1,9.24,0.94453,3,26,34.94,21.73,7.9E-4,27,23.76,15.86,0.12079,28,12.82,11.25,0.87842,3,26,25.36,19.57,0.05515,27,13.95,16.39,0.4899,28,4.15,15.87,0.45495,3,26,15.43,16.37,0.37707,27,3.53,16.01,0.53749,28,-5.46,19.92,0.08544,4,25,19.13,12.48,0.04473,26,2.78,12.1,0.88109,27,-9.81,15.35,0.07399,28,-17.83,24.95,1.9E-4,3,25,8.93,6.04,0.88902,26,-9.03,9.62,0.11098,27,-21.85,16.18,1.0E-5,2,25,1.82,5.21,0.99953,26,-15.98,11.33,4.7E-4,1,25,-4.11,7.35,1],"hull":23,"edges":[0,2,2,4,4,6,6,8,8,10,10,12,12,14,14,16,16,18,18,20,20,22,22,24,24,26,26,28,28,30,30,32,32,34,34,36,36,38,38,40,40,42,42,44,0,44],"width":40,"height":74}},"bhead":{"bhead":{"type":"mesh","uvs":[0.4757,0.00163,0.38484,0.01203,0.2601,0.04528,0.15691,0.12842,0.07529,0.24481,0.01677,0.37991,0.00137,0.49838,0.00137,0.64802,0.02909,0.77273,0.07683,0.85794,0.14613,0.91614,0.28936,0.97225,0.4141,0.99927,0.55886,0.9972,0.67591,0.98265,0.83299,0.93069,0.92693,0.86626,0.97621,0.79559,1,0.71453,0.99469,0.61061,0.96543,0.55241,0.92539,0.52124,0.90845,0.42355,0.87611,0.29053,0.80527,0.16583,0.72519,0.07438,0.5989,0.0141,0.08275,0.76984,0.14453,0.84778,0.26944,0.91303,0.45478,0.93841,0.64684,0.93116,0.82547,0.85503,0.91143,0.80246,0.94903,0.69371,0.92889,0.60127,0.88456,0.55595,0.86308,0.45082,0.82413,0.32938,0.76772,0.21881,0.70191,0.14812,0.60924,0.0883,0.4521,0.06655,0.31913,0.10099,0.19154,0.19162,0.11096,0.30219,0.07201,0.42182,0.06395,0.57045,0.07201,0.67921,0.82413,0.65564,0.77309,0.78615,0.60924,0.83509,0.393,0.83509,0.22109,0.73358,0.17945,0.55233,0.209,0.35838,0.33525,0.23693,0.62938,0.20431,0.74757,0.40007,0.66967,0.57589,0.44135,0.52151],"triangles":[42,1,0,41,26,25,43,2,1,40,41,25,40,25,24,44,3,2,44,2,43,57,41,40,39,40,24,42,56,43,42,43,1,44,43,56,4,3,44,39,24,23,45,4,44,38,39,23,55,44,56,45,44,55,5,4,45,39,57,40,58,39,38,58,57,39,46,5,45,38,23,22,37,38,22,58,38,37,6,5,46,37,22,21,57,60,56,55,56,60,55,46,45,54,55,60,54,46,55,36,37,21,47,6,46,47,46,54,59,57,58,35,21,20,36,21,35,35,20,19,7,6,47,49,58,37,49,37,36,59,58,49,48,47,54,7,47,48,34,35,19,34,19,18,53,54,60,48,54,53,41,42,0,41,0,26,42,57,56,57,42,41,27,48,53,8,7,48,8,48,27,50,59,49,17,34,18,49,35,34,35,49,36,33,34,17,33,49,34,50,49,33,59,51,60,59,60,57,51,59,50,52,53,60,52,60,51,28,27,53,32,50,33,9,8,27,9,27,28,16,33,17,32,33,16,29,53,52,28,53,29,10,28,29,9,28,10,15,32,16,31,51,50,30,52,51,11,29,52,12,11,52,10,29,11,14,31,50,14,50,32,14,32,15,13,30,51,13,51,31,13,31,14,30,12,52,12,30,13],"vertices":[101.75,1.37,100.36,16.44,96.12,37.12,85.77,54.17,71.36,67.61,54.67,77.21,40.08,79.66,21.68,79.53,6.37,74.81,-4.05,66.81,-11.13,55.26,-17.86,31.43,-21.03,10.7,-20.6,-13.33,-18.67,-32.74,-12.09,-58.77,-4.05,-74.31,4.7,-82.43,14.7,-86.3,27.47,-85.33,34.59,-80.42,38.38,-73.74,50.38,-70.85,66.7,-65.36,81.95,-53.49,93.1,-40.11,100.36,-19.1,6.79,65.91,-2.72,55.58,-10.6,34.79,-13.5,4,-12.37,-27.87,-2.79,-57.46,3.77,-71.68,17.2,-77.82,28.54,-74.4,34.06,-67,46.97,-63.34,61.86,-56.76,75.39,-47.3,84,-36.31,91.25,-20.88,93.74,5.23,89.34,27.27,78.04,48.37,64.34,61.64,49.58,68,31.29,69.21,17.92,67.77,21.73,-57.05,5.61,-48.7,-0.6,-21.54,-0.86,14.35,11.42,42.98,33.66,50.05,57.55,45.32,72.64,24.47,77.01,-24.33,53.07,-44.12,31.35,-31.35,37.77,6.6],"hull":27,"edges":[0,2,2,4,4,6,6,8,8,10,10,12,12,14,14,16,16,18,18,20,20,22,22,24,24,26,26,28,28,30,30,32,32,34,34,36,36,38,38,40,40,42,42,44,44,46,46,48,48,50,50,52,0,52],"width":166,"height":123}},"bj1":{"bj1":{"type":"mesh","uvs":[0.32911,0.01393,0.16428,0.02442,0.04534,0.10381,0.037,0.20898,0.037,0.70183,0.08708,0.82766,0.22061,0.952,0.45222,0.96698,0.688,0.952,0.87579,0.82317,0.94464,0.71681,0.93212,0.55802,0.80693,0.45315,0.7026,0.40672,0.56281,0.40222,0.55029,0.06666,0.42718,0.00974],"triangles":[8,7,5,14,9,8,10,9,14,10,12,11,12,10,14,8,5,14,6,5,7,5,4,14,15,14,0,3,2,14,0,14,2,2,1,0,0,16,15,14,4,3,12,14,13],"vertices":[1,35,-5.87,1.39,1,1,35,-5.82,-3.25,1,1,35,-2.99,-6.81,1,1,35,1.08,-7.36,1,1,35,20.24,-8.86,1,2,35,25.24,-7.85,0.96717,39,-9.35,-2.6,0.03283,2,35,30.37,-4.5,0.67529,39,-5.88,-7.65,0.32471,2,35,31.46,1.92,0.1823,39,0.56,-8.59,0.8177,2,35,31.39,8.55,0.00118,39,7.19,-8.37,0.99882,1,39,12.71,-3.65,1,2,35,22.81,16.43,9.9E-4,39,14.87,0.39,0.99901,2,35,16.61,16.56,0.11212,39,14.86,6.59,0.88788,2,35,12.26,13.39,0.32281,39,11.58,10.87,0.67719,2,35,10.22,10.62,0.49364,39,8.77,12.84,0.50636,2,35,9.74,6.73,0.79949,39,4.87,13.23,0.20051,1,35,-3.33,7.4,1,1,35,-5.81,4.14,1],"hull":17,"edges":[0,2,2,4,4,6,6,8,8,10,10,12,12,14,14,16,16,18,18,20,20,22,22,24,24,26,26,28,28,30,30,32,0,32],"width":28,"height":39}},"bj2":{"bj2":{"type":"mesh","uvs":[0.04898,0.12056,0.03824,0.3556,0.05434,0.71586,0.11069,0.86806,0.24755,0.93741,0.4971,0.95283,0.71714,0.92393,0.89424,0.80448,0.92108,0.55596,0.83252,0.49046,0.72251,0.43459,0.63932,0.42688,0.5454,0.45193,0.54412,0.26169,0.54272,0.05506,0.43538,0.02038,0.21535,0.01268,0.07849,0.07818],"triangles":[7,12,9,6,5,12,12,5,4,6,12,7,7,9,8,4,3,2,10,9,12,12,4,2,10,12,11,12,1,13,0,16,13,13,15,14,15,13,16,16,0,17,1,12,2,0,13,1],"vertices":[1,34,3.46,-6.85,1,2,34,12.59,-7.73,0.89714,37,-9.54,15.8,0.10286,2,34,26.64,-8.17,0.52926,37,-8.85,1.76,0.47074,2,34,32.66,-6.97,0.32939,37,-7.17,-4.15,0.67061,2,34,35.6,-3.32,0.19331,37,-3.29,-6.78,0.80669,1,37,3.71,-7.26,1,2,34,35.91,9.84,0,37,9.85,-6.03,1,2,34,31.57,15.08,0,37,14.72,-1.29,1,2,34,22.62,16.4,0.13859,37,15.32,7.74,0.86141,2,34,19.68,14.23,0.24297,37,12.92,10.5,0.75703,2,34,17.8,11.38,0.39052,37,9.93,12.14,0.60948,2,34,17.3,9.08,0.52096,37,7.59,12.46,0.47904,2,34,17.23,6.2,0.66701,37,4.72,12.29,0.33299,2,34,9.83,6.64,0.99891,37,4.56,19.71,0.00109,1,34,1.78,7.11,1,1,34,0.24,4.19,1,1,34,-0.45,-1.94,1,1,34,1.86,-5.92,1],"hull":18,"edges":[0,2,2,4,4,6,6,8,8,10,10,12,12,14,14,16,16,18,18,20,20,22,22,24,28,30,30,32,32,34,0,34,24,26,26,28],"width":28,"height":39}},"bw":{"bw":{"type":"mesh","uvs":[0.66293,0.97963,0.57672,0.95979,0.43053,0.83278,0.25435,0.63037,0.1419,0.43986,0.05569,0.29301,0.00696,0.14616,0.04444,0,0.16814,0,0.38555,0.04694,0.58047,0.1025,0.72291,0.19379,0.80912,0.32079,0.87284,0.57083,0.96656,0.78516,1,0.95979,0.94406,1],"triangles":[12,3,11,11,3,10,3,12,2,10,4,9,10,3,4,9,5,8,9,4,5,5,6,8,8,6,7,1,2,13,14,0,13,2,12,13,14,16,0,15,16,14,13,0,1],"vertices":[2,31,-2.8,9.61,0.76857,33,-24.11,11.01,0.23143,2,31,-1.64,14.23,0.73143,33,-20.48,14.1,0.26857,3,31,5.08,21.92,0.1168,32,13.5,16.13,0.86035,33,-10.54,16.44,0.02286,2,32,27.45,17.76,0.254,33,3.44,17.74,0.746,2,32,38.88,16.95,0.01746,33,14.84,16.68,0.98254,1,33,23.62,15.83,1,1,33,31.17,13.38,1,1,33,35.87,7.25,1,1,33,31.82,1.94,1,1,33,22.79,-5.94,1,1,33,14.15,-12.59,1,2,32,30.57,-15.8,0.06,33,5.79,-15.88,0.94,2,32,22.6,-15.76,0.32393,33,-2.19,-15.65,0.67607,2,32,10.26,-11.04,0.93255,33,-14.41,-10.65,0.06745,2,31,6.6,-7.09,0.14596,32,-1.56,-8.7,0.85404,1,31,-2.36,-8.62,1,1,31,-4.31,-5.53,1],"hull":17,"edges":[0,2,2,4,4,6,6,8,8,10,10,12,12,14,14,16,16,18,18,20,20,22,22,24,24,26,26,28,28,30,30,32,0,32],"width":54,"height":51}},"d22":{"d22":{"x":20.04,"y":-4.25,"rotation":163.85,"width":43,"height":49}},"dad手":{"dad手":{"x":18.79,"y":-1.99,"rotation":56.5,"width":46,"height":40}},"dad手2":{"dad手":{"x":17.29,"y":-2.76,"rotation":55.5,"width":46,"height":40}},"p22":{"p22":{"x":-3.64,"y":10.19,"scaleX":-1,"scaleY":-1,"rotation":34.29,"width":52,"height":29}},"p55":{"p55":{"x":81.62,"y":17.47,"scaleX":-1,"scaleY":-1,"rotation":180,"width":191,"height":134}},"p66":{"p66":{"x":-10.21,"y":0.55,"scaleX":-1,"scaleY":-1,"rotation":180,"width":270,"height":170}},"sad1":{"sad1":{"x":22.65,"y":-80.29,"rotation":-85.6,"width":75,"height":96}},"sad2":{"sad2":{"x":36.37,"y":-23.87,"rotation":-85.6,"width":79,"height":108}},"sad3":{"sad3":{"x":71.17,"y":-50.28,"rotation":-85.6,"width":90,"height":62}},"yifu22":{"yifu22":{"type":"mesh","uvs":[0.04532,0.06923,0.01726,0.10963,0.00791,0.21062,0,0.34304,0,0.46872,0.01058,0.59664,0.02528,0.70662,0.05734,0.81434,0.12413,0.8727,0.21097,0.93778,0.30448,0.98267,0.43139,1,0.573,1,0.66918,0.9894,0.75911,0.95574,0.86598,0.90861,0.95549,0.81659,0.97152,0.76272,0.98755,0.64602,1,0.45301,1,0.29815,0.98087,0.14329,0.95549,0.03781,0.93278,0,0.9074,0,0.874,0.05127,0.82056,0.12309,0.75377,0.17471,0.69365,0.21062,0.63621,0.2398,0.55338,0.25551,0.46521,0.26673,0.3904,0.26448,0.32094,0.25775,0.25681,0.23306,0.17933,0.20389,0.11654,0.15451,0.08314,0.1186,0.12987,0.26805,0.16151,0.3345,0.18392,0.38987,0.25512,0.3655,0.31445,0.33449,0.06526,0.59586,0.0534,0.43195,0.05472,0.25476,0.05603,0.18609,0.07581,0.67781,0.09954,0.7642,0.15228,0.80628,0.21688,0.84837,0.29994,0.87273,0.36323,0.89931,0.45288,0.92367,0.16929,0.6158,0.2774,0.6911,0.37497,0.73762,0.49231,0.75534,0.60833,0.75312,0.75072,0.71325,0.83774,0.64902,0.94057,0.58036,0.93134,0.73983,0.85619,0.81736,0.7639,0.87273,0.64656,0.91703,0.42375,0.35443,0.51999,0.35664,0.61888,0.32342,0.72171,0.28577,0.81137,0.22153,0.9208,0.10635,0.94585,0.23261,0.95771,0.44303,0.8641,0.5427,0.77709,0.59365,0.63997,0.65345,0.52922,0.66452,0.36178,0.64016,0.22335,0.56485,0.28004,0.4829,0.52395,0.41202],"triangles":[46,37,36,46,1,37,37,1,0,11,53,12,5,4,43,4,3,44,6,5,43,48,6,47,8,48,49,53,57,12,12,57,58,12,65,13,12,58,65,58,57,77,13,65,14,14,64,15,14,65,64,65,58,59,65,59,64,59,58,76,64,63,15,15,63,16,64,59,63,59,60,63,63,62,16,63,60,62,16,62,17,17,62,18,58,77,76,62,60,61,62,61,18,61,60,74,59,75,60,59,76,75,76,77,81,81,68,76,75,76,68,75,68,69,69,29,28,29,69,68,60,75,74,18,61,19,19,61,73,81,66,67,74,75,69,74,69,70,70,69,27,61,74,73,73,74,70,73,70,72,71,70,26,71,26,25,72,70,71,73,20,19,73,72,20,81,67,68,66,31,67,67,30,68,67,31,30,68,30,29,72,21,20,69,28,27,72,71,21,70,27,26,71,22,21,25,24,71,71,23,22,71,24,23,7,48,8,6,43,47,44,3,45,45,2,46,48,7,6,3,2,45,2,1,46,4,44,43,46,36,38,38,36,35,10,52,11,11,52,53,9,51,10,10,51,52,9,8,50,9,50,51,50,8,49,52,56,53,53,56,57,52,51,56,50,55,51,51,55,56,50,49,55,55,54,79,54,55,49,49,48,54,48,47,54,77,57,78,55,78,56,57,56,78,55,80,78,55,79,80,47,43,54,77,78,81,81,78,66,78,80,66,66,80,42,32,42,33,42,32,66,79,54,40,44,54,43,40,54,44,40,44,39,38,44,45,44,38,39,80,40,41,80,79,40,80,41,42,40,39,41,41,39,34,41,34,42,34,39,35,66,32,31,39,38,35,42,34,33,45,46,38],"vertices":[2,53,53.36,15.52,0.17997,61,31.92,116.99,0.82003,2,53,49.47,20.45,0.17714,61,28.03,121.92,0.82286,2,53,39.43,22.38,0.14,61,17.99,123.85,0.86,2,53,26.23,24.17,0.32571,61,4.8,125.63,0.67429,2,53,13.67,24.57,0.36571,61,-7.77,126.04,0.63429,2,53,0.83,23.17,0.32571,61,-20.61,124.64,0.67429,2,53,-10.24,21.01,0.32571,61,-31.68,122.48,0.67429,2,53,-21.18,15.87,0.32443,61,-42.62,117.34,0.67557,2,53,-27.37,4.62,0.41331,61,-48.81,106.09,0.58669,2,53,-34.33,-10.04,0.3963,61,-55.77,91.43,0.6037,2,53,-39.32,-25.91,0.37807,61,-60.76,75.55,0.62193,2,53,-41.73,-47.59,0.49158,61,-63.17,53.87,0.50842,2,53,-42.48,-71.85,0.37271,61,-63.92,29.62,0.62729,2,53,-41.94,-88.36,0.23565,61,-63.38,13.11,0.76435,2,53,-39.05,-103.87,0.13168,61,-60.49,-2.4,0.86832,2,53,-34.91,-122.32,0.05045,61,-56.35,-20.86,0.94955,2,53,-26.19,-137.95,0.01556,61,-47.63,-36.48,0.98444,2,53,-20.89,-140.87,0.01061,61,-42.33,-39.4,0.98939,2,53,-9.31,-144,0.00278,61,-30.75,-42.53,0.99722,1,61,-11.53,-45.28,1,1,61,3.95,-45.79,1,1,61,19.53,-43.01,1,1,61,30.21,-39,1,1,61,34.11,-35.24,1,1,61,34.24,-30.89,1,1,61,29.3,-25,1,1,61,22.4,-15.62,1,2,53,39.04,-105.48,0.00359,61,17.6,-4.01,0.99641,2,53,35.77,-95.07,0.03854,61,14.33,6.4,0.96146,2,53,33.16,-85.13,0.12383,61,11.72,16.33,0.87617,2,53,32.03,-70.9,0.29482,61,10.59,30.57,0.70518,2,53,31.38,-55.76,0.50077,61,9.94,45.71,0.49923,2,53,32,-42.95,0.67239,61,10.57,58.51,0.32761,2,53,33.05,-31.08,0.50918,61,11.61,70.39,0.49082,2,53,35.86,-20.18,0.43407,61,14.42,81.29,0.56593,2,53,39.19,-7,0.17303,61,17.75,94.47,0.82697,2,53,44.46,3.59,0.14372,61,23.02,105.06,0.85628,2,53,48.22,9.2,0.11613,61,26.78,110.67,0.88387,2,53,33.04,1.68,0.6804,61,11.6,103.15,0.3196,2,53,26.23,-3.52,0.97801,61,4.79,97.94,0.02199,2,53,20.57,-7.18,0.96851,61,-0.87,94.28,0.03149,2,53,22.63,-19.46,0.90206,61,1.19,82.01,0.09794,2,53,25.41,-29.72,0.81652,61,3.97,71.75,0.18348,2,53,0.62,13.81,0.43143,61,-20.82,115.27,0.56857,2,53,17.06,15.31,0.43135,61,-4.38,116.78,0.56865,2,53,34.77,14.51,0.43063,61,13.33,115.98,0.56937,2,53,41.62,14.06,0.39143,61,20.18,115.53,0.60857,2,53,-7.63,12.26,0.43143,61,-29.07,113.73,0.56857,2,53,-16.39,8.48,0.42812,61,-37.83,109.95,0.57188,2,53,-20.88,-0.42,0.40935,61,-42.32,101.05,0.59065,2,53,-25.43,-11.35,0.92669,61,-46.87,90.12,0.07331,2,53,-28.31,-25.49,0.82694,61,-49.75,75.98,0.17306,2,53,-31.3,-36.25,0.72973,61,-52.74,65.22,0.27027,2,53,-34.21,-51.52,0.57632,61,-55.65,49.95,0.42368,2,53,-1.93,-3.95,0.9964,61,-23.37,97.52,0.0036,2,53,-10.03,-22.22,0.87767,61,-31.47,79.25,0.12233,2,53,-15.2,-38.78,0.71623,61,-36.64,62.69,0.28377,2,53,-17.6,-58.82,0.49649,61,-39.04,42.65,0.50351,2,53,-18,-78.7,0.28888,61,-39.44,22.77,0.71112,2,53,-14.77,-103.21,0.09701,61,-36.21,-1.75,0.90299,2,53,-8.81,-118.33,0.02858,61,-30.25,-16.86,0.97142,2,53,-2.5,-136.16,0.00208,61,-23.94,-34.69,0.99792,2,53,-18.39,-134.07,0.01295,61,-39.83,-32.6,0.98705,2,53,-25.74,-120.94,0.04409,61,-47.18,-19.47,0.95591,2,53,-30.78,-104.96,0.11504,61,-52.22,-3.49,0.88496,2,53,-34.58,-84.72,0.25695,61,-56.02,16.75,0.74305,2,53,22.84,-48.37,0.5993,61,1.4,53.09,0.4007,2,53,22.1,-64.85,0.38256,61,0.66,36.62,0.61744,2,53,24.9,-81.9,0.17146,61,3.46,19.57,0.82854,2,53,28.11,-99.63,0.02307,61,6.67,1.84,0.97693,1,61,12.61,-13.73,1,1,61,23.54,-32.84,1,1,61,10.79,-36.72,1,1,61,-10.3,-38.07,1,2,53,1.67,-123.19,0.00785,61,-19.77,-21.72,0.99215,2,53,-2.96,-108.12,0.04891,61,-24.4,-6.65,0.95109,2,53,-8.2,-84.44,0.21718,61,-29.64,17.03,0.78282,2,53,-8.72,-65.44,0.41425,61,-30.16,36.03,0.58575,2,53,-5.39,-36.84,0.73971,61,-26.83,64.63,0.26029,2,53,2.87,-13.37,0.95147,61,-18.57,88.1,0.04853,2,53,10.76,-23.35,0.87353,61,-10.68,78.12,0.12647,2,53,16.55,-65.35,0.382,61,-4.89,36.12,0.618],"hull":38,"edges":[0,2,2,4,4,6,6,8,8,10,10,12,12,14,14,16,16,18,18,20,20,22,22,24,24,26,26,28,28,30,30,32,32,34,34,36,36,38,38,40,40,42,42,44,44,46,46,48,48,50,50,52,52,54,54,56,56,58,58,60,60,62,62,64,64,66,66,68,68,70,70,72,72,74,0,74],"width":168,"height":100}},"yiz1":{"yiz1":{"x":10.83,"y":3.67,"rotation":-70.35,"width":135,"height":137}},"yiz2":{"yiz2":{"x":-3.34,"y":3.14,"rotation":-70.35,"width":72,"height":83}},"zbody":{"zbody":{"type":"mesh","uvs":[0.50774,0,0.39901,0,0.30017,0.01479,0.20838,0.04987,0.12648,0.11224,0.05165,0.20188,0,0.33636,0,0.50591,0.02764,0.67936,0.09259,0.81578,0.22005,0.93571,0.37679,1,0.52364,1,0.64367,0.98054,0.74675,0.92597,0.84983,0.85386,0.9755,0.67067,1,0.52645,1,0.35885,0.94443,0.21073,0.84841,0.09185,0.72133,0.02364,0.60554,0,0.08025,0.6161,0.12826,0.72134,0.22711,0.82463,0.32454,0.88114,0.41915,0.91622,0.56177,0.90063,0.71709,0.85386,0.83853,0.74667,0.92608,0.56543,0.95008,0.43095,0.89642,0.23607,0.69168,0.0938,0.51376,0.07041,0.35984,0.07041,0.2031,0.12108,0.11556,0.26335,0.05907,0.37054,0.21722,0.64143,0.40503,0.77006,0.68462,0.75642,0.79758,0.58102,0.8004,0.39393,0.74957,0.2653,0.53635,0.18929,0.35561,0.23607,0.24546,0.3452,0.4135,0.5167,0.61401,0.46409],"triangles":[11,27,12,12,28,13,12,27,28,10,26,11,11,26,27,13,29,14,13,28,29,10,25,26,10,9,25,14,29,15,26,41,27,27,41,28,28,41,42,28,42,29,50,41,49,41,50,42,26,25,41,29,30,15,15,30,16,29,42,30,9,24,25,24,40,25,25,40,41,9,8,24,41,40,49,42,43,30,42,50,43,30,31,16,30,43,31,8,23,24,24,23,40,8,7,23,16,31,17,40,48,49,40,23,48,7,39,23,48,39,38,48,23,39,43,44,31,43,50,44,31,32,17,31,44,32,32,18,17,48,47,49,49,47,46,46,47,36,49,46,50,35,36,1,35,1,0,46,36,35,7,6,39,50,45,44,45,46,34,45,50,46,44,33,32,32,33,18,18,33,19,44,45,33,38,39,5,38,37,48,48,37,47,2,37,3,47,37,36,39,6,5,45,34,20,45,20,33,20,34,21,38,4,37,38,5,4,36,37,2,33,20,19,46,22,34,46,35,22,37,4,3,34,22,21,35,0,22,36,2,1],"vertices":[95,-6.18,95.57,11.97,94.31,28.53,90.55,43.98,83.44,57.89,73,70.73,57.01,79.87,36.5,80.52,15.38,76.57,-1.46,66.25,-16.64,45.44,-25.25,19.52,-26.03,-4.99,-24.31,-25.1,-18.26,-42.51,-10.08,-60,11.41,-81.68,28.72,-86.32,48.99,-86.96,67.2,-78.26,82.08,-62.69,91.01,-41.74,94.48,-22.5,22.75,67.54,9.77,59.93,-3.25,43.83,-10.6,27.79,-15.34,12.13,-14.21,-11.74,-9.38,-37.84,2.94,-58.52,24.4,-73.83,40.53,-78.35,64.39,-70.15,82.68,-36.52,86.45,-6.91,87.27,18.78,81.97,45.14,65.23,60.3,52.56,70.14,18.96,44.78,2.41,13.93,2.58,-32.79,23.19,-52.32,45.81,-53.51,61.63,-45.52,71.95,-10.22,67.25,20.12,54.64,38.93,33.01,11.54,38.31,-22.13],"hull":23,"edges":[0,2,2,4,4,6,6,8,8,10,10,12,12,14,14,16,16,18,18,20,20,22,22,24,24,26,26,28,28,30,30,32,32,34,34,36,36,38,38,40,40,42,42,44,0,44],"width":167,"height":121}},"zbq":{"zbq":{"x":9.15,"y":0.13,"rotation":-83.99,"width":46,"height":29}},"zdm":{"zdm":{"type":"mesh","uvs":[0.50314,0.00801,0.37863,0.0171,0.25075,0.05894,0.14643,0.1408,0.06903,0.24812,0.02191,0.37546,0.02191,0.5137,0.07912,0.65923,0.19691,0.78656,0.3719,0.88661,0.60747,0.97393,0.83967,0.99575,0.96082,0.97938,1,0.91572,0.95409,0.89753,0.7791,0.88661,0.66804,0.83022,0.64022,0.76361,0.62093,0.71744,0.61271,0.59757,0.62973,0.52215,0.65458,0.43003,0.67636,0.34882,0.6931,0.25863,0.68991,0.16155,0.63878,0.06094,0.57381,0.02074],"triangles":[23,2,24,25,24,1,25,1,0,1,24,2,26,25,0,23,22,3,23,3,2,22,4,3,21,6,5,22,5,4,5,22,21,20,6,21,19,6,20,7,6,19,7,19,18,8,7,18,8,18,17,9,8,17,9,17,16,10,9,16,10,16,15,12,14,13,11,15,14,11,14,12,10,15,11],"vertices":[1,19,23.22,0.78,1,1,19,20.84,5.21,1,2,18,37,1.28,0.00516,19,16.14,8.9,0.99484,2,18,31.03,5.58,0.10952,19,9,10.68,0.89048,2,18,23.16,8.85,0.60585,19,0.47,10.78,0.39415,3,17,36.8,5.04,0.00198,18,13.78,10.94,0.9955,19,-9.01,9.22,0.00252,2,17,27.23,8.66,0.204,18,3.55,11.16,0.796,3,16,35.4,-1.54,2.2E-4,17,16.35,10.32,0.92192,18,-7.26,9.1,0.07786,2,16,26.31,3.78,0.11866,17,5.87,9.25,0.88134,2,16,16.4,6.16,0.96575,17,-3.53,5.32,0.03425,1,16,4.98,6.42,1,1,16,-3.68,2.7,1,1,16,-7.08,-0.96,1,1,16,-5.82,-5.76,1,1,16,-3.55,-5.89,1,1,16,2.76,-2.74,1,2,16,8.76,-3.81,0.86751,17,-3.81,-7.24,0.13249,4,16,12.38,-7.33,0.3848,17,1.19,-7.94,0.59442,18,-15.47,-13.17,0.0207,19,-27.18,-24.05,8.0E-5,4,16,14.9,-9.77,0.05017,17,4.66,-8.43,0.91465,18,-12.04,-12.48,0.03505,19,-24.25,-22.12,1.3E-4,3,17,13.08,-11.25,0.61124,18,-3.16,-12.34,0.36488,19,-16.07,-18.69,0.02388,3,17,18.06,-13.86,0.33106,18,2.4,-13.14,0.46685,19,-10.6,-17.36,0.2021,3,17,24.08,-17.2,0.0182,18,9.2,-14.28,0.58071,19,-3.87,-15.89,0.40109,3,17,29.4,-20.14,0.00981,18,15.19,-15.28,0.33517,19,2.06,-14.59,0.65502,2,18,21.84,-16.09,0.04818,19,8.54,-12.86,0.95182,2,18,29.03,-16.12,0.02375,19,15.22,-10.21,0.97625,1,19,21.47,-5.67,1,1,19,23.33,-2.19,1],"hull":27,"edges":[0,2,2,4,4,6,6,8,8,10,10,12,12,14,14,16,16,18,18,20,20,22,22,24,24,26,26,28,28,30,30,32,36,38,50,52,0,52,42,44,44,46,46,48,48,50,38,40,40,42,32,34,34,36],"width":40,"height":74}},"zhead":{"zhead":{"type":"mesh","uvs":[0.56616,0.01062,0.44604,0.00555,0.35971,0.02919,0.27714,0.08491,0.21708,0.14064,0.15577,0.23688,0.10698,0.3534,0.0782,0.45809,0.06819,0.52394,0.02123,0.5803,0,0.66304,0.00246,0.75591,0.03499,0.82177,0.11507,0.89269,0.19014,0.93997,0.3065,0.98556,0.44162,0.99907,0.58175,1,0.70687,0.97205,0.83198,0.91464,0.92707,0.83865,0.96961,0.77955,1,0.64785,1,0.51614,0.98588,0.39118,0.92958,0.23921,0.81697,0.10244,0.70186,0.03152,0.60928,0.00619,0.12133,0.57524,0.08254,0.61914,0.07253,0.68668,0.07878,0.76773,0.1501,0.8471,0.27522,0.89944,0.39408,0.93997,0.55298,0.93997,0.70562,0.92139,0.82948,0.84372,0.93208,0.75085,0.94334,0.59888,0.92832,0.42833,0.86452,0.26285,0.77443,0.16154,0.68685,0.10413,0.58425,0.08218,0.45288,0.08555,0.3653,0.10919,0.29273,0.15647,0.23143,0.2409,0.17638,0.32871,0.14134,0.4773,0.26771,0.58875,0.2014,0.50601,0.19264,0.69006,0.37906,0.77449,0.4729,0.63265,0.4166,0.47899,0.26271,0.36586,0.34904,0.24428,0.53671,0.23415,0.62429,0.40976,0.6343,0.60563,0.61804,0.78631,0.63805,0.8606,0.80696,0.68668,0.80196,0.49081,0.79945,0.4621,0.78319,0.38443,0.68185,0.24934],"triangles":[33,54,34,7,6,51,8,7,51,14,34,15,9,8,30,11,10,31,12,11,32,12,32,13,13,33,14,45,0,28,46,1,0,46,0,45,2,1,46,44,28,27,43,44,27,45,28,44,47,2,46,26,43,27,60,46,45,69,45,44,69,44,43,60,45,69,42,26,25,43,26,42,68,43,42,69,43,68,61,60,69,61,69,68,41,42,25,41,25,24,68,42,41,67,68,41,59,46,60,57,60,61,66,67,41,41,24,23,40,41,23,66,41,40,61,66,62,67,61,68,66,61,67,62,56,61,40,23,22,65,66,40,62,66,65,39,65,40,39,40,22,21,39,22,63,56,62,63,62,65,39,38,65,20,39,21,20,38,39,64,63,65,65,37,64,19,38,20,38,37,65,19,37,38,36,63,64,18,37,19,18,17,64,18,64,37,29,8,51,30,8,29,11,31,32,13,32,33,15,34,35,15,35,16,14,33,34,16,35,36,16,36,17,10,9,30,30,29,54,3,2,47,48,3,47,4,3,48,49,4,48,5,4,49,59,48,47,49,48,59,50,5,49,6,5,50,58,49,59,50,49,58,51,6,50,53,51,50,46,59,47,57,59,60,58,59,57,58,53,50,29,51,53,52,58,57,53,58,52,56,57,61,52,57,56,54,29,53,54,53,52,55,52,56,54,52,55,34,54,55,63,55,56,36,55,63,35,55,36,34,55,35,17,36,64,31,30,54,32,31,54,33,32,54,31,10,30],"vertices":[2,4,77.38,-53.81,0.23722,21,40.04,33.29,0.76278,2,4,78.21,-33.88,0.41452,21,40.87,53.22,0.58548,2,4,75.45,-19.52,0.53057,21,38.11,67.58,0.46943,2,4,68.74,-5.74,0.64958,21,31.4,81.36,0.35042,2,4,61.99,4.3,0.58166,21,24.65,91.4,0.41834,2,4,50.26,14.6,0.53647,21,12.92,101.7,0.46353,2,4,36.01,22.85,0.51091,21,-1.33,109.94,0.48909,2,4,23.18,27.76,0.48018,21,-14.16,114.85,0.51982,2,4,15.1,29.5,0.35143,21,-22.24,116.6,0.64857,2,4,8.25,37.37,0.48571,21,-29.09,124.47,0.51429,2,4,-1.89,41,0.51429,21,-39.23,128.1,0.48571,2,4,-13.32,40.71,0.42,21,-50.66,127.81,0.58,2,4,-21.47,35.39,0.27143,21,-58.81,122.49,0.72857,2,4,-30.33,22.19,0.12,21,-67.67,109.29,0.88,2,4,-36.28,9.79,0.18857,21,-73.62,96.89,0.81143,2,4,-42.09,-9.47,0.14857,21,-79.42,77.63,0.85143,2,4,-43.98,-31.88,0.1676,21,-81.32,55.22,0.8324,2,4,-44.34,-55.14,0.54745,21,-81.67,31.96,0.45255,2,4,-41.11,-75.94,0.36229,21,-78.45,11.16,0.63771,2,4,-34.27,-96.78,0.20317,21,-71.61,-9.68,0.79683,2,4,-25.08,-112.66,0.11237,21,-62.42,-25.57,0.88763,2,4,-17.89,-119.8,0.082,21,-55.23,-32.7,0.918,2,4,-1.74,-125.01,0.04098,21,-39.08,-37.91,0.95902,2,4,14.46,-125.18,0.01296,21,-22.88,-38.08,0.98704,2,4,29.85,-122.99,0.03219,21,-7.49,-35.9,0.96781,2,4,48.64,-113.84,0.04,21,11.3,-26.74,0.96,2,4,65.65,-95.33,0.07714,21,28.31,-8.23,0.92286,2,4,74.57,-76.31,0.08356,21,37.24,10.79,0.91644,2,4,77.85,-60.97,0.18086,21,40.51,26.13,0.81914,2,4,8.7,20.75,0.58857,21,-28.64,107.85,0.41143,2,4,3.37,27.24,0.52,21,-33.97,114.34,0.48,2,4,-4.92,28.99,0.50571,21,-42.26,116.09,0.49429,2,4,-14.9,28.05,0.43143,21,-52.24,115.15,0.56857,2,4,-24.79,16.32,0.36286,21,-62.13,103.42,0.63714,2,4,-31.44,-4.38,0.26022,21,-68.78,82.71,0.73978,2,4,-36.63,-24.06,0.53309,21,-73.97,63.04,0.46691,2,4,-36.9,-50.44,0.58588,21,-74.24,36.66,0.41412,2,4,-34.88,-75.8,0.35041,21,-72.22,11.3,0.64959,2,4,-25.54,-96.46,0.18198,21,-62.88,-9.36,0.81802,2,4,-14.29,-113.61,0.08461,21,-51.63,-26.51,0.91539,2,4,4.38,-115.67,0.03507,21,-32.96,-28.57,0.96493,2,4,25.38,-113.39,0.10631,21,-11.96,-26.3,0.89369,2,4,45.84,-103.01,0.09143,21,8.5,-15.92,0.90857,2,4,58.46,-88.19,0.11021,21,21.12,-1.09,0.88979,2,4,65.67,-73.72,0.08559,21,28.33,13.37,0.91441,2,4,68.55,-56.72,0.21273,21,31.21,30.38,0.78727,2,4,68.36,-34.91,0.41642,21,31.02,52.19,0.58358,2,4,65.6,-20.34,0.55154,21,28.26,66.75,0.44846,2,4,59.91,-8.24,0.66778,21,22.57,78.86,0.33222,2,4,49.63,2.05,0.63353,21,12.29,89.14,0.36647,2,4,38.93,11.3,0.61092,21,1.59,98.39,0.38908,2,4,20.71,17.3,0.48286,21,-16.63,104.4,0.51714,1,4,6.79,-3.53,1,2,4,17.08,7.37,0.96216,21,-20.26,94.47,0.03784,2,4,-5.55,9.06,0.81429,21,-42.88,96.15,0.18571,2,4,-16.25,-21.78,0.85093,21,-53.59,65.32,0.14907,2,4,1.03,-37.54,0.6453,21,-36.31,49.56,0.3547,2,4,20.03,-28.39,0.6733,21,-17.31,58.71,0.3267,2,4,34.21,-2.99,0.83105,21,-3.13,84.11,0.16895,2,4,49.01,-17.47,0.64117,21,11.67,69.63,0.35883,2,4,49.94,-48.64,0.31399,21,12.6,38.46,0.68601,2,4,28.19,-62.95,0.2205,21,-9.15,24.15,0.7795,2,4,4.08,-64.36,0.31893,21,-33.26,22.74,0.68107,2,4,-18.11,-61.43,0.43762,21,-55.45,25.67,0.56238,2,4,-27.29,-64.66,0.43116,21,-64.63,22.44,0.56884,2,4,-6.19,-92.92,0.13777,21,-43.53,-5.82,0.86223,2,4,17.91,-92.34,0.17853,21,-19.43,-5.24,0.82147,2,4,21.45,-91.96,0.06992,21,-15.89,-4.86,0.93008,2,4,31.03,-89.36,0.11675,21,-6.31,-2.26,0.88325,2,4,47.82,-72.71,0.08216,21,10.48,14.39,0.91784],"hull":29,"edges":[0,2,2,4,4,6,6,8,8,10,10,12,12,14,14,16,16,18,18,20,20,22,22,24,24,26,26,28,28,30,30,32,32,34,34,36,36,38,38,40,40,42,42,44,44,46,46,48,48,50,50,52,52,54,54,56,0,56,132,134],"width":166,"height":123}},"zj1":{"zj1":{"type":"mesh","uvs":[0.75167,0.00294,0.56322,0,0.43079,0.06667,0.41042,0.48594,0.23215,0.51948,0.03351,0.67377,0,0.85489,0.18631,0.96894,0.51228,0.97564,0.71092,0.95887,0.90447,0.84148,0.96559,0.71737,0.96559,0.11028],"triangles":[3,12,11,10,9,8,4,3,8,4,8,5,6,5,7,8,7,5,10,8,3,10,3,11,3,2,12,2,0,12,2,1,0],"vertices":[1,13,5.87,2.46,1,1,13,5.57,-2.62,1,1,13,8.16,-6.29,1,2,13,25.32,-7.48,0.26835,15,3.37,-7.79,0.73165,2,13,26.52,-12.34,0.16195,15,7.95,-9.8,0.83805,2,13,32.64,-17.93,0.02079,15,16.12,-8.34,0.97921,1,15,21.55,-3.2,1,1,15,20.66,3.61,1,1,15,14.05,9.43,1,1,15,9.48,12.32,1,1,15,2.39,11.95,1,2,13,35.36,7.15,0.02131,15,-2.13,9.08,0.97869,1,13,10.49,8.07,1],"hull":13,"edges":[0,2,2,4,4,6,6,8,8,10,10,12,12,14,14,16,16,18,18,20,20,22,22,24,0,24],"width":27,"height":41}},"zj2":{"zj2":{"type":"mesh","uvs":[0.69819,0.01993,0.56495,0.02301,0.45743,0.07381,0.43406,0.12153,0.42704,0.4848,0.29147,0.50327,0.09045,0.59717,0.00864,0.73109,0.04838,0.87117,0.19814,0.93581,0.3828,0.98968,0.68667,0.95428,0.91106,0.81112,0.96483,0.66181,0.9508,0.1169,0.78718,0.01838],"triangles":[4,14,13,12,4,13,9,8,7,9,6,5,9,7,6,11,4,12,4,9,5,10,4,11,10,9,4,0,15,14,3,2,1,1,0,3,14,3,0,4,3,14],"vertices":[1,10,10.23,-0.64,1,1,10,10.27,-4.24,1,1,10,12.27,-7.19,1,1,10,14.21,-7.87,1,2,10,29.1,-8.44,0.24867,12,5.51,-9.04,0.75133,2,10,29.76,-12.12,0.17578,12,9.13,-10,0.82422,2,10,33.47,-17.65,0.04801,12,15.7,-8.98,0.95199,2,10,38.9,-20,0.00269,12,20.13,-5.06,0.99731,1,12,21.74,0.56,1,1,12,19.31,4.74,1,1,12,15.84,8.94,1,1,12,7.85,11.31,1,1,12,-0.19,8.77,1,2,10,36.73,5.89,0.13282,12,-4.23,3.95,0.86718,1,10,14.38,6.08,1,1,10,10.23,1.77,1],"hull":16,"edges":[0,2,2,4,4,6,6,8,8,10,10,12,12,14,14,16,16,18,18,20,20,22,22,24,24,26,26,28,28,30,0,30],"width":27,"height":41}},"zw":{"zw":{"type":"mesh","uvs":[0.52086,0.00396,0.42542,0.06877,0.31983,0.17876,0.22236,0.31625,0.12082,0.50676,0.05178,0.67175,0.00508,0.84262,0.03554,0.94083,0.09443,0.99975,0.20002,0.92119,0.4173,0.77781,0.64551,0.658,0.86279,0.53033,0.98463,0.42624,0.99072,0.28286,0.90137,0.16305,0.77344,0.03538,0.63738,0.00789],"triangles":[14,12,15,15,17,16,13,12,14,17,12,1,15,12,17,1,0,17,12,2,1,11,2,12,11,3,2,10,3,11,4,3,10,5,4,10,9,6,5,10,9,5,7,6,9,8,7,9],"vertices":[2,8,22.96,17.53,0.07452,9,7.46,18.59,0.92548,3,7,34.23,21,8.0E-5,8,16.16,18.52,0.21341,9,0.58,18.49,0.78651,3,7,25.22,19.37,0.04093,8,7.02,17.92,0.5162,9,-8.34,16.44,0.44287,3,7,15.59,16.11,0.35209,8,-2.92,15.77,0.53382,9,-17.82,12.74,0.11408,3,7,3.82,10.41,0.92601,8,-15.25,11.44,0.07269,9,-29.3,6.5,0.0013,2,7,-5.48,4.8,0.9999,8,-25.13,6.92,1.0E-4,1,7,-13.93,-1.89,1,1,7,-16.09,-7.76,1,1,7,-15.47,-12.72,1,1,7,-7.61,-12.62,1,2,7,7.9,-13.32,0.98025,8,-13.89,-12.59,0.01975,3,7,23.05,-15.55,0.41072,8,0.92,-16.53,0.55563,9,-8.89,-18.54,0.03364,3,7,37.98,-17.01,0.03507,8,15.58,-19.67,0.45034,9,6.09,-19.3,0.51459,3,7,47.54,-16.24,0.00126,8,25.17,-19.99,0.2134,9,15.6,-18.1,0.78534,2,8,31.44,-13.87,0.089,9,20.82,-11.07,0.911,2,8,32.62,-4.94,0.01092,9,20.57,-2.06,0.98908,1,9,18.7,8.63,1,2,8,27.8,12.63,0.01366,9,13.01,14.53,0.98634],"hull":18,"edges":[0,2,2,4,4,6,6,8,8,10,10,12,12,14,14,16,16,18,18,20,20,22,22,24,24,26,26,28,28,30,30,32,32,34,0,34],"width":59,"height":61}},"体重秤2":{"地毯2":{"path":"kk","x":1,"y":1,"width":224,"height":133}},"体重秤3":{"地毯2":{"path":"kk2","x":1.12,"y":-0.84,"width":224,"height":132}},"体重秤4":{"地毯2":{"path":"sdv1","x":1,"y":1,"width":224,"height":133}},"体重秤5":{"地毯2":{"path":"sdv2","x":1.12,"y":-0.84,"width":224,"height":132}},"体重秤6":{"ww1":{"x":1.12,"y":-0.84,"width":178,"height":130}},"体重秤7":{"ww2":{"x":1,"y":1,"width":178,"height":130}},"体重秤8":{"ww4":{"x":1,"y":1,"width":202,"height":123}},"体重秤9":{"ww3":{"x":1.12,"y":-0.84,"width":202,"height":123}},"图层492(3)":{"图层492(3)":{"x":1.51,"y":-4.79,"width":118,"height":60}},"图层492(3)2":{"图层492(3)":{"x":1.51,"y":-4.79,"width":118,"height":60}},"头发":{"头发":{"x":34.28,"y":-50.59,"rotation":-90.59,"width":175,"height":134}},"头发www":{"头发www":{"x":52.4,"y":9.77,"rotation":-89.58,"width":175,"height":145}},"扇子(2)":{"扇子(2)":{"type":"mesh","uvs":[0.94342,0.20637,0.20675,0,0.11396,0,0.02715,0.09121,0.0481,0.16666,0,0.21609,0,0.31756,0.0481,0.39041,0.01517,0.48408,0.05409,0.58555,0.14988,0.64279,0.16784,0.77028,0.24268,0.83792,0.36541,0.85093,0.43725,0.96541,0.49413,0.98102,0.5989,0.96801,0.65877,1,0.75456,1,0.85933,0.93419,0.88627,0.85353,1,0.28374,1,0.23691,0.17352,0.37396,0.37744,0.33943,0.65816,0.28419,0.55487,0.24045,0.35625,0.20823,0.16822,0.18981,0.21324,0.60874,0.53369,0.44301,0.70847,0.38086,0.32182,0.52818,0.6714,0.46603,0.47542,0.60874,0.30593,0.69391,0.78528,0.49825,0.70053,0.62255,0.54163,0.82971,0.71377,0.87114,0.8303,0.53738,0.76409,0.69851],"triangles":[31,0,21,0,22,21,19,18,39,18,17,39,17,16,39,16,38,39,19,39,20,39,41,20,39,38,41,41,40,20,20,40,21,38,37,41,41,37,40,37,36,40,40,36,21,16,15,38,15,14,38,14,13,38,38,13,35,13,12,35,12,11,35,35,34,38,38,34,37,33,34,30,34,33,37,35,10,29,35,11,10,35,32,34,35,29,32,37,33,36,34,32,30,33,31,36,36,31,21,33,30,31,10,9,29,32,29,23,29,9,8,23,29,8,23,8,7,32,24,30,32,23,24,30,25,31,30,26,25,30,24,26,23,6,28,23,7,6,31,25,0,23,27,24,23,28,27,24,27,26,28,6,5,4,28,5,25,26,0,0,26,1,1,26,27,27,28,1,28,3,2,28,2,1,28,4,3],"vertices":[2,57,-9.03,-7.47,0.21452,55,-4.21,-6.23,0.78548,1,57,62.92,-9.44,1,2,57,71.2,-7.01,0.99693,58,59.67,-42.56,0.00307,2,57,76.21,4.62,0.90455,58,69.25,-34.27,0.09545,2,57,72.08,11.82,0.69572,58,68.66,-25.99,0.30428,2,57,74.89,18.15,0.47202,58,73.94,-21.51,0.52798,2,57,71.84,28.57,0.23427,58,75.74,-10.8,0.76573,3,57,65.36,34.8,0.05482,58,72.61,-2.37,0.93811,59,54.97,-51.7,0.00707,2,58,77.28,7.01,0.92644,59,64.47,-47.26,0.07356,2,58,75.51,18.31,0.79942,59,70.1,-37.3,0.20058,2,58,67.73,25.82,0.51998,59,68.69,-26.58,0.48002,2,58,68.33,39.55,0.16444,59,77.7,-16.2,0.83556,2,58,62.66,47.84,0.0648,59,78.41,-6.19,0.9352,3,58,51.64,51.1,0.00307,59,71.8,3.22,0.95583,60,63.12,-37.98,0.0411,2,59,76.42,16.39,0.71604,60,73.69,-28.88,0.28396,2,59,74.11,21.43,0.63872,60,74.22,-23.36,0.36128,2,59,66.55,27.74,0.34461,60,70.81,-14.12,0.65539,2,59,65.37,34.16,0.14395,60,72.99,-7.96,0.85605,2,59,59.4,40.78,0.02382,60,71.12,0.75,0.97618,1,60,62.19,8.8,1,1,60,53.23,9.44,1,2,60,-8.6,6.99,0.22592,55,-6.96,3.18,0.77408,3,57,-15,-5.81,0.01927,60,-13.5,5.94,0.05661,55,-8.36,-1.63,0.92413,2,57,54.66,29.84,0.02334,58,60.82,-2.19,0.97666,2,57,37.49,20.97,0.05132,58,41.5,-2.7,0.94868,2,57,14.09,7.97,0.28121,58,14.78,-4.22,0.71879,2,57,24.63,6.17,0.65685,58,23.48,-10.42,0.34315,2,57,43.32,8.05,0.72917,58,41.13,-16.87,0.27083,2,57,60.66,11.06,0.69939,58,58.05,-21.7,0.30061,2,58,61.32,23.2,0.52564,59,62.03,-24.64,0.47436,2,58,29,10.63,0.60558,59,28.9,-14.39,0.39442,2,58,11.87,6.75,0.51038,59,13.08,-6.78,0.48962,2,58,49.94,16.37,0.62004,59,48.87,-22.92,0.37996,2,58,16.77,15.17,0.11449,59,22.16,-3.23,0.88551,2,58,37.27,27.23,0.11321,59,45.7,-6.54,0.88679,2,58,54.32,33.61,0.17869,59,63.03,-12.14,0.82131,2,59,17.62,6.94,0.55101,60,18.03,-7.72,0.44899,2,59,32.78,10,0.58817,60,32.69,-12.63,0.41183,2,59,59.13,13.87,0.6852,60,57.46,-22.43,0.3148,2,59,51.7,28.73,0.09825,60,58.44,-5.85,0.90175,2,59,17.93,12.85,0.11447,60,21.25,-2.75,0.88553,2,59,34.85,19.83,0.13275,60,39.39,-5.15,0.86725],"hull":23,"edges":[0,2,2,4,4,6,6,8,8,10,10,12,12,14,14,16,16,18,18,20,20,22,22,24,24,26,26,28,28,30,30,32,32,34,34,36,36,38,38,40,40,42,42,44,0,44],"width":93,"height":107}},"扇子(2)2":{"扇子(2)":{"type":"mesh","uvs":[0.99373,0.22181,0.21843,0,0.13732,0,0.06098,0.05801,0.0419,0.09326,0.05383,0.18449,0,0.21974,0.00373,0.30889,0.02043,0.34622,0.06098,0.39183,0.02759,0.4955,0.03713,0.57429,0.08722,0.60124,0.15879,0.64064,0.16356,0.75882,0.2399,0.81895,0.3711,0.84798,0.39734,0.91433,0.47368,0.96409,0.54286,0.9869,0.60727,0.96616,0.68599,0.99934,0.74802,0.99312,0.8339,0.95372,0.86252,0.90189,1,0.27365,0.72526,0.27074,0.51438,0.25488,0.17201,0.21945,0.65595,0.30066,0.45561,0.32725,0.16471,0.37609,0.73495,0.36605,0.55193,0.42683,0.22802,0.54952,0.39246,0.4932,0.658,0.4571,0.4678,0.59525,0.29812,0.71468,0.78037,0.48499,0.68837,0.6231,0.5498,0.85162,0.68351,0.86708,0.76235,0.67641,0.80254,0.52517],"triangles":[26,0,25,43,40,44,43,42,40,24,44,25,43,44,24,42,43,24,23,42,24,20,41,42,22,42,23,21,20,42,22,21,42,39,32,25,36,32,39,44,39,25,40,36,39,40,39,44,37,38,34,14,13,38,15,14,38,16,38,37,15,38,16,37,33,36,37,36,40,41,37,40,42,41,40,16,37,41,17,16,41,18,17,41,19,18,41,20,19,41,29,27,26,30,28,27,28,8,7,32,26,25,29,26,32,31,8,28,31,28,30,9,8,31,33,27,29,36,33,29,30,27,33,32,36,29,35,31,30,35,30,33,34,31,35,10,12,11,10,9,31,31,34,10,37,35,33,34,12,10,13,12,34,37,34,35,13,34,38,28,5,4,28,2,1,3,2,28,28,4,3,27,28,1,1,26,27,0,26,1,7,6,5,28,7,5],"vertices":[2,67,-10.14,-5.93,0.09336,56,-6.93,-1.71,0.90664,1,67,65.62,-10.58,1,1,67,72.92,-8.67,1,2,67,78.21,-0.86,0.97912,68,63.25,-44.18,0.02088,2,67,78.97,3.23,0.95318,68,65.96,-41.02,0.04682,2,67,75.42,12.4,0.73313,68,67.49,-31.31,0.26687,2,67,79.3,17.31,0.58682,68,73.32,-29.01,0.41318,2,67,76.54,26.45,0.41435,68,75.52,-19.72,0.58565,2,67,74.03,29.92,0.3294,68,75.09,-15.46,0.6706,2,67,69.14,33.68,0.15845,68,72.75,-9.75,0.84155,3,67,69.33,45.2,0.0032,68,78.7,0.12,0.98386,69,64.41,-47.96,0.01294,2,68,80.09,8.48,0.94208,69,70.25,-41.82,0.05792,2,68,76.36,12.5,0.88131,69,69.42,-36.4,0.11869,2,68,71.07,18.34,0.63065,69,68.3,-28.6,0.36935,2,68,74.01,30.64,0.27114,69,77.63,-20.05,0.72886,2,68,68.87,38.73,0.14347,69,77.92,-10.48,0.85653,3,68,57.94,44.97,0.00566,69,72.36,0.82,0.97908,70,62.29,-36.82,0.01526,2,69,76.17,7.29,0.8827,70,68.64,-32.81,0.1173,2,69,75.61,16.14,0.71291,70,72.2,-24.68,0.28709,2,69,73.29,22.62,0.56551,70,73.09,-17.86,0.43449,2,69,67.72,25.74,0.35785,70,69.56,-12.54,0.64215,2,69,65.66,33.61,0.08958,70,71.34,-4.6,0.91042,2,69,61.41,37.56,0.0186,70,69.36,0.86,0.9814,1,70,63.43,7.67,1,1,70,57.42,8.99,1,2,70,-10.94,6,0.08229,56,-4.23,3.17,0.91771,2,67,12.68,5.47,0.49443,68,9.75,-5.8,0.50557,2,67,32.08,8.81,0.60474,68,28.21,-12.65,0.39526,2,67,63.84,13.22,0.69469,68,57.89,-24.78,0.30531,2,67,18.1,10.2,0.23174,68,16.82,-4.43,0.76826,2,67,35.4,17.68,0.19113,68,35.54,-6.64,0.80887,2,67,60.24,29.61,0.14663,68,63.01,-8.8,0.85337,2,68,11.6,4.27,0.64396,69,11.17,-6.92,0.35604,2,68,29.74,6.01,0.7815,69,27.16,-15.64,0.2185,2,68,62.27,10.65,0.80919,69,56.71,-30.03,0.19081,2,68,45.92,8.91,0.78108,69,42.2,-22.31,0.21892,2,68,21.09,11.76,0.27772,69,23.22,-6.04,0.72228,2,68,42.07,21.3,0.24452,69,45.95,-9.9,0.75548,2,68,60.69,29.42,0.22507,69,65.92,-13.6,0.77493,2,69,18.11,4.55,0.70943,70,15.76,-8.69,0.29057,2,69,34.9,7.64,0.69729,70,32.1,-13.62,0.30271,2,69,61.86,13.71,0.67072,70,58.86,-20.55,0.32928,2,69,55.05,24.25,0.18477,70,57.61,-8.07,0.81523,2,69,34.77,16.58,0.18536,70,36.07,-5.62,0.81464,2,69,20.04,8.91,0.36757,70,19.47,-5.69,0.63243],"hull":26,"edges":[0,2,2,4,4,6,6,8,8,10,10,12,12,14,14,16,16,18,18,20,20,22,22,24,24,26,26,28,28,30,30,32,32,34,34,36,36,38,38,40,40,42,42,44,44,46,46,48,48,50,0,50],"width":93,"height":107}},"扇子(2)3":{"扇子(2)":{"x":53.82,"y":-9.11,"rotation":145.01,"width":93,"height":107}},"扇子(4)":{"扇子(4)":{"type":"mesh","uvs":[0.12027,0.0024,0,0.87255,0.00953,0.93503,0.05054,0.97296,0.12643,0.98411,0.19821,0.96403,0.25153,0.9975,0.35407,1,0.45046,0.9261,0.54686,0.93949,0.63914,0.8904,0.661,0.85399,0.70477,0.78108,0.80732,0.74315,0.85449,0.67844,0.88525,0.57358,0.88115,0.53342,0.95703,0.4821,1,0.40178,1,0.346,0.98574,0.25675,0.98779,0.10726,0.93037,0.04479,0.8873,0.01578,0.2135,0.21232,0.22542,0.4598,0.23912,0.78037,0.29397,0.20222,0.46734,0.3723,0.7642,0.61055,0.69427,0.68983,0.54265,0.52428,0.5241,0.49785,0.32695,0.29075,0.36233,0.14589,0.66006,0.19771,0.85945,0.24803,0.86386,0.33241,0.69888,0.28765,0.52533,0.18218,0.84258,0.39531,0.33379,0.21389,0.36897,0.11955],"triangles":[42,0,23,35,39,42,34,42,39,42,20,35,20,36,35,42,23,20,22,20,23,21,20,22,38,35,36,37,36,20,38,36,37,37,20,19,39,35,38,42,27,0,34,27,42,41,27,34,29,28,41,41,16,14,40,38,37,37,19,18,40,37,18,17,40,18,40,34,38,17,34,40,39,38,34,32,29,31,29,32,28,16,34,17,29,41,14,41,34,16,15,14,16,30,31,29,13,29,14,30,29,13,27,28,32,27,41,28,12,30,13,24,0,27,11,33,27,27,32,11,24,8,25,33,24,27,8,24,33,11,31,30,11,30,12,11,32,31,8,33,11,11,9,8,10,9,11,8,7,26,8,26,25,1,24,5,0,24,1,24,25,5,1,3,2,25,26,5,6,5,26,1,4,3,5,4,1,26,7,6],"vertices":[3,72,-12.96,-8.6,0.22163,75,-16.85,5.77,0.03967,71,-11.35,-7.1,0.73869,1,72,67.1,-10.11,1,1,72,72.61,-8.43,1,2,72,75.51,-3.96,0.9976,73,56.25,-49.24,0.0024,2,72,75.54,3.62,0.95973,73,60.62,-43.05,0.04027,2,72,72.8,10.43,0.81172,73,62.28,-35.9,0.18828,2,72,75.14,16.06,0.65508,73,67.42,-32.62,0.34492,2,72,74.04,26.16,0.45804,73,72.3,-23.72,0.54196,2,72,66.13,34.74,0.17402,73,70.74,-12.15,0.82598,3,72,66.1,44.36,0.02423,73,76.22,-4.25,0.97307,74,61.71,-48.4,0.00271,3,72,60.48,52.84,3.0E-5,73,76.48,5.92,0.93964,74,67.2,-39.84,0.06032,3,72,56.92,54.56,2.0E-5,73,74.53,9.37,0.83983,74,67.33,-35.88,0.16015,2,73,70.65,16.28,0.63993,74,67.58,-27.96,0.36007,2,73,72.27,26.87,0.30738,74,74.46,-19.74,0.69262,2,73,69.2,33.73,0.17461,74,75.4,-12.28,0.82539,2,73,62.14,40.84,0.03091,74,73.04,-2.54,0.96909,3,73,58.71,42.17,0.0034,74,70.8,0.37,0.98851,75,63.17,-34.31,0.00809,2,74,74.79,8.26,0.84895,75,70.15,-28.87,0.15105,2,74,74.63,16.72,0.6732,75,73.6,-21.16,0.3268,2,74,71.99,21.05,0.54866,75,73.07,-16.11,0.45134,2,74,66.56,27.26,0.26025,75,70.8,-8.18,0.73975,2,74,59.67,38.99,0.00235,75,69.57,5.37,0.99765,1,75,63.31,10.42,1,1,75,58.79,12.59,1,2,72,4.78,3.04,0.47369,73,2.29,-2.99,0.52631,2,72,26.96,7.14,0.65785,73,22.81,-12.34,0.34215,2,72,55.7,12.27,0.71392,73,49.32,-24.59,0.28608,2,73,5.15,4.5,0.47337,74,5.47,-4.08,0.52663,2,73,26.8,12.59,0.3506,74,28.17,-8.39,0.6494,2,73,59.59,28.65,0.18737,74,64.55,-11.64,0.81263,2,73,62.8,19.18,0.4943,74,62.38,-21.41,0.5057,2,73,42.51,12.82,0.56697,74,41.73,-16.33,0.43303,2,73,39.53,12.3,0.5576,74,38.91,-15.23,0.4424,2,73,13.8,3.68,0.7597,74,12.44,-9.27,0.2403,2,74,8.59,3.82,0.57584,75,8.36,-4.68,0.42416,2,74,36.22,15.1,0.2296,75,38.17,-6.25,0.7704,2,74,55.47,21.44,0.24237,75,58.29,-8.72,0.75763,2,74,59.83,15.11,0.56456,75,59.53,-16.31,0.43544,2,74,43.76,10.1,0.6148,75,42.86,-13.98,0.3852,2,74,24.09,9.38,0.37263,75,24.76,-6.26,0.62737,2,74,61,9.12,0.80242,75,58.04,-22.22,0.19758,3,73,7.91,7.51,0.35082,74,9.39,-2.94,0.55501,75,6.21,-11.13,0.09417,4,72,-5.59,17.2,0.0269,74,7.9,6.21,0.46644,75,8.76,-2.23,0.41701,71,4.94,14.23,0.08965],"hull":24,"edges":[0,2,2,4,4,6,6,8,8,10,10,12,12,14,14,16,16,18,18,20,24,26,26,28,28,30,30,32,32,34,34,36,36,38,38,40,40,42,42,44,44,46,0,46,62,64,48,10,48,16,20,22,22,24,54,22,82,28,68,34,84,40],"width":99,"height":91}},"衣服ds":{"衣服ds":{"type":"mesh","uvs":[0.08921,0,0.11711,0.05565,0.16477,0.11619,0.23568,0.17087,0.3124,0.21578,0.36006,0.22945,0.43794,0.25289,0.50187,0.25289,0.57743,0.25679,0.65996,0.25093,0.7483,0.22359,0.84596,0.18063,0.89711,0.13571,0.95523,0.07322,0.97499,0.08689,0.99707,0.15524,1,0.27437,1,0.46183,0.98899,0.62391,0.96458,0.74694,0.93901,0.80944,0.85996,0.89146,0.76116,0.95395,0.67746,0.98715,0.58912,1,0.47753,1,0.39964,1,0.28921,0.98324,0.18576,0.93442,0.07998,0.8524,0.03116,0.80553,0.01256,0.68055,0.00558,0.51651,0,0.35832,0.00558,0.24506,0.03581,0.0693,0.06138,0,0.08245,0.11049,0.06374,0.2317,0.05038,0.3776,0.05172,0.52799,0.05439,0.61778,0.07711,0.75695,0.15994,0.82204,0.24145,0.87591,0.32696,0.90509,0.41514,0.92529,0.55676,0.91632,0.67568,0.89387,0.79726,0.83551,0.90148,0.77266,0.94958,0.61104,0.95759,0.46514,0.95225,0.26761,0.94824,0.18681,0.82265,0.28557,0.69037,0.33944,0.52603,0.35964,0.37105,0.3372,0.22408,0.26761,0.13055,0.18456,0.12788,0.57064,0.30023,0.65818,0.47259,0.6941,0.6396,0.68736,0.83735,0.61553],"triangles":[39,61,40,60,59,39,59,60,3,35,36,37,3,60,2,37,36,0,34,35,38,29,42,43,29,43,28,30,42,29,27,45,26,23,24,48,24,47,48,23,48,22,22,49,21,22,48,49,47,64,48,47,63,64,48,64,49,21,50,20,21,49,50,49,65,50,49,64,65,20,50,19,50,51,19,50,65,51,19,51,18,63,57,64,64,56,65,56,55,65,56,10,55,64,57,56,56,8,9,8,56,57,51,52,18,18,52,17,52,51,65,11,53,55,53,11,12,55,53,65,52,65,53,53,12,54,17,52,16,52,53,16,57,7,8,56,9,10,55,10,11,16,54,15,16,53,54,54,14,15,54,13,14,54,12,13,28,44,27,30,31,42,41,31,32,32,33,39,33,34,39,28,43,44,31,41,42,41,32,40,32,39,40,39,34,38,27,44,45,60,1,2,37,0,1,38,35,37,37,1,60,39,38,60,38,37,60,25,47,24,26,46,25,25,46,47,26,45,46,47,46,63,46,45,63,44,62,45,45,62,63,44,43,62,42,61,43,43,61,62,42,41,61,62,58,63,63,58,57,58,6,57,6,7,57,61,59,62,58,4,5,4,58,59,58,62,59,41,40,61,59,61,39,58,5,6,59,3,4],"vertices":[2,30,66.89,18.78,0.09429,76,41.73,119.28,0.90571,2,30,61.18,14.27,0.09429,76,36.02,114.77,0.90571,2,30,54.88,6.46,0.07478,76,29.72,106.95,0.92522,2,30,49.04,-5.28,0.19098,76,23.88,95.22,0.80902,2,30,44.15,-18.02,0.88152,76,18.99,82.48,0.11848,2,30,42.53,-25.98,0.81172,76,17.38,74.52,0.18828,2,30,39.78,-38.99,0.66185,76,14.62,61.51,0.33815,2,30,39.44,-49.72,0.51842,76,14.29,50.78,0.48158,2,30,38.66,-62.4,0.34657,76,13.5,38.1,0.65343,2,30,38.81,-76.27,0.16691,76,13.65,24.22,0.83309,2,30,41.08,-91.19,0.0347,76,15.92,9.3,0.9653,2,30,44.86,-107.73,3.0E-5,76,19.71,-7.23,0.99997,1,76,23.93,-15.96,1,1,76,29.87,-25.91,1,1,76,28.4,-29.19,1,1,76,21.45,-32.68,1,1,76,9.53,-32.8,1,1,76,-9.21,-32.22,1,2,30,-0.2,-130.36,0.00376,76,-25.35,-29.86,0.99624,2,30,-12.37,-125.88,0.01734,76,-37.52,-25.38,0.98266,2,30,-18.48,-121.39,0.02909,76,-43.63,-20.89,0.97091,2,30,-26.26,-107.86,0.07756,76,-51.42,-7.36,0.92244,2,30,-31.99,-91.07,0.17727,76,-57.14,9.43,0.82273,2,30,-34.87,-76.91,0.28758,76,-60.02,23.58,0.71242,2,30,-35.69,-62.04,0.42553,76,-60.84,38.46,0.57447,2,30,-35.1,-43.3,0.62584,76,-60.26,57.2,0.37416,2,30,-34.69,-30.22,0.22286,76,-59.85,70.27,0.77714,2,30,-32.44,-11.73,0.22286,76,-57.6,88.77,0.77714,2,30,-27.02,5.49,0.22286,76,-52.17,105.99,0.77714,2,30,-18.26,22.99,0.24286,76,-43.42,123.49,0.75714,2,30,-13.32,31.05,0.22286,76,-38.48,131.54,0.77714,2,30,-0.73,33.78,0.22286,76,-25.89,134.28,0.77714,2,30,15.7,34.44,0.22286,76,-9.46,134.93,0.77714,2,30,31.54,34.88,0.09429,76,6.38,135.38,0.90571,2,30,42.83,33.59,0.09429,76,17.68,134.09,0.90571,2,30,60.24,27.97,0.09429,76,35.08,128.46,0.90571,2,30,67.03,23.46,0.09429,76,41.88,123.95,0.90571,2,30,55.88,20.26,0.11316,76,30.72,120.76,0.88684,2,30,43.86,23.78,0.08748,76,18.71,124.28,0.91252,2,30,29.35,26.48,0.08823,76,4.19,126.98,0.91177,2,30,14.31,26.73,0.36571,76,-10.85,127.22,0.63429,2,30,5.32,26.56,0.36571,76,-19.83,127.06,0.63429,2,30,-8.71,23.18,0.36571,76,-33.86,123.68,0.63429,2,30,-15.65,9.47,0.36308,76,-40.8,109.97,0.63692,2,30,-21.46,-4.05,0.32699,76,-46.62,96.45,0.67301,2,30,-24.83,-18.31,0.87154,76,-49.98,82.18,0.12846,2,30,-27.31,-33.06,0.73635,76,-52.46,67.44,0.26365,2,30,-27.15,-56.87,0.47752,76,-52.31,43.63,0.52248,2,30,-25.53,-76.9,0.27596,76,-50.69,23.59,0.72404,2,30,-20.34,-97.5,0.11552,76,-45.5,2.99,0.88448,2,30,-14.6,-115.2,0.03546,76,-39.76,-14.7,0.96454,2,30,1.3,-123.78,0.0051,76,-23.86,-23.28,0.9949,1,76,-9.32,-25.09,1,1,76,10.45,-24.81,1,1,76,18.55,-24.38,1,2,30,34.49,-103.48,0.0011,76,9.34,-2.99,0.9989,2,30,29.8,-81.1,0.12429,76,4.65,19.39,0.87571,2,30,28.65,-53.45,0.46625,76,3.49,47.05,0.53375,2,30,31.7,-27.49,0.78356,76,6.55,73.01,0.21644,2,30,39.43,-3.03,0.95555,76,14.27,97.47,0.04445,2,30,48.22,12.42,0.10683,76,23.07,112.91,0.89317,2,30,9.65,14.07,0.99962,76,-15.51,114.57,3.8E-4,2,30,-0.01,-14.6,0.91684,76,-25.16,85.9,0.08316,2,30,-4.5,-43.43,0.61816,76,-29.66,57.07,0.38184,2,30,-4.7,-71.49,0.29166,76,-29.86,29.01,0.70834,2,30,1.44,-104.92,0.03608,76,-23.72,-4.42,0.96392],"hull":37,"edges":[0,2,2,4,4,6,6,8,8,10,10,12,12,14,14,16,16,18,18,20,20,22,22,24,24,26,26,28,28,30,30,32,32,34,34,36,36,38,38,40,40,42,42,44,44,46,46,48,48,50,50,52,52,54,54,56,56,58,58,60,60,62,62,64,64,66,66,68,68,70,70,72,0,72],"width":168,"height":100}}}},{"name":"skin1","bones":["cheng2","cheng5"]},{"name":"skin2","bones":["cheng1","cheng4"]},{"name":"skin3","bones":["cheng3","cheng6"]},{"name":"skin4","bones":["cheng7","cheng8"]}],"animations":{"idle":{"slots":{"bbody":{"attachment":[{"name":null}]},"bdm":{"attachment":[{"name":null}]},"bhead":{"attachment":[{"name":null}]},"bj1":{"attachment":[{"name":null}]},"bj2":{"attachment":[{"name":null}]},"bw":{"attachment":[{"name":null}]},"dad手2":{"attachment":[{"name":null}]},"图层492(3)2":{"attachment":[{"name":null}]},"头发www":{"attachment":[{"name":null}]},"扇子(2)3":{"attachment":[{"name":null}]},"扇子(4)":{"attachment":[{"name":null}]},"衣服ds":{"attachment":[{"name":null}]}},"bones":{"5465":{"translate":[{"y":-5.21},{"time":0.4,"y":-14.22},{"time":0.8,"y":-5.21}],"scale":[{},{"time":0.4,"x":0.95,"y":1.05},{"time":0.8}]},"bone4":{"rotate":[{"angle":-1.48},{"time":0.4,"angle":8.82},{"time":0.8,"angle":-1.48}],"translate":[{"x":-7.87}]},"bone5":{"rotate":[{},{"time":0.2333,"angle":-19.63},{"time":0.5333,"angle":8.6},{"time":0.8}]},"bone6":{"rotate":[{"angle":2.04}]},"bone14":{"rotate":[{},{"time":0.4,"angle":-17.05},{"time":0.8}]},"bone15":{"rotate":[{"angle":-8.28},{"time":0.0667,"angle":-5.44},{"time":0.4667,"angle":-22.49},{"time":0.8,"angle":-8.28}]},"bone16":{"rotate":[{"angle":-16.56},{"time":0.1333,"angle":-10.88},{"time":0.5333,"angle":-27.93},{"time":0.8,"angle":-16.56}]},"bone17":{"rotate":[{"angle":-24.84},{"time":0.2,"angle":-16.32},{"time":0.6,"angle":-33.37},{"time":0.8,"angle":-24.84}]},"target":{"rotate":[{"angle":-18.43}],"translate":[{"x":-18.47,"y":-8.63}]},"target2":{"rotate":[{"angle":-8.36}],"translate":[{"x":12.09,"y":-5.54}]},"bone13":{"translate":[{},{"time":0.3,"y":2.64},{"time":0.5,"x":4.27,"y":1.59},{"time":0.8}]},"bone33":{"rotate":[{"angle":22.91},{"time":0.4,"angle":11.86},{"time":0.8,"angle":22.91}],"translate":[{"x":-0.1,"y":-3.18}]},"bone35":{"rotate":[{"angle":30.23},{"time":0.4,"angle":5.08},{"time":0.8,"angle":30.23}]},"bone19":{"rotate":[{"angle":-4.03},{"time":0.4,"angle":11.02},{"time":0.8,"angle":-4.03}]},"5467":{"translate":[{},{"time":0.3667,"x":2.08,"y":4.74},{"time":0.8}]},"5471":{"rotate":[{},{"time":0.3333,"angle":6.09},{"time":0.8}]},"5472":{"rotate":[{"angle":2.48},{"time":0.0667,"angle":1.25},{"time":0.4,"angle":9.86},{"time":0.8,"angle":2.48}]},"5469":{"rotate":[{},{"time":0.3333,"angle":-15.47},{"time":0.8}]},"5470":{"rotate":[{"angle":-2.09},{"time":0.0667,"angle":-1.27},{"time":0.4,"angle":-6.98},{"time":0.8,"angle":-2.09}]},"bone11":{"translate":[{"x":-15.45,"y":-10.68}]},"bone8":{"translate":[{"x":-7.63,"y":4.84}]},"bone12":{"rotate":[{"angle":29.4}],"translate":[{"x":2.47,"y":-8.13}]},"bone9":{"rotate":[{"angle":19.75}],"translate":[{"x":-0.63,"y":-5.29}]}}},"idle2":{"slots":{"adaf":{"attachment":[{"name":null}]},"d22":{"attachment":[{"name":null}]},"dad手":{"attachment":[{"name":null}]},"yifu22":{"attachment":[{"name":null}]},"zbody":{"attachment":[{"name":null}]},"zbq":{"attachment":[{"name":null}]},"zdm":{"attachment":[{"name":null}]},"zhead":{"attachment":[{"name":null}]},"zj1":{"attachment":[{"name":null}]},"zj2":{"attachment":[{"name":null}]},"zw":{"attachment":[{"name":null}]},"图层492(3)":{"attachment":[{"name":null}]},"头发":{"attachment":[{"name":null}]},"扇子(2)":{"attachment":[{"name":null}]},"扇子(2)2":{"attachment":[{"name":null}]}},"bones":{"b1":{"translate":[{},{"time":0.4,"y":-8.07},{"time":0.8}],"scale":[{},{"time":0.4,"x":0.95,"y":1.05},{"time":0.8}]},"bone20":{"rotate":[{},{"time":0.4,"angle":-3.03},{"time":0.8}]},"bone21":{"rotate":[{"angle":-4.55},{"time":0.4,"angle":29.66},{"time":0.8,"angle":-4.55}]},"bone22":{"rotate":[{"angle":8.41},{"time":0.0667,"angle":2.71},{"time":0.4667,"angle":36.93},{"time":0.8,"angle":8.41}]},"bone23":{"rotate":[{"angle":16.12},{"time":0.1333,"angle":4.71},{"time":0.5333,"angle":38.92},{"time":0.8,"angle":16.12}]},"bone24":{"rotate":[{"angle":26.03},{"time":0.2,"angle":8.92},{"time":0.6,"angle":43.13},{"time":0.8,"angle":26.03}]},"bone25":{"rotate":[{"angle":-20.54},{"time":0.4,"angle":-9.53},{"time":0.8,"angle":-20.54}]},"bone26":{"rotate":[{},{"time":0.2333,"angle":21.13},{"time":0.5333,"angle":-1.86},{"time":0.8}]},"bone28":{"rotate":[{"angle":6.39}],"translate":[{"x":-6.75,"y":6.16},{"time":0.4,"x":-1.89,"y":6.73},{"time":0.8,"x":-6.75,"y":6.16}]},"bone30":{"rotate":[{"angle":-6.81}],"translate":[{"x":-11.03,"y":3.89},{"time":0.4,"x":-4.81,"y":1.52},{"time":0.8,"x":-11.03,"y":3.89}]},"23e":{"rotate":[{"angle":-5.57}],"translate":[{"x":6.06,"y":-1.44}]},"21":{"rotate":[{"angle":-1.94}],"translate":[{"x":-16.75,"y":-5.89}]},"yingzi":{"scale":[{},{"time":0.4,"x":1.1,"y":1.1},{"time":0.8}]},"b2":{"rotate":[{"angle":118.91},{"time":0.4,"angle":113.36},{"time":0.8,"angle":118.91}]},"bone45":{"rotate":[{"angle":-24.59}],"translate":[{"x":-6.02,"y":-4.72}]},"bone29":{"rotate":[{"angle":-2.54}]},"bone31":{"rotate":[{"angle":5.29}],"translate":[{"x":3.38,"y":-1.52}]}}},"pose1":{"slots":{"bbody":{"attachment":[{"name":null}]},"bdm":{"attachment":[{"name":null}]},"bhead":{"attachment":[{"name":null}]},"bj1":{"attachment":[{"name":null}]},"bj2":{"attachment":[{"name":null}]},"bw":{"attachment":[{"name":null}]},"dad手2":{"attachment":[{"name":null}]},"图层492(3)2":{"attachment":[{"name":null}]},"头发www":{"attachment":[{"name":null}]},"扇子(2)3":{"attachment":[{"name":null}]},"扇子(4)":{"attachment":[{"name":null}]},"衣服ds":{"attachment":[{"name":null}]}},"bones":{"5465":{"translate":[{"y":-5.21},{"time":0.1333,"y":-11.56},{"time":0.3333,"y":-5.21}],"scale":[{},{"time":0.1333,"x":0.98,"y":1.02},{"time":0.3333,"x":1.02,"y":0.98},{"time":0.5}]},"bone2":{"rotate":[{"time":0.2},{"time":0.4333,"angle":-3.02},{"time":1.3667}]},"bone4":{"rotate":[{"angle":24.54},{"time":0.2333,"angle":-102.73,"curve":"stepped"},{"time":0.8667,"angle":-102.73},{"time":1.0333,"angle":-138.14},{"time":1.3667,"angle":24.54}],"translate":[{"x":-7.87},{"time":0.2333,"x":-18.22,"curve":"stepped"},{"time":1.0333,"x":-18.22},{"time":1.3667,"x":-7.87}]},"bone5":{"rotate":[{},{"time":0.2,"angle":-28.89},{"time":0.4333,"angle":9.96},{"time":0.7667,"angle":-7.87},{"time":1.1,"angle":2.15},{"time":1.3667}]},"bone14":{"rotate":[{},{"time":0.2333,"angle":34.74},{"time":0.6333,"angle":-16.64},{"time":1.0333,"angle":17.32},{"time":1.3667}]},"bone15":{"rotate":[{"angle":-1.98},{"time":0.0667,"angle":-5.44},{"time":0.3,"angle":29.3},{"time":0.7,"angle":-22.08},{"time":1.1,"angle":11.88},{"time":1.3667,"angle":-1.98}]},"bone16":{"rotate":[{"angle":-3.95},{"time":0.1333,"angle":-10.88},{"time":0.3667,"angle":23.86},{"time":0.7667,"angle":-27.52},{"time":1.1667,"angle":6.44},{"time":1.3667,"angle":-3.95}]},"bone17":{"rotate":[{"angle":-5.93},{"time":0.2,"angle":-16.32},{"time":0.4333,"angle":18.42},{"time":0.8333,"angle":-32.96},{"time":1.2333,"angle":1},{"time":1.3667,"angle":-5.93}]},"target":{"rotate":[{"angle":-18.43}],"translate":[{"x":-21.69,"y":-8.84}]},"target2":{"rotate":[{"angle":-8.36}],"translate":[{"x":14.34,"y":-3.78}]},"bone10":{"scale":[{},{"time":0.1667,"x":1.1,"y":1.1},{"time":0.3667}]},"bone13":{"translate":[{},{"time":0.2,"y":-0.84},{"time":0.4333,"x":2.46,"y":-1},{"time":0.7,"x":1.76,"y":0.34},{"time":1,"x":-1.49,"y":0.19},{"time":1.3667}]},"bone33":{"rotate":[{"angle":-44.12},{"time":0.3333,"angle":50.49,"curve":"stepped"},{"time":1.0667,"angle":50.49},{"time":1.3667,"angle":-44.12}],"translate":[{},{"time":0.3333,"y":-13.4,"curve":"stepped"},{"time":1.0667,"y":-13.4},{"time":1.3667}]},"yingzi":{"translate":[{"x":0.89}]},"bone35":{"rotate":[{"angle":-31.88},{"time":0.3333,"angle":133.44,"curve":"stepped"},{"time":1.0667,"angle":133.44},{"time":1.3667,"angle":-31.88}],"scale":[{},{"time":0.3333,"x":0.6,"curve":"stepped"},{"time":1.0667,"x":0.6},{"time":1.3667}]},"bone19":{"rotate":[{"angle":20.68},{"time":0.2333,"angle":13.23},{"time":0.6667,"angle":-381.36},{"time":1.0333,"angle":-423.69,"curve":"stepped"},{"time":1.0667},{"time":1.3667,"angle":17.34}],"translate":[{"x":-0.93,"y":-1.52},{"time":0.2333},{"time":0.6667,"x":-77.88,"y":-215.78},{"time":1.0333,"curve":"stepped"},{"time":1.3667,"x":-0.93,"y":-1.52}]},"5467":{"translate":[{},{"time":0.2,"y":4.2},{"time":0.4667,"y":-2.73},{"time":1.3667}]},"5472":{"rotate":[{"angle":1.25}]},"5470":{"rotate":[{"angle":-1.27}]},"bone11":{"translate":[{"x":-15.45,"y":-10.68}]},"bone8":{"translate":[{"x":-7.63,"y":4.84}]},"bone12":{"rotate":[{"angle":2.67}],"translate":[{"x":2.47,"y":-8.13}]},"bone9":{"translate":[{"x":-0.63,"y":-5.29}]},"bone41":{"rotate":[{},{"time":0.2,"angle":-12.82},{"time":0.6667,"angle":4.28},{"time":0.7667,"angle":-76.93},{"time":1.3667}]},"bone43":{"rotate":[{},{"time":0.2,"angle":-67.66},{"time":0.6667,"angle":-51.48},{"time":0.7667,"angle":-64.52},{"time":1.3667}]},"bone44":{"rotate":[{},{"time":0.2,"angle":-87.19},{"time":0.6667,"angle":-75.68},{"time":1,"angle":-39.64},{"time":1.3667}]},"bone42":{"rotate":[{},{"time":0.2,"angle":-42.83},{"time":0.6667,"angle":-26.21},{"time":0.7667,"angle":-71.45},{"time":1.3667}]}},"deform":{"default":{"yifu22":{"yifu22":[{},{"time":0.5,"offset":1,"vertices":[1.36763,2.0E-5,1.36762,0,1.36763,2.0E-5,1.36762,0,1.36763,2.0E-5,1.36762,0,1.36763,2.0E-5,1.36762,0,1.36763,2.0E-5,1.36762,0,1.36763,2.0E-5,1.36762,0,1.36763,2.0E-5,1.36762,0,1.36763,2.0E-5,1.36762,0,1.36763,2.0E-5,1.36762,0,1.36763,2.0E-5,1.36762,0,1.36763,2.0E-5,1.36762,0,1.36763,2.0E-5,1.36762,0,1.36763,2.0E-5,1.36762,0,1.36763,2.0E-5,1.36762,0,1.36763,2.0E-5,1.36762,0,1.36763,2.0E-5,1.36762,0,1.36763,2.0E-5,1.36762,0,1.36763,2.0E-5,1.36762,0,1.36763,2.0E-5,1.36762,2.0E-5,1.36762,2.0E-5,1.36762,2.0E-5,1.36762,2.0E-5,1.36762,2.0E-5,1.36762,2.0E-5,1.36762,2.0E-5,1.36762,2.0E-5,1.36762,0,1.36763,2.0E-5,1.36762,0,1.36763,2.0E-5,1.36762,0,1.36763,2.0E-5,1.36762,0,1.36763,2.0E-5,1.36762,0,1.36763,2.0E-5,1.36762,0,1.36763,2.0E-5,1.36762,0,1.36763,2.0E-5,1.36762,0,1.36763,2.0E-5,1.36762,0,1.36763,2.0E-5,1.36762,0,1.36763,2.0E-5,1.36762,0,1.36763,2.0E-5,1.36762,0,1.36763,2.0E-5,1.36762,0,1.36763,2.0E-5,1.36762,0,1.36763,2.0E-5,1.36762,0,1.36763,2.0E-5,1.36762,0,1.36763,2.0E-5,1.36762,0,1.36763,2.0E-5,1.36762,0,1.36763,2.0E-5,1.36762,0,1.36763,2.0E-5,1.36762,0,1.36763,2.0E-5,1.36762,0,1.36763,2.0E-5,1.36762,0,1.36763,2.0E-5,1.36762,0,1.36763,2.0E-5,1.36762,0,1.36763,2.0E-5,1.36762,0,1.36763,2.0E-5,1.36762,0,1.36763,2.0E-5,1.36762,0,1.36763,2.0E-5,1.36762,0,1.36763,2.0E-5,1.36762,0,1.36763,2.0E-5,1.36762,0,1.36763,2.0E-5,1.36762,0,1.36763,2.0E-5,1.36762,0,1.36763,2.0E-5,1.36762,0,1.36763,2.0E-5,1.36762,0,1.36763,2.0E-5,1.36762,0,1.36763,2.0E-5,1.36762,0,1.36763,2.0E-5,1.36762,0,1.36763,2.0E-5,1.36762,0,1.36763,2.0E-5,1.36762,0,1.36763,2.0E-5,1.36762,0,1.36763,2.0E-5,1.36762,0,1.36763,2.0E-5,1.36762,0,1.36763,2.0E-5,1.36762,0,1.36763,2.0E-5,1.36762,2.0E-5,1.36762,2.0E-5,1.36762,2.0E-5,1.36762,2.0E-5,1.36762,0,1.36763,2.0E-5,1.36762,0,1.36763,2.0E-5,1.36762,0,1.36763,2.0E-5,1.36762,0,1.36763,2.0E-5,1.36762,0,1.36763,2.0E-5,1.36762,0,1.36763,2.0E-5,1.36762,0,1.36763,2.0E-5,1.36762,0,1.36763,2.0E-5,1.36762]},{"time":1.3667}]}}}},"pose2":{"slots":{"adaf":{"attachment":[{"name":null}]},"d22":{"attachment":[{"name":null}]},"dad手":{"attachment":[{"name":null}]},"yifu22":{"attachment":[{"name":null}]},"zbody":{"attachment":[{"name":null}]},"zbq":{"attachment":[{"name":null}]},"zdm":{"attachment":[{"name":null}]},"zhead":{"attachment":[{"name":null}]},"zj1":{"attachment":[{"name":null}]},"zj2":{"attachment":[{"name":null}]},"zw":{"attachment":[{"name":null}]},"图层492(3)":{"attachment":[{"name":null}]},"头发":{"attachment":[{"name":null}]},"扇子(2)":{"attachment":[{"name":null}]},"扇子(2)2":{"attachment":[{"name":null}]}},"bones":{"b1":{"translate":[{},{"time":0.1333,"y":-5.19},{"time":0.3}],"scale":[{},{"time":0.1333,"x":0.95,"y":1.05},{"time":0.3,"x":1.05,"y":0.95},{"time":0.4333}]},"bone20":{"rotate":[{"time":0.3},{"time":0.6333,"angle":6.56},{"time":0.8667,"angle":1.37},{"time":1.3667}]},"bone21":{"rotate":[{"angle":-4.55},{"time":0.2,"angle":-35.9},{"time":0.3667,"angle":0.68},{"time":0.8,"angle":-25.18},{"time":1.1333,"angle":5.46},{"time":1.3667,"angle":-4.55}]},"bone22":{"rotate":[{"angle":5.57},{"time":0.0667,"angle":2.71},{"time":0.2667,"angle":-28.64},{"time":0.4333,"angle":7.95},{"time":0.8667,"angle":-17.91},{"time":1.2,"angle":12.72},{"time":1.3667,"angle":5.57}]},"bone23":{"rotate":[{"angle":9},{"time":0.1,"angle":4.71},{"time":0.3,"angle":-26.64},{"time":0.4667,"angle":9.94},{"time":0.9,"angle":-15.91},{"time":1.2333,"angle":14.72},{"time":1.3667,"angle":9}]},"bone24":{"rotate":[{"angle":14.64},{"time":0.1333,"angle":8.92},{"time":0.3333,"angle":-22.43},{"time":0.5,"angle":14.15},{"time":0.9333,"angle":-11.71},{"time":1.2667,"angle":18.93},{"time":1.3667,"angle":14.64}]},"bone25":{"rotate":[{},{"time":0.2333,"angle":-61.56,"curve":"stepped"},{"time":1.0667,"angle":-61.56},{"time":1.3667}]},"bone26":{"rotate":[{},{"time":0.2333,"angle":13.29},{"time":0.5,"angle":-8.49},{"time":0.9,"angle":10.89},{"time":1.3667}]},"bone28":{"rotate":[{"angle":-30.6}],"translate":[{"x":-6.75,"y":6.16}]},"bone30":{"rotate":[{"angle":80.12}],"translate":[{"x":-13.67,"y":6.33}]},"23e":{"rotate":[{"angle":-5.66}],"translate":[{"x":-0.75,"y":-5.53}]},"21":{"rotate":[{"angle":-11.39}],"translate":[{"x":-15.91,"y":-4.35}]},"yingzi":{"scale":[{},{"time":0.1333,"x":1.1,"y":1.1},{"time":0.3333}]},"b2":{"rotate":[{"angle":86.27},{"time":0.2333,"angle":212.27},{"time":0.6667,"angle":652.53,"curve":"stepped"},{"time":1.0333,"angle":652.53,"curve":"stepped"},{"time":1.0667,"angle":229.76},{"time":1.3667,"angle":86.27}],"translate":[{},{"time":0.6667,"x":217.94},{"time":1.0667,"x":25.43},{"time":1.3667}],"scale":[{"x":1.125,"y":1.125}]},"bone45":{"rotate":[{},{"time":0.2333,"angle":-55.46,"curve":"stepped"},{"time":1.0667,"angle":-55.46},{"time":1.3667}],"translate":[{},{"time":0.2333,"x":-8.64,"y":-11.54,"curve":"stepped"},{"time":1.0667,"x":-8.64,"y":-11.54},{"time":1.3667}]},"bone29":{"rotate":[{"angle":0.03}]},"bone31":{"rotate":[{"angle":-5.65}],"translate":[{"x":0.56,"y":-5.58}]}}},"walk1":{"slots":{"bbody":{"attachment":[{"name":null}]},"bdm":{"attachment":[{"name":null}]},"bhead":{"attachment":[{"name":null}]},"bj1":{"attachment":[{"name":null}]},"bj2":{"attachment":[{"name":null}]},"bw":{"attachment":[{"name":null}]},"dad手2":{"attachment":[{"name":null}]},"图层492(3)2":{"attachment":[{"name":null}]},"头发www":{"attachment":[{"name":null}]},"扇子(2)3":{"attachment":[{"name":null}]},"扇子(4)":{"attachment":[{"name":null}]},"衣服ds":{"attachment":[{"name":null}]}},"bones":{"5465":{"translate":[{"y":-5.21},{"time":0.2667,"y":13.07},{"time":0.5333,"y":-5.21},{"time":0.8667,"y":13.07},{"time":1.1,"y":-5.21}],"scale":[{},{"time":0.2667,"x":0.98,"y":1.02},{"time":0.5333,"x":1.02,"y":0.98},{"time":0.8667,"x":0.98,"y":1.02},{"time":1.1}]},"bone2":{"rotate":[{},{"time":0.5333,"angle":-0.27},{"time":1.1}]},"bone4":{"rotate":[{"angle":24.54},{"time":0.5333,"angle":-53.15},{"time":1.1,"angle":24.54}],"translate":[{"x":-7.87}]},"bone5":{"rotate":[{},{"time":0.2667,"angle":20.44},{"time":0.7,"angle":-0.26},{"time":0.8333,"angle":19.02},{"time":1.1}]},"bone14":{"rotate":[{},{"time":0.5667,"angle":-24.16},{"time":1.1}]},"bone15":{"rotate":[{"angle":-5.44},{"time":0.0667,"angle":-2.42},{"time":0.6333,"angle":-33.66},{"time":1.1,"angle":-5.44}]},"bone16":{"rotate":[{"angle":-10.88},{"time":0.1333,"angle":-4.84},{"time":0.7,"angle":-37.17},{"time":1.1,"angle":-10.88}]},"bone17":{"rotate":[{"angle":-16.32},{"time":0.2,"angle":-7.26},{"time":0.7667,"angle":-36.73},{"time":1.1,"angle":-16.32}]},"target":{"rotate":[{"angle":-18.43},{"time":0.5333,"angle":-41.02},{"time":1.1,"angle":-18.43}],"translate":[{"x":16.67,"y":10.12},{"time":0.2667,"x":-4.34,"y":17.56},{"time":0.5333,"x":-25.84,"y":-5.28},{"time":1.1,"x":16.67,"y":10.12}]},"target2":{"rotate":[{"angle":-8.36}],"translate":[{"x":-6.72,"y":-2.83},{"time":0.5333,"x":28.02,"y":22.47},{"time":0.8333,"x":8.46,"y":17.44},{"time":1.1,"x":-6.72,"y":-2.83}]},"bone10":{"scale":[{},{"time":0.5333,"x":1.2,"y":1.1},{"time":1.1}]},"bone13":{"translate":[{},{"time":0.5333,"x":9.44,"y":-10.86},{"time":0.8,"x":6.29,"y":-8.73},{"time":1.1}]},"bone33":{"rotate":[{"angle":-0.62},{"time":0.5333,"angle":92.14},{"time":1.1,"angle":-0.62}],"translate":[{"x":-6.37},{"time":0.5333,"x":-0.55,"y":-7.76},{"time":1.1,"x":-6.37}]},"bone35":{"rotate":[{"angle":-21.01}],"scale":[{},{"time":0.5333,"x":0.69,"y":0.83},{"time":1.1}]},"bone19":{"rotate":[{"angle":20.68},{"time":0.1333,"angle":27.04},{"time":0.7333,"angle":-11.15},{"time":1.1,"angle":20.68}]},"5467":{"translate":[{},{"time":0.5333,"x":2.56,"y":-6.17},{"time":1.1}]},"5471":{"rotate":[{},{"time":0.5333,"angle":8.95},{"time":1.1}]},"5472":{"rotate":[{"angle":1.25},{"time":0.1},{"time":0.7,"angle":15.05},{"time":1.1,"angle":1.25}]},"5469":{"rotate":[{},{"time":0.5333,"angle":-5.64},{"time":1.1}]},"5470":{"rotate":[{"angle":-1.27},{"time":0.1},{"time":0.7,"angle":-15.29},{"time":1.1,"angle":-1.27}]},"bone11":{"translate":[{"x":-15.45,"y":-10.68}]},"bone8":{"translate":[{"x":-7.63,"y":4.84}]},"bone12":{"rotate":[{"angle":29.4}],"translate":[{"x":2.47,"y":-8.13}]},"bone9":{"rotate":[{},{"time":0.5333,"angle":39.98},{"time":1.1}],"translate":[{"x":-0.63,"y":-5.29}]}},"deform":{"default":{"zbody":{"zbody":[{},{"time":0.5333,"offset":10,"vertices":[-0.08926,-4.04132,-0.08926,-4.04134,1.0E-5,-1.45252,0,0.5857,0,0,0,0,0,0,0,0,0,0,0,0,0,0,2.0E-5,-0.78404,2.0E-5,-0.78403,2.0E-5,1.17149,1.0E-5,1.98212,0,0,0,0,0,0,2.0E-5,0.58573,0,0,0,0,0,0,0,0,0,0,0,0,0,0,2.0E-5,-0.78403,0,0.58576,1.0E-5,1.98212,0,0,0,0,0,0,0,0,-0.08926,-2.598,-0.08926,-2.598]},{"time":1.1}]}}}},"walk2":{"slots":{"adaf":{"attachment":[{"name":null}]},"d22":{"attachment":[{"name":null}]},"dad手":{"attachment":[{"name":null}]},"yifu22":{"attachment":[{"name":null}]},"zbody":{"attachment":[{"name":null}]},"zbq":{"attachment":[{"name":null}]},"zdm":{"attachment":[{"name":null}]},"zhead":{"attachment":[{"name":null}]},"zj1":{"attachment":[{"name":null}]},"zj2":{"attachment":[{"name":null}]},"zw":{"attachment":[{"name":null}]},"图层492(3)":{"attachment":[{"name":null}]},"头发":{"attachment":[{"name":null}]},"扇子(2)":{"attachment":[{"name":null}]},"扇子(2)2":{"attachment":[{"name":null}]}},"bones":{"b1":{"translate":[{},{"time":0.2667,"y":13.18},{"time":0.5667},{"time":0.8333,"y":13.18},{"time":1.1}],"scale":[{},{"time":0.2667,"x":1.02,"y":0.98},{"time":0.5667,"x":0.98,"y":1.02},{"time":0.8333,"x":1.02,"y":0.98},{"time":1.1}]},"bone21":{"rotate":[{"angle":-4.55},{"time":0.5667,"angle":35.87},{"time":1.1,"angle":-4.55}]},"bone22":{"rotate":[{"angle":2.71},{"time":0.0667,"angle":0.26},{"time":0.6333,"angle":19.86},{"time":1.1,"angle":2.71}]},"bone23":{"rotate":[{"angle":4.71},{"time":0.1333,"angle":-0.19},{"time":0.7,"angle":19.41},{"time":1.1,"angle":4.71}]},"bone24":{"rotate":[{"angle":8.92},{"time":0.2,"angle":1.57},{"time":0.7667,"angle":21.17},{"time":1.1,"angle":8.92}]},"bone25":{"rotate":[{},{"time":0.5667,"angle":-70.69},{"time":1.1}]},"bone26":{"rotate":[{},{"time":0.4,"angle":-11.34},{"time":0.6667,"angle":13.65},{"time":0.8667,"angle":0.87},{"time":1.1}]},"bone28":{"rotate":[{"angle":-30.6}],"translate":[{"x":-6.75,"y":6.16},{"time":0.2667,"x":0.27,"y":7.23},{"time":1.1,"x":-6.75,"y":6.16}]},"bone30":{"rotate":[{"angle":19.84}],"translate":[{},{"time":0.5667,"x":-5.02,"y":8.87},{"time":1.1}]},"23e":{"rotate":[{"angle":-5.66},{"time":0.5667,"angle":70.18},{"time":1.1,"angle":-5.66}],"translate":[{"x":-13.44,"y":-2.46},{"time":0.2667,"x":8.34,"y":30.88},{"time":0.5667,"x":26.59,"y":15.67},{"time":1.1,"x":-13.44,"y":-2.46}]},"21":{"rotate":[{"angle":53.17},{"time":0.5667,"angle":-22.35},{"time":1.1,"angle":53.17}],"translate":[{"x":17.57,"y":17.1},{"time":0.5667,"x":-33.13,"y":-3.03},{"time":0.8333,"x":-5.7,"y":23.96},{"time":1.1,"x":17.57,"y":17.1}]},"yingzi":{"scale":[{},{"time":0.2667,"x":0.8,"y":0.8},{"time":0.5667},{"time":0.8667,"x":0.8,"y":0.8},{"time":1.1}]},"b2":{"rotate":[{"angle":86.27},{"time":0.5667,"angle":223.77},{"time":1.1,"angle":86.27}]},"bone45":{"rotate":[{},{"time":0.5667,"angle":-16.17},{"time":1.1}]},"bone29":{"rotate":[{"angle":-18.22},{"time":0.2667,"angle":14.75},{"time":1.1,"angle":-18.22}],"translate":[{},{"time":0.2667,"x":7.25,"y":-3.24},{"time":1.1}]},"bone31":{"translate":[{},{"time":0.5667,"x":3.14,"y":-1.26},{"time":1.1}]}}},"work1":{"slots":{"bbody":{"attachment":[{"name":null}]},"bdm":{"attachment":[{"name":null}]},"bhead":{"attachment":[{"name":null}]},"bj1":{"attachment":[{"name":null}]},"bj2":{"attachment":[{"name":null}]},"bw":{"attachment":[{"name":null}]},"dad手2":{"attachment":[{"name":null}]},"体重秤2":{"attachment":[{"name":"地毯2"}]},"体重秤4":{"attachment":[{"name":"地毯2"}]},"体重秤7":{"attachment":[{"name":"ww2"}]},"体重秤8":{"attachment":[{"name":"ww4"}]},"图层492(3)2":{"attachment":[{"name":null}]},"头发www":{"attachment":[{"name":null}]},"扇子(2)3":{"attachment":[{"name":null}]},"扇子(4)":{"attachment":[{"name":null}]},"衣服ds":{"attachment":[{"name":null}]}},"bones":{"5465":{"rotate":[{"angle":-7.97},{"time":0.6,"angle":13.09,"curve":"stepped"},{"time":0.7667,"angle":13.09},{"time":1.2,"angle":-9.9},{"time":1.4,"angle":-7.97}],"translate":[{},{"time":0.6,"x":-28.49,"y":-5.94},{"time":0.7667,"x":-24.76,"y":-8.07},{"time":1.2,"x":-0.53,"y":-3.2},{"time":1.4}],"scale":[{},{"time":0.6,"x":0.98,"y":1.02},{"time":0.6667,"x":1.02,"y":0.98},{"time":0.7667,"x":0.98,"y":1.02},{"time":0.8333},{"time":1.2,"x":0.98,"y":1.02},{"time":1.4}]},"bone13":{"translate":[{},{"time":0.5667,"x":-0.76,"y":4.19},{"time":1.1,"x":3.18,"y":-2.95},{"time":1.4}]},"bone4":{"rotate":[{"angle":85.65},{"time":0.6,"angle":-82.64,"curve":"stepped"},{"time":0.7667,"angle":-82.64},{"time":1.2,"angle":85.65}],"translate":[{"x":-17.41,"y":-5.98}]},"bone5":{"rotate":[{},{"time":0.3333,"angle":25.01},{"time":0.5667,"angle":-30.86},{"time":0.8,"angle":17.43},{"time":1.0667,"angle":-46.6},{"time":1.4}]},"bone8":{"rotate":[{"angle":40.07},{"time":1.2,"angle":7.09}]},"target2":{"translate":[{"x":20.99,"y":7.51}]},"bone11":{"rotate":[{"angle":-28.98},{"time":1.2,"angle":3.33}]},"target":{"translate":[{"x":-53,"y":-6.17}]},"bone14":{"rotate":[{},{"time":0.6333,"angle":33.82},{"time":1.1333,"angle":-20.69},{"time":1.4}]},"bone15":{"rotate":[{"angle":-11},{"time":0.0667,"angle":-5.82},{"time":0.7,"angle":36.75},{"time":1.2,"angle":-26.51},{"time":1.4,"angle":-11}]},"bone16":{"rotate":[{"angle":-21.95},{"time":0.1333,"angle":-11.61},{"time":0.7667,"angle":32.59},{"time":1.2667,"angle":-32.3},{"time":1.4,"angle":-21.95}]},"bone17":{"rotate":[{"angle":-34.88},{"time":0.2,"angle":-19.37},{"time":0.8333,"angle":30.86},{"time":1.3333,"angle":-40.06},{"time":1.4,"angle":-34.88}]},"bone10":{"scale":[{"x":1.5,"y":1.3},{"time":0.6,"x":1.2},{"time":1.2,"x":1.5,"y":1.3}]},"bone33":{"rotate":[{"angle":-53.45},{"time":0.6,"angle":230.6,"curve":"stepped"},{"time":0.7667,"angle":230.6},{"time":1.2,"angle":-31.84},{"time":1.4,"angle":-53.45}]},"5467":{"translate":[{},{"time":0.5,"x":-0.36,"y":-6.34},{"time":0.6,"x":0.59,"y":-4.19},{"time":0.7667,"x":1.48,"y":-3.18},{"time":1.1,"x":3.79,"y":0.77},{"time":1.2333,"x":2.24,"y":-0.56},{"time":1.4}]},"bone35":{"scale":[{},{"time":0.6,"x":0.5,"y":0.5,"curve":"stepped"},{"time":0.7667,"x":0.5,"y":0.5},{"time":1.2}],"shear":[{},{"time":1.2,"y":3.13},{"time":1.3,"y":52.7},{"time":1.4}]},"bone19":{"shear":[{"time":0.6},{"time":0.6667,"y":28.8},{"time":0.7667,"curve":"stepped"},{"time":1.2},{"time":1.3,"y":28.63},{"time":1.4}]},"bone36":{"rotate":[{},{"time":0.1667,"angle":67.01},{"time":0.5,"angle":17.59},{"time":1.2}]},"bone37":{"rotate":[{},{"time":0.1667,"angle":44.47},{"time":1.2}]},"bone38":{"rotate":[{},{"time":0.1667,"angle":11.38},{"time":0.5,"angle":-26.58},{"time":1.2}]},"bone39":{"rotate":[{},{"time":0.5,"angle":-46.66},{"time":1.2}]},"5469":{"rotate":[{},{"time":0.4667,"angle":-18.15},{"time":1.0667,"angle":14.32},{"time":1.4}]},"5470":{"rotate":[{"angle":2.86},{"time":0.0667},{"time":0.5333,"angle":-18.15},{"time":1.1333,"angle":14.32},{"time":1.4,"angle":2.86}]},"5471":{"rotate":[{},{"time":0.4667,"angle":-18.15},{"time":1.0667,"angle":17.5},{"time":1.2}]},"5472":{"rotate":[{"time":0.0667},{"time":0.5333,"angle":-18.15},{"time":1.1333,"angle":17.5},{"time":1.2667}]},"bone41":{"rotate":[{},{"time":0.3333,"angle":42.51},{"time":0.5,"angle":35.03},{"time":0.6,"curve":"stepped"},{"time":0.7667},{"time":0.9333,"angle":35.03,"curve":"stepped"},{"time":1.0667,"angle":35.03},{"time":1.2}]},"bone42":{"rotate":[{},{"time":0.3333,"angle":10.87},{"time":0.5,"angle":6.14},{"time":0.6,"curve":"stepped"},{"time":0.7667},{"time":0.9333,"angle":10.87,"curve":"stepped"},{"time":1.0667,"angle":10.87},{"time":1.2}]},"bone43":{"rotate":[{},{"time":0.3333,"angle":-21.84},{"time":0.5,"angle":-26.4},{"time":0.6,"curve":"stepped"},{"time":0.7667},{"time":0.9333,"angle":-17.82,"curve":"stepped"},{"time":1.0667,"angle":-17.82},{"time":1.2}]},"bone44":{"rotate":[{},{"time":0.3333,"angle":-48.65},{"time":0.5,"angle":-50.12},{"time":0.6,"curve":"stepped"},{"time":0.7667},{"time":0.9333,"angle":-39.12,"curve":"stepped"},{"time":1.0667,"angle":-39.12},{"time":1.2}]}}},"work2":{"slots":{"adaf":{"attachment":[{"name":null}]},"d22":{"attachment":[{"name":null}]},"dad手":{"attachment":[{"name":null}]},"yifu22":{"attachment":[{"name":null}]},"zbody":{"attachment":[{"name":null}]},"zbq":{"attachment":[{"name":null}]},"zdm":{"attachment":[{"name":null}]},"zhead":{"attachment":[{"name":null}]},"zj1":{"attachment":[{"name":null}]},"zj2":{"attachment":[{"name":null}]},"zw":{"attachment":[{"name":null}]},"体重秤3":{"attachment":[{"name":"地毯2"}]},"体重秤5":{"attachment":[{"name":"地毯2"}]},"体重秤6":{"attachment":[{"name":"ww1"}]},"体重秤9":{"attachment":[{"name":"ww3"}]},"图层492(3)":{"attachment":[{"name":null}]},"头发":{"attachment":[{"name":null}]},"扇子(2)":{"attachment":[{"name":null}]},"扇子(2)2":{"attachment":[{"name":null}]}},"bones":{"b1":{"rotate":[{"angle":13.69},{"time":0.6333,"angle":-19.03,"curve":"stepped"},{"time":0.8,"angle":-19.03},{"time":1.3,"angle":13.69}],"translate":[{"y":-6.7},{"time":0.6333,"x":14.89,"y":-9.74,"curve":"stepped"},{"time":0.8,"x":14.89,"y":-9.74},{"time":1.3,"y":-6.7}],"scale":[{},{"time":0.6333,"x":1.02,"y":0.98},{"time":0.7,"x":0.98,"y":1.02},{"time":0.8,"x":1.02,"y":0.98},{"time":1.3,"x":1.006,"y":0.994},{"time":1.3667,"x":0.98,"y":1.02},{"time":1.5}]},"bone20":{"rotate":[{"angle":4.2},{"time":0.7333,"angle":-5.12},{"time":1.3,"angle":7.16},{"time":1.5,"angle":4.2}]},"bone21":{"rotate":[{},{"time":0.6,"angle":-41.26},{"time":1.2,"angle":15.64},{"time":1.5}]},"bone22":{"rotate":[{"angle":6.73},{"time":0.0667,"angle":3.25},{"time":0.6667,"angle":-38.01},{"time":1.2667,"angle":18.89},{"time":1.5,"angle":6.73}]},"bone23":{"rotate":[{"angle":13.2},{"time":0.1333,"angle":6.25},{"time":0.7333,"angle":-35.02},{"time":1.3,"angle":21.89},{"time":1.5,"angle":13.2}]},"bone24":{"rotate":[{"angle":19.67},{"time":0.2,"angle":9.24},{"time":0.8,"angle":-32.02},{"time":1.3333,"angle":24.89},{"time":1.5,"angle":19.67}]},"bone25":{"rotate":[{"angle":-65.13},{"time":0.6333,"angle":50.02,"curve":"stepped"},{"time":0.8,"angle":50.02},{"time":1.3,"angle":-65.13}],"translate":[{},{"time":0.6333,"x":-6.89,"curve":"stepped"},{"time":0.8,"x":-6.89},{"time":1.3}]},"bone26":{"rotate":[{},{"time":0.2667,"angle":25.97},{"time":0.5,"angle":-3.94},{"time":0.9,"angle":29.43},{"time":1.3}]},"bone27":{"rotate":[{},{"time":0.2667,"angle":9.61},{"time":1.3}]},"bone28":{"rotate":[{"angle":-19.41}],"translate":[{"x":-12.2,"y":-5.41},{"time":0.5667,"x":-2.34,"y":-2.32},{"time":1.3,"x":-12.2,"y":-5.41}]},"bone30":{"rotate":[{"angle":25.45}],"translate":[{"x":-3.79,"y":5.64},{"time":0.5667,"x":-17.19,"y":11.83},{"time":1.3,"x":-3.79,"y":5.64}]},"23e":{"rotate":[{"angle":-12.24}],"translate":[{"x":28.85,"y":-1.31}]},"bone29":{"rotate":[{"angle":22},{"time":1.3},{"time":1.5,"angle":22}]},"21":{"translate":[{"x":-17.65,"y":-9.17}]},"yingzi":{"translate":[{},{"time":0.6333,"x":25.95,"y":-8.65},{"time":1.3}],"scale":[{"x":1.5,"y":1.3},{"time":0.6333,"x":1.2},{"time":1.3,"x":1.5,"y":1.3}]},"b2":{"rotate":[{"angle":-102.39},{"time":0.5667,"angle":-282.29,"curve":"stepped"},{"time":0.8,"angle":-282.29},{"time":1.3,"angle":-102.39}],"shear":[{"time":0.5667},{"time":0.6667,"x":-9.01,"y":-23.91},{"time":0.8,"x":-9.01},{"time":1.3}]},"bone45":{"rotate":[{"angle":-50.94},{"time":0.0667,"angle":-19.94},{"time":0.6333,"angle":-19.95,"curve":"stepped"},{"time":0.8,"angle":-19.95},{"time":1.3,"angle":-50.94}],"translate":[{"y":-6.56},{"time":0.6333,"y":-2.37,"curve":"stepped"},{"time":0.8,"y":-2.37},{"time":1.3,"y":-6.56}],"shear":[{"x":20.05},{"time":0.0667},{"time":0.6333,"x":20.05},{"time":0.7333,"x":20.05,"y":-15.07},{"time":0.8,"x":20.05,"curve":"stepped"},{"time":1.3,"x":20.05},{"time":1.4333,"x":20.05,"y":-8.86},{"time":1.5,"x":20.05}]},"bone46":{"rotate":[{},{"time":0.2,"angle":74.44,"curve":"stepped"},{"time":0.4333,"angle":74.44},{"time":0.5667,"curve":"stepped"},{"time":0.7333},{"time":0.9667,"angle":34.2},{"time":1.3}],"translate":[{},{"time":0.2,"x":0.71,"y":0.94},{"time":1.3}]},"bone47":{"rotate":[{},{"time":0.2,"angle":42.17,"curve":"stepped"},{"time":0.4333,"angle":42.17},{"time":0.5667,"curve":"stepped"},{"time":0.7333},{"time":0.9667,"angle":0.98},{"time":1.3}],"translate":[{"time":0.2,"x":-3.38,"y":6.36}]},"bone48":{"rotate":[{},{"time":0.2,"angle":18.98,"curve":"stepped"},{"time":0.4333,"angle":18.98},{"time":0.5667,"curve":"stepped"},{"time":0.7333},{"time":0.9667,"angle":-20.91},{"time":1.3}],"translate":[{"time":0.2,"x":-1.9,"y":2.07}]},"bone49":{"rotate":[{"time":0.7333},{"time":0.9667,"angle":-46.61},{"time":1.3}]},"b3":{"translate":[{},{"time":0.4667,"x":-4.11,"y":-9.71},{"time":0.8667,"x":-3.12,"y":1.76},{"time":1.3,"x":-1.01,"y":-4.98},{"time":1.5}]}}}}}