{
  "__type__": "cc.SpriteFrame",
  "content": {
    "name": "text1",
    "atlas": "",
    "rect": {
      "x": 0,
      "y": 0,
      "width": 124,
      "height": 35
    },
    "offset": {
      "x": 0,
      "y": 0
    },
    "originalSize": {
      "width": 124,
      "height": 35
    },
    "rotated": false,
    "capInsets": [
      0,
      0,
      0,
      0
    ],
    "vertices": {
      "rawPosition": [
        -62,
        -17.5,
        0,
        62,
        -17.5,
        0,
        -62,
        17.5,
        0,
        62,
        17.5,
        0
      ],
      "indexes": [
        0,
        1,
        2,
        2,
        1,
        3
      ],
      "uv": [
        0,
        35,
        124,
        35,
        0,
        0,
        124,
        0
      ],
      "nuv": [
        0,
        0,
        1,
        0,
        0,
        1,
        1,
        1
      ],
      "minPos": {
        "x": -62,
        "y": -17.5,
        "z": 0
      },
      "maxPos": {
        "x": 62,
        "y": 17.5,
        "z": 0
      }
    },
    "texture": "0002f219-f4b8-41c5-b0a5-a7561099c655@6c48a",
    "packable": true,
    "pixelsToUnit": 100,
    "pivot": {
      "x": 0.5,
      "y": 0.5
    },
    "meshType": 0
  }
}