{
  "__type__": "cc.SpriteFrame",
  "content": {
    "name": "scene_item_2000601",
    "atlas": "",
    "rect": {
      "x": 0,
      "y": 0,
      "width": 133,
      "height": 82
    },
    "offset": {
      "x": 0,
      "y": 0
    },
    "originalSize": {
      "width": 133,
      "height": 82
    },
    "rotated": false,
    "capInsets": [
      0,
      0,
      0,
      0
    ],
    "vertices": {
      "rawPosition": [
        -66.5,
        -41,
        0,
        66.5,
        -41,
        0,
        -66.5,
        41,
        0,
        66.5,
        41,
        0
      ],
      "indexes": [
        0,
        1,
        2,
        2,
        1,
        3
      ],
      "uv": [
        0,
        82,
        133,
        82,
        0,
        0,
        133,
        0
      ],
      "nuv": [
        0,
        0,
        1,
        0,
        0,
        1,
        1,
        1
      ],
      "minPos": {
        "x": -66.5,
        "y": -41,
        "z": 0
      },
      "maxPos": {
        "x": 66.5,
        "y": 41,
        "z": 0
      }
    },
    "texture": "0007b4eb-6987-446d-b651-1b942f059916@6c48a",
    "packable": true,
    "pixelsToUnit": 100,
    "pivot": {
      "x": 0.5,
      "y": 0.5
    },
    "meshType": 0
  }
}