{
  "__type__": "cc.SpriteFrame",
  "content": {
    "name": "setitembg",
    "atlas": "",
    "rect": {
      "x": 0,
      "y": 0,
      "width": 453,
      "height": 154
    },
    "offset": {
      "x": 0,
      "y": 0
    },
    "originalSize": {
      "width": 453,
      "height": 154
    },
    "rotated": false,
    "capInsets": [
      50,
      50,
      50,
      50
    ],
    "vertices": {
      "rawPosition": [
        -226.5,
        -77,
        0,
        226.5,
        -77,
        0,
        -226.5,
        77,
        0,
        226.5,
        77,
        0
      ],
      "indexes": [
        0,
        1,
        2,
        2,
        1,
        3
      ],
      "uv": [
        0,
        154,
        453,
        154,
        0,
        0,
        453,
        0
      ],
      "nuv": [
        0,
        0,
        1,
        0,
        0,
        1,
        1,
        1
      ],
      "minPos": {
        "x": -226.5,
        "y": -77,
        "z": 0
      },
      "maxPos": {
        "x": 226.5,
        "y": 77,
        "z": 0
      }
    },
    "texture": "00760eeb-197e-4285-bf34-27062c0ed9b2@6c48a",
    "packable": true,
    "pixelsToUnit": 100,
    "pivot": {
      "x": 0.5,
      "y": 0.5
    },
    "meshType": 0
  }
}