{
  "__type__": "cc.SpriteFrame",
  "content": {
    "name": "scene_item_1004501_1",
    "atlas": "",
    "rect": {
      "x": 100,
      "y": 153,
      "width": 340,
      "height": 418
    },
    "offset": {
      "x": 1.5,
      "y": -52.5
    },
    "originalSize": {
      "width": 537,
      "height": 619
    },
    "rotated": false,
    "capInsets": [
      0,
      0,
      0,
      0
    ],
    "vertices": {
      "rawPosition": [
        -170,
        -209,
        0,
        170,
        -209,
        0,
        -170,
        209,
        0,
        170,
        209,
        0
      ],
      "indexes": [
        0,
        1,
        2,
        2,
        1,
        3
      ],
      "uv": [
        100,
        466,
        440,
        466,
        100,
        48,
        440,
        48
      ],
      "nuv": [
        0.186219739292365,
        0.07754442649434572,
        0.819366852886406,
        0.07754442649434572,
        0.186219739292365,
        0.752827140549273,
        0.819366852886406,
        0.752827140549273
      ],
      "minPos": {
        "x": -170,
        "y": -209,
        "z": 0
      },
      "maxPos": {
        "x": 170,
        "y": 209,
        "z": 0
      }
    },
    "texture": "00880434-9353-40d3-9db8-6d2a280455b6@6c48a",
    "packable": true,
    "pixelsToUnit": 100,
    "pivot": {
      "x": 0.5,
      "y": 0.5
    },
    "meshType": 0
  }
}