{
  "__type__": "cc.SpriteFrame",
  "content": {
    "name": "scene_wall_4000205",
    "atlas": "",
    "rect": {
      "x": 0,
      "y": 0,
      "width": 982,
      "height": 933
    },
    "offset": {
      "x": 0,
      "y": 0
    },
    "originalSize": {
      "width": 982,
      "height": 933
    },
    "rotated": false,
    "capInsets": [
      0,
      0,
      0,
      0
    ],
    "vertices": {
      "rawPosition": [
        -491,
        -466.5,
        0,
        491,
        -466.5,
        0,
        -491,
        466.5,
        0,
        491,
        466.5,
        0
      ],
      "indexes": [
        0,
        1,
        2,
        2,
        1,
        3
      ],
      "uv": [
        0,
        933,
        982,
        933,
        0,
        0,
        982,
        0
      ],
      "nuv": [
        0,
        0,
        1,
        0,
        0,
        1,
        1,
        1
      ],
      "minPos": {
        "x": -491,
        "y": -466.5,
        "z": 0
      },
      "maxPos": {
        "x": 491,
        "y": 466.5,
        "z": 0
      }
    },
    "texture": "00ac17eb-7c66-472f-a3df-a1976ae14b43@6c48a",
    "packable": true,
    "pixelsToUnit": 100,
    "pivot": {
      "x": 0.5,
      "y": 0.5
    },
    "meshType": 0
  }
}