{
  "__type__": "cc.SpriteFrame",
  "content": {
    "name": "di",
    "atlas": "",
    "rect": {
      "x": 0,
      "y": 0,
      "width": 523,
      "height": 379
    },
    "offset": {
      "x": 0,
      "y": 0
    },
    "originalSize": {
      "width": 523,
      "height": 379
    },
    "rotated": false,
    "capInsets": [
      0,
      0,
      0,
      0
    ],
    "vertices": {
      "rawPosition": [
        -261.5,
        -189.5,
        0,
        261.5,
        -189.5,
        0,
        -261.5,
        189.5,
        0,
        261.5,
        189.5,
        0
      ],
      "indexes": [
        0,
        1,
        2,
        2,
        1,
        3
      ],
      "uv": [
        0,
        379,
        523,
        379,
        0,
        0,
        523,
        0
      ],
      "nuv": [
        0,
        0,
        1,
        0,
        0,
        1,
        1,
        1
      ],
      "minPos": {
        "x": -261.5,
        "y": -189.5,
        "z": 0
      },
      "maxPos": {
        "x": 261.5,
        "y": 189.5,
        "z": 0
      }
    },
    "texture": "00b99f01-01aa-4cfb-bf16-549c2e514b66@6c48a",
    "packable": true,
    "pixelsToUnit": 100,
    "pivot": {
      "x": 0.5,
      "y": 0.5
    },
    "meshType": 0
  }
}