{
  "__type__": "cc.SpriteFrame",
  "content": {
    "name": "line2",
    "atlas": "",
    "rect": {
      "x": 0,
      "y": 0,
      "width": 475,
      "height": 4
    },
    "offset": {
      "x": 0,
      "y": 0
    },
    "originalSize": {
      "width": 475,
      "height": 4
    },
    "rotated": false,
    "capInsets": [
      0,
      0,
      0,
      0
    ],
    "vertices": {
      "rawPosition": [
        -237.5,
        -2,
        0,
        237.5,
        -2,
        0,
        -237.5,
        2,
        0,
        237.5,
        2,
        0
      ],
      "indexes": [
        0,
        1,
        2,
        2,
        1,
        3
      ],
      "uv": [
        0,
        4,
        475,
        4,
        0,
        0,
        475,
        0
      ],
      "nuv": [
        0,
        0,
        1,
        0,
        0,
        1,
        1,
        1
      ],
      "minPos": {
        "x": -237.5,
        "y": -2,
        "z": 0
      },
      "maxPos": {
        "x": 237.5,
        "y": 2,
        "z": 0
      }
    },
    "texture": "00ddff23-f061-4713-918d-fa733daca9c4@6c48a",
    "packable": true,
    "pixelsToUnit": 100,
    "pivot": {
      "x": 0.5,
      "y": 0.5
    },
    "meshType": 0
  }
}