{"skeleton":{"hash":"uA5svfPleOQ","spine":"3.8-from-4.0-from-4.1.17","x":-96.71,"y":37.23,"width":151.76,"height":188.39,"images":"./images/","audio":"E:/游戏项目/健身房/spine/女1"},"bones":[{"name":"root"},{"name":"bone","parent":"root","x":0.11,"y":9.89,"scaleX":-0.6,"scaleY":0.6},{"name":"bone2","parent":"bone","length":68.72,"rotation":86.16,"x":-9.19,"y":70.97},{"name":"bone3","parent":"bone2","length":31.45,"rotation":1.04,"x":70.63,"y":0.13},{"name":"db","parent":"bone2","length":46.28,"rotation":-156.83,"x":71.91,"y":-18.98},{"name":"bone5","parent":"db","length":38.21,"rotation":8.77,"x":48.59,"y":0.81},{"name":"bone6","parent":"bone2","length":32.73,"rotation":163.28,"x":69.25,"y":15.01},{"name":"bone7","parent":"bone6","length":27.09,"rotation":-12.91,"x":37.12,"y":-0.81},{"name":"bone55","parent":"bone3","x":47.22,"y":20.07},{"name":"bone16","parent":"bone55","length":10.46,"rotation":7.76,"x":-1.44,"y":-10.36},{"name":"bone17","parent":"bone55","length":9.06,"rotation":2.79,"x":-30.06,"y":0.03},{"name":"bone18","parent":"bone3","length":9.51,"rotation":2.79,"x":79.41,"y":36.29},{"name":"bone29","parent":"bone3","x":156.64,"y":0.3},{"name":"bone19","parent":"bone29","length":30.62,"rotation":-169.56,"x":-14.3,"y":10.49},{"name":"bone20","parent":"bone19","length":28.14,"rotation":25.53,"x":34.58,"y":2.21},{"name":"bone21","parent":"bone20","length":39.91,"rotation":30.55,"x":35.27,"y":3.46},{"name":"bone22","parent":"bone29","length":29.23,"rotation":142.19,"x":-9.77,"y":38.37},{"name":"bone23","parent":"bone22","length":29.17,"rotation":14.83,"x":30.95,"y":1.47},{"name":"bone24","parent":"bone23","length":25.06,"rotation":19.54,"x":32.44,"y":1.58},{"name":"bone25","parent":"bone3","length":40.56,"rotation":-66.95,"x":178.19,"y":-45.51},{"name":"bone26","parent":"bone25","length":37.94,"rotation":-76.95,"x":45.41,"y":-5.17},{"name":"bone27","parent":"bone26","length":45.76,"rotation":-32.18,"x":41.35,"y":-2.24},{"name":"bone28","parent":"bone27","length":29.53,"rotation":56.39,"x":53.06,"y":2.57},{"name":"bone30","parent":"bone29","length":45.15,"rotation":-168.28,"x":-45.57,"y":-40.18},{"name":"bone31","parent":"bone30","length":36.91,"rotation":-18.09,"x":48.88,"y":-0.91},{"name":"bone32","parent":"bone31","length":25.27,"rotation":-34.99,"x":42.08,"y":-0.33},{"name":"yingzi1","parent":"bone","x":0.53,"y":5.06},{"name":"bone56","parent":"bone3","x":136.12,"y":-61.11},{"name":"bone57","parent":"bone3","length":24.83,"rotation":-173.69,"x":77.98,"y":78.19},{"name":"bone58","parent":"bone57","length":18.3,"rotation":4.86,"x":27.31,"y":0.04},{"name":"bone59","parent":"bone58","length":14.06,"rotation":7.35,"x":21.27,"y":0.53},{"name":"bone60","parent":"bone2","x":44.52,"y":9.37,"color":"10e2ffff"},{"name":"bone61","parent":"bone2","x":-0.84,"y":23.29},{"name":"bone62","parent":"bone2","x":-1.94,"y":-35.1},{"name":"xz1","parent":"db","length":15.04,"rotation":2.28,"x":7.53,"y":5.12},{"name":"bone72","parent":"bone6","length":11.37,"rotation":-25.72,"x":12.91,"y":-4.81},{"name":"bone4","parent":"bone2","x":32.01,"y":9.08},{"name":"lingzi","parent":"bone2","x":63.17,"y":3.3},{"name":"bone73","parent":"bone2","length":6.78,"rotation":-176.16,"x":-0.39,"y":3.45,"color":"ff1313ff"},{"name":"bone75","parent":"bone2","x":-6.18,"y":-15.47},{"name":"sz3","parent":"bone75","rotation":-2.05,"x":4.82,"y":8.63,"color":"fffc1aff"},{"name":"bone81","parent":"bone60","x":-37.57,"y":17.33,"color":"10e2ffff"},{"name":"bone82","parent":"bone60","x":-35.76,"y":-41.28,"color":"10e2ffff"},{"name":"bone83","parent":"bone60","x":-38.91,"y":-16.2,"color":"10e2ffff"},{"name":"lingzi2","parent":"lingzi","x":-14.84,"y":3.85},{"name":"lingzi3","parent":"lingzi2","length":11.22,"rotation":148.55,"x":-5.96,"y":3.67},{"name":"lingzi4","parent":"lingzi2","length":16.3,"rotation":-155.04,"x":-3.52,"y":-3.01},{"name":"lingzi5","parent":"lingzi","length":19.69,"rotation":30.25,"x":-11.24,"y":6.83},{"name":"lingzi6","parent":"lingzi","length":33.5,"rotation":-56.42,"x":-11.28,"y":0.75},{"name":"bone33","parent":"root","x":203.83,"y":11.25},{"name":"bone34","parent":"root","x":-0.95,"y":45.55}],"slots":[{"name":"图层组47","bone":"bone6","attachment":"图层组47"},{"name":"图层组45","bone":"bone72","attachment":"图层组45"},{"name":"图层组41","bone":"bone2","attachment":"图层组41"},{"name":"裙子","bone":"bone73","attachment":"裙子2"},{"name":"图层组40","bone":"bone60","attachment":"pifu"},{"name":"pifu2","bone":"bone60","attachment":"pifu2"},{"name":"bb","bone":"bone75","attachment":"bb"},{"name":"图层组46","bone":"db","attachment":"图层组46"},{"name":"图层组44","bone":"xz1","attachment":"图层组44"},{"name":"马尾","bone":"bone25","attachment":"马尾"},{"name":"lj1","bone":"lingzi2","attachment":"lj2"},{"name":"lj2","bone":"lingzi4","attachment":"lj3"},{"name":"lj3","bone":"lingzi3","attachment":"lj4"},{"name":"dsds","bone":"lingzi","attachment":"lz"},{"name":"head","bone":"bone3","attachment":"head"},{"name":"zui","bone":"bone17","attachment":"zui"},{"name":"eye2","bone":"bone16","attachment":"eye2"},{"name":"眉毛","bone":"bone18","attachment":"眉毛"},{"name":"鬓角","bone":"bone30","attachment":"鬓角"},{"name":"liuhai2","bone":"bone22","attachment":"liuhai2"},{"name":"刘海","bone":"bone19","attachment":"刘海"},{"name":"sssss","bone":"bone34"}],"skins":[{"name":"default","attachments":{"eye2":{"eye1":{"x":-10.24,"y":7.06,"rotation":-94.97,"width":92,"height":29},"eye2":{"type":"mesh","uvs":[0.00671,0.38066,0.04912,0.44115,0.08654,0.63271,0.1514,0.77891,0.23621,0.82932,0.32352,0.79907,0.563,0.87469,0.64283,0.97047,0.72016,1,0.81495,1,0.8873,0.85452,0.9322,0.80915,0.9796,0.73354,0.99706,0.60751,1,0.50669,0.94717,0.46132,0.83242,0.25463,0.71517,0.18405,0.58046,0.16893,0.5156,0.32016,0.37591,0.27983,0.32851,0.14877,0.2861,0.0429,0.17884,0,0.13393,0,0.08404,0.08323,0.0092,0.08323,0,0.18909,0.02667,0.30504],"triangles":[25,27,26,28,27,25,1,28,25,0,28,1,13,15,14,25,23,1,23,2,1,12,15,13,25,24,23,23,21,2,21,23,22,20,2,21,3,2,4,2,20,4,5,20,19,15,10,16,11,15,12,5,4,20,11,10,15,17,6,19,17,19,18,5,19,6,7,6,17,17,8,7,16,8,17,10,8,16,9,8,10],"vertices":[11.18,52.15,7.93,48.3,-1.55,45.48,-9.08,39.82,-12.2,31.84,-11.49,23.27,-17.12,0.45,-22.37,-6.87,-24.43,-14.22,-25.23,-23.38,-18.88,-30.98,-17.09,-35.5,-13.87,-40.4,-7.99,-42.61,-3.2,-43.31,-0.58,-38.4,10.27,-28.17,14.63,-17.13,16.48,-4.18,9.79,2.72,12.9,16.05,19.56,20.09,24.98,23.74,27.93,33.93,28.31,38.27,24.75,43.44,25.38,50.67,20.4,52,14.63,49.91],"hull":29,"edges":[0,2,2,4,4,6,6,8,8,10,10,12,12,14,14,16,16,18,18,20,20,22,22,24,24,26,26,28,28,30,30,32,32,34,34,36,36,38,38,40,40,42,42,44,44,46,46,48,48,50,50,52,52,54,54,56,0,56],"width":97,"height":48}},"head":{"head":{"type":"mesh","uvs":[0.55167,0,0.64151,0.00613,0.72329,0.0266,0.80106,0.07192,0.87615,0.13187,0.93916,0.21806,0.97805,0.32625,0.99548,0.40959,1,0.5324,0.99011,0.64205,0.96598,0.7327,0.90162,0.83358,0.82654,0.89206,0.76973,0.94456,0.70537,0.9621,0.65174,0.9621,0.59945,0.98257,0.48146,1,0.39967,1,0.29509,0.98111,0.21732,0.9431,0.17426,0.90308,0.15099,0.86424,0.14434,0.82593,0.14862,0.80159,0.14339,0.77674,0.13627,0.83059,0.13579,0.8891,0.12582,0.91136,0.10208,0.89686,0.07169,0.86114,0.04938,0.81609,0.02753,0.74826,0.01424,0.67422,0.00522,0.60577,0.00617,0.52552,0.02309,0.40353,0.06474,0.28815,0.12327,0.18873,0.21445,0.11509,0.32617,0.03997,0.43483,0.00865,0.12927,0.49881,0.22412,0.35992,0.40841,0.32741,0.55204,0.36287,0.69431,0.48551,0.71735,0.63031,0.30136,0.18409,0.58049,0.18113,0.7702,0.28308,0.86505,0.44118,0.87453,0.65838,0.30078,0.70409,0.26555,0.76763,0.32924,0.77649,0.39428,0.72773,0.38208,0.65238,0.30756,0.62726,0.24523,0.67307,0.13683,0.5785,0.16122,0.66272,0.18019,0.74251,0.19645,0.78979,0.18425,0.82673,0.21677,0.87844,0.28317,0.92129,0.36311,0.94493,0.43493,0.9538,0.5203,0.95084,0.59347,0.93607,0.63412,0.90652,0.67341,0.91834,0.7493,0.88731,0.77911,0.81934,0.76285,0.74251,0.69238,0.74103,0.66528,0.69818,0.70729,0.67011,0.20458,0.52531,0.34956,0.46473,0.51759,0.47803,0.59076,0.60362,0.54875,0.79275,0.48913,0.8947,0.33601,0.89026,0.2371,0.84298],"triangles":[25,62,63,62,25,61,50,45,49,49,44,48,45,44,49,43,48,44,46,45,50,82,81,46,64,63,86,79,42,43,48,38,39,80,43,44,67,19,66,64,24,63,48,39,40,20,66,19,18,67,68,11,74,75,17,68,69,72,71,76,73,74,12,12,74,11,8,9,52,10,11,52,51,7,8,75,47,52,52,47,51,8,52,51,82,46,47,47,46,51,81,45,46,46,50,51,80,44,81,81,44,45,6,50,5,6,51,50,49,1,2,41,0,49,41,48,40,50,4,5,50,3,4,3,49,2,49,0,1,51,6,7,10,52,9,17,69,16,69,70,16,16,70,15,15,72,14,14,73,13,14,72,73,70,71,15,15,71,72,13,73,12,52,11,75,18,68,17,21,65,20,19,67,18,22,23,64,21,22,65,23,24,64,22,64,65,20,65,66,80,79,43,65,86,66,65,64,86,50,49,3,49,48,41,43,38,48,73,72,76,24,25,63,25,32,61,69,84,70,61,60,79,58,79,80,57,80,81,59,61,79,68,84,69,66,86,85,84,68,85,54,59,53,70,84,83,85,56,84,84,56,83,85,55,56,74,76,75,83,77,76,83,82,77,83,56,82,54,53,55,55,53,56,76,78,75,78,47,75,76,77,78,53,57,56,56,57,82,53,58,57,53,59,58,78,77,47,47,77,82,58,80,57,57,81,82,86,55,85,55,86,54,58,59,79,62,59,54,86,63,54,62,61,59,63,62,54,71,83,76,68,67,85,67,66,85,71,70,83,74,73,76,28,29,27,27,29,26,26,29,30,30,31,26,26,31,25,31,32,25,32,33,61,33,60,61,33,34,60,34,35,60,35,42,60,60,42,79,35,36,42,42,36,43,36,37,43,37,38,43],"vertices":[2,8,139.87,-36.03,0.11143,27,50.97,45.15,0.88857,2,8,139.62,-54.48,0.11143,27,50.72,26.7,0.88857,3,28,-90.95,140.39,0.05086,8,136.59,-71.41,0.11148,27,47.69,9.77,0.83766,3,28,-81.46,155.78,0.01765,8,128.86,-87.75,0.11143,27,39.96,-6.57,0.87092,3,28,-69.27,170.45,0.00176,8,118.35,-103.67,0.11143,27,29.45,-22.49,0.88682,2,8,102.8,-117.37,0.11648,27,13.9,-36.19,0.88352,2,8,82.87,-126.32,0.11143,27,-6.03,-45.14,0.88857,2,8,67.39,-130.65,0.11143,27,-21.5,-49.47,0.88857,2,8,44.38,-132.7,0.11143,27,-44.52,-51.52,0.88857,2,8,23.69,-131.68,0.11143,27,-65.21,-50.5,0.88857,2,8,6.43,-127.57,0.13714,27,-82.47,-46.39,0.86286,2,8,-13.16,-115.32,0.11143,27,-102.06,-34.14,0.88857,2,8,-24.89,-100.48,0.11143,27,-113.79,-19.3,0.88857,2,8,-35.32,-89.33,0.23714,27,-124.21,-8.15,0.76286,2,8,-39.25,-76.31,0.26,27,-128.15,4.87,0.74,2,8,-39.79,-65.33,0.26286,27,-128.69,15.85,0.73714,3,29,68.16,98.55,0.00166,8,-44.15,-54.81,0.28286,27,-133.05,26.37,0.71548,2,8,-48.61,-30.81,0.35143,27,-137.5,50.37,0.64857,2,8,-49.42,-14.06,0.34,27,-138.32,67.12,0.66,2,8,-46.92,7.52,0.34,27,-135.82,88.7,0.66,2,8,-40.56,23.8,0.34,27,-129.46,104.98,0.66,2,8,-33.47,32.98,0.34,27,-122.37,114.16,0.66,2,8,-26.41,38.1,0.34,27,-115.31,119.28,0.66,2,8,-19.29,39.81,0.34,27,-108.19,120.99,0.66,2,8,-14.67,39.16,0.34,27,-103.57,120.34,0.66,2,8,-10.06,40.46,0.25429,27,-98.96,121.64,0.74571,3,29,26.05,8.78,0.03029,30,5.8,7.57,0.95452,8,-20.24,41.42,0.01519,1,30,16.36,4.5,1,1,30,19.83,1.39,1,1,30,15.89,-2.55,1,2,29,29.8,-5.16,0.00558,30,7.73,-6.73,0.99442,2,29,20.76,-8.45,0.53412,30,-1.66,-8.83,0.46588,2,28,35.71,-10.31,0.02222,29,7.49,-11.02,0.97778,2,28,21.65,-12.17,0.78957,29,-6.68,-11.69,0.21043,1,28,8.69,-13.23,1,2,28,-6.36,-12.11,0.99632,27,-53.16,152.04,0.00368,3,28,-29.04,-7.23,0.93078,8,58.82,68.51,0.01224,27,-30.08,149.69,0.05698,3,28,-50.16,2.62,0.82007,8,80.9,61.04,0.03532,27,-8,142.22,0.14462,3,28,-68.08,15.74,0.70954,8,100.15,49.96,0.0499,27,11.25,131.14,0.24056,2,8,114.89,31.97,0.11143,27,25.99,113.15,0.88857,2,8,130.11,9.78,0.11143,27,41.21,90.96,0.88857,2,8,137.08,-12.18,0.11143,27,48.18,69,0.88857,3,28,-9.82,13.39,0.8905,8,41.99,45.89,0.07215,27,-46.91,127.07,0.03735,2,8,69.02,27.74,0.44,27,-19.88,108.92,0.56,2,8,76.96,-9.69,0.44,27,-11.94,71.49,0.56,2,8,71.74,-39.43,0.44,27,-17.16,41.75,0.56,3,28,-5.2,129.16,0.01969,8,50.13,-69.68,0.29291,27,-38.77,11.5,0.6874,3,28,22.26,132.2,0.00364,8,23.17,-75.72,0.47389,27,-65.73,5.46,0.52247,2,8,102.8,13.54,0.31143,27,13.91,94.72,0.68857,2,8,106.15,-43.59,0.31143,27,17.25,37.59,0.68857,2,8,88.9,-83.36,0.31143,27,0,-2.18,0.68857,2,8,60.16,-104.23,0.13834,27,-28.74,-23.05,0.86166,2,8,19.47,-108.17,0.38012,27,-69.43,-26.99,0.61988,1,8,5.15,8.89,1,2,8,-7.13,15.53,0.83714,27,-96.03,96.71,0.16286,1,8,-8.16,2.4,1,1,8,1.65,-10.47,1,1,8,15.68,-7.28,1,1,8,19.65,8.21,1,2,8,10.43,20.55,0.83714,27,-78.47,101.73,0.16286,4,28,5.23,14.02,0.879,29,-20.82,15.8,0.00869,8,27.1,43.62,0.10058,27,-61.8,124.8,0.01173,2,8,11.53,37.85,0.52286,27,-77.37,119.03,0.47714,2,8,-3.26,33.24,0.52286,27,-92.16,114.42,0.47714,2,8,-11.98,29.47,0.52286,27,-100.88,110.65,0.47714,2,8,-19.04,31.63,0.38286,27,-107.94,112.81,0.61714,2,8,-28.42,24.5,0.38286,27,-117.32,105.68,0.61714,2,8,-35.81,10.51,0.38286,27,-124.71,91.69,0.61714,2,8,-39.45,-6.07,0.38286,27,-128.35,75.11,0.61714,2,8,-40.4,-20.86,0.38286,27,-129.29,60.32,0.61714,2,8,-38.99,-38.31,0.38286,27,-127.89,42.87,0.61714,3,29,59.33,98.61,9.9E-4,8,-35.48,-53.16,0.41143,27,-124.38,28.02,0.58758,2,8,-29.53,-61.21,0.38286,27,-118.43,19.97,0.61714,2,8,-31.35,-69.37,0.41143,27,-120.25,11.81,0.58857,2,8,-24.77,-84.62,0.41143,27,-113.67,-3.44,0.58857,2,8,-11.71,-90.1,0.5902,27,-100.61,-8.92,0.4098,2,8,2.56,-86.07,0.54628,27,-86.34,-4.89,0.45372,3,28,42.72,125.81,4.0E-4,8,2.13,-71.63,0.61582,27,-86.77,9.55,0.38378,3,28,34.34,120.76,0.00271,8,9.9,-65.69,0.60559,27,-78.99,15.49,0.3917,3,28,29.6,129.68,0.00226,8,15.6,-74.03,0.53028,27,-73.3,7.15,0.46745,2,8,37.76,30.23,0.48286,27,-51.13,111.41,0.51714,2,8,50.59,1.1,0.48286,27,-38.31,82.28,0.51714,2,8,49.77,-33.43,0.48286,27,-39.13,47.75,0.51714,3,28,15.66,106.61,0.02947,8,26.92,-49.56,0.57403,27,-61.98,31.62,0.3965,3,28,50.62,95.83,2.9E-4,8,-9.02,-42.69,0.81735,27,-97.92,38.49,0.18236,4,29,48.52,78.58,0.00684,30,37.01,73.93,3.1E-4,8,-28.76,-31.42,0.9043,27,-117.65,49.76,0.08856,2,8,-29.45,-0.02,0.83714,27,-118.35,81.16,0.16286,2,8,-21.56,20.66,0.52286,27,-110.46,101.84,0.47714],"hull":42,"edges":[0,2,2,4,4,6,6,8,8,10,10,12,12,14,14,16,16,18,18,20,20,22,22,24,24,26,26,28,28,30,30,32,32,34,34,36,36,38,38,40,40,42,42,44,44,46,46,48,48,50,50,52,52,54,54,56,56,58,58,60,60,62,62,64,64,66,66,68,68,70,70,72,72,74,74,76,76,78,78,80,80,82,0,82],"width":205,"height":188}},"liuhai2":{"liuhai2":{"type":"mesh","uvs":[0.85721,0,0.56645,0.08636,0.34257,0.20022,0.20591,0.31591,0.09251,0.46466,0.03436,0.62442,0.02273,0.76215,0.06634,0.90171,0.17974,0.99008,0.28151,0.99192,0.37746,0.80093,0.54901,0.55118,0.65077,0.43366,0.8921,0.26104,0.98805,0.17105,1,2.7E-4],"triangles":[10,5,11,6,5,10,7,6,10,9,8,7,10,9,7,3,2,12,11,3,12,4,3,11,5,4,11,14,0,15,14,1,0,13,1,14,12,1,13,2,1,12],"vertices":[1,16,-8.88,-1.19,1,1,16,8.71,-9.1,1,2,16,25.66,-12.26,0.98941,17,-8.63,-11.92,0.01059,2,16,39.34,-11.33,0.41097,17,4.83,-14.53,0.58903,3,16,54.5,-7.3,0.02098,17,20.51,-14.51,0.97858,18,-16.62,-11.17,4.5E-4,2,17,35.7,-11.06,0.53821,18,-1.15,-12.99,0.46179,2,17,47.79,-6,0.03052,18,11.93,-12.27,0.96948,1,18,24.83,-8.23,1,1,18,32.43,-0.55,1,1,18,31.95,5.53,1,2,17,41.85,14.77,4.0E-5,18,13.28,9.29,0.99996,2,17,16.01,13.73,0.88976,18,-11.42,16.95,0.11024,3,16,30.46,16.21,0.09496,17,3.3,14.37,0.90294,18,-23.18,21.81,0.00209,2,16,8.59,16.53,0.92222,17,-17.76,20.28,0.07778,2,16,-1.65,15.34,0.99203,17,-27.96,21.75,0.00797,1,16,-14.43,5.33,1],"hull":16,"edges":[0,2,2,4,4,6,6,8,8,10,10,12,12,14,14,16,16,18,18,20,20,22,22,24,24,26,26,28,28,30,0,30],"width":60,"height":95}},"sssss":{"sssss":{"x":-2.12,"y":5.65,"width":147,"height":73}},"zui":{"zui":{"x":2.48,"y":-0.21,"rotation":-90,"width":18,"height":19}},"刘海":{"刘海":{"type":"mesh","uvs":[0.15428,0,0.05974,0.14091,0.01246,0.2768,0,0.43533,0.0474,0.60393,0.14606,0.76247,0.24267,0.85809,0.32899,0.89584,0.42149,0.921,0.4852,0.92352,0.50165,0.86564,0.60236,0.92855,0.6743,0.94617,0.75857,0.9814,0.86545,1,0.94767,0.9965,1,0.95623,0.99494,0.88577,0.93739,0.83293,0.93945,0.69453,0.92917,0.51083,0.88601,0.34726,0.82023,0.2315,0.72157,0.11071,0.57359,0.03522,0.41737,0],"triangles":[20,11,10,10,22,21,10,21,20,20,19,11,9,8,10,19,12,11,18,12,19,13,12,18,15,18,17,15,17,16,14,13,18,15,14,18,10,6,5,7,6,10,8,7,10,10,24,23,25,4,2,3,2,4,2,1,25,5,4,25,0,25,1,25,10,5,24,10,25,10,23,22],"vertices":[1,13,-16.8,-16.9,1,1,13,-3.51,-31.18,1,2,13,10.08,-39.25,0.9863,14,-39.98,-26.86,0.0137,2,13,26.67,-43.13,0.88556,14,-26.67,-37.51,0.11444,2,13,45.38,-39.38,0.62806,14,-8.18,-42.18,0.37194,2,13,63.91,-28.83,0.26982,14,13.09,-40.65,0.73018,3,13,75.74,-17.65,0.09714,14,28.58,-35.66,0.87834,15,-25.64,-30.28,0.02452,3,13,81.25,-6.98,0.0308,14,38.15,-28.4,0.83684,15,-13.71,-28.9,0.13236,3,13,85.53,4.67,0.00283,14,47.04,-19.74,0.60688,15,-1.66,-25.95,0.39029,2,14,51.83,-12.9,0.45499,15,5.95,-22.5,0.54501,2,14,47.83,-7.7,0.28114,15,5.14,-15.99,0.71886,2,14,60.68,-0.35,0.00342,15,19.95,-16.19,0.99658,1,15,29.23,-13.71,1,1,15,40.8,-12.2,1,1,15,54.24,-7.79,1,1,15,63.73,-2.68,1,1,15,67.97,4.22,1,1,15,64.04,10.68,1,3,13,85.18,72.91,2.0E-5,14,76.14,41.99,2.8E-4,15,54.77,12.42,0.9997,3,13,70.54,75.15,0.00442,14,63.89,50.32,0.015,15,48.46,25.81,0.98058,3,13,50.88,76.43,0.03574,14,46.7,59.95,0.08074,15,38.55,42.84,0.88352,3,13,32.78,73.16,0.1066,14,28.96,64.79,0.168,15,25.73,56.03,0.7254,3,13,19.36,66.27,0.72529,14,13.88,64.36,0.07908,15,12.52,63.33,0.19563,3,13,4.83,55.18,0.89775,14,-4.02,60.61,0.04152,15,-4.79,69.19,0.06073,1,13,-5.76,37.04,1,1,13,-12.22,17.26,1],"hull":26,"edges":[0,2,2,4,4,6,6,8,8,10,10,12,12,14,14,16,16,18,18,20,20,22,22,24,24,26,26,28,28,30,30,32,32,34,34,36,36,38,38,40,40,42,42,44,44,46,46,48,48,50,0,50],"width":131,"height":107}},"图层组41":{"图层组41":{"type":"mesh","uvs":[1,1,0,1,0,0,1,0],"triangles":[1,2,3,1,3,0],"vertices":[-14.47,-44.62,-19.42,29.21,86.34,36.3,91.29,-37.53],"hull":4,"edges":[0,2,2,4,4,6,0,6],"width":74,"height":106}},"图层组44":{"图层组44":{"x":7.05,"y":-1.19,"rotation":68.39,"width":38,"height":41}},"图层组45":{"图层组45":{"x":-4.37,"y":8.25,"rotation":136.27,"width":37,"height":41}},"图层组46":{"图层组46":{"type":"mesh","uvs":[0.20424,0.0055,0.1205,0.03331,0.05769,0.09079,0.01882,0.139,0.00386,0.22429,0.04274,0.28919,0.08891,0.35138,0.11088,0.38096,0.12947,0.40601,0.21321,0.55806,0.26226,0.62709,0.29623,0.67491,0.32387,0.71381,0.39564,0.775,0.39564,0.86029,0.44947,0.95671,0.57508,1,0.66779,0.99936,1,0.91036,1,0.77315,0.82929,0.686,0.72761,0.58958,0.70837,0.56274,0.67818,0.52062,0.63191,0.45607,0.58406,0.3819,0.56362,0.32251,0.54502,0.26847,0.5362,0.24284,0.44947,0.11304,0.33882,0.04443],"triangles":[10,9,24,10,24,23,11,10,23,11,23,22,21,12,11,21,11,22,13,12,21,13,21,20,14,13,20,20,19,18,14,16,15,14,20,17,18,17,20,17,16,14,3,30,4,5,4,30,3,2,30,6,5,28,1,0,30,1,30,2,29,5,30,28,5,29,6,28,27,7,6,27,7,27,26,8,7,26,8,26,25,9,8,25,9,25,24],"vertices":[1,4,-3.32,4.66,1,1,4,-2.24,-1.04,1,1,4,1.9,-6.62,1,1,4,5.65,-10.49,1,1,4,13.39,-14.19,1,1,4,20.31,-14.06,1,1,4,27.13,-13.42,1,1,4,30.37,-13.11,1,1,4,33.12,-12.85,1,2,4,49.18,-12.99,0.54312,5,-1.52,-13.73,0.45688,2,4,56.7,-12.41,0.26949,5,6,-14.3,0.73051,2,4,61.91,-12,0.15227,5,11.21,-14.69,0.84773,2,4,66.15,-11.67,0.1022,5,15.45,-15.02,0.8978,2,4,73.4,-9.5,7.0E-4,5,22.94,-13.97,0.9993,1,5,30.47,-17.99,1,1,5,40.54,-19.59,1,1,5,48.03,-14.76,1,1,5,50.68,-9.66,1,1,5,52.54,12.7,1,1,5,40.43,19.17,1,1,5,27.76,13.94,1,1,5,16.28,12.92,1,2,4,59.79,15.82,0.04484,5,13.35,13.13,0.95516,2,4,55.19,15.45,0.16377,5,8.76,13.46,0.83623,2,4,48.15,14.88,0.3973,5,1.71,13.97,0.6027,2,4,40.17,14.54,0.77001,5,-6.23,14.85,0.22999,2,4,34.15,15.31,0.80963,5,-12.06,16.53,0.19037,2,4,28.67,16.01,0.92889,5,-17.37,18.06,0.07111,2,4,26.07,16.34,0.98545,5,-19.89,18.78,0.01455,1,4,12.04,15.57,1,1,4,3.3,11.36,1],"hull":31,"edges":[0,2,2,4,4,6,6,8,8,10,16,18,24,26,26,28,28,30,30,32,32,34,34,36,36,38,38,40,40,42,48,50,56,58,58,60,0,60,18,20,46,48,20,46,20,22,22,24,42,44,44,46,22,44,10,12,54,56,12,54,12,14,14,16,50,52,52,54,14,52],"width":62,"height":100}},"图层组47":{"图层组47":{"type":"mesh","uvs":[0.95002,0,0.81174,0,0.6766,0.0921,0.52575,0.27752,0.40318,0.47515,0.27433,0.63617,0.16433,0.70692,0,0.81428,0,0.91919,0.10148,0.9631,0.17062,0.94114,0.23347,0.99238,0.3089,1,0.45346,0.91187,0.6326,0.78012,0.78031,0.64105,0.89345,0.48491,0.98459,0.31168,0.97831,0.03599],"triangles":[13,12,10,12,11,10,9,8,10,13,10,6,6,10,7,10,8,7,6,5,13,13,5,14,5,4,14,14,4,15,15,4,16,4,3,16,16,3,17,17,2,18,2,17,3,2,1,18,1,0,18],"vertices":[1,6,-11.2,8.56,1,1,6,-8.33,0.92,1,1,6,1.02,-4.08,1,1,6,17.34,-7.47,1,2,6,33.94,-8.97,0.44602,7,-1.28,-8.66,0.55398,1,7,13.12,-8.26,1,1,7,21.19,-10.71,1,1,7,33.34,-14.3,1,1,7,39.99,-9.9,1,1,7,39.48,-3.06,1,1,7,35.83,-0.58,1,1,7,37.04,4.66,1,1,7,35.07,8.69,1,1,7,24.78,12.11,1,2,6,50.89,11.84,0.06169,7,10.59,15.41,0.93831,2,6,37.93,16.29,0.57071,7,-3.03,16.85,0.42929,2,6,24.48,18.38,0.97471,7,-16.61,15.87,0.02529,1,6,10.26,18.79,1,1,6,-9.22,11.09,1],"hull":19,"edges":[0,2,2,4,4,6,6,8,8,10,10,12,12,14,14,16,16,18,18,20,20,22,22,24,24,26,26,28,28,30,30,32,32,34,34,36,0,36],"width":59,"height":76}},"眉毛":{"眉毛":{"x":-0.49,"y":-18.84,"rotation":-90,"width":75,"height":19}},"马尾":{"马尾":{"type":"mesh","uvs":[0,0.32852,0.05388,0.44916,0.12765,0.5121,0.21064,0.54882,0.32314,0.57854,0.35265,0.68694,0.39691,0.78725,0.45593,0.89041,0.50941,0.93587,0.5758,0.99007,0.66063,1,0.751,0.99182,0.80817,0.94986,0.89301,0.92888,0.96678,0.86418,1,0.76452,0.99444,0.68585,0.95387,0.63339,0.93358,0.66486,0.92252,0.71032,0.87457,0.72081,0.82662,0.6841,0.82846,0.59493,0.84321,0.46554,0.85428,0.36763,0.80817,0.24748,0.70674,0.10411,0.56658,0.01669,0.40613,0,0.27335,0.01319,0.22171,0.04816,0.15163,0.0604,0.04651,0.10761,0.01515,0.15656,0,0.24573],"triangles":[11,10,12,10,21,12,10,9,8,12,20,13,12,21,20,21,10,8,8,7,21,15,14,20,14,13,20,15,20,19,19,16,15,19,18,16,18,17,16,7,6,21,6,5,21,21,5,22,4,22,5,4,23,22,25,4,26,23,4,25,4,27,26,23,25,24,4,28,27,3,30,4,4,30,28,28,30,29,3,2,30,0,31,30,30,2,1,30,1,0,33,31,34,31,33,32,31,0,34],"vertices":[2,19,-34.92,4.09,0.99247,21,-18.62,-99.06,0.00753,3,19,-33.98,-16.07,0.94829,20,-7.32,-79.8,1.5E-4,21,0.11,-91.56,0.05156,3,19,-27.23,-28.89,0.87591,20,6.7,-76.12,0.00588,21,10.01,-80.99,0.11821,3,19,-17.82,-38.39,0.75217,20,18.08,-69.1,0.02187,21,15.91,-68.98,0.22596,4,19,-3.99,-48.37,0.43809,20,30.92,-57.89,0.04621,21,20.81,-52.65,0.51222,22,-63.85,-3.7,0.00347,4,19,-5.73,-65.52,0.17265,20,47.24,-63.45,0.01352,21,37.58,-48.68,0.75793,22,-51.25,-15.47,0.05591,4,19,-5.02,-82.25,0.0677,20,63.7,-66.54,5.6E-4,21,53.16,-42.52,0.71425,22,-37.51,-25.04,0.21748,3,19,-2.43,-100.14,0.01841,21,69.21,-34.22,0.45515,22,-21.71,-33.81,0.52644,3,19,2.47,-109.41,0.00672,21,76.36,-26.55,0.27698,22,-11.36,-35.53,0.7163,3,19,8.67,-120.6,7.8E-4,21,84.9,-17.03,0.10717,22,1.3,-37.37,0.89205,2,21,86.67,-4.67,0.0244,22,12.57,-32.01,0.9756,1,22,23.02,-23.86,1,1,22,26.6,-13.93,1,1,22,35.31,-4.55,1,1,22,39.05,9.64,1,2,21,51.4,45.58,0.00312,22,34.9,25.19,0.99688,2,21,39.27,45.01,0.00149,22,27.71,34.97,0.99851,1,22,18.38,38.61,1,2,21,35.86,36.19,0.00329,22,18.48,32.93,0.99671,2,21,42.83,34.44,0.03842,22,20.88,26.16,0.96158,2,21,44.31,27.41,0.18143,22,15.84,21.03,0.81857,2,21,38.51,20.52,0.6015,22,6.89,22.05,0.3985,3,20,73.55,2.38,0.01665,21,24.79,21.06,0.94099,22,-0.25,33.78,0.04237,2,20,58.08,15.13,0.33301,21,4.91,23.61,0.66699,2,20,46.37,24.76,0.76366,21,-10.13,25.52,0.23634,2,20,27.21,29.29,0.99393,21,-28.76,19.16,0.00607,2,19,73.84,0.78,0.06864,20,0.62,29.04,0.93136,2,19,59.31,20.5,0.60092,20,-21.87,19.33,0.39908,2,19,38.22,31.02,0.98112,20,-36.88,1.17,0.01888,1,19,19.33,35.83,1,1,19,10.39,33.39,1,1,19,0.14,35.16,1,1,19,-16.78,33.65,1,1,19,-23.68,28.16,1,2,19,-30.51,16.05,0.99959,21,-31.37,-98.81,4.1E-4],"hull":35,"edges":[0,2,2,4,4,6,6,8,8,10,10,12,12,14,14,16,16,18,18,20,20,22,22,24,24,26,26,28,28,30,30,32,32,34,34,36,36,38,38,40,40,42,42,44,44,46,46,48,48,50,50,52,52,54,54,56,56,58,58,60,60,62,62,64,64,66,66,68,0,68],"width":146,"height":154}},"鬓角":{"鬓角":{"type":"mesh","uvs":[0.46501,0,0.28193,0.02094,0.13428,0.09868,0.06931,0.18938,0.14018,0.32932,0.18743,0.47444,0.19334,0.5755,0.16381,0.71025,0.08112,0.83205,0,0.93311,0,0.9979,0.13428,1,0.34689,0.9668,0.54179,0.90202,0.77803,0.76726,0.88433,0.66102,0.96111,0.5444,1,0.42002,1,0.23603,0.9552,0.1246,0.81346,0.05463,0.61857,0.00799],"triangles":[14,7,6,13,7,14,8,7,13,12,8,13,9,8,12,11,10,9,12,11,9,5,4,17,4,18,17,16,5,17,6,5,16,15,6,16,15,14,6,2,20,3,4,3,20,18,20,19,2,1,0,21,2,0,2,21,20,20,18,4],"vertices":[2,23,17.75,-6.82,0.99236,24,-27.76,-15.28,0.00764,2,23,18.51,-14.92,0.95924,24,-24.51,-22.74,0.04076,2,23,25.02,-22.4,0.86402,24,-16.01,-27.84,0.13598,2,23,33.34,-26.58,0.7159,24,-6.79,-29.23,0.2841,2,23,47.37,-25.77,0.32497,24,6.29,-24.1,0.67503,3,23,61.73,-26.04,0.03346,24,20.02,-19.9,0.95565,25,-6.85,-28.68,0.01089,3,23,71.55,-27.37,4.4E-4,24,29.77,-18.12,0.85844,25,0.11,-21.63,0.14112,2,24,43.01,-17.33,0.27218,25,10.51,-13.39,0.72782,2,24,55.35,-19,0.00671,25,21.58,-7.68,0.99329,1,25,31.13,-3.33,1,1,25,35.71,1.07,1,1,25,31.86,5.37,1,1,25,23.18,9.71,1,1,25,12.79,11.35,1,2,24,44.45,9.63,0.26383,25,-3.77,9.52,0.73617,2,24,33.46,12.54,0.91678,25,-14.44,5.6,0.08322,1,24,21.66,14.03,1,2,23,62.06,9.31,0.01181,24,9.36,13.8,0.98819,2,23,44.26,12.19,0.84817,24,-8.46,11.02,0.15183,1,23,33.17,12.04,1,1,23,25.43,7.12,1,2,23,19.58,-0.42,0.99987,24,-28,-8.64,1.3E-4],"hull":22,"edges":[0,2,2,4,4,6,6,8,8,10,10,12,12,14,14,16,16,18,18,20,20,22,22,24,24,26,26,28,28,30,30,32,32,34,34,36,36,38,38,40,40,42,0,42],"width":43,"height":98}}}},{"name":"skin1","attachments":{"图层组40":{"pifu":{"name":"图层组40","type":"mesh","uvs":[0.37606,0.00525,0.43679,0.01144,0.45653,0.03744,0.43831,0.06468,0.41857,0.09316,0.43679,0.12412,0.49753,0.11421,0.55674,0.07954,0.6114,0.01763,0.6858,0.01268,0.76019,0.04019,0.81182,0.086,0.8437,0.1442,0.85585,0.21726,0.84218,0.32003,0.84674,0.3646,0.8771,0.44512,0.92113,0.54789,0.96668,0.64819,0.98187,0.71629,0.9682,0.75344,1,0.79678,1,0.84012,0.95302,0.89336,0.86192,0.95032,0.74653,0.9887,0.63569,0.99985,0.49601,0.9949,0.34447,0.96875,0.22782,0.942,0.0893,0.88403,0.01275,0.82754,0,0.77998,0,0.72332,0.05632,0.60292,0.12193,0.45576,0.1511,0.38739,0.15474,0.26996,0.18937,0.18374,0.28233,0.07226,0.33336,0.0128,0.11967,0.73693,0.23606,0.79712,0.39219,0.84574,0.62498,0.85732,0.83789,0.78786,0.90602,0.69294,0.84924,0.57718,0.79247,0.46143,0.74421,0.3804,0.75272,0.26001,0.74705,0.13962,0.69595,0.10952,0.61646,0.16509,0.54833,0.27158,0.47736,0.32252,0.36381,0.33178,0.30703,0.29936,0.26445,0.20907,0.23606,0.26927,0.22754,0.36882,0.17928,0.47763,0.11967,0.63969,0.38936,0.48689,0.43194,0.69063],"triangles":[47,48,16,47,16,17,47,17,18,46,47,18,46,18,19,20,46,19,48,47,64,45,47,46,45,46,20,45,20,21,22,45,21,47,44,64,45,44,47,23,45,22,24,45,23,44,45,24,25,44,24,27,43,44,26,27,44,25,26,44,62,64,42,43,42,64,43,64,44,30,31,41,30,41,42,29,30,42,29,42,43,28,29,43,28,43,27,34,35,61,62,34,61,33,34,62,62,42,41,33,62,41,63,62,61,32,33,41,64,62,63,31,32,41,3,1,2,3,4,0,3,0,1,52,9,10,52,10,11,51,52,11,51,11,12,8,52,7,52,8,9,53,7,52,6,7,53,58,38,39,40,0,4,39,40,4,13,50,51,13,51,12,59,38,58,37,38,59,54,6,53,39,5,58,5,39,4,57,58,5,59,58,57,14,50,13,54,55,5,54,5,6,57,5,55,56,57,55,60,37,59,60,59,57,53,51,50,51,53,52,49,50,14,49,14,15,50,54,53,49,54,50,36,37,60,48,49,15,48,15,16,61,36,60,35,36,61,60,57,56,63,56,55,60,56,63,61,60,63,63,48,64,55,54,49,49,63,55,48,63,49],"vertices":[1,31,32.02,3.74,1,1,31,31.73,-1.39,1,1,31,29.17,-3.22,1,1,31,26.26,-1.88,1,2,31,23.23,-0.42,0.9999,33,69.69,40.93,1.0E-4,2,31,20.15,-2.17,0.99848,33,66.61,39.19,0.00152,2,31,21.51,-7.19,0.99243,33,67.97,34.17,0.00757,2,31,25.4,-11.91,0.98785,33,71.86,29.44,0.01215,2,31,32.07,-16.07,0.98706,33,78.53,25.29,0.01294,2,31,33,-22.27,0.98376,33,79.46,19.09,0.01624,2,31,30.59,-28.69,0.97545,33,77.05,12.66,0.02455,2,31,26.17,-33.33,0.96229,33,72.63,8.02,0.03771,2,31,20.37,-36.41,0.94153,33,66.83,4.95,0.05847,2,31,12.93,-37.93,0.90318,33,59.39,3.43,0.09682,3,31,2.29,-37.49,0.79359,32,47.65,-54.53,3.1E-4,33,48.75,3.86,0.2061,3,31,-2.26,-38.18,0.70898,32,43.09,-55.22,0.002,33,44.2,3.17,0.28903,3,31,-10.37,-41.28,0.52981,32,34.99,-58.31,0.00596,33,36.09,0.07,0.46423,3,31,-20.68,-45.68,0.29864,32,24.67,-62.71,0.00523,33,25.78,-4.32,0.69613,3,31,-30.73,-50.19,0.12035,32,14.62,-67.22,1.8E-4,33,15.73,-8.83,0.87947,2,31,-37.65,-51.93,0.05197,33,8.81,-10.57,0.94803,2,31,-41.54,-51.04,0.02252,33,4.92,-9.68,0.97748,2,31,-45.82,-54,0.00254,33,0.64,-12.65,0.99746,2,31,-50.27,-54.3,2.0E-5,33,-3.81,-12.95,0.99998,2,32,-10.65,-67.77,0.00323,33,-9.55,-9.38,0.99677,2,32,-17.02,-60.52,0.04239,33,-15.91,-2.13,0.95761,2,32,-21.61,-51.12,0.14025,33,-20.5,7.27,0.85975,2,32,-23.38,-41.9,0.26687,33,-22.27,16.49,0.73313,2,32,-23.65,-30.16,0.46628,33,-22.55,28.23,0.53372,2,32,-21.82,-17.28,0.70479,33,-20.71,41.11,0.29521,2,32,-19.72,-7.32,0.86082,33,-18.62,51.07,0.13918,2,32,-14.54,4.69,0.97912,33,-13.44,63.08,0.02088,2,32,-9.17,11.49,0.99935,33,-8.06,69.88,6.5E-4,2,31,-49.71,29.92,2.9E-4,32,-4.35,12.89,0.99971,2,31,-43.89,30.32,0.00963,32,1.47,13.28,0.99037,2,31,-31.2,26.42,0.16108,32,14.16,9.39,0.83892,3,31,-15.7,21.94,0.56916,32,29.65,4.9,0.43042,33,30.76,63.29,4.2E-4,3,31,-8.51,19.97,0.77185,32,36.84,2.93,0.22814,33,37.95,61.32,1.0E-5,2,31,3.58,20.47,0.95484,32,48.93,3.43,0.04516,2,31,12.63,18.16,0.99388,32,57.99,1.13,0.00612,1,31,24.61,11.14,1,1,31,31.01,7.27,1,2,31,-44.61,20.19,0.00648,32,0.74,3.16,0.99352,3,31,-50.14,10.02,0.00924,32,-4.79,-7.01,0.91436,33,-3.68,51.38,0.07641,3,31,-54.26,-3.4,0.0238,32,-8.91,-20.43,0.66371,33,-7.8,37.96,0.31249,3,31,-54.14,-22.99,0.02227,32,-8.79,-40.02,0.26562,33,-7.68,18.37,0.71211,3,31,-45.81,-40.35,0.00482,32,-0.45,-57.39,0.00497,33,0.65,1,0.99022,3,31,-35.67,-45.41,0.08145,32,9.68,-62.45,0.00216,33,10.79,-4.06,0.91639,3,31,-24.1,-39.85,0.2822,32,21.26,-56.89,0.0144,33,22.37,1.5,0.70341,3,31,-12.52,-34.3,0.54332,32,32.84,-51.33,0.01492,33,33.94,7.06,0.44177,3,31,-4.46,-29.7,0.72156,32,40.89,-46.73,0.00857,33,42,11.66,0.26988,3,31,7.96,-29.58,0.87875,32,53.31,-46.62,5.0E-5,33,54.42,11.77,0.12121,2,31,20.3,-28.27,0.95466,33,66.76,13.08,0.04534,2,31,23.1,-23.78,0.97113,33,69.56,17.57,0.02887,2,31,16.95,-17.51,0.96933,33,63.41,23.85,0.03067,3,31,5.62,-12.53,0.94965,32,50.98,-29.56,9.1E-4,33,52.08,28.83,0.04944,3,31,-0.01,-6.93,0.95478,32,45.34,-23.97,0.00801,33,46.45,34.42,0.03721,3,31,-1.6,2.52,0.97538,32,43.75,-14.51,0.0226,33,44.86,43.88,0.00202,2,31,1.41,7.5,0.97331,32,46.77,-9.53,0.02669,2,31,10.45,11.69,0.99516,32,55.81,-5.34,0.00484,2,31,4.1,13.66,0.9692,32,49.46,-3.38,0.0308,3,31,-6.18,13.69,0.84558,32,39.18,-3.35,0.1531,33,40.29,55.04,0.00132,3,31,-17.63,16.98,0.55377,32,27.73,-0.05,0.44081,33,28.83,58.34,0.00542,3,31,-34.62,20.86,0.12481,32,10.74,3.83,0.87295,33,11.84,62.22,0.00224,3,31,-17.4,-0.69,0.64121,32,27.96,-17.72,0.25981,33,29.06,40.67,0.09899,3,31,-38.1,-5.66,0.18703,32,7.26,-22.7,0.52181,33,8.36,35.69,0.29116],"hull":41,"edges":[0,2,2,4,4,6,6,8,8,10,10,12,12,14,14,16,16,18,18,20,20,22,22,24,24,26,26,28,28,30,30,32,32,34,34,36,36,38,38,40,40,42,42,44,44,46,46,48,48,50,50,52,52,54,54,56,56,58,58,60,60,62,62,64,64,66,66,68,68,70,70,72,72,74,74,76,76,78,78,80,0,80],"width":84,"height":103}}}}],"animations":{"idle":{"slots":{"eye2":{"attachment":[{"time":1.9667,"name":"eye1"},{"time":2.0667,"name":"eye2"}]}},"bones":{"bone3":{"rotate":[{},{"time":1.1,"angle":-0.23},{"time":2.3333}]},"db":{"rotate":[{},{"time":1.1333,"angle":2.25},{"time":2.3333}]},"bone5":{"rotate":[{},{"time":0.3333,"angle":3.6},{"time":0.6667,"angle":-7.02},{"time":1}]},"bone6":{"rotate":[{},{"time":1.1667,"angle":-1.95},{"time":2.3333}]},"bone19":{"rotate":[{"angle":-0.31},{"time":1.0667,"angle":0.78},{"time":2.3333,"angle":-0.31}]},"bone20":{"rotate":[{"angle":-1.28},{"time":0.0667,"angle":-1.43},{"time":1.1333,"angle":-0.34},{"time":2.3333,"angle":-1.28}]},"bone21":{"rotate":[{"angle":-3.68},{"time":0.1333,"angle":-3.99},{"time":1.2,"angle":-2.9},{"time":2.3333,"angle":-3.68}]},"bone22":{"rotate":[{},{"time":1.1,"angle":1.42},{"time":2.3333}]},"bone23":{"rotate":[{"angle":0.2},{"time":0.0667,"angle":0.02},{"time":1.1667,"angle":1.44},{"time":2.3333,"angle":0.2}]},"bone24":{"rotate":[{"angle":0.4},{"time":0.1333,"angle":0.04},{"time":1.2333,"angle":1.46},{"time":2.3333,"angle":0.4}]},"bone25":{"rotate":[{},{"time":1.1,"angle":3.89},{"time":2.3333}]},"bone26":{"rotate":[{"angle":-1.91},{"time":0.0667,"angle":-2.43},{"time":1.1667,"angle":1.46},{"time":2.3333,"angle":-1.91}]},"bone27":{"rotate":[{"angle":-3.82},{"time":0.1333,"angle":-4.86},{"time":1.2333,"angle":-0.97},{"time":2.3333,"angle":-3.82}]},"bone28":{"rotate":[{"angle":-5.73},{"time":0.2,"angle":-7.29},{"time":1.3,"angle":-3.4},{"time":2.3333,"angle":-5.73}]},"bone30":{"rotate":[{},{"time":1.2,"angle":3.27},{"time":2.3333}]},"bone31":{"rotate":[{"angle":-0.82},{"time":0.0333,"angle":-1.02},{"time":1.2333,"angle":2.26},{"time":2.3333,"angle":-0.82}]},"bone32":{"rotate":[{"angle":-1.26},{"time":0.9,"angle":-2.03},{"time":1.3333,"angle":1.24},{"time":2.3333,"angle":-1.26}]},"bone58":{"rotate":[{"angle":-1.16},{"time":1.2,"angle":5.99},{"time":2.3333,"angle":-1.16}]},"bone59":{"rotate":[{"angle":-5.65}]},"bone55":{"translate":[{},{"time":1.1,"x":2.55},{"time":2.3333}]},"bone61":{"rotate":[{"angle":-3.68},{"time":0.3667,"angle":1.1},{"time":1,"angle":-3.68}],"translate":[{"x":1.86,"y":3.24},{"time":0.2667,"x":-0.86,"y":0.66},{"time":0.6333,"x":2.14,"y":2.48},{"time":1,"x":1.86,"y":3.24}]},"bone62":{"translate":[{},{"time":0.2333,"x":1.73,"y":0.94},{"time":0.5,"x":1.08,"y":0.83},{"time":1}]},"bone2":{"translate":[{},{"time":1.1333,"y":-0.82},{"time":2.3333}]},"bone75":{"rotate":[{},{"time":0.5,"angle":-22.47},{"time":1}],"translate":[{},{"time":0.5,"x":5.15,"y":13.57},{"time":1}]},"bone81":{"translate":[{},{"time":0.2667,"x":5.66,"y":2.85},{"time":0.5}]},"bone83":{"translate":[{},{"time":0.2667,"x":3.29,"y":-0.36},{"time":0.5}]},"bone82":{"translate":[{},{"time":0.2667,"x":4.43,"y":-3.33},{"time":0.5}]},"lingzi":{"translate":[{},{"time":0.3333,"x":2.29,"y":-2.72},{"time":0.6667}]},"lingzi6":{"rotate":[{},{"time":0.3333,"angle":-0.71},{"time":0.6667}]},"lingzi5":{"rotate":[{},{"time":0.3333,"angle":14.34},{"time":0.6667}]},"lingzi4":{"rotate":[{},{"time":0.3333,"angle":13.7},{"time":0.6,"angle":-4.32},{"time":0.8333,"angle":14.44},{"time":1}]},"lingzi3":{"rotate":[{},{"time":0.3333,"angle":-12.93},{"time":0.6,"angle":1.91},{"time":0.8,"angle":-18.19},{"time":1}]},"lingzi2":{"translate":[{},{"time":0.3333,"y":1.19},{"time":1}]}},"deform":{"default":{"eye2":{"eye2":[{"time":1.8667},{"time":1.9333,"vertices":[1.05093,-0.79127,1.46771,-0.82752,9.35022,-1.93288,14.97722,-2.0085,14.56616,-1.63123,8.717,-0.20431,8.40187,-1.57046,12.59377,-1.65505,10.24409,-1.31073,9.07835,-0.22954,3.19522,-0.27786,0,0,-4.58455,0.39865,-7.87042,1.24429,-10.98718,7.25429,-11.76633,6.3422,-20.3857,5.41203,-23.21861,0.19935,-17.49855,3.20131,-11.15028,3.7691,-10.79863,1.91573,-14.05702,6.08433,-16.21294,6.83172,-17.55739,4.32004,-15.903,3.0629,-9.93314,2.53107,-9.19931,-1.15972,-4.7356,0.27182,-1.1899,0.80334],"curve":"stepped"},{"time":2.0333,"vertices":[1.05093,-0.79127,1.46771,-0.82752,9.35022,-1.93288,14.97722,-2.0085,14.56616,-1.63123,8.717,-0.20431,8.40187,-1.57046,12.59377,-1.65505,10.24409,-1.31073,9.07835,-0.22954,3.19522,-0.27786,0,0,-4.58455,0.39865,-7.87042,1.24429,-10.98718,7.25429,-11.76633,6.3422,-20.3857,5.41203,-23.21861,0.19935,-17.49855,3.20131,-11.15028,3.7691,-10.79863,1.91573,-14.05702,6.08433,-16.21294,6.83172,-17.55739,4.32004,-15.903,3.0629,-9.93314,2.53107,-9.19931,-1.15972,-4.7356,0.27182,-1.1899,0.80334]},{"time":2.1333}]}}}}}}