{
  "__version__": "1.0.1",
  "information": {
    "customSplash": {
      "id": "customSplash",
      "label": "customSplash",
      "enable": true,
      "customSplash": {
        "complete": true,
        "form": "https://creator-api.cocos.com/api/form/show?sid=77395f1ff23fa45f71d74767b16b4fa2"
      }
    },
    "removeSplash": {
      "id": "removeSplash",
      "label": "removeSplash",
      "enable": true,
      "removeSplash": {
        "complete": true,
        "form": "https://creator-api.cocos.com/api/form/show?sid=77395f1ff23fa45f71d74767b16b4fa2"
      }
    }
  }
}
