{"skeleton":{"hash":"xqDmT37iOGU","spine":"3.8-from-4.0-from-4.1.17","x":-57.86,"y":-56.01,"width":121.86,"height":153.7,"images":"E:/游戏项目/健身房/spine/道具闪光","audio":""},"bones":[{"name":"root"},{"name":"bone","parent":"root","x":13.57,"y":58},{"name":"bone2","parent":"root","x":39.49,"y":5.42},{"name":"bone3","parent":"root","x":39.5,"y":81.69},{"name":"bone4","parent":"root","x":51,"y":47},{"name":"bone5","parent":"root","x":18.42,"y":-40.01},{"name":"bone6","parent":"root","x":-10.3,"y":15},{"name":"bone7","parent":"root","x":-29.15,"y":-18},{"name":"bone8","parent":"root","x":-42.93,"y":58.95},{"name":"bone9","parent":"root","x":38.58,"y":44.58},{"name":"bone10","parent":"root","x":-45.86,"y":9.23}],"slots":[{"name":"图层 1","bone":"root"},{"name":"xxd","bone":"bone","attachment":"xxd"},{"name":"xxd2","bone":"bone2","attachment":"xxd"},{"name":"xxd3","bone":"bone3","attachment":"xxd"},{"name":"xxd4","bone":"bone4","attachment":"xxd"},{"name":"xxd5","bone":"bone5","attachment":"xxd"},{"name":"xxd10","bone":"bone10","attachment":"xxd"},{"name":"xxd6","bone":"bone6","attachment":"xxd"},{"name":"xxd9","bone":"bone9","attachment":"xxd"},{"name":"xxd7","bone":"bone7","attachment":"xxd"},{"name":"xxd8","bone":"bone8","attachment":"xxd"}],"skins":[{"name":"default","attachments":{"xxd":{"xxd":{"x":0.5,"width":25,"height":32}},"xxd2":{"xxd":{"x":0.5,"width":25,"height":32}},"xxd3":{"xxd":{"x":0.5,"width":25,"height":32}},"xxd4":{"xxd":{"x":0.5,"width":25,"height":32}},"xxd5":{"xxd":{"x":0.5,"width":25,"height":32}},"xxd6":{"xxd":{"x":0.5,"width":25,"height":32}},"xxd7":{"xxd":{"x":0.5,"width":25,"height":32}},"xxd8":{"xxd":{"x":0.5,"width":25,"height":32}},"xxd9":{"xxd":{"x":0.5,"width":25,"height":32}},"xxd10":{"xxd":{"x":0.5,"width":25,"height":32}}}}],"animations":{"animation":{"bones":{"bone":{"scale":[{"x":0,"y":0},{"time":0.1667,"x":0.6,"y":0.6},{"time":0.3333,"x":0,"y":0}]},"bone2":{"scale":[{"x":0,"y":0,"curve":"stepped"},{"time":0.1667,"x":0,"y":0},{"time":0.3333,"x":0.6,"y":0.6},{"time":0.5333,"x":0,"y":0}]},"bone3":{"scale":[{"x":0,"y":0,"curve":"stepped"},{"time":0.2,"x":0,"y":0},{"time":0.3667,"x":0.6,"y":0.6},{"time":0.5667,"x":0,"y":0}]},"bone4":{"scale":[{"x":0,"y":0,"curve":"stepped"},{"time":0.2667,"x":0,"y":0},{"time":0.4333,"x":0.6,"y":0.6},{"time":0.6333,"x":0,"y":0}]},"bone5":{"scale":[{"x":0,"y":0,"curve":"stepped"},{"time":0.3333,"x":0,"y":0},{"time":0.5,"x":0.6,"y":0.6},{"time":0.7,"x":0,"y":0}]},"bone6":{"scale":[{"x":0,"y":0,"curve":"stepped"},{"time":0.4333,"x":0,"y":0},{"time":0.6,"x":0.6,"y":0.6},{"time":0.8,"x":0,"y":0}]},"bone7":{"scale":[{"x":0,"y":0,"curve":"stepped"},{"time":0.4667,"x":0,"y":0},{"time":0.6333,"x":0.6,"y":0.6},{"time":0.8333,"x":0,"y":0}]},"bone8":{"scale":[{"x":0,"y":0,"curve":"stepped"},{"time":0.4667,"x":0,"y":0},{"time":0.6333,"x":0.6,"y":0.6},{"time":0.8333,"x":0,"y":0}]},"bone9":{"scale":[{"x":0,"y":0,"curve":"stepped"},{"time":0.4333,"x":0,"y":0},{"time":0.6,"x":0.6,"y":0.6},{"time":0.8,"x":0,"y":0}]},"bone10":{"scale":[{"x":0,"y":0,"curve":"stepped"},{"time":0.3,"x":0,"y":0},{"time":0.4667,"x":0.6,"y":0.6},{"time":0.6667,"x":0,"y":0}]}}}}}