{"skeleton":{"hash":"ppOLqK3mcv0","spine":"3.8-from-4.0-from-4.1.17","x":-159.5,"y":-150.5,"width":319,"height":301,"images":"","audio":""},"bones":[{"name":"root"},{"name":"bone","parent":"root"},{"name":"bone2","parent":"root"},{"name":"bone3","parent":"root","x":28.86},{"name":"bone4","parent":"root"},{"name":"bone5","parent":"root","x":28.86,"scaleX":0.6,"scaleY":0.6},{"name":"bone6","parent":"root","x":3.44},{"name":"bone7","parent":"root","x":3.44},{"name":"bone8","parent":"root","x":-19.17},{"name":"bone9","parent":"root","x":-19.17,"y":16.96},{"name":"bone10","parent":"root","x":-19.17,"y":18.22},{"name":"bone11","parent":"root"},{"name":"bone12","parent":"bone"},{"name":"bone13","parent":"bone"}],"slots":[{"name":"q77","bone":"bone12","attachment":"q77"},{"name":"q78","bone":"bone13","attachment":"q77"},{"name":"q66","bone":"bone11","color":"ffffff8b","attachment":"q66"},{"name":"ty2","bone":"bone2","attachment":"ty2"},{"name":"ty1","bone":"bone","attachment":"ty1"},{"name":"形状7(5)","bone":"bone3","attachment":"形状7(5)"},{"name":"形状7(5)3","bone":"bone6","attachment":"形状7(5)"},{"name":"形状7(5)4","bone":"bone7","attachment":"形状7(5)"},{"name":"形状7(5)5","bone":"bone8","attachment":"形状7(5)"},{"name":"形状7(5)6","bone":"bone9","attachment":"形状7(5)"},{"name":"形状7(5)7","bone":"bone10","attachment":"形状7(5)"},{"name":"形状7(5)2","bone":"bone5","attachment":"形状7(5)"},{"name":"组 43","bone":"bone4"}],"skins":[{"name":"default","attachments":{"q66":{"q66":{"width":165,"height":165}},"q77":{"q77":{"width":319,"height":301}},"q78":{"q77":{"width":319,"height":301}},"ty1":{"ty1":{"width":101,"height":101}},"ty2":{"ty2":{"width":126,"height":126}},"形状7(5)":{"形状7(5)":{"x":0.5,"y":0.5,"width":19,"height":25}},"形状7(5)2":{"形状7(5)":{"x":0.5,"y":0.5,"width":19,"height":25}},"形状7(5)3":{"形状7(5)":{"x":0.5,"y":0.5,"width":19,"height":25}},"形状7(5)4":{"形状7(5)":{"x":0.5,"y":0.5,"width":19,"height":25}},"形状7(5)5":{"形状7(5)":{"x":0.5,"y":0.5,"width":19,"height":25}},"形状7(5)6":{"形状7(5)":{"x":0.5,"y":0.5,"width":19,"height":25}},"形状7(5)7":{"形状7(5)":{"x":0.5,"y":0.5,"width":19,"height":25}}}}],"animations":{"animation":{"slots":{"q66":{"color":[{"color":"ffffffff"},{"time":1.2333,"color":"ffffff00"},{"time":2,"color":"ffffffff"}]},"q77":{"color":[{"color":"ffffff00"},{"time":0.1,"color":"ffffffff"},{"time":1.6667,"color":"ffffff00"}]},"q78":{"color":[{"color":"ffffff00"},{"time":0.3,"color":"ffffffff"},{"time":1.6667,"color":"ffffff00"}]},"ty1":{"color":[{"color":"ffffff00"},{"time":0.1667,"color":"ffffffff","curve":"stepped"},{"time":0.9667,"color":"ffffffff"},{"time":2,"color":"ffffff00"}]},"ty2":{"color":[{"color":"ffffffff"},{"time":0.3667,"color":"ffffffcf"},{"time":1.4333,"color":"ffffff45"},{"time":1.9333,"color":"ffffff00"}]},"形状7(5)":{"color":[{"color":"ffffff00"},{"time":0.0333,"color":"ffffffff"},{"time":0.3333,"color":"ffffffe3"},{"time":0.4,"color":"ffffff00"}]},"形状7(5)2":{"color":[{"color":"ffffff00"},{"time":0.0333,"color":"fffffffe"},{"time":0.8333,"color":"ffffffe3"},{"time":0.9,"color":"ffffff00"}]},"形状7(5)3":{"color":[{"color":"ffffff00","curve":"stepped"},{"time":0.4,"color":"ffffff00"},{"time":0.4333,"color":"ffffffff"},{"time":1.1667,"color":"ffffffe3"},{"time":1.3,"color":"ffffff00"}]},"形状7(5)4":{"color":[{"color":"ffffff00","curve":"stepped"},{"time":0.2,"color":"ffffff00"},{"time":0.2333,"color":"ffffffff"},{"time":1.1667,"color":"fffffff2"},{"time":1.2333,"color":"ffffff00"}]},"形状7(5)5":{"color":[{"color":"ffffff00","curve":"stepped"},{"time":0.6667,"color":"ffffff00"},{"time":0.7,"color":"ffffffff"},{"time":1.5,"color":"fffffff2"},{"time":1.5667,"color":"ffffff00"}]},"形状7(5)6":{"color":[{"color":"ffffff00","curve":"stepped"},{"time":1.1333,"color":"ffffff00"},{"time":1.1667,"color":"ffffffff"},{"time":1.9333,"color":"fffffff2"},{"time":2,"color":"ffffff00"}]},"形状7(5)7":{"color":[{"color":"ffffff00","curve":"stepped"},{"time":0.1667,"color":"ffffff00"},{"time":0.2,"color":"ffffffff"},{"time":0.6,"color":"fffffff2"},{"time":0.6667,"color":"ffffff00"}]}},"bones":{"bone2":{"scale":[{"x":0.8,"y":0.8},{"time":1.9333,"x":1.2,"y":1.2},{"time":2}]},"bone":{"scale":[{"x":1.1,"y":1.1},{"time":0.9667},{"time":2,"x":1.1,"y":1.1}]},"bone3":{"translate":[{},{"time":0.4,"x":50.74}],"scale":[{},{"time":0.2,"x":0.6,"y":0.6},{"time":0.4,"x":0.8,"y":0.8}]},"bone5":{"rotate":[{},{"time":0.9,"angle":120}],"translate":[{"x":-24.12,"y":28.03},{"time":0.9,"x":2.38,"y":71.7}],"scale":[{},{"time":0.6,"x":0.6,"y":0.6},{"time":0.9}]},"bone6":{"translate":[{"time":0.4333},{"time":1.3,"x":45.4,"y":-68.44}],"scale":[{"time":0.4333},{"time":0.6333,"x":0.6,"y":0.6}]},"bone7":{"translate":[{"time":0.2333},{"time":1.2333,"x":-62.97,"y":-54.54}],"scale":[{"time":0.2333},{"time":0.6333,"x":0.6,"y":0.6}]},"bone8":{"translate":[{"time":0.7},{"time":1.5667,"x":-45.38,"y":-10.57}],"scale":[{"time":0.7},{"time":0.9,"x":0.6,"y":0.6}]},"bone9":{"translate":[{"time":1.1667},{"time":2,"x":-20.25,"y":27.12}],"scale":[{"time":1.1667},{"time":1.3667,"x":0.6,"y":0.6}]},"bone10":{"translate":[{"time":0.2},{"time":0.6667,"x":7.39,"y":43.45}],"scale":[{"time":0.2},{"time":0.4,"x":0.6,"y":0.6}]},"bone11":{"scale":[{"x":0.8,"y":0.8},{"time":1.2333},{"time":2,"x":0.8,"y":0.8}]},"bone12":{"rotate":[{},{"time":2,"angle":60}],"scale":[{"x":0.6,"y":0.6}]},"bone13":{"rotate":[{},{"time":2,"angle":-30}],"scale":[{"x":0.6,"y":0.6}]}}}}}