{"skeleton":{"hash":"tQ4ErNjL1YY","spine":"3.8-from-4.0-from-4.1.17","x":-281.95,"y":-16.02,"width":505.76,"height":590.22,"images":"","audio":""},"bones":[{"name":"root"},{"name":"bone","parent":"root","x":137.37,"y":292.36},{"name":"bone2","parent":"root","x":-269.06,"y":540.03},{"name":"bone3","parent":"root","x":-215.08,"y":509.47,"scaleX":0.6,"scaleY":0.6},{"name":"bone4","parent":"root","x":-359.71,"y":522.71},{"name":"bone5","parent":"bone2","x":-4.18,"y":1.1,"scaleX":1.3,"scaleY":1.3},{"name":"bone6","parent":"root","x":-215.08,"y":509.47,"scaleX":0.6,"scaleY":0.6},{"name":"bone7","parent":"root","x":-215.08,"y":509.47,"scaleX":0.6,"scaleY":0.6},{"name":"bone8","parent":"root","x":-215.08,"y":509.47,"scaleX":0.6,"scaleY":0.6},{"name":"bone9","parent":"root","x":-215.08,"y":509.47,"scaleX":0.6,"scaleY":0.6},{"name":"bone10","parent":"root","x":-215.08,"y":509.47,"scaleX":0.6,"scaleY":0.6},{"name":"bone11","parent":"root","x":-215.08,"y":509.47,"scaleX":0.6,"scaleY":0.6},{"name":"bone12","parent":"root","x":-215.08,"y":509.47,"scaleX":0.6,"scaleY":0.6},{"name":"bone13","parent":"root","x":-215.08,"y":509.47,"scaleX":0.6,"scaleY":0.6},{"name":"bone14","parent":"root","x":-215.08,"y":509.47,"scaleX":0.6,"scaleY":0.6},{"name":"bone15","parent":"root","x":-215.08,"y":509.47,"scaleX":0.6,"scaleY":0.6},{"name":"bone16","parent":"root","x":-215.08,"y":509.47,"scaleX":0.6,"scaleY":0.6},{"name":"bone17","parent":"root","x":-210.1,"y":551.37},{"name":"bone18","parent":"root","x":207.55,"y":-22.5},{"name":"bone19","parent":"root","x":196.71,"y":-55.04},{"name":"bone20","parent":"root","x":224.66,"y":-53.38},{"name":"bone21","parent":"root","x":224.66,"y":-53.38},{"name":"bone22","parent":"root","x":224.66,"y":-53.38},{"name":"bone23","parent":"root","x":224.66,"y":-53.38},{"name":"bone24","parent":"root","x":224.66,"y":-53.38},{"name":"bone25","parent":"root","x":224.66,"y":-53.38},{"name":"bone26","parent":"root","x":224.66,"y":-53.38},{"name":"bone27","parent":"root","x":224.66,"y":-53.38}],"slots":[{"name":"合成界面","bone":"root"},{"name":"root","bone":"bone4"},{"name":"xx2","bone":"bone17","attachment":"xx2"},{"name":"dcssdc","bone":"bone","attachment":"dcssdc","blend":"additive"},{"name":"ui_xxb","bone":"root"},{"name":"ui_x f","bone":"bone3","attachment":"ui_x f","blend":"additive"},{"name":"ui_x f2","bone":"bone6","attachment":"ui_x f","blend":"additive"},{"name":"ui_x f12","bone":"bone16","attachment":"ui_x f","blend":"additive"},{"name":"ui_x f10","bone":"bone14","attachment":"ui_x f","blend":"additive"},{"name":"ui_x f3","bone":"bone7","attachment":"ui_x f","blend":"additive"},{"name":"ui_x f4","bone":"bone8","attachment":"ui_x f","blend":"additive"},{"name":"ui_x f5","bone":"bone9","attachment":"ui_x f","blend":"additive"},{"name":"ui_x f6","bone":"bone10","attachment":"ui_x f","blend":"additive"},{"name":"ui_x f11","bone":"bone15","attachment":"ui_x f","blend":"additive"},{"name":"ui_x f7","bone":"bone11","attachment":"ui_x f","blend":"additive"},{"name":"ui_x f9","bone":"bone13","attachment":"ui_x f","blend":"additive"},{"name":"ui_x f8","bone":"bone12","attachment":"ui_x f","blend":"additive"},{"name":"fa","bone":"bone5","color":"ff6de0ff","attachment":"fa","blend":"additive"},{"name":"ui_x","bone":"bone2","attachment":"ui_x"},{"name":"da","bone":"bone18","attachment":"da"},{"name":"xx3","bone":"bone19"},{"name":"xx4","bone":"bone20"},{"name":"xx5","bone":"bone21"},{"name":"xx6","bone":"bone22"},{"name":"xx7","bone":"bone23"},{"name":"xx8","bone":"bone24"},{"name":"xx9","bone":"bone25"},{"name":"xx10","bone":"bone26"},{"name":"xx11","bone":"bone27"}],"path":[{"name":"da","bones":["bone2"],"target":"da"}],"skins":[{"name":"default","attachments":{"da":{"da":{"type":"path","lengths":[429.96,800.44,1588.12],"vertexCount":9,"vertices":[-660.8,585.35,-447.03,562.97,-236.35,540.91,-158.01,470.38,-88.45,359.38,-24.98,258.1,-15.87,140.24,-6.06,1.96,9.13,-212.44]}},"dcssdc":{"dcssdc":{"x":-151.06,"y":-28.88,"width":475,"height":559}},"fa":{"fa":{"x":-1.69,"y":-3.4,"width":50,"height":51}},"root":{"root":{"type":"clipping","end":"dcssdc","vertexCount":4,"vertices":[-347.32,388.06,-358.52,-301.48,196.58,-314.72,177.22,310.65],"color":"ce3a3aff"}},"ui_x":{"ui_x":{"x":-2.18,"y":-0.74,"width":47,"height":48}},"ui_x f":{"ui_x f":{"x":-2.04,"y":-1.02,"width":47,"height":48}},"ui_x f2":{"ui_x f":{"x":-2.04,"y":-1.02,"width":47,"height":48}},"ui_x f3":{"ui_x f":{"x":-2.04,"y":-1.02,"width":47,"height":48}},"ui_x f4":{"ui_x f":{"x":-2.04,"y":-1.02,"width":47,"height":48}},"ui_x f5":{"ui_x f":{"x":-2.04,"y":-1.02,"width":47,"height":48}},"ui_x f6":{"ui_x f":{"x":-2.04,"y":-1.02,"width":47,"height":48}},"ui_x f7":{"ui_x f":{"x":-2.04,"y":-1.02,"width":47,"height":48}},"ui_x f8":{"ui_x f":{"x":-2.04,"y":-1.02,"width":47,"height":48}},"ui_x f9":{"ui_x f":{"x":-2.04,"y":-1.02,"width":47,"height":48}},"ui_x f10":{"ui_x f":{"path":"xx2","x":-2.04,"y":-1.02,"width":37,"height":40}},"ui_x f11":{"ui_x f":{"path":"xx2","x":-2.04,"y":-1.02,"width":37,"height":40}},"ui_x f12":{"ui_x f":{"path":"xx2","x":-2.04,"y":-1.02,"width":37,"height":40}},"xx2":{"xx2":{"x":-0.31,"y":0.09,"width":37,"height":40}},"xx3":{"6666":{"x":1.21,"y":1.21,"width":55,"height":56}},"xx4":{"xx2":{"x":0.5,"width":37,"height":40}},"xx5":{"xx2":{"x":0.5,"width":37,"height":40}},"xx6":{"xx2":{"x":0.5,"width":37,"height":40}},"xx7":{"xx2":{"x":0.5,"width":37,"height":40}},"xx8":{"xx2":{"x":0.5,"width":37,"height":40}},"xx9":{"xx2":{"path":"ui_x f","x":0.5,"width":47,"height":48}},"xx10":{"xx2":{"path":"ui_x f","x":0.5,"width":47,"height":48}},"xx11":{"xx2":{"path":"ui_x f","x":0.5,"width":47,"height":48}}}}],"animations":{"animation":{"slots":{"dcssdc":{"color":[{"color":"ffffffff"},{"time":0.5667,"color":"ffffffbc"},{"time":0.6667,"color":"ffffff00"}]},"fa":{"attachment":[{"name":null},{"time":0.0333,"name":"fa"},{"time":0.7,"name":null}]},"root":{"attachment":[{"name":"root"}]},"ui_x":{"color":[{"color":"ffffff00"},{"time":0.0333,"color":"ffffffff"}],"attachment":[{"name":null},{"time":0.0333,"name":"ui_x"},{"time":0.7,"name":null}]},"ui_x f":{"attachment":[{"name":null},{"time":0.1,"name":"ui_x f"}]},"ui_x f2":{"attachment":[{"name":null},{"time":0.1333,"name":"ui_x f"}]},"ui_x f3":{"attachment":[{"name":null},{"time":0.0333,"name":"ui_x f"}]},"ui_x f4":{"attachment":[{"name":null},{"time":0.1667,"name":"ui_x f"}]},"ui_x f5":{"attachment":[{"name":null},{"time":0.2667,"name":"ui_x f"}]},"ui_x f6":{"attachment":[{"name":null},{"time":0.3667,"name":"ui_x f"}]},"ui_x f7":{"attachment":[{"name":null},{"time":0.5333,"name":"ui_x f"}]},"ui_x f8":{"attachment":[{"name":null},{"time":0.5333,"name":"ui_x f"}]},"ui_x f9":{"attachment":[{"name":null},{"time":0.4333,"name":"ui_x f"}]},"ui_x f10":{"attachment":[{"name":null},{"time":0.2667,"name":"ui_x f"}]},"ui_x f11":{"attachment":[{"name":null},{"time":0.4,"name":"ui_x f"}]},"ui_x f12":{"attachment":[{"name":null},{"time":0.2,"name":"ui_x f"}]},"xx2":{"attachment":[{"name":null},{"time":0.2,"name":"xx2"}]},"xx3":{"color":[{"time":0.6,"color":"ffffffff"},{"time":0.8,"color":"ffffffd7"},{"time":1.0667,"color":"ffffff00"}],"attachment":[{"time":0.6,"name":"6666"}]},"xx4":{"color":[{"time":0.7,"color":"ffffffff"},{"time":0.9333,"color":"ffffffd2"},{"time":1.0667,"color":"ffffff00"}],"attachment":[{"time":0.7,"name":"xx2"}]},"xx5":{"color":[{"time":0.7,"color":"ffffffff"},{"time":0.9333,"color":"ffffffd2"},{"time":1.0667,"color":"ffffff00"}],"attachment":[{"time":0.7,"name":"xx2"}]},"xx6":{"color":[{"time":0.7,"color":"ffffffff"},{"time":0.9333,"color":"ffffffd2"},{"time":1.0667,"color":"ffffff00"}],"attachment":[{"time":0.7,"name":"xx2"}]},"xx7":{"color":[{"time":0.7,"color":"ffffffff"},{"time":0.9333,"color":"ffffffd2"},{"time":1.0667,"color":"ffffff00"}],"attachment":[{"time":0.7,"name":"xx2"}]},"xx8":{"color":[{"time":0.7,"color":"ffffffff"},{"time":0.9333,"color":"ffffffd2"},{"time":1.0667,"color":"ffffff00"}],"attachment":[{"time":0.7,"name":"xx2"}]},"xx9":{"color":[{"time":0.7,"color":"ffffffff"},{"time":0.9333,"color":"ffffffd2"},{"time":1.0667,"color":"ffffff00"}],"attachment":[{"time":0.7,"name":"xx2"}]},"xx10":{"color":[{"time":0.6333,"color":"ffffffff"},{"time":0.8667,"color":"ffffffd2"},{"time":1,"color":"ffffff00"}],"attachment":[{"time":0.6333,"name":"xx2"}]},"xx11":{"color":[{"time":0.8,"color":"ffffffff"},{"time":1.0333,"color":"ffffffd2"},{"time":1.1667,"color":"ffffff00"}],"attachment":[{"time":0.8,"name":"xx2"}]}},"bones":{"bone2":{"translate":[{"x":29.58,"y":0.45}],"scale":[{"x":1.3,"y":1.3},{"time":0.3333,"x":1.5,"y":1.5},{"time":0.6667,"x":0.6,"y":0.6}]},"bone4":{"rotate":[{},{"time":0.3,"angle":-49.09},{"time":0.3667,"angle":-48.22},{"time":0.4,"angle":23.73},{"time":0.4333,"angle":26.03},{"time":0.6333,"angle":-11.16}],"translate":[{"x":-63.06},{"time":0.3,"x":266.5,"y":-38.29},{"time":0.3667,"x":349.72,"y":-63.98},{"time":0.4,"x":344.04,"y":40.28},{"time":0.4333,"x":338.36,"y":-4.09},{"time":0.6,"x":428.17,"y":-134.05},{"time":0.6333,"x":446.14,"y":-161.61},{"time":0.6667,"x":446.14,"y":-195.39}]},"bone3":{"rotate":[{"time":0.1},{"time":0.3667,"angle":90}],"translate":[{"time":0.1,"x":85,"y":7.29},{"time":0.3667,"x":23.68,"y":9.71}],"scale":[{"time":0.1},{"time":0.3667,"x":0,"y":0}]},"bone6":{"rotate":[{"time":0.1333},{"time":0.4,"angle":90}],"translate":[{"time":0.1333,"x":126.13,"y":6.62},{"time":0.4,"x":76.09,"y":29.62}],"scale":[{"time":0.1333,"x":1.667,"y":1.667},{"time":0.4,"x":0,"y":0}]},"bone7":{"rotate":[{"time":0.0333},{"time":0.3,"angle":90}],"translate":[{"time":0.0333,"x":21.98,"y":27.19},{"time":0.3,"x":4.44,"y":39.57}],"scale":[{"time":0.0333},{"time":0.3,"x":0,"y":0}]},"bone8":{"rotate":[{"time":0.1667},{"time":0.4333,"angle":90}],"translate":[{"time":0.1667,"x":157.32,"y":-19.91},{"time":0.4333,"x":120.54,"y":-16.16}],"scale":[{"time":0.1667,"x":1.667,"y":1.667},{"time":0.4333,"x":0,"y":0}]},"bone9":{"rotate":[{"time":0.2667},{"time":0.5333,"angle":90}],"translate":[{"time":0.2667,"x":264.82,"y":-74.71},{"time":0.5333,"x":250.24,"y":-34.19}],"scale":[{"time":0.2667},{"time":0.5333,"x":0,"y":0}]},"bone10":{"rotate":[{"time":0.3667},{"time":0.6333,"angle":90}],"translate":[{"time":0.3667,"x":317.07,"y":-182.54},{"time":0.6333,"x":252.29,"y":-127.91}],"scale":[{"time":0.3667,"x":1.667,"y":1.667},{"time":0.6333,"x":0,"y":0}]},"bone11":{"rotate":[{"time":0.5333},{"time":0.8,"angle":90}],"translate":[{"time":0.5333,"x":406.82,"y":-366.48},{"time":0.8,"x":399.8,"y":-258.53}],"scale":[{"time":0.5333,"x":1.667,"y":1.667},{"time":0.8,"x":0,"y":0}]},"bone12":{"rotate":[{"time":0.5333},{"time":0.8,"angle":90}],"translate":[{"time":0.5333,"x":420.7,"y":-517.85},{"time":0.8,"x":363.22,"y":-412.42}],"scale":[{"time":0.5333,"x":1.667,"y":1.667},{"time":0.8,"x":0,"y":0}]},"bone13":{"rotate":[{"time":0.4333},{"time":0.7,"angle":90}],"translate":[{"time":0.4333,"x":368.98,"y":-241.6},{"time":0.7,"x":291.32,"y":-221.95}],"scale":[{"time":0.4333,"x":1.667,"y":1.667},{"time":0.7,"x":0,"y":0}]},"bone14":{"rotate":[{"time":0.2667},{"time":0.5333,"angle":90}],"translate":[{"time":0.2667,"x":264.78,"y":-80.03},{"time":0.5333,"x":141.65,"y":-5.8}],"scale":[{"time":0.2667,"x":1.667,"y":1.667},{"time":0.5333,"x":0,"y":0}]},"bone15":{"rotate":[{"time":0.4},{"time":0.6667,"angle":90}],"translate":[{"time":0.4,"x":351.73,"y":-200.62},{"time":0.6667,"x":317.09,"y":-148.26}],"scale":[{"time":0.4,"x":1.667,"y":1.667},{"time":0.6667,"x":0,"y":0}]},"bone16":{"rotate":[{"time":0.2},{"time":0.4667,"angle":90}],"translate":[{"time":0.2,"x":202.24,"y":-31.81},{"time":0.4667,"x":151.44,"y":9.27}],"scale":[{"time":0.2,"x":1.667,"y":1.667},{"time":0.4667,"x":0,"y":0}]},"bone17":{"rotate":[{"time":0.2,"angle":-60},{"time":0.6333}],"translate":[{"time":0.2,"x":198.96,"y":-81.02},{"time":0.6333,"x":141.01,"y":-44.33}],"scale":[{"time":0.2},{"time":0.6333,"x":0,"y":0}]},"bone19":{"translate":[{"time":0.6,"y":33.75}],"scale":[{"time":0.6,"x":0,"y":0},{"time":1.0667,"x":3,"y":3}]},"bone20":{"rotate":[{"time":0.7},{"time":1.0667,"angle":60}],"translate":[{"time":0.7,"x":-14.45,"y":38.2},{"time":1.0667,"x":70.2,"y":38.2}],"scale":[{"time":0.7,"x":0,"y":0},{"time":0.8333},{"time":1.0667,"x":0.6,"y":0.6}]},"bone21":{"rotate":[{"time":0.7},{"time":1.0667,"angle":60}],"translate":[{"time":0.7,"x":-27.88,"y":32.01},{"time":1.0667,"x":-1.03,"y":-70.83}],"scale":[{"time":0.7,"x":0,"y":0},{"time":0.8333},{"time":1.0667,"x":0.6,"y":0.6}]},"bone22":{"rotate":[{"time":0.7},{"time":1.0667,"angle":60}],"translate":[{"time":0.7,"x":-27.88,"y":32.01},{"time":1.0667,"x":-97.6,"y":-27.66}],"scale":[{"time":0.7,"x":0,"y":0},{"time":0.8333},{"time":1.0667,"x":0.6,"y":0.6}]},"bone23":{"rotate":[{"time":0.7},{"time":1.0667,"angle":60}],"translate":[{"time":0.7,"x":-27.88,"y":32.01},{"time":1.0667,"x":-97.6,"y":62.08}],"scale":[{"time":0.7,"x":0,"y":0},{"time":0.8333},{"time":1.0667,"x":0.6,"y":0.6}]},"bone24":{"rotate":[{"time":0.7},{"time":1.0667,"angle":60}],"translate":[{"time":0.7,"x":-27.88,"y":32.01},{"time":1.0667,"x":-27.16,"y":138.2}],"scale":[{"time":0.7,"x":0,"y":0},{"time":0.8333},{"time":1.0667,"x":0.6,"y":0.6}]},"bone25":{"rotate":[{"time":0.7},{"time":1.0667,"angle":60}],"translate":[{"time":0.7,"x":-27.88,"y":32.01},{"time":1.0667,"x":-27.16,"y":138.2}],"scale":[{"time":0.7,"x":0,"y":0},{"time":0.8333},{"time":1.0667,"x":0.6,"y":0.6}]},"bone26":{"rotate":[{"time":0.6333},{"time":1,"angle":160}],"translate":[{"time":0.6333,"x":-27.88,"y":32.01},{"time":1,"x":-114.48,"y":45.94}],"scale":[{"time":0.6333,"x":0,"y":0},{"time":0.7667},{"time":1,"x":0.4,"y":0.4}]},"bone27":{"rotate":[{"time":0.8},{"time":1.1667,"angle":80}],"translate":[{"time":0.8,"x":-27.88,"y":32.01},{"time":1.1667,"x":0.02,"y":-48.79}],"scale":[{"time":0.8,"x":0,"y":0},{"time":0.9333},{"time":1.1667,"x":0.6,"y":0.6}]}},"path":{"da":{"position":[{},{"time":0.6667,"position":1}]}}}}}