{"skeleton":{"hash":"x+meLp0RdE0","spine":"3.8-from-4.0-from-4.1.17","x":-120,"y":-117.6,"width":240,"height":235.2,"images":"","audio":""},"bones":[{"name":"root"},{"name":"bone","parent":"root"},{"name":"bone2","parent":"root"},{"name":"bone3","parent":"root","x":45.62,"y":0.83},{"name":"bone4","parent":"root","x":38.17,"y":-48.34},{"name":"bone5","parent":"root","x":45.62,"y":0.83},{"name":"bone6","parent":"root","x":6.66,"y":0.83},{"name":"bone7","parent":"root","x":6.66,"y":0.83},{"name":"bone8","parent":"root","x":6.66,"y":0.83},{"name":"bone9","parent":"root","x":6.66,"y":0.83},{"name":"bone10","parent":"root","x":6.66,"y":0.83}],"slots":[{"name":"组 230","bone":"root"},{"name":"图层 4276","bone":"bone3","attachment":"图层 4276"},{"name":"图层 4277","bone":"bone5","attachment":"图层 4276"},{"name":"图层 4278","bone":"bone6","attachment":"图层 4276"},{"name":"图层 4279","bone":"bone7","attachment":"图层 4276"},{"name":"图层 4280","bone":"bone8","attachment":"图层 4276"},{"name":"图层 4281","bone":"bone9","attachment":"图层 4276"},{"name":"图层 4282","bone":"bone10","attachment":"图层 4276"},{"name":"gx","bone":"bone","color":"ffffffa4","attachment":"gx2","blend":"additive"},{"name":"图层 4267","bone":"bone2","attachment":"图层 4267"},{"name":"jt","bone":"bone4","attachment":"jt"}],"skins":[{"name":"default","attachments":{"gx":{"gx2":{"scaleX":0.4,"scaleY":0.4,"width":600,"height":588}},"jt":{"jt":{"x":17.03,"y":4.35,"width":50,"height":47}},"图层 4267":{"图层 4267":{"width":202,"height":201}},"图层 4276":{"图层 4276":{"y":-1,"width":9,"height":7}},"图层 4277":{"图层 4276":{"y":-1,"width":9,"height":7}},"图层 4278":{"图层 4276":{"y":-1,"width":9,"height":7}},"图层 4279":{"图层 4276":{"y":-1,"width":9,"height":7}},"图层 4280":{"图层 4276":{"y":-1,"width":9,"height":7}},"图层 4281":{"图层 4276":{"y":-1,"width":9,"height":7}},"图层 4282":{"图层 4276":{"y":-1,"width":9,"height":7}}}}],"animations":{"animation":{"slots":{"gx":{"color":[{"color":"ffffff00"},{"time":0.2,"color":"ffffff86"},{"time":0.6,"color":"ffffffc1"},{"time":1,"color":"ffffff00","curve":"stepped"},{"time":1.0667,"color":"ffffff00"},{"time":1.2667,"color":"ffffff5a"},{"time":1.6667,"color":"ffffff52"},{"time":2.0667,"color":"ffffff00"}]},"图层 4267":{"color":[{"color":"ffffff00"},{"time":0.5333,"color":"ffffffff"},{"time":1,"color":"ffffff00","curve":"stepped"},{"time":1.0667,"color":"ffffff00"},{"time":1.6,"color":"ffffffff"},{"time":2.0667,"color":"ffffff00"}]},"图层 4276":{"color":[{"color":"ffffff00"},{"time":0.0667,"color":"fffffffd"},{"time":0.7333,"color":"ffffffea"},{"time":0.8667,"color":"ffffff00"}]},"图层 4277":{"color":[{"color":"ffffff00","curve":"stepped"},{"time":0.1667,"color":"ffffff00"},{"time":0.2667,"color":"fffffffc"},{"time":0.9,"color":"ffffffea"},{"time":1.0333,"color":"ffffff00"}]},"图层 4278":{"color":[{"color":"ffffff00","curve":"stepped"},{"time":0.1667,"color":"ffffff00"},{"time":0.2667,"color":"fffffffc"},{"time":0.9,"color":"ffffffea"},{"time":1.0333,"color":"ffffff00"}]},"图层 4279":{"color":[{"color":"ffffff00","curve":"stepped"},{"time":0.4,"color":"ffffff00"},{"time":0.6667,"color":"fffffffc"},{"time":1.1333,"color":"ffffffea"},{"time":1.2667,"color":"ffffff00"}]},"图层 4280":{"color":[{"color":"ffffff00","curve":"stepped"},{"time":0.7333,"color":"ffffff00"},{"time":1.1,"color":"fffffffc"},{"time":1.4667,"color":"ffffffea"},{"time":1.6,"color":"ffffff00"}]},"图层 4281":{"color":[{"color":"ffffff00","curve":"stepped"},{"time":1.0333,"color":"ffffff00"},{"time":1.4,"color":"fffffffc"},{"time":1.7667,"color":"ffffffea"},{"time":1.9,"color":"ffffff00"}]},"图层 4282":{"color":[{"color":"ffffff00","curve":"stepped"},{"time":1.2,"color":"ffffff00"},{"time":1.5667,"color":"fffffffc"},{"time":1.9333,"color":"ffffffea"},{"time":2.0667,"color":"ffffff00"}]}},"bones":{"bone":{"rotate":[{},{"time":1,"angle":-60},{"time":1.0667},{"time":2.0667,"angle":-60}]},"bone2":{"scale":[{},{"time":0.5333,"x":1.2,"y":1.2},{"time":1,"curve":"stepped"},{"time":1.0667},{"time":1.6,"x":1.2,"y":1.2},{"time":2.0667}]},"bone4":{"rotate":[{"time":0.8667},{"time":1.5333,"angle":-20},{"time":2.0667}],"scale":[{"time":0.8667},{"time":1.5333,"x":1.2,"y":1.2},{"time":2.0667}]},"bone3":{"translate":[{"x":-45.62,"y":-0.83},{"time":0.8667,"x":61.23,"y":-49.4}]},"bone5":{"translate":[{},{"time":0.1667,"x":-30.61},{"time":1.0333,"x":39.66,"y":72.36}]},"bone6":{"translate":[{},{"time":0.1667,"x":-30.61},{"time":1.0333,"x":-2.78,"y":96.01}]},"bone7":{"translate":[{},{"time":0.4,"x":-6.66,"y":-0.83},{"time":1.2667,"x":-85.58,"y":82.1}]},"bone8":{"translate":[{},{"time":0.7333,"x":-30.61},{"time":1.6,"x":-113.41,"y":-8.35}]},"bone9":{"translate":[{},{"time":1.0333,"x":-6.66,"y":-0.83},{"time":1.9,"x":-48.7,"y":-85.84}]},"bone10":{"translate":[{},{"time":1.2,"x":-1.27},{"time":2.0667,"x":9.23,"y":-85.84}]}}}}}