{"skeleton":{"hash":"KE0x0dq82gM","spine":"3.8-from-4.0-from-4.1.17","x":-61.39,"y":-62,"width":119.9,"height":121,"images":"./images/","audio":"E:/游戏项目/健身房/spine/气泡"},"bones":[{"name":"root"},{"name":"bone","parent":"root","x":-12.46,"y":-6.23,"scaleX":1.1,"scaleY":1.1},{"name":"bone2","parent":"bone","x":-12.52,"y":-16},{"name":"bone3","parent":"bone","x":-21.61,"y":5.54},{"name":"bone4","parent":"bone","x":21.31,"y":-25.57},{"name":"bone5","parent":"bone","x":43.84,"y":1.79},{"name":"bone6","parent":"bone","x":27.21,"y":33.71},{"name":"bone7","parent":"bone","x":-8.2,"y":34.24},{"name":"bone8","parent":"root","y":0.12,"scaleX":1.1,"scaleY":1.1},{"name":"bone9","parent":"root","y":0.12,"scaleX":0.4,"scaleY":0.4},{"name":"bone10","parent":"root","y":0.12,"scaleX":0.3,"scaleY":0.3},{"name":"bone11","parent":"root","y":0.12,"scaleX":0.2,"scaleY":0.2},{"name":"bone12","parent":"root","y":0.12,"scaleX":0.4,"scaleY":0.4},{"name":"bone13","parent":"root","y":0.12,"scaleX":0.1,"scaleY":0.1},{"name":"bone14","parent":"root","y":0.12,"scaleX":0.1,"scaleY":0.1},{"name":"bone15","parent":"root","y":0.12,"scaleX":0.1,"scaleY":0.1}],"slots":[{"name":"qp","bone":"bone8"},{"name":"qp2","bone":"bone9"},{"name":"qp6","bone":"bone13"},{"name":"qp7","bone":"bone14"},{"name":"qp8","bone":"bone15"},{"name":"qp5","bone":"bone12"},{"name":"qp3","bone":"bone10"},{"name":"qp4","bone":"bone11"},{"name":"s6","bone":"bone7","attachment":"s6"},{"name":"s5","bone":"bone3","attachment":"s5"},{"name":"s4","bone":"bone2","attachment":"s4"},{"name":"s3","bone":"bone4","attachment":"s3"},{"name":"s2","bone":"bone5","attachment":"s2"},{"name":"s1","bone":"bone6","attachment":"s1"}],"skins":[{"name":"default","attachments":{"qp":{"qp":{"x":-2.44,"y":-2.05,"width":109,"height":110}},"qp2":{"qp":{"x":-2.44,"y":-2.05,"width":109,"height":110}},"qp3":{"qp":{"x":-2.44,"y":-2.05,"width":109,"height":110}},"qp4":{"qp":{"x":-2.44,"y":-2.05,"width":109,"height":110}},"qp5":{"qp":{"x":-2.44,"y":-2.05,"width":109,"height":110}},"qp6":{"qp":{"x":-2.44,"y":-2.05,"width":109,"height":110}},"qp7":{"qp":{"x":-2.44,"y":-2.05,"width":109,"height":110}},"qp8":{"qp":{"width":109,"height":110}},"s1":{"s1":{"x":5.81,"y":0.09,"width":53,"height":51}},"s2":{"s2":{"x":-3.32,"y":1.01,"width":48,"height":59}},"s3":{"s3":{"x":4.71,"y":-0.13,"width":63,"height":48}},"s4":{"s4":{"x":-5.22,"y":-5.79,"width":49,"height":48}},"s5":{"s5":{"x":-1.37,"y":-23.75,"width":43,"height":51}},"s6":{"s6":{"x":3.72,"y":-29.95,"width":80,"height":110}}}}],"animations":{"1":{"slots":{"qp":{"attachment":[{"name":"qp"}]},"s1":{"attachment":[{"name":null}]},"s2":{"attachment":[{"name":null}]},"s3":{"attachment":[{"name":null}]},"s4":{"attachment":[{"name":null}]},"s5":{"attachment":[{"name":null}]},"s6":{"attachment":[{"name":null}]}},"bones":{"bone8":{"scale":[{},{"time":1.2333,"x":1.15,"y":0.98},{"time":2.0333,"x":0.98},{"time":2.6333}]},"bone9":{"scale":[{},{"time":1.2333,"x":1.15,"y":0.98},{"time":2.0333,"x":0.98},{"time":2.6333}]},"bone10":{"scale":[{},{"time":1.2333,"x":1.15,"y":0.98},{"time":2.0333,"x":0.98},{"time":2.6333}]},"bone11":{"scale":[{},{"time":1.2333,"x":1.15,"y":0.98},{"time":2.0333,"x":0.98},{"time":2.6333}]},"bone12":{"scale":[{},{"time":1.2333,"x":1.15,"y":0.98},{"time":2.0333,"x":0.98},{"time":2.6333}]},"bone13":{"scale":[{},{"time":1.2333,"x":1.15,"y":0.98},{"time":2.0333,"x":0.98},{"time":2.6333}]},"bone14":{"scale":[{},{"time":1.2333,"x":1.15,"y":0.98},{"time":2.0333,"x":0.98},{"time":2.6333}]},"bone15":{"scale":[{},{"time":1.2333,"x":1.15,"y":0.98},{"time":2.0333,"x":0.98},{"time":2.6333}]}}},"2":{"slots":{"qp":{"attachment":[{"name":"qp"}]},"s1":{"attachment":[{"name":null}]},"s2":{"attachment":[{"name":null}]},"s3":{"attachment":[{"name":null}]},"s4":{"attachment":[{"name":null}]},"s5":{"attachment":[{"name":null}]},"s6":{"attachment":[{"name":null}]}},"bones":{"bone8":{"scale":[{},{"time":0.2,"x":1.182,"y":0.909},{"time":0.4333,"x":0.909,"y":1.182},{"time":0.6333,"x":1.091,"y":0.909},{"time":0.8,"x":0.909,"y":1.091},{"time":1}]},"bone9":{"scale":[{},{"time":0.2,"x":1.182,"y":0.909},{"time":0.4333,"x":0.909,"y":1.182},{"time":0.6333,"x":1.091,"y":0.909},{"time":0.8,"x":0.909,"y":1.091},{"time":1}]},"bone10":{"scale":[{},{"time":0.2,"x":1.182,"y":0.909},{"time":0.4333,"x":0.909,"y":1.182},{"time":0.6333,"x":1.091,"y":0.909},{"time":0.8,"x":0.909,"y":1.091},{"time":1}]},"bone11":{"scale":[{},{"time":0.2,"x":1.182,"y":0.909},{"time":0.4333,"x":0.909,"y":1.182},{"time":0.6333,"x":1.091,"y":0.909},{"time":0.8,"x":0.909,"y":1.091},{"time":1}]},"bone12":{"scale":[{},{"time":0.2,"x":1.182,"y":0.909},{"time":0.4333,"x":0.909,"y":1.182},{"time":0.6333,"x":1.091,"y":0.909},{"time":0.8,"x":0.909,"y":1.091},{"time":1}]},"bone13":{"scale":[{},{"time":0.2,"x":1.182,"y":0.909},{"time":0.4333,"x":0.909,"y":1.182},{"time":0.6333,"x":1.091,"y":0.909},{"time":0.8,"x":0.909,"y":1.091},{"time":1}]},"bone14":{"scale":[{},{"time":0.2,"x":1.182,"y":0.909},{"time":0.4333,"x":0.909,"y":1.182},{"time":0.6333,"x":1.091,"y":0.909},{"time":0.8,"x":0.909,"y":1.091},{"time":1}]},"bone15":{"scale":[{},{"time":0.2,"x":1.182,"y":0.909},{"time":0.4333,"x":0.909,"y":1.182},{"time":0.6333,"x":1.091,"y":0.909},{"time":0.8,"x":0.909,"y":1.091},{"time":1}]}}},"3":{"slots":{"qp":{"attachment":[{"name":"qp"},{"time":0.1667,"name":null}]},"qp2":{"attachment":[{"time":0.1667,"name":"qp"},{"time":1.1,"name":null}]},"qp3":{"color":[{"time":0.9667,"color":"ffffffff"},{"time":1.1,"color":"ffffff00"}],"attachment":[{"time":0.1667,"name":"qp"}]},"qp4":{"color":[{"time":0.9,"color":"ffffffff"},{"time":0.9667,"color":"ffffff00"}],"attachment":[{"time":0.1667,"name":"qp"}]},"qp5":{"attachment":[{"time":0.1667,"name":"qp"},{"time":0.9,"name":null}]},"qp6":{"attachment":[{"time":0.1667,"name":"qp"},{"time":1.1,"name":null}]},"qp7":{"attachment":[{"time":0.1667,"name":"qp"},{"time":1.1,"name":null}]},"qp8":{"attachment":[{"time":0.1667,"name":"qp"},{"time":1.1,"name":null}]},"s1":{"color":[{"time":0.1333,"color":"ffffffff"},{"time":0.3333,"color":"ffffff00"}]},"s2":{"color":[{"time":0.1333,"color":"ffffffff"},{"time":0.3333,"color":"ffffff00"}]},"s3":{"color":[{"time":0.1333,"color":"ffffffff"},{"time":0.3333,"color":"ffffff00"}]},"s4":{"color":[{"time":0.1333,"color":"ffffffff"},{"time":0.3333,"color":"ffffff00"}]},"s5":{"color":[{"time":0.1333,"color":"ffffffff"},{"time":0.3333,"color":"ffffff00"}]},"s6":{"color":[{"time":0.1333,"color":"ffffffff"},{"time":0.3333,"color":"ffffff00"}]}},"bones":{"bone8":{"scale":[{},{"time":0.1667,"x":1.091,"y":1.091}]},"bone":{"scale":[{"x":1.091,"y":1.091}]},"bone4":{"translate":[{"time":0.1333},{"time":0.3333,"x":13.82,"y":-23.04}]},"bone5":{"translate":[{"time":0.1333},{"time":0.3333,"x":32.76,"y":-1.54}]},"bone6":{"translate":[{"time":0.1333},{"time":0.3333,"x":26.11,"y":19.97}]},"bone7":{"translate":[{"time":0.1333},{"time":0.3333,"x":-14.85,"y":25.09}]},"bone3":{"translate":[{"time":0.1333},{"time":0.3333,"x":-24.06,"y":-1.02}]},"bone2":{"translate":[{"time":0.1667},{"time":0.3333,"x":-13.31,"y":-17.92}]},"bone9":{"translate":[{"time":0.1667},{"time":0.4333,"x":39.93},{"time":1.1,"x":96.45,"y":32.56}],"scale":[{"time":0.1667},{"time":0.4333,"y":0.75},{"time":0.6333},{"time":1.0333,"x":1.429,"y":1.429},{"time":1.1,"x":1.75,"y":1.75}]},"bone10":{"translate":[{"time":0.1667},{"time":0.4333,"x":-60.2,"y":-18.43},{"time":1.1,"x":-95.22,"y":-10.44}],"scale":[{"time":0.1667},{"time":0.4333,"y":0.75},{"time":0.6333},{"time":1.1,"x":1.5,"y":1.5}]},"bone11":{"rotate":[{"time":0.1667},{"time":0.4333,"angle":-20.8},{"time":0.9667,"angle":28.82}],"translate":[{"time":0.1667},{"time":0.4333,"x":11.06,"y":-42.39},{"time":0.9667,"x":59.54,"y":-29.41}],"scale":[{"time":0.1667},{"time":0.4333,"y":0.75},{"time":0.6333},{"time":0.9667,"x":1.5,"y":1.5}]},"bone12":{"rotate":[{"time":0.4333,"angle":-42.69}],"translate":[{"time":0.1667},{"time":0.4333,"x":-34.79,"y":42.55},{"time":0.9,"x":-57.62,"y":75.76}],"scale":[{"time":0.1667},{"time":0.4333,"y":0.75},{"time":0.6333},{"time":0.8333,"x":1.429,"y":1.429},{"time":0.9,"x":1.75,"y":1.75}]},"bone13":{"translate":[{"time":0.1667},{"time":0.4333,"x":24.37,"y":-19.72},{"time":1.1,"x":46.64,"y":-19.33}],"scale":[{"time":0.1667},{"time":0.4333,"y":0.75},{"time":0.6333},{"time":1.0333,"x":1.429,"y":1.429},{"time":1.1,"x":1.75,"y":1.75}]},"bone14":{"translate":[{"time":0.1667},{"time":0.4333,"x":-33.75,"y":-37.36},{"time":1.1,"x":-57.14,"y":-51.77}],"scale":[{"time":0.1667},{"time":0.4333,"y":0.75},{"time":0.6333},{"time":1.0333,"x":1.429,"y":1.429},{"time":1.1,"x":1.75,"y":1.75}]},"bone15":{"translate":[{"time":0.1667},{"time":0.4333,"x":-33.75,"y":17.93},{"time":1.1,"x":-77.1,"y":62.24}],"scale":[{"time":0.1667},{"time":0.4333,"y":0.75},{"time":0.6333},{"time":1.0333,"x":1.429,"y":1.429},{"time":1.1,"x":1.75,"y":1.75}]}}}}}