{"skeleton":{"hash":"6ygdP0hrDpo","spine":"3.8-from-4.0-from-4.1.17","x":-11.08,"y":-32.28,"width":148,"height":50,"images":"","audio":""},"bones":[{"name":"root"},{"name":"bone","parent":"root"},{"name":"bone3","parent":"root"},{"name":"bone5","parent":"bone3"},{"name":"bone4","parent":"bone3","x":140.11,"y":-4.01},{"name":"bone6","parent":"bone3","x":140.11,"y":-4.01},{"name":"bone7","parent":"bone3","x":140.11,"y":-4.01},{"name":"bone8","parent":"bone3","x":140.11,"y":-4.01},{"name":"bone9","parent":"bone3","x":140.11,"y":-4.01},{"name":"bone10","parent":"bone3","x":140.11,"y":-4.01},{"name":"bone11","parent":"bone3","x":140.11,"y":-4.01}],"slots":[{"name":"图层 962","bone":"bone"},{"name":"ffff1","bone":"bone5","attachment":"ffff19","blend":"additive"},{"name":"xx","bone":"bone4","color":"fff128ff","blend":"additive"},{"name":"xx4","bone":"bone8","color":"fff128ff","blend":"additive"},{"name":"xx5","bone":"bone9","color":"fff128ff","blend":"additive"},{"name":"xx2","bone":"bone6","color":"fff128ff","blend":"additive"},{"name":"xx3","bone":"bone7","color":"fff128ff","blend":"additive"},{"name":"xx6","bone":"bone10","color":"fff128ff","blend":"additive"},{"name":"xx7","bone":"bone11","color":"fff128ff","blend":"additive"}],"skins":[{"name":"default","attachments":{"ffff1":{"ffff1":{"x":62.92,"y":-7.78,"width":148,"height":60},"ffff2":{"x":63.42,"y":-7.28,"width":148,"height":58},"ffff3":{"x":63.42,"y":-7.78,"width":154,"height":57},"ffff4":{"x":62.92,"y":-7.28,"width":145,"height":51},"ffff5":{"x":62.92,"y":-7.78,"width":142,"height":53},"ffff6":{"x":63.42,"y":-7.28,"width":155,"height":51},"ffff7":{"x":62.92,"y":-7.28,"width":153,"height":56},"ffff8":{"x":62.92,"y":-7.78,"width":152,"height":59},"ffff9":{"x":62.92,"y":-7.78,"width":176,"height":56},"ffff10":{"x":63.42,"y":-7.78,"width":145,"height":65},"ffff11":{"x":63.42,"y":-7.28,"width":155,"height":56},"ffff12":{"x":62.92,"y":-7.78,"width":163,"height":57},"ffff13":{"x":63.42,"y":-7.28,"width":156,"height":56},"ffff14":{"x":63.42,"y":-7.78,"width":168,"height":58},"ffff15":{"x":62.92,"y":-7.28,"width":143,"height":50},"ffff16":{"x":63.42,"y":-7.78,"width":150,"height":50},"ffff17":{"x":62.92,"y":-7.78,"width":151,"height":64},"ffff18":{"x":62.92,"y":-7.78,"width":156,"height":57},"ffff19":{"x":62.92,"y":-7.28,"width":148,"height":50}},"xx":{"xx":{"path":"xas","x":-1.97,"width":21,"height":21}},"xx2":{"xx":{"path":"xas","x":-1.97,"width":21,"height":21}},"xx3":{"xx":{"path":"xas","x":-1.97,"width":21,"height":21}},"xx4":{"xx":{"path":"xas","x":-1.97,"width":21,"height":21}},"xx5":{"xx":{"path":"xas","x":-1.97,"width":21,"height":21}},"xx6":{"xx":{"path":"xas","x":-1.97,"width":21,"height":21}},"xx7":{"xx":{"path":"xas","x":-1.97,"width":21,"height":21}}}}],"animations":{"animation":{"slots":{"ffff1":{"color":[{"color":"faff7cbf"}],"attachment":[{"name":"ffff1"},{"time":0.0667,"name":"ffff2"},{"time":0.1333,"name":"ffff3"},{"time":0.1667,"name":null},{"time":0.2333,"name":"ffff4"},{"time":0.3,"name":"ffff5"},{"time":0.3667,"name":"ffff6"},{"time":0.4333,"name":null},{"time":0.5,"name":"ffff7"},{"time":0.5667,"name":"ffff8"},{"time":0.6333,"name":null},{"time":0.7,"name":"ffff9"},{"time":0.7667,"name":"ffff10"},{"time":0.8333,"name":null},{"time":0.9,"name":"ffff11"},{"time":0.9667,"name":"ffff12"},{"time":1.0333,"name":"ffff13"},{"time":1.1,"name":"ffff14"},{"time":1.1667,"name":"ffff15"},{"time":1.2333,"name":"ffff16"},{"time":1.3,"name":"ffff17"},{"time":1.3667,"name":null},{"time":1.4667,"name":"ffff18"},{"time":1.5333,"name":"ffff19"},{"time":1.6,"name":null}]},"xx":{"attachment":[{"time":0.0333,"name":"xx"}]},"xx2":{"attachment":[{"time":0.3,"name":"xx"}]},"xx3":{"attachment":[{"time":0.5333,"name":"xx"}]},"xx4":{"attachment":[{"time":0.3,"name":"xx"}]},"xx5":{"attachment":[{"time":0.9,"name":"xx"}]},"xx6":{"attachment":[{"time":0.8,"name":"xx"}]},"xx7":{"attachment":[{"time":0.8667,"name":"xx"}]}},"bones":{"bone5":{"scale":[{"x":0.8}]},"bone4":{"rotate":[{"time":0.0333},{"time":0.6667,"angle":-100}],"translate":[{"time":0.0333,"x":-47.54},{"time":0.6667,"x":4.51,"y":-24.93}],"scale":[{"time":0.0333,"x":0,"y":0},{"time":0.3333},{"time":0.6667,"x":0,"y":0}]},"bone6":{"rotate":[{"time":0.3},{"time":0.9333,"angle":-150}],"translate":[{"time":0.3,"x":-43.06},{"time":0.9333,"x":-9.18,"y":51.04}],"scale":[{"time":0.3,"x":0,"y":0},{"time":0.4},{"time":0.9333,"x":0,"y":0}]},"bone7":{"rotate":[{"time":0.5333},{"time":1.1667,"angle":120}],"translate":[{"time":0.5333,"x":-42.2},{"time":1.1667,"x":34.3,"y":-3.21}],"scale":[{"time":0.5333,"x":0,"y":0},{"time":0.6333},{"time":1.1667,"x":0,"y":0}]},"bone8":{"rotate":[{"time":0.3},{"time":0.9333,"angle":-100}],"translate":[{"time":0.3,"x":-50.36},{"time":0.9333,"x":-9.41,"y":-30.27}],"scale":[{"time":0.3,"x":0,"y":0},{"time":0.6},{"time":0.9333,"x":0,"y":0}]},"bone9":{"rotate":[{"time":0.9},{"time":1.5333,"angle":-100}],"translate":[{"time":0.9,"x":-50.36},{"time":1.5333,"x":-53.96,"y":-30.27}],"scale":[{"time":0.9,"x":0,"y":0},{"time":1.2},{"time":1.5333,"x":0,"y":0}]},"bone10":{"rotate":[{"time":0.8},{"time":1.4333,"angle":120}],"translate":[{"time":0.8,"x":-42.2},{"time":1.4333,"x":-34.78,"y":36.37}],"scale":[{"time":0.8,"x":0,"y":0},{"time":0.9},{"time":1.4333,"x":0,"y":0}]},"bone11":{"rotate":[{"time":0.8667},{"time":1.5,"angle":120}],"translate":[{"time":0.8667,"x":-42.2},{"time":1.5,"x":-34.78,"y":36.37}],"scale":[{"time":0.8667,"x":0,"y":0},{"time":0.9667},{"time":1.5,"x":0,"y":0}]}}}}}