{
  "__type__": "cc.SpriteFrame",
  "content": {
    "name": "icon_ob7",
    "atlas": "",
    "rect": {
      "x": 9,
      "y": 8,
      "width": 81,
      "height": 85
    },
    "offset": {
      "x": -0.5,
      "y": -0.5
    },
    "originalSize": {
      "width": 100,
      "height": 100
    },
    "rotated": false,
    "capInsets": [
      0,
      0,
      0,
      0
    ],
    "vertices": {
      "rawPosition": [
        -40.5,
        -42.5,
        0,
        40.5,
        -42.5,
        0,
        -40.5,
        42.5,
        0,
        40.5,
        42.5,
        0
      ],
      "indexes": [
        0,
        1,
        2,
        2,
        1,
        3
      ],
      "uv": [
        9,
        92,
        90,
        92,
        9,
        7,
        90,
        7
      ],
      "nuv": [
        0.09,
        0.07,
        0.9,
        0.07,
        0.09,
        0.92,
        0.9,
        0.92
      ],
      "minPos": {
        "x": -40.5,
        "y": -42.5,
        "z": 0
      },
      "maxPos": {
        "x": 40.5,
        "y": 42.5,
        "z": 0
      }
    },
    "texture": "060c5a18-b95e-407f-84cf-869eb55fd708@6c48a",
    "packable": true,
    "pixelsToUnit": 100,
    "pivot": {
      "x": 0.5,
      "y": 0.5
    },
    "meshType": 0
  }
}