{
  "__type__": "cc.SpriteFrame",
  "content": {
    "name": "scene_item_1005701_1",
    "atlas": "",
    "rect": {
      "x": 110,
      "y": 102,
      "width": 84,
      "height": 191
    },
    "offset": {
      "x": 3,
      "y": -30
    },
    "originalSize": {
      "width": 298,
      "height": 335
    },
    "rotated": false,
    "capInsets": [
      0,
      0,
      0,
      0
    ],
    "vertices": {
      "rawPosition": [
        -42,
        -95.5,
        0,
        42,
        -95.5,
        0,
        -42,
        95.5,
        0,
        42,
        95.5,
        0
      ],
      "indexes": [
        0,
        1,
        2,
        2,
        1,
        3
      ],
      "uv": [
        110,
        233,
        194,
        233,
        110,
        42,
        194,
        42
      ],
      "nuv": [
        0.3691275167785235,
        0.1253731343283582,
        0.6510067114093959,
        0.1253731343283582,
        0.3691275167785235,
        0.6955223880597015,
        0.6510067114093959,
        0.6955223880597015
      ],
      "minPos": {
        "x": -42,
        "y": -95.5,
        "z": 0
      },
      "maxPos": {
        "x": 42,
        "y": 95.5,
        "z": 0
      }
    },
    "texture": "0610295e-31f0-4213-bcf0-a0cb4ccbfba0@6c48a",
    "packable": true,
    "pixelsToUnit": 100,
    "pivot": {
      "x": 0.5,
      "y": 0.5
    },
    "meshType": 0
  }
}