{
  "__type__": "cc.SpriteFrame",
  "content": {
    "name": "scene_floor_5000309",
    "atlas": "",
    "rect": {
      "x": 0,
      "y": 0,
      "width": 1441,
      "height": 828
    },
    "offset": {
      "x": 0,
      "y": 0
    },
    "originalSize": {
      "width": 1441,
      "height": 828
    },
    "rotated": false,
    "capInsets": [
      0,
      0,
      0,
      0
    ],
    "vertices": {
      "rawPosition": [
        -720.5,
        -414,
        0,
        720.5,
        -414,
        0,
        -720.5,
        414,
        0,
        720.5,
        414,
        0
      ],
      "indexes": [
        0,
        1,
        2,
        2,
        1,
        3
      ],
      "uv": [
        0,
        828,
        1441,
        828,
        0,
        0,
        1441,
        0
      ],
      "nuv": [
        0,
        0,
        1,
        0,
        0,
        1,
        1,
        1
      ],
      "minPos": {
        "x": -720.5,
        "y": -414,
        "z": 0
      },
      "maxPos": {
        "x": 720.5,
        "y": 414,
        "z": 0
      }
    },
    "texture": "063c1777-6e41-4823-8700-66d89b0c62ac@6c48a",
    "packable": true,
    "pixelsToUnit": 100,
    "pivot": {
      "x": 0.5,
      "y": 0.5
    },
    "meshType": 0
  }
}