{
  "__type__": "cc.SpriteFrame",
  "content": {
    "name": "rwct",
    "atlas": "",
    "rect": {
      "x": 0,
      "y": 0,
      "width": 110,
      "height": 118
    },
    "offset": {
      "x": 0,
      "y": 0
    },
    "originalSize": {
      "width": 110,
      "height": 118
    },
    "rotated": false,
    "capInsets": [
      0,
      0,
      0,
      0
    ],
    "vertices": {
      "rawPosition": [
        -55,
        -59,
        0,
        55,
        -59,
        0,
        -55,
        59,
        0,
        55,
        59,
        0
      ],
      "indexes": [
        0,
        1,
        2,
        2,
        1,
        3
      ],
      "uv": [
        0,
        118,
        110,
        118,
        0,
        0,
        110,
        0
      ],
      "nuv": [
        0,
        0,
        1,
        0,
        0,
        1,
        1,
        1
      ],
      "minPos": {
        "x": -55,
        "y": -59,
        "z": 0
      },
      "maxPos": {
        "x": 55,
        "y": 59,
        "z": 0
      }
    },
    "texture": "0650844b-81d6-4a86-8304-d77548f67d50@6c48a",
    "packable": true,
    "pixelsToUnit": 100,
    "pivot": {
      "x": 0.5,
      "y": 0.5
    },
    "meshType": 0
  }
}