{
  "__type__": "cc.SpriteFrame",
  "content": {
    "name": "btn_bg1",
    "atlas": "",
    "rect": {
      "x": 0,
      "y": 0,
      "width": 173,
      "height": 81
    },
    "offset": {
      "x": 0,
      "y": 0
    },
    "originalSize": {
      "width": 173,
      "height": 81
    },
    "rotated": false,
    "capInsets": [
      0,
      0,
      0,
      0
    ],
    "vertices": {
      "rawPosition": [
        -86.5,
        -40.5,
        0,
        86.5,
        -40.5,
        0,
        -86.5,
        40.5,
        0,
        86.5,
        40.5,
        0
      ],
      "indexes": [
        0,
        1,
        2,
        2,
        1,
        3
      ],
      "uv": [
        0,
        81,
        173,
        81,
        0,
        0,
        173,
        0
      ],
      "nuv": [
        0,
        0,
        1,
        0,
        0,
        1,
        1,
        1
      ],
      "minPos": {
        "x": -86.5,
        "y": -40.5,
        "z": 0
      },
      "maxPos": {
        "x": 86.5,
        "y": 40.5,
        "z": 0
      }
    },
    "texture": "067749b0-1238-415f-8003-a3ec74eb3d9d@6c48a",
    "packable": true,
    "pixelsToUnit": 100,
    "pivot": {
      "x": 0.5,
      "y": 0.5
    },
    "meshType": 0
  }
}