{
  "__type__": "cc.SpriteFrame",
  "content": {
    "name": "icon_md1",
    "atlas": "",
    "rect": {
      "x": 23,
      "y": 33,
      "width": 52,
      "height": 43
    },
    "offset": {
      "x": -1,
      "y": -4.5
    },
    "originalSize": {
      "width": 100,
      "height": 100
    },
    "rotated": false,
    "capInsets": [
      0,
      0,
      0,
      0
    ],
    "vertices": {
      "rawPosition": [
        -26,
        -21.5,
        0,
        26,
        -21.5,
        0,
        -26,
        21.5,
        0,
        26,
        21.5,
        0
      ],
      "indexes": [
        0,
        1,
        2,
        2,
        1,
        3
      ],
      "uv": [
        23,
        67,
        75,
        67,
        23,
        24,
        75,
        24
      ],
      "nuv": [
        0.23,
        0.24,
        0.75,
        0.24,
        0.23,
        0.67,
        0.75,
        0.67
      ],
      "minPos": {
        "x": -26,
        "y": -21.5,
        "z": 0
      },
      "maxPos": {
        "x": 26,
        "y": 21.5,
        "z": 0
      }
    },
    "texture": "06a9d240-71e5-424f-92be-9b9e468966f4@6c48a",
    "packable": true,
    "pixelsToUnit": 100,
    "pivot": {
      "x": 0.5,
      "y": 0.5
    },
    "meshType": 0
  }
}