{
  "__type__": "cc.SpriteFrame",
  "content": {
    "name": "ieon_e7",
    "atlas": "",
    "rect": {
      "x": 2,
      "y": 6,
      "width": 88,
      "height": 91
    },
    "offset": {
      "x": -4,
      "y": -1.5
    },
    "originalSize": {
      "width": 100,
      "height": 100
    },
    "rotated": false,
    "capInsets": [
      0,
      0,
      0,
      0
    ],
    "vertices": {
      "rawPosition": [
        -44,
        -45.5,
        0,
        44,
        -45.5,
        0,
        -44,
        45.5,
        0,
        44,
        45.5,
        0
      ],
      "indexes": [
        0,
        1,
        2,
        2,
        1,
        3
      ],
      "uv": [
        2,
        94,
        90,
        94,
        2,
        3,
        90,
        3
      ],
      "nuv": [
        0.02,
        0.03,
        0.9,
        0.03,
        0.02,
        0.94,
        0.9,
        0.94
      ],
      "minPos": {
        "x": -44,
        "y": -45.5,
        "z": 0
      },
      "maxPos": {
        "x": 44,
        "y": 45.5,
        "z": 0
      }
    },
    "texture": "06ae9a56-be0c-4d7e-874a-772181f115c0@6c48a",
    "packable": true,
    "pixelsToUnit": 100,
    "pivot": {
      "x": 0.5,
      "y": 0.5
    },
    "meshType": 0
  }
}