{
  "__type__": "cc.SpriteFrame",
  "content": {
    "name": "icon_1002303",
    "atlas": "",
    "rect": {
      "x": 24,
      "y": 45,
      "width": 150,
      "height": 111
    },
    "offset": {
      "x": -1,
      "y": -0.5
    },
    "originalSize": {
      "width": 200,
      "height": 200
    },
    "rotated": false,
    "capInsets": [
      0,
      0,
      0,
      0
    ],
    "vertices": {
      "rawPosition": [
        -75,
        -55.5,
        0,
        75,
        -55.5,
        0,
        -75,
        55.5,
        0,
        75,
        55.5,
        0
      ],
      "indexes": [
        0,
        1,
        2,
        2,
        1,
        3
      ],
      "uv": [
        24,
        155,
        174,
        155,
        24,
        44,
        174,
        44
      ],
      "nuv": [
        0.12,
        0.22,
        0.87,
        0.22,
        0.12,
        0.775,
        0.87,
        0.775
      ],
      "minPos": {
        "x": -75,
        "y": -55.5,
        "z": 0
      },
      "maxPos": {
        "x": 75,
        "y": 55.5,
        "z": 0
      }
    },
    "texture": "06bb2b54-57cb-477e-b061-1e87f19acca5@6c48a",
    "packable": true,
    "pixelsToUnit": 100,
    "pivot": {
      "x": 0.5,
      "y": 0.5
    },
    "meshType": 0
  }
}