{
  "__type__": "cc.SpriteFrame",
  "content": {
    "name": "icon_2000603",
    "atlas": "",
    "rect": {
      "x": 25,
      "y": 54,
      "width": 150,
      "height": 92
    },
    "offset": {
      "x": 0,
      "y": 0
    },
    "originalSize": {
      "width": 200,
      "height": 200
    },
    "rotated": false,
    "capInsets": [
      0,
      0,
      0,
      0
    ],
    "vertices": {
      "rawPosition": [
        -75,
        -46,
        0,
        75,
        -46,
        0,
        -75,
        46,
        0,
        75,
        46,
        0
      ],
      "indexes": [
        0,
        1,
        2,
        2,
        1,
        3
      ],
      "uv": [
        25,
        146,
        175,
        146,
        25,
        54,
        175,
        54
      ],
      "nuv": [
        0.125,
        0.27,
        0.875,
        0.27,
        0.125,
        0.73,
        0.875,
        0.73
      ],
      "minPos": {
        "x": -75,
        "y": -46,
        "z": 0
      },
      "maxPos": {
        "x": 75,
        "y": 46,
        "z": 0
      }
    },
    "texture": "06c5556d-9e8e-401c-8a43-483818baecf4@6c48a",
    "packable": true,
    "pixelsToUnit": 100,
    "pivot": {
      "x": 0.5,
      "y": 0.5
    },
    "meshType": 0
  }
}