{
  "__type__": "cc.SpriteFrame",
  "content": {
    "name": "scene_item_1002602",
    "atlas": "",
    "rect": {
      "x": 66,
      "y": 158,
      "width": 133,
      "height": 184
    },
    "offset": {
      "x": 2,
      "y": -69.5
    },
    "originalSize": {
      "width": 261,
      "height": 361
    },
    "rotated": false,
    "capInsets": [
      0,
      0,
      0,
      0
    ],
    "vertices": {
      "rawPosition": [
        -66.5,
        -92,
        0,
        66.5,
        -92,
        0,
        -66.5,
        92,
        0,
        66.5,
        92,
        0
      ],
      "indexes": [
        0,
        1,
        2,
        2,
        1,
        3
      ],
      "uv": [
        66,
        203,
        199,
        203,
        66,
        19,
        199,
        19
      ],
      "nuv": [
        0.25287356321839083,
        0.05263157894736842,
        0.7624521072796935,
        0.05263157894736842,
        0.25287356321839083,
        0.5623268698060941,
        0.7624521072796935,
        0.5623268698060941
      ],
      "minPos": {
        "x": -66.5,
        "y": -92,
        "z": 0
      },
      "maxPos": {
        "x": 66.5,
        "y": 92,
        "z": 0
      }
    },
    "texture": "06e883c7-4254-4bc3-9585-6952c543ee14@6c48a",
    "packable": true,
    "pixelsToUnit": 100,
    "pivot": {
      "x": 0.5,
      "y": 0.5
    },
    "meshType": 0
  }
}