{
  "__type__": "cc.SpriteFrame",
  "content": {
    "name": "ui_jbd",
    "atlas": "",
    "rect": {
      "x": 0,
      "y": 0,
      "width": 139,
      "height": 54
    },
    "offset": {
      "x": 0,
      "y": 0
    },
    "originalSize": {
      "width": 139,
      "height": 54
    },
    "rotated": false,
    "capInsets": [
      33,
      11,
      32,
      12
    ],
    "vertices": {
      "rawPosition": [
        -69.5,
        -27,
        0,
        69.5,
        -27,
        0,
        -69.5,
        27,
        0,
        69.5,
        27,
        0
      ],
      "indexes": [
        0,
        1,
        2,
        2,
        1,
        3
      ],
      "uv": [
        0,
        54,
        139,
        54,
        0,
        0,
        139,
        0
      ],
      "nuv": [
        0,
        0,
        1,
        0,
        0,
        1,
        1,
        1
      ],
      "minPos": {
        "x": -69.5,
        "y": -27,
        "z": 0
      },
      "maxPos": {
        "x": 69.5,
        "y": 27,
        "z": 0
      }
    },
    "texture": "0b03886f-5310-427a-92b8-9eab37b96193@6c48a",
    "packable": true,
    "pixelsToUnit": 100,
    "pivot": {
      "x": 0.5,
      "y": 0.5
    },
    "meshType": 0
  }
}