{
  "__type__": "cc.JsonAsset",
  "_name": "taskMain_manager",
  "_objFlags": 0,
  "_native": "",
  "json": [
    {
      "id": 1,
      "taskType": 1,
      "p1": 4,
      "kadian": 0,
      "price": [
        101,
        100
      ]
    },
    {
      "id": 2,
      "taskType": 2,
      "p1": 20,
      "kadian": 0,
      "price": [
        103,
        10
      ]
    },
    {
      "id": 3,
      "taskType": 3,
      "p1": 3,
      "kadian": 0,
      "price": [
        103,
        10
      ]
    },
    {
      "id": 4,
      "taskType": 4,
      "p1": 1,
      "kadian": 1,
      "price": [
        802,
        1
      ]
    },
    {
      "id": 5,
      "taskType": 5,
      "p1": 20,
      "kadian": 0,
      "price": [
        103,
        10
      ]
    },
    {
      "id": 6,
      "taskType": 6,
      "p1": 3,
      "kadian": 0,
      "price": [
        103,
        10
      ]
    },
    {
      "id": 7,
      "taskType": 7,
      "p1": 1,
      "kadian": 1,
      "price": [
        102,
        3
      ]
    },
    {
      "id": 8,
      "taskType": 2,
      "p1": 50,
      "kadian": 0,
      "price": [
        103,
        10
      ]
    },
    {
      "id": 9,
      "taskType": 8,
      "p1": 1,
      "kadian": 0,
      "price": [
        103,
        10
      ]
    },
    {
      "id": 10,
      "taskType": 9,
      "p1": 1,
      "kadian": 1,
      "price": [
        102,
        3
      ]
    },
    {
      "id": 11,
      "taskType": 6,
      "p1": 3,
      "kadian": 0,
      "price": [
        103,
        10
      ]
    },
    {
      "id": 12,
      "taskType": 10,
      "p1": 500,
      "kadian": 0,
      "price": [
        1002,
        1
      ]
    },
    {
      "id": 13,
      "taskType": 11,
      "p1": 1,
      "kadian": 1,
      "price": [
        1007,
        1
      ]
    },
    {
      "id": 14,
      "taskType": 5,
      "p1": 100,
      "kadian": 0,
      "price": [
        103,
        10
      ]
    },
    {
      "id": 15,
      "taskType": 1,
      "p1": 8,
      "kadian": 0,
      "price": [
        101,
        300
      ]
    },
    {
      "id": 16,
      "taskType": 12,
      "p1": 1,
      "kadian": 1,
      "price": [
        1007,
        1
      ]
    },
    {
      "id": 17,
      "taskType": 3,
      "p1": 10,
      "kadian": 0,
      "price": [
        103,
        10
      ]
    },
    {
      "id": 18,
      "taskType": 6,
      "p1": 3,
      "kadian": 0,
      "price": [
        103,
        10
      ]
    },
    {
      "id": 19,
      "taskType": 13,
      "p1": 1000,
      "kadian": 1,
      "price": [
        102,
        3
      ]
    },
    {
      "id": 20,
      "taskType": 1,
      "p1": 20,
      "kadian": 0,
      "price": [
        1008,
        1
      ]
    },
    {
      "id": 21,
      "taskType": 13,
      "p1": 10000,
      "kadian": 0,
      "price": [
        305,
        300
      ]
    },
    {
      "id": 22,
      "taskType": 5,
      "p1": 500,
      "kadian": 1,
      "price": [
        102,
        5
      ]
    }
  ]
}