{
  "__type__": "cc.SpriteFrame",
  "content": {
    "name": "icon_mb1",
    "atlas": "",
    "rect": {
      "x": 8,
      "y": 15,
      "width": 87,
      "height": 77
    },
    "offset": {
      "x": 1.5,
      "y": -3.5
    },
    "originalSize": {
      "width": 100,
      "height": 100
    },
    "rotated": false,
    "capInsets": [
      0,
      0,
      0,
      0
    ],
    "vertices": {
      "rawPosition": [
        -43.5,
        -38.5,
        0,
        43.5,
        -38.5,
        0,
        -43.5,
        38.5,
        0,
        43.5,
        38.5,
        0
      ],
      "indexes": [
        0,
        1,
        2,
        2,
        1,
        3
      ],
      "uv": [
        8,
        85,
        95,
        85,
        8,
        8,
        95,
        8
      ],
      "nuv": [
        0.08,
        0.08,
        0.95,
        0.08,
        0.08,
        0.85,
        0.95,
        0.85
      ],
      "minPos": {
        "x": -43.5,
        "y": -38.5,
        "z": 0
      },
      "maxPos": {
        "x": 43.5,
        "y": 38.5,
        "z": 0
      }
    },
    "texture": "0b401ccb-472d-4cc9-b72f-7e06d6ec7819@6c48a",
    "packable": true,
    "pixelsToUnit": 100,
    "pivot": {
      "x": 0.5,
      "y": 0.5
    },
    "meshType": 0
  }
}