{
  "__type__": "cc.SpriteFrame",
  "content": {
    "name": "shop_gold4",
    "atlas": "",
    "rect": {
      "x": 32,
      "y": 45,
      "width": 191,
      "height": 178
    },
    "offset": {
      "x": -0.5,
      "y": -6
    },
    "originalSize": {
      "width": 256,
      "height": 256
    },
    "rotated": false,
    "capInsets": [
      0,
      0,
      0,
      0
    ],
    "vertices": {
      "rawPosition": [
        -95.5,
        -89,
        0,
        95.5,
        -89,
        0,
        -95.5,
        89,
        0,
        95.5,
        89,
        0
      ],
      "indexes": [
        0,
        1,
        2,
        2,
        1,
        3
      ],
      "uv": [
        32,
        211,
        223,
        211,
        32,
        33,
        223,
        33
      ],
      "nuv": [
        0.125,
        0.12890625,
        0.87109375,
        0.12890625,
        0.125,
        0.82421875,
        0.87109375,
        0.82421875
      ],
      "minPos": {
        "x": -95.5,
        "y": -89,
        "z": 0
      },
      "maxPos": {
        "x": 95.5,
        "y": 89,
        "z": 0
      }
    },
    "texture": "0b531282-366f-472b-b0f7-495d0d6cf457@6c48a",
    "packable": true,
    "pixelsToUnit": 100,
    "pivot": {
      "x": 0.5,
      "y": 0.5
    },
    "meshType": 0
  }
}