{"skeleton":{"hash":"X6e92RLag/8","spine":"3.8-from-4.0-from-4.1.17","x":-15,"y":-13,"width":28,"height":28,"images":"","audio":""},"bones":[{"name":"root"},{"name":"bone","parent":"root"}],"slots":[{"name":"ui_hd","bone":"bone","attachment":"ui_hd"}],"skins":[{"name":"default","attachments":{"ui_hd":{"ui_hd":{"x":-1,"y":1,"width":28,"height":28}}}}],"animations":{"animation":{"bones":{"bone":{"translate":[{},{"time":0.3333,"y":-7.42},{"time":0.6667,"y":23.59},{"time":1,"y":-2.7},{"time":1.3333}],"scale":[{},{"time":0.3333,"x":1.5,"y":0.5},{"time":0.6667,"x":0.5,"y":1.5},{"time":1,"x":1.1,"y":0.9},{"time":1.3333,"curve":"stepped"},{"time":2.4333}]}}}}}