{"skeleton":{"hash":"t5mZoO4ENfc","spine":"3.8-from-4.0-from-4.1.17","x":-215.61,"y":-8.45,"width":420.49,"height":349.21,"images":"./images/","audio":"E:/游戏项目/健身房/spine"},"bones":[{"name":"root"},{"name":"z1","parent":"root","x":2.29,"y":37.62,"scaleX":-1},{"name":"5465","parent":"z1","length":53.69,"rotation":91.82,"x":-0.87,"y":5.1},{"name":"bone2","parent":"5465","length":82.2,"rotation":-1.22,"x":58.82,"y":0.69},{"name":"bone13","parent":"bone2","x":25.58,"y":42.84},{"name":"bone3","parent":"bone13","length":8.14,"rotation":-6.6,"x":-9.43,"y":-5.1},{"name":"bone4","parent":"5465","length":36.26,"rotation":-148.31,"x":45.01,"y":-45.32},{"name":"bone5","parent":"5465","length":17.04,"rotation":-54.95,"x":30.01,"y":-74.67},{"name":"bone6","parent":"bone5","length":10.54,"rotation":6.49,"x":20.27,"y":0.77},{"name":"bone7","parent":"bone6","length":12.88,"rotation":-9.15,"x":12.64,"y":0.36},{"name":"bone8","parent":"5465","length":33.23,"rotation":179.65,"x":-1.05,"y":-19.57},{"name":"target2","parent":"root","x":-19.88,"y":11.44,"scaleX":-1,"color":"ff3f00ff"},{"name":"bone9","parent":"target2","length":12.38,"rotation":-150.78,"x":0.25,"y":1.8},{"name":"bone11","parent":"5465","length":27.74,"rotation":-179.7,"x":9.35,"y":24.74},{"name":"target","parent":"root","x":25.08,"y":14.34,"scaleX":-1,"color":"ff3f00ff"},{"name":"bone12","parent":"target","length":12.88,"rotation":-140.45,"x":-0.27,"y":5.81},{"name":"bone14","parent":"bone13","length":15.74,"rotation":56.29,"x":56.34,"y":-23.58},{"name":"bone15","parent":"bone14","length":18.38,"rotation":-36.19,"x":16.11,"y":-0.22},{"name":"bone16","parent":"bone15","length":17.77,"rotation":-19.46,"x":20.17,"y":-0.68},{"name":"bone17","parent":"bone16","length":17.35,"rotation":-21.86,"x":18.71,"y":-0.98},{"name":"bone10","parent":"z1","x":-0.01,"y":-22.97},{"name":"bone18","parent":"bone2","x":62.92,"y":-44.26},{"name":"bone33","parent":"5465","length":36.26,"rotation":105.72,"x":46.9,"y":58.23},{"name":"mz","parent":"bone13","length":32.66,"rotation":-12.57,"x":63.74,"y":-55.31},{"name":"mz2","parent":"mz","length":54.98,"rotation":-86.43,"x":7.5,"y":-33.03},{"name":"mz3","parent":"mz","length":54.03,"rotation":72.04,"x":7.64,"y":17.13},{"name":"bone34","parent":"z1","length":18.43,"rotation":106.93,"x":-102.78,"y":45.63},{"name":"bone36","parent":"bone4","x":43.71,"y":-2.88},{"name":"bone37","parent":"bone13","x":21.82,"y":-9.92},{"name":"bone38","parent":"bone4","x":43.71,"y":-2.88},{"name":"bone42","parent":"z1","x":3.38,"y":-25.56,"color":"27ff61ff"},{"name":"z2","parent":"bone42","x":-0.55,"y":3.96,"color":"23ff5bff"},{"name":"z3","parent":"bone42","length":18.26,"rotation":50.77,"x":66.84,"y":1.42,"color":"18ff1bff"},{"name":"z4","parent":"bone42","length":18.26,"rotation":105.26,"x":-73.57,"y":9.34,"color":"18ff1bff"},{"name":"z5","parent":"bone42","length":18.26,"rotation":87.89,"x":-1.17,"y":-20.88,"color":"18ff1bff"},{"name":"z6","parent":"bone42","length":18.26,"rotation":93.69,"x":-34.85,"y":-13.95,"color":"18ff1bff"},{"name":"z7","parent":"bone42","length":18.26,"rotation":73.71,"x":41.55,"y":-13.15,"color":"18ff1bff"},{"name":"bone43","parent":"bone42","x":58.53,"y":15.33,"color":"27ff61ff"},{"name":"bone44","parent":"bone42","x":-27.08,"y":15.33,"color":"27ff61ff"},{"name":"bone45","parent":"bone42","x":-64.24,"y":30.59,"color":"27ff61ff"},{"name":"z8","parent":"bone42","length":18.26,"rotation":93.69,"x":-34.85,"y":-13.95,"color":"18ff1bff"},{"name":"bone","parent":"root","y":-179.79,"color":"ff0000ff"},{"name":"bone19","parent":"bone","y":140.98,"color":"ff0000ff"},{"name":"bone20","parent":"root","x":-242.65,"y":35.65},{"name":"bone21","parent":"root","x":4.95,"y":292.74,"color":"00d753ff"},{"name":"bone22","parent":"bone21","x":153.18,"y":73.42},{"name":"bone23","parent":"bone21","x":-233.47,"y":20.26},{"name":"bone24","parent":"bone21","x":-63.51,"y":240.94},{"name":"bone25","parent":"bone21","x":-259.52,"y":-8.86},{"name":"bone26","parent":"bone21","x":-278.51,"y":-116.47},{"name":"bone27","parent":"bone21","x":-112.67,"y":-234.2},{"name":"bone28","parent":"bone21","x":129.13,"y":-243.06},{"name":"bone29","parent":"bone21","x":281.04,"y":-129.13},{"name":"bone30","parent":"bone21","x":245.59,"y":187.36},{"name":"bone31","parent":"bone21","x":-8.68,"y":59.97},{"name":"bone32","parent":"bone21","x":93.92,"y":-66.73},{"name":"bone35","parent":"bone21","x":148.33,"y":-122.7,"color":"00d753ff"},{"name":"bone39","parent":"bone21","x":245.58,"y":-258.69,"color":"00d753ff"},{"name":"bone40","parent":"bone21","x":-188.11,"y":-8.86},{"name":"bone41","parent":"bone21","x":281.04,"y":-129.13},{"name":"bone46","parent":"bone21","x":-250.65,"y":-270.64,"color":"00d753ff"},{"name":"bone47","parent":"bone21","x":-181.32,"y":-156.44}],"slots":[{"name":"组 220","bone":"bone"},{"name":"dy","bone":"z2"},{"name":"图层492(3)","bone":"bone10"},{"name":"zj1","bone":"bone11","attachment":"zj1"},{"name":"zj2","bone":"bone8","attachment":"zj2"},{"name":"zw","bone":"bone5","attachment":"zw"},{"name":"zbody","bone":"5465","attachment":"zbody"},{"name":"m3","bone":"mz3","attachment":"m3"},{"name":"手fff","bone":"bone33","attachment":"手fff"},{"name":"zhead","bone":"bone2","attachment":"zhead"},{"name":"zbq","bone":"bone3","attachment":"zbq"},{"name":"yfds","bone":"5465","attachment":"yfds"},{"name":"m2","bone":"mz2","attachment":"m2"},{"name":"m1","bone":"mz","attachment":"m1"},{"name":"zdm","bone":"bone14","attachment":"zdm"},{"name":"手ddd","bone":"bone4","attachment":"手ddd"},{"name":"z1","bone":"z1"},{"name":"元宝2","bone":"bone36"},{"name":"元宝3","bone":"bone38"},{"name":"元宝","bone":"bone34","attachment":"元宝"},{"name":"ddddd","bone":"bone37","attachment":"ddddd"},{"name":"ty","bone":"z3"},{"name":"ty2","bone":"z4"},{"name":"ty4","bone":"z6"},{"name":"ty6","bone":"z8"},{"name":"ty3","bone":"z5"},{"name":"ty5","bone":"z7"},{"name":"xxa","bone":"bone43"},{"name":"xxa2","bone":"bone44"},{"name":"xxa3","bone":"bone45"},{"name":"组 211","bone":"bone19"},{"name":"组 216","bone":"bone46","attachment":"组 216"},{"name":"组 217","bone":"bone39","attachment":"组 217"},{"name":"yb9","bone":"bone25","attachment":"yb9"},{"name":"yb10","bone":"bone40","attachment":"yb9"},{"name":"yb6","bone":"bone29","attachment":"yb6"},{"name":"yb11","bone":"bone41","attachment":"yb6"},{"name":"yb4","bone":"bone27","attachment":"yb4"},{"name":"yb7","bone":"bone24","attachment":"yb7"},{"name":"yb5","bone":"bone22","attachment":"yb5"},{"name":"yb3","bone":"bone26","attachment":"yb3"},{"name":"yb8","bone":"bone23","attachment":"yb8"},{"name":"yb2","bone":"bone30","attachment":"yb2"},{"name":"yb1","bone":"bone28","attachment":"yb1"},{"name":"x1","bone":"bone31","attachment":"x1"},{"name":"x2","bone":"bone32","attachment":"x2"},{"name":"x4","bone":"bone47","attachment":"x2"},{"name":"x3","bone":"bone35","attachment":"x3"}],"ik":[{"name":"target","bones":["bone11"],"target":"target"},{"name":"target2","order":1,"bones":["bone8"],"target":"target2"}],"skins":[{"name":"default","attachments":{"ddddd":{"ddddd":{"x":-0.3,"y":-0.58,"width":8,"height":8}},"dy":{"dy":{"x":-0.88,"y":-0.26,"width":167,"height":86}},"m1":{"m1":{"x":27.14,"y":-3.51,"rotation":-78.02,"width":103,"height":80}},"m2":{"m2":{"x":39.25,"y":2.93,"rotation":8.41,"width":92,"height":59}},"m3":{"m3":{"x":35.62,"y":-4.05,"rotation":-150.07,"width":78,"height":73}},"ty":{"ty":{"path":"ty2","x":15.37,"y":0.07,"rotation":-84.99,"width":59,"height":59}},"ty2":{"ty":{"path":"ty2","x":15.37,"y":0.07,"rotation":-84.99,"width":59,"height":59}},"ty3":{"ty":{"path":"ty2","x":15.37,"y":0.07,"rotation":-84.99,"width":59,"height":59}},"ty4":{"ty":{"path":"ty2","x":15.37,"y":0.07,"rotation":-84.99,"width":59,"height":59}},"ty5":{"ty":{"path":"ty2","x":15.37,"y":0.07,"rotation":-84.99,"width":59,"height":59}},"ty6":{"ty":{"path":"ty2","x":15.37,"y":0.07,"rotation":-84.99,"width":59,"height":59}},"x1":{"x1":{"x":0.49,"y":0.03,"width":14,"height":20}},"x2":{"x2":{"x":-1.97,"y":0.4,"width":27,"height":38}},"x3":{"x3":{"x":-2.46,"y":0.9,"width":15,"height":21}},"x4":{"x2":{"x":-1.97,"y":0.4,"width":27,"height":38}},"xxa":{"xxa":{"y":1.33,"width":33,"height":33}},"xxa2":{"xxa":{"y":1.33,"width":33,"height":33}},"xxa3":{"xxa":{"y":1.33,"width":33,"height":33}},"yb1":{"yb1":{"x":-12.71,"y":-3.17,"width":65,"height":48}},"yb2":{"yb2":{"x":-10.74,"y":1.29,"width":80,"height":61}},"yb3":{"yb3":{"x":0.75,"y":3.48,"width":69,"height":72}},"yb4":{"yb4":{"x":-9.33,"y":1.97,"width":72,"height":54}},"yb5":{"yb5":{"x":-5.3,"y":-1.36,"width":49,"height":47}},"yb6":{"yb6":{"x":-1.39,"y":2.87,"width":47,"height":49}},"yb7":{"yb7":{"x":-4.28,"y":-1.74,"width":69,"height":72}},"yb8":{"yb8":{"x":1.07,"y":-3.71,"width":62,"height":74}},"yb9":{"yb9":{"x":0.15,"y":-4.88,"width":56,"height":42}},"yb10":{"yb9":{"x":0.15,"y":-4.88,"width":56,"height":42}},"yb11":{"yb6":{"x":-1.39,"y":2.87,"width":47,"height":49}},"yfds":{"yfds":{"x":22.49,"y":-2.66,"rotation":-91.82,"width":176,"height":100}},"zbody":{"zbody":{"type":"mesh","uvs":[0.50774,0,0.39901,0,0.30017,0.01479,0.20838,0.04987,0.12648,0.11224,0.05165,0.20188,0,0.33636,0,0.50591,0.02764,0.67936,0.09259,0.81578,0.22005,0.93571,0.37679,1,0.52364,1,0.64367,0.98054,0.74675,0.92597,0.84983,0.85386,0.9755,0.67067,1,0.52645,1,0.35885,0.94443,0.21073,0.84841,0.09185,0.72133,0.02364,0.60554,0,0.08025,0.6161,0.12826,0.72134,0.22711,0.82463,0.32454,0.88114,0.41915,0.91622,0.56177,0.90063,0.71709,0.85386,0.83853,0.74667,0.92608,0.56543,0.95008,0.43095,0.89642,0.23607,0.69168,0.0938,0.51376,0.07041,0.35984,0.07041,0.2031,0.12108,0.11556,0.26335,0.05907,0.37054,0.21722,0.64143,0.40503,0.77006,0.68462,0.75642,0.79758,0.58102,0.8004,0.39393,0.74957,0.2653,0.53635,0.18929,0.35561,0.23607,0.24546,0.3452,0.4135,0.5167,0.61401,0.46409],"triangles":[11,27,12,12,28,13,12,27,28,10,26,11,11,26,27,13,29,14,13,28,29,10,25,26,10,9,25,14,29,15,26,41,27,27,41,28,28,41,42,28,42,29,50,41,49,41,50,42,26,25,41,29,30,15,15,30,16,29,42,30,9,24,25,24,40,25,25,40,41,9,8,24,41,40,49,42,43,30,42,50,43,30,31,16,30,43,31,8,23,24,24,23,40,8,7,23,16,31,17,40,48,49,40,23,48,7,39,23,48,39,38,48,23,39,43,44,31,43,50,44,31,32,17,31,44,32,32,18,17,48,47,49,49,47,46,46,47,36,49,46,50,35,36,1,35,1,0,46,36,35,7,6,39,50,45,44,45,46,34,45,50,46,44,33,32,32,33,18,18,33,19,44,45,33,38,39,5,38,37,48,48,37,47,2,37,3,47,37,36,39,6,5,45,34,20,45,20,33,20,34,21,38,4,37,38,5,4,36,37,2,33,20,19,46,22,34,46,35,22,37,4,3,34,22,21,35,0,22,36,2,1],"vertices":[95,-6.18,95.57,11.97,94.31,28.53,90.55,43.98,83.44,57.89,73,70.73,57.01,79.87,36.5,80.52,15.38,76.57,-1.46,66.25,-16.64,45.44,-25.25,19.52,-26.03,-4.99,-24.31,-25.1,-18.26,-42.51,-10.08,-60,11.41,-81.68,28.72,-86.32,48.99,-86.96,67.2,-78.26,82.08,-62.69,91.01,-41.74,94.48,-22.5,22.75,67.54,9.77,59.93,-3.25,43.83,-10.6,27.79,-15.34,12.13,-14.21,-11.74,-9.38,-37.84,2.94,-58.52,24.4,-73.83,40.53,-78.35,64.39,-70.15,82.68,-36.52,86.45,-6.91,87.27,18.78,81.97,45.14,65.23,60.3,52.56,70.14,18.96,44.78,2.41,13.93,2.58,-32.79,23.19,-52.32,45.81,-53.51,61.63,-45.52,71.95,-10.22,67.25,20.12,54.64,38.93,33.01,11.54,38.31,-22.13],"hull":23,"edges":[0,2,2,4,4,6,6,8,8,10,10,12,12,14,14,16,16,18,18,20,20,22,22,24,24,26,26,28,28,30,30,32,32,34,34,36,36,38,38,40,40,42,42,44,0,44],"width":167,"height":121}},"zbq":{"zbq":{"x":9.15,"y":0.13,"rotation":-83.99,"width":46,"height":29}},"zdm":{"zdm":{"type":"mesh","uvs":[0.50314,0.00801,0.37863,0.0171,0.25075,0.05894,0.14643,0.1408,0.06903,0.24812,0.02191,0.37546,0.02191,0.5137,0.07912,0.65923,0.19691,0.78656,0.3719,0.88661,0.60747,0.97393,0.83967,0.99575,0.96082,0.97938,1,0.91572,0.95409,0.89753,0.7791,0.88661,0.66804,0.83022,0.64022,0.76361,0.62093,0.71744,0.61271,0.59757,0.62973,0.52215,0.65458,0.43003,0.67636,0.34882,0.6931,0.25863,0.68991,0.16155,0.63878,0.06094,0.57381,0.02074],"triangles":[22,4,3,23,3,2,23,22,3,26,25,0,1,24,2,25,1,0,25,24,1,23,2,24,19,6,20,20,6,21,5,22,21,22,5,4,21,6,5,9,8,17,8,18,17,8,7,18,7,19,18,7,6,19,10,15,11,11,14,12,11,15,14,12,14,13,10,16,15,10,9,16,9,17,16],"vertices":[1,19,23.22,0.78,1,1,19,20.84,5.21,1,2,18,37,1.28,0.00516,19,16.14,8.9,0.99484,2,18,31.03,5.58,0.10952,19,9,10.68,0.89048,2,18,23.16,8.85,0.60585,19,0.47,10.78,0.39415,3,17,36.8,5.04,0.00198,18,13.78,10.94,0.9955,19,-9.01,9.22,0.00252,2,17,27.23,8.66,0.204,18,3.55,11.16,0.796,3,16,35.4,-1.54,2.2E-4,17,16.35,10.32,0.92192,18,-7.26,9.1,0.07786,2,16,26.31,3.78,0.11866,17,5.87,9.25,0.88134,2,16,16.4,6.16,0.96575,17,-3.53,5.32,0.03425,1,16,4.98,6.42,1,1,16,-3.68,2.7,1,1,16,-7.08,-0.96,1,1,16,-5.82,-5.76,1,1,16,-3.55,-5.89,1,1,16,2.76,-2.74,1,2,16,8.76,-3.81,0.86751,17,-3.81,-7.24,0.13249,4,16,12.38,-7.33,0.3848,17,1.19,-7.94,0.59442,18,-15.47,-13.17,0.0207,19,-27.18,-24.05,8.0E-5,4,16,14.9,-9.77,0.05017,17,4.66,-8.43,0.91465,18,-12.04,-12.48,0.03505,19,-24.25,-22.12,1.3E-4,3,17,13.08,-11.25,0.61124,18,-3.16,-12.34,0.36488,19,-16.07,-18.69,0.02388,3,17,18.06,-13.86,0.33106,18,2.4,-13.14,0.46685,19,-10.6,-17.36,0.2021,3,17,24.08,-17.2,0.0182,18,9.2,-14.28,0.58071,19,-3.87,-15.89,0.40109,3,17,29.4,-20.14,0.00981,18,15.19,-15.28,0.33517,19,2.06,-14.59,0.65502,2,18,21.84,-16.09,0.04818,19,8.54,-12.86,0.95182,2,18,29.03,-16.12,0.02375,19,15.22,-10.21,0.97625,1,19,21.47,-5.67,1,1,19,23.33,-2.19,1],"hull":27,"edges":[0,2,2,4,4,6,6,8,8,10,10,12,12,14,14,16,16,18,18,20,20,22,22,24,24,26,26,28,28,30,30,32,36,38,50,52,0,52,42,44,44,46,46,48,48,50,38,40,40,42,32,34,34,36],"width":40,"height":74}},"zhead":{"zhead":{"type":"mesh","uvs":[0.56616,0.01062,0.44604,0.00555,0.35971,0.02919,0.27714,0.08491,0.21708,0.14064,0.15577,0.23688,0.10698,0.3534,0.0782,0.45809,0.06819,0.52394,0.02123,0.5803,0,0.66304,0.00246,0.75591,0.03499,0.82177,0.11507,0.89269,0.19014,0.93997,0.3065,0.98556,0.44162,0.99907,0.58175,1,0.70687,0.97205,0.83198,0.91464,0.92707,0.83865,0.96961,0.77955,1,0.64785,1,0.51614,0.98588,0.39118,0.92958,0.23921,0.81697,0.10244,0.70186,0.03152,0.60928,0.00619,0.12133,0.57524,0.08254,0.61914,0.07253,0.68668,0.07878,0.76773,0.1501,0.8471,0.27522,0.89944,0.39408,0.93997,0.55298,0.93997,0.70562,0.92139,0.82948,0.84372,0.93208,0.75085,0.94334,0.59888,0.92832,0.42833,0.86452,0.26285,0.77443,0.16154,0.68685,0.10413,0.58425,0.08218,0.45288,0.08555,0.3653,0.10919,0.29273,0.15647,0.23143,0.2409,0.17638,0.32871,0.14134,0.4773,0.26771,0.58875,0.2014,0.50601,0.19264,0.69006,0.37906,0.77449,0.4729,0.63265,0.4166,0.47899,0.26271,0.36586,0.34904,0.24428,0.53671,0.23415,0.62429,0.40976,0.6343,0.60563,0.61804,0.78631,0.63805,0.8606,0.80696,0.68668,0.80196,0.49081,0.79945,0.4621,0.78319,0.38443,0.68185,0.24934],"triangles":[16,36,17,16,35,36,14,33,34,15,35,16,15,34,35,13,32,33,11,31,32,30,8,29,29,8,51,18,64,37,18,17,64,18,37,19,36,63,64,19,37,38,38,37,65,19,38,20,65,37,64,64,63,65,20,38,39,20,39,21,39,38,65,63,62,65,63,56,62,21,39,22,39,40,22,39,65,40,62,66,65,65,66,40,40,23,22,62,56,61,66,61,67,67,61,68,61,66,62,66,41,40,40,41,23,41,24,23,66,67,41,57,60,61,59,46,60,67,68,41,68,42,41,41,25,24,41,42,25,61,69,68,61,60,69,69,43,68,68,43,42,43,26,42,42,26,25,60,45,69,69,44,43,69,45,44,60,46,45,26,43,27,47,2,46,45,28,44,43,44,27,44,28,27,2,1,46,46,0,45,46,1,0,45,0,28,13,33,14,12,32,13,12,11,32,11,10,31,9,8,30,14,34,15,8,7,51,7,6,51,33,54,34,31,10,30,33,32,54,32,31,54,31,30,54,17,36,64,34,55,35,35,55,36,36,55,63,63,55,56,34,54,55,54,52,55,55,52,56,54,53,52,54,29,53,52,57,56,56,57,61,53,58,52,52,58,57,29,51,53,58,53,50,58,59,57,57,59,60,46,59,47,53,51,50,51,6,50,50,49,58,58,49,59,6,5,50,50,5,49,49,48,59,59,48,47,5,4,49,49,4,48,4,3,48,48,3,47,3,2,47,30,29,54,10,9,30],"vertices":[2,4,77.38,-53.81,0.23722,21,40.04,33.29,0.76278,2,4,78.21,-33.88,0.41452,21,40.87,53.22,0.58548,2,4,75.45,-19.52,0.53057,21,38.11,67.58,0.46943,2,4,68.74,-5.74,0.64958,21,31.4,81.36,0.35042,2,4,61.99,4.3,0.58166,21,24.65,91.4,0.41834,2,4,50.26,14.6,0.53647,21,12.92,101.7,0.46353,2,4,36.01,22.85,0.51091,21,-1.33,109.94,0.48909,2,4,23.18,27.76,0.48018,21,-14.16,114.85,0.51982,2,4,15.1,29.5,0.35143,21,-22.24,116.6,0.64857,2,4,8.25,37.37,0.48571,21,-29.09,124.47,0.51429,2,4,-1.89,41,0.51429,21,-39.23,128.1,0.48571,2,4,-13.32,40.71,0.42,21,-50.66,127.81,0.58,2,4,-21.47,35.39,0.27143,21,-58.81,122.49,0.72857,2,4,-30.33,22.19,0.12,21,-67.67,109.29,0.88,2,4,-36.28,9.79,0.18857,21,-73.62,96.89,0.81143,2,4,-42.09,-9.47,0.14857,21,-79.42,77.63,0.85143,2,4,-43.98,-31.88,0.1676,21,-81.32,55.22,0.8324,2,4,-44.34,-55.14,0.54745,21,-81.67,31.96,0.45255,2,4,-41.11,-75.94,0.36229,21,-78.45,11.16,0.63771,2,4,-34.27,-96.78,0.20317,21,-71.61,-9.68,0.79683,2,4,-25.08,-112.66,0.11237,21,-62.42,-25.57,0.88763,2,4,-17.89,-119.8,0.082,21,-55.23,-32.7,0.918,2,4,-1.74,-125.01,0.04098,21,-39.08,-37.91,0.95902,2,4,14.46,-125.18,0.01296,21,-22.88,-38.08,0.98704,2,4,29.85,-122.99,0.03219,21,-7.49,-35.9,0.96781,2,4,48.64,-113.84,0.04,21,11.3,-26.74,0.96,2,4,65.65,-95.33,0.07714,21,28.31,-8.23,0.92286,2,4,74.57,-76.31,0.08356,21,37.24,10.79,0.91644,2,4,77.85,-60.97,0.18086,21,40.51,26.13,0.81914,2,4,8.7,20.75,0.58857,21,-28.64,107.85,0.41143,2,4,3.37,27.24,0.52,21,-33.97,114.34,0.48,2,4,-4.92,28.99,0.50571,21,-42.26,116.09,0.49429,2,4,-14.9,28.05,0.43143,21,-52.24,115.15,0.56857,2,4,-24.79,16.32,0.36286,21,-62.13,103.42,0.63714,2,4,-31.44,-4.38,0.26022,21,-68.78,82.71,0.73978,2,4,-36.63,-24.06,0.53309,21,-73.97,63.04,0.46691,2,4,-36.9,-50.44,0.58588,21,-74.24,36.66,0.41412,2,4,-34.88,-75.8,0.35041,21,-72.22,11.3,0.64959,2,4,-25.54,-96.46,0.18198,21,-62.88,-9.36,0.81802,2,4,-14.29,-113.61,0.08461,21,-51.63,-26.51,0.91539,2,4,4.38,-115.67,0.03507,21,-32.96,-28.57,0.96493,2,4,25.38,-113.39,0.10631,21,-11.96,-26.3,0.89369,2,4,45.84,-103.01,0.09143,21,8.5,-15.92,0.90857,2,4,58.46,-88.19,0.11021,21,21.12,-1.09,0.88979,2,4,65.67,-73.72,0.08559,21,28.33,13.37,0.91441,2,4,68.55,-56.72,0.21273,21,31.21,30.38,0.78727,2,4,68.36,-34.91,0.41642,21,31.02,52.19,0.58358,2,4,65.6,-20.34,0.55154,21,28.26,66.75,0.44846,2,4,59.91,-8.24,0.66778,21,22.57,78.86,0.33222,2,4,49.63,2.05,0.63353,21,12.29,89.14,0.36647,2,4,38.93,11.3,0.61092,21,1.59,98.39,0.38908,2,4,20.71,17.3,0.48286,21,-16.63,104.4,0.51714,1,4,6.79,-3.53,1,2,4,17.08,7.37,0.96216,21,-20.26,94.47,0.03784,2,4,-5.55,9.06,0.81429,21,-42.88,96.15,0.18571,2,4,-16.25,-21.78,0.85093,21,-53.59,65.32,0.14907,2,4,1.03,-37.54,0.6453,21,-36.31,49.56,0.3547,2,4,20.03,-28.39,0.6733,21,-17.31,58.71,0.3267,2,4,34.21,-2.99,0.83105,21,-3.13,84.11,0.16895,2,4,49.01,-17.47,0.64117,21,11.67,69.63,0.35883,2,4,49.94,-48.64,0.31399,21,12.6,38.46,0.68601,2,4,28.19,-62.95,0.2205,21,-9.15,24.15,0.7795,2,4,4.08,-64.36,0.31893,21,-33.26,22.74,0.68107,2,4,-18.11,-61.43,0.43762,21,-55.45,25.67,0.56238,2,4,-27.29,-64.66,0.43116,21,-64.63,22.44,0.56884,2,4,-6.19,-92.92,0.13777,21,-43.53,-5.82,0.86223,2,4,17.91,-92.34,0.17853,21,-19.43,-5.24,0.82147,2,4,21.45,-91.96,0.06992,21,-15.89,-4.86,0.93008,2,4,31.03,-89.36,0.11675,21,-6.31,-2.26,0.88325,2,4,47.82,-72.71,0.08216,21,10.48,14.39,0.91784],"hull":29,"edges":[0,2,2,4,4,6,6,8,8,10,10,12,12,14,14,16,16,18,18,20,20,22,22,24,24,26,26,28,28,30,30,32,32,34,34,36,36,38,38,40,40,42,42,44,44,46,46,48,48,50,50,52,52,54,54,56,0,56,132,134],"width":166,"height":123}},"zj1":{"zj1":{"type":"mesh","uvs":[0.75167,0.00294,0.56322,0,0.43079,0.06667,0.41042,0.48594,0.23215,0.51948,0.03351,0.67377,0,0.85489,0.18631,0.96894,0.51228,0.97564,0.71092,0.95887,0.90447,0.84148,0.96559,0.71737,0.96559,0.11028],"triangles":[10,3,11,10,8,3,8,7,5,6,5,7,4,8,5,4,3,8,10,9,8,3,12,11,2,1,0,2,0,12,3,2,12],"vertices":[1,13,5.87,2.46,1,1,13,5.57,-2.62,1,1,13,8.16,-6.29,1,2,13,25.32,-7.48,0.26835,15,3.37,-7.79,0.73165,2,13,26.52,-12.34,0.16195,15,7.95,-9.8,0.83805,2,13,32.64,-17.93,0.02079,15,16.12,-8.34,0.97921,1,15,21.55,-3.2,1,1,15,20.66,3.61,1,1,15,14.05,9.43,1,1,15,9.48,12.32,1,1,15,2.39,11.95,1,2,13,35.36,7.15,0.02131,15,-2.13,9.08,0.97869,1,13,10.49,8.07,1],"hull":13,"edges":[0,2,2,4,4,6,6,8,8,10,10,12,12,14,14,16,16,18,18,20,20,22,22,24,0,24],"width":27,"height":41}},"zj2":{"zj2":{"type":"mesh","uvs":[0.69819,0.01993,0.56495,0.02301,0.45743,0.07381,0.43406,0.12153,0.42704,0.4848,0.29147,0.50327,0.09045,0.59717,0.00864,0.73109,0.04838,0.87117,0.19814,0.93581,0.3828,0.98968,0.68667,0.95428,0.91106,0.81112,0.96483,0.66181,0.9508,0.1169,0.78718,0.01838],"triangles":[10,9,4,10,4,11,4,9,5,11,4,12,9,7,6,9,6,5,9,8,7,12,4,13,4,14,13,4,3,14,14,3,0,1,0,3,3,2,1,0,15,14],"vertices":[1,10,10.23,-0.64,1,1,10,10.27,-4.24,1,1,10,12.27,-7.19,1,1,10,14.21,-7.87,1,2,10,29.1,-8.44,0.24867,12,5.51,-9.04,0.75133,2,10,29.76,-12.12,0.17578,12,9.13,-10,0.82422,2,10,33.47,-17.65,0.04801,12,15.7,-8.98,0.95199,2,10,38.9,-20,0.00269,12,20.13,-5.06,0.99731,1,12,21.74,0.56,1,1,12,19.31,4.74,1,1,12,15.84,8.94,1,1,12,7.85,11.31,1,1,12,-0.19,8.77,1,2,10,36.73,5.89,0.13282,12,-4.23,3.95,0.86718,1,10,14.38,6.08,1,1,10,10.23,1.77,1],"hull":16,"edges":[0,2,2,4,4,6,6,8,8,10,10,12,12,14,14,16,16,18,18,20,20,22,22,24,24,26,26,28,28,30,0,30],"width":27,"height":41}},"zw":{"zw":{"type":"mesh","uvs":[0.52086,0.00396,0.42542,0.06877,0.31983,0.17876,0.22236,0.31625,0.12082,0.50676,0.05178,0.67175,0.00508,0.84262,0.03554,0.94083,0.09443,0.99975,0.20002,0.92119,0.4173,0.77781,0.64551,0.658,0.86279,0.53033,0.98463,0.42624,0.99072,0.28286,0.90137,0.16305,0.77344,0.03538,0.63738,0.00789],"triangles":[12,2,1,1,0,17,15,12,17,17,12,1,13,12,14,15,17,16,14,12,15,11,3,2,11,2,12,8,7,9,7,6,9,10,9,5,9,6,5,5,4,10,4,3,10,10,3,11],"vertices":[2,8,22.96,17.53,0.07452,9,7.46,18.59,0.92548,3,7,34.23,21,8.0E-5,8,16.16,18.52,0.21341,9,0.58,18.49,0.78651,3,7,25.22,19.37,0.04093,8,7.02,17.92,0.5162,9,-8.34,16.44,0.44287,3,7,15.59,16.11,0.35209,8,-2.92,15.77,0.53382,9,-17.82,12.74,0.11408,3,7,3.82,10.41,0.92601,8,-15.25,11.44,0.07269,9,-29.3,6.5,0.0013,2,7,-5.48,4.8,0.9999,8,-25.13,6.92,1.0E-4,1,7,-13.93,-1.89,1,1,7,-16.09,-7.76,1,1,7,-15.47,-12.72,1,1,7,-7.61,-12.62,1,2,7,7.9,-13.32,0.98025,8,-13.89,-12.59,0.01975,3,7,23.05,-15.55,0.41072,8,0.92,-16.53,0.55563,9,-8.89,-18.54,0.03364,3,7,37.98,-17.01,0.03507,8,15.58,-19.67,0.45034,9,6.09,-19.3,0.51459,3,7,47.54,-16.24,0.00126,8,25.17,-19.99,0.2134,9,15.6,-18.1,0.78534,2,8,31.44,-13.87,0.089,9,20.82,-11.07,0.911,2,8,32.62,-4.94,0.01092,9,20.57,-2.06,0.98908,1,9,18.7,8.63,1,2,8,27.8,12.63,0.01366,9,13.01,14.53,0.98634],"hull":18,"edges":[0,2,2,4,4,6,6,8,8,10,10,12,12,14,14,16,16,18,18,20,20,22,22,24,24,26,26,28,28,30,30,32,32,34,0,34],"width":59,"height":61}},"元宝":{"元宝":{"x":23.12,"y":-3.03,"rotation":-106.93,"width":75,"height":56}},"元宝2":{"元宝":{"x":-2.54,"y":3.1,"rotation":56.5,"width":75,"height":56}},"元宝3":{"元宝":{"x":-2.54,"y":3.1,"rotation":56.5,"width":75,"height":56}},"图层492(3)":{"图层492(3)":{"x":1.51,"y":-4.79,"width":118,"height":60}},"手ddd":{"手ddd":{"x":19.48,"y":-1.35,"rotation":56.5,"width":46,"height":40}},"手fff":{"手fff":{"x":19.35,"y":-2.43,"rotation":-155.71,"width":45,"height":46}},"组 216":{"组 216":{"x":-12.64,"y":8.32,"width":202,"height":89}},"组 217":{"组 217":{"x":-2.56,"y":12.07,"width":187,"height":96}}}}],"animations":{"idle1":{"slots":{"dy":{"color":[{"color":"ffffffff"},{"time":0.3667,"color":"ffffffcf"},{"time":0.6,"color":"ffffff00"},{"time":0.7667,"color":"ffffffff"},{"time":1.1333,"color":"ffffffcf"},{"time":1.3667,"color":"ffffff00"},{"time":1.5333,"color":"ffffffff"},{"time":1.9,"color":"ffffffcf"},{"time":2.1333,"color":"ffffff00"}],"attachment":[{"name":"dy"}]},"ty3":{"attachment":[{"time":0.2667,"name":"ty"},{"time":0.7667,"name":null},{"time":1.0333,"name":"ty"},{"time":1.5333,"name":null},{"time":1.8,"name":"ty"}]},"ty4":{"attachment":[{"name":"ty"}]},"ty5":{"attachment":[{"name":"ty"}]},"ty6":{"attachment":[{"time":0.2,"name":"ty"}]},"x1":{"color":[{"color":"ffffff00"},{"time":0.1667,"color":"ffffffff","curve":"stepped"},{"time":1.4,"color":"ffffffff"},{"time":1.9333,"color":"ffffff00"}]},"x2":{"color":[{"color":"ffffff00"},{"time":1.9667,"color":"ffffffff"},{"time":2.3,"color":"ffffff00"}]},"x3":{"color":[{"color":"ffffff00"},{"time":0.1667,"color":"ffffffff","curve":"stepped"},{"time":1.4,"color":"ffffffff"},{"time":1.9333,"color":"ffffff00"}]},"x4":{"color":[{"color":"ffffff00"},{"time":1.9667,"color":"ffffffff"},{"time":2.3,"color":"ffffff00"}]},"xxa":{"attachment":[{"time":0.1667,"name":"xxa"}]},"xxa2":{"attachment":[{"name":"xxa"}]},"yb1":{"color":[{"color":"ffffff00","curve":"stepped"},{"time":0.9333,"color":"ffffff00"},{"time":1.0333,"color":"ffffffff","curve":"stepped"},{"time":1.7667,"color":"ffffffff"},{"time":2.0333,"color":"ffffff00"}]},"yb2":{"color":[{"color":"ffffff00"},{"time":0.1,"color":"ffffffff","curve":"stepped"},{"time":0.8667,"color":"ffffffff"},{"time":1.1,"color":"ffffff00"}]},"yb3":{"color":[{"color":"ffffff00","curve":"stepped"},{"time":0.2667,"color":"ffffff00"},{"time":0.3667,"color":"ffffffff","curve":"stepped"},{"time":1.1667,"color":"ffffffff"},{"time":1.6,"color":"ffffff00"}]},"yb4":{"color":[{"color":"ffffff00","curve":"stepped"},{"time":0.7,"color":"ffffff00"},{"time":0.8,"color":"ffffffff","curve":"stepped"},{"time":1.9333,"color":"ffffffff"},{"time":2.1333,"color":"ffffff00"}]},"yb5":{"color":[{"color":"ffffff00","curve":"stepped"},{"time":0.5,"color":"ffffff00"},{"time":0.6,"color":"ffffffff","curve":"stepped"},{"time":1.5,"color":"ffffffff"},{"time":1.6,"color":"ffffff00"}]},"yb6":{"color":[{"color":"ffffff00","curve":"stepped"},{"time":0.5,"color":"ffffff00"},{"time":0.6,"color":"ffffffff","curve":"stepped"},{"time":1.5333,"color":"ffffffff"},{"time":1.9,"color":"ffffff00"}]},"yb7":{"color":[{"color":"ffffff00","curve":"stepped"},{"time":0.9667,"color":"ffffff00"},{"time":1.0667,"color":"ffffffff","curve":"stepped"},{"time":1.7333,"color":"ffffffff"},{"time":2.0667,"color":"ffffff00"}]},"yb8":{"color":[{"color":"ffffff00","curve":"stepped"},{"time":0.5667,"color":"ffffff00"},{"time":0.6667,"color":"ffffffff","curve":"stepped"},{"time":1.7667,"color":"ffffffff"},{"time":2.1667,"color":"ffffff00"}]},"yb9":{"color":[{"color":"ffffff00","curve":"stepped"},{"time":0.7,"color":"ffffff00"},{"time":0.8,"color":"ffffffff","curve":"stepped"},{"time":1.9333,"color":"ffffffff"},{"time":2.2333,"color":"ffffff00"}]},"yb10":{"color":[{"color":"ffffff00","curve":"stepped"},{"time":1.1667,"color":"ffffff00"},{"time":1.2667,"color":"ffffffff","curve":"stepped"},{"time":1.9333,"color":"ffffffff"},{"time":2.2667,"color":"ffffff00"}]},"yb11":{"color":[{"color":"ffffff00","curve":"stepped"},{"time":1.1,"color":"ffffff00"},{"time":1.2,"color":"ffffffff","curve":"stepped"},{"time":1.9,"color":"ffffffff"},{"time":2.2,"color":"ffffff00"}]}},"bones":{"5465":{"translate":[{},{"time":0.3333,"y":-6.14},{"time":0.7333,"curve":"stepped"},{"time":0.7667},{"time":1.1,"y":-6.14},{"time":1.5,"curve":"stepped"},{"time":1.5333},{"time":1.8667,"y":-6.14},{"time":2.2667}],"scale":[{},{"time":0.3333,"x":0.97,"y":1.05},{"time":0.7333,"curve":"stepped"},{"time":0.7667},{"time":1.1,"x":0.97,"y":1.05},{"time":1.5,"curve":"stepped"},{"time":1.5333},{"time":1.8667,"x":0.97,"y":1.05},{"time":2.2667}]},"bone2":{"rotate":[{},{"time":0.3333,"angle":-0.27},{"time":0.7333,"curve":"stepped"},{"time":0.7667},{"time":1.1,"angle":-0.27},{"time":1.5,"curve":"stepped"},{"time":1.5333},{"time":1.8667,"angle":-0.27},{"time":2.2667}]},"bone4":{"rotate":[{},{"time":0.3333,"angle":11.09},{"time":0.7333,"curve":"stepped"},{"time":0.7667},{"time":1.1,"angle":11.09},{"time":1.5,"curve":"stepped"},{"time":1.5333},{"time":1.8667,"angle":11.09},{"time":2.2667}]},"bone5":{"rotate":[{},{"time":0.2,"angle":20.44},{"time":0.3667,"angle":-0.26},{"time":0.5,"angle":19.02},{"time":0.7333,"curve":"stepped"},{"time":0.7667},{"time":0.9667,"angle":20.44},{"time":1.1333,"angle":-0.26},{"time":1.2667,"angle":19.02},{"time":1.5,"curve":"stepped"},{"time":1.5333},{"time":1.7333,"angle":20.44},{"time":1.9,"angle":-0.26},{"time":2.0333,"angle":19.02},{"time":2.2667}]},"bone14":{"rotate":[{},{"time":0.2667,"angle":-16.94},{"time":0.7333,"curve":"stepped"},{"time":0.7667},{"time":1.0333,"angle":-16.94},{"time":1.5,"curve":"stepped"},{"time":1.5333},{"time":1.8,"angle":-16.94},{"time":2.2667}]},"bone15":{"rotate":[{"angle":-2.42},{"time":0.0667},{"time":0.3333,"angle":-20.98},{"time":0.7333,"angle":-2.42,"curve":"stepped"},{"time":0.7667,"angle":-2.42},{"time":0.8333},{"time":1.1,"angle":-20.98},{"time":1.5,"angle":-2.42,"curve":"stepped"},{"time":1.5333,"angle":-2.42},{"time":1.6},{"time":1.8667,"angle":-20.98},{"time":2.2667,"angle":-2.42}]},"bone16":{"rotate":[{"angle":-4.84},{"time":0.1333},{"time":0.4,"angle":-24.66},{"time":0.7333,"angle":-4.84,"curve":"stepped"},{"time":0.7667,"angle":-4.84},{"time":0.9},{"time":1.1667,"angle":-24.66},{"time":1.5,"angle":-4.84,"curve":"stepped"},{"time":1.5333,"angle":-4.84},{"time":1.6667},{"time":1.9333,"angle":-24.66},{"time":2.2667,"angle":-4.84}]},"bone17":{"rotate":[{"angle":-7.26},{"time":0.2},{"time":0.4667,"angle":-28.01},{"time":0.7333,"angle":-7.26,"curve":"stepped"},{"time":0.7667,"angle":-7.26},{"time":0.9667},{"time":1.2333,"angle":-28.01},{"time":1.5,"angle":-7.26,"curve":"stepped"},{"time":1.5333,"angle":-7.26},{"time":1.7333},{"time":2,"angle":-28.01},{"time":2.2667,"angle":-7.26}]},"target":{"translate":[{"x":3.13,"y":-4.54}]},"target2":{"translate":[{"x":-0.93,"y":0.73}]},"bone10":{"scale":[{},{"time":0.3333,"x":1.2,"y":1.1},{"time":0.7333,"curve":"stepped"},{"time":0.7667},{"time":1.1,"x":1.2,"y":1.1},{"time":1.5,"curve":"stepped"},{"time":1.5333},{"time":1.8667,"x":1.2,"y":1.1},{"time":2.2667}]},"bone13":{"translate":[{},{"time":0.3333,"x":9.44,"y":-10.86},{"time":0.4667,"x":6.29,"y":-8.73},{"time":0.7333,"curve":"stepped"},{"time":0.7667},{"time":1.1,"x":9.44,"y":-10.86},{"time":1.2333,"x":6.29,"y":-8.73},{"time":1.5,"curve":"stepped"},{"time":1.5333},{"time":1.8667,"x":9.44,"y":-10.86},{"time":2,"x":6.29,"y":-8.73},{"time":2.2667}]},"bone33":{"rotate":[{"angle":0.09},{"time":0.4,"angle":16.01},{"time":0.7333,"angle":0.09,"curve":"stepped"},{"time":0.7667,"angle":0.09},{"time":1.1667,"angle":16.01},{"time":1.5,"angle":0.09,"curve":"stepped"},{"time":1.5333,"angle":0.09},{"time":1.9333,"angle":16.01},{"time":2.2667,"angle":0.09}]},"mz":{"rotate":[{},{"time":0.3333,"angle":1.48},{"time":0.7333,"curve":"stepped"},{"time":0.7667},{"time":1.1,"angle":1.48},{"time":1.5,"curve":"stepped"},{"time":1.5333},{"time":1.8667,"angle":1.48},{"time":2.2667}],"translate":[{},{"time":0.3333,"x":-3.03,"y":10.89},{"time":0.7333,"curve":"stepped"},{"time":0.7667},{"time":1.1,"x":-3.03,"y":10.89},{"time":1.5,"curve":"stepped"},{"time":1.5333},{"time":1.8667,"x":-3.03,"y":10.89},{"time":2.2667}]},"mz2":{"rotate":[{},{"time":0.3,"angle":10.62},{"time":0.5333,"angle":-14.5},{"time":0.7333,"curve":"stepped"},{"time":0.7667},{"time":1.0667,"angle":10.62},{"time":1.3,"angle":-14.5},{"time":1.5,"curve":"stepped"},{"time":1.5333},{"time":1.8333,"angle":10.62},{"time":2.0667,"angle":-14.5},{"time":2.2667}]},"mz3":{"rotate":[{},{"time":0.3,"angle":16.96},{"time":0.5333,"angle":-5.1},{"time":0.7333,"curve":"stepped"},{"time":0.7667},{"time":1.0667,"angle":16.96},{"time":1.3,"angle":-5.1},{"time":1.5,"curve":"stepped"},{"time":1.5333},{"time":1.8333,"angle":16.96},{"time":2.0667,"angle":-5.1},{"time":2.2667}]},"bone34":{"translate":[{},{"time":0.4,"x":7.2,"y":-14.39},{"time":0.7333,"curve":"stepped"},{"time":0.7667},{"time":1.1667,"x":7.2,"y":-14.39},{"time":1.5,"curve":"stepped"},{"time":1.5333},{"time":1.9333,"x":7.2,"y":-14.39},{"time":2.2667}]},"z2":{"scale":[{"x":0,"y":0},{"time":0.6,"x":1.2,"y":1.1},{"time":0.7667,"x":0,"y":0},{"time":1.3667,"x":1.2,"y":1.1},{"time":1.5333,"x":0,"y":0},{"time":2.1333,"x":1.2,"y":1.1}]},"z6":{"rotate":[{},{"time":0.5667,"angle":18.64},{"time":0.7667},{"time":1.3333,"angle":18.64},{"time":1.5333},{"time":2.1,"angle":18.64}],"translate":[{},{"time":0.5667,"x":-88.08,"y":84.35},{"time":0.7667},{"time":1.3333,"x":-88.08,"y":84.35},{"time":1.5333},{"time":2.1,"x":-88.08,"y":84.35}],"scale":[{"x":0,"y":0},{"time":0.3333},{"time":0.5667,"x":0.5,"y":0},{"time":0.7667,"x":0,"y":0},{"time":1.1},{"time":1.3333,"x":0.5,"y":0},{"time":1.5333,"x":0,"y":0},{"time":1.8667},{"time":2.1,"x":0.5,"y":0}]},"z5":{"rotate":[{"time":0.2667,"angle":-23.28}],"translate":[{"time":0.2667},{"time":0.7333,"x":65.47,"y":79.59},{"time":1.0333},{"time":1.5,"x":65.47,"y":79.59},{"time":1.8},{"time":2.2667,"x":65.47,"y":79.59}],"scale":[{"time":0.2667,"x":0,"y":0},{"time":0.5333},{"time":0.7333,"x":0.5,"y":0},{"time":1.0333,"x":0,"y":0},{"time":1.3},{"time":1.5,"x":0.5,"y":0},{"time":1.8,"x":0,"y":0},{"time":2.0667},{"time":2.2667,"x":0.5,"y":0}]},"z7":{"rotate":[{"time":0.5667,"angle":-23.16}],"translate":[{},{"time":0.5667,"x":58.59,"y":65.96},{"time":0.7667},{"time":1.3333,"x":58.59,"y":65.96},{"time":1.5333},{"time":2.1,"x":58.59,"y":65.96}],"scale":[{"x":0,"y":0},{"time":0.4},{"time":0.5667,"x":0.5,"y":0},{"time":0.7667,"x":0,"y":0},{"time":1.1667},{"time":1.3333,"x":0.5,"y":0},{"time":1.5333,"x":0,"y":0},{"time":1.9333},{"time":2.1,"x":0.5,"y":0}]},"z8":{"translate":[{"time":0.2},{"time":0.7,"x":4.49,"y":58.43},{"time":0.9667},{"time":1.4667,"x":4.49,"y":58.43},{"time":1.7333},{"time":2.2333,"x":4.49,"y":58.43}],"scale":[{"time":0.2,"x":0,"y":0},{"time":0.4667},{"time":0.7,"x":0.5,"y":0},{"time":0.9667,"x":0,"y":0},{"time":1.2333},{"time":1.4667,"x":0.5,"y":0},{"time":1.7333,"x":0,"y":0},{"time":2},{"time":2.2333,"x":0.5,"y":0}]},"z3":{"translate":[{"time":0.3},{"time":0.7333,"x":4.49,"y":84.35},{"time":1.0667},{"time":1.5,"x":4.49,"y":84.35},{"time":1.8333},{"time":2.2667,"x":4.49,"y":84.35}],"scale":[{"time":0.3,"x":0,"y":0},{"time":0.5667,"x":0.6,"y":0.6},{"time":0.7333,"x":0.5,"y":0},{"time":1.0667,"x":0,"y":0},{"time":1.3333,"x":0.6,"y":0.6},{"time":1.5,"x":0.5,"y":0},{"time":1.8333,"x":0,"y":0},{"time":2.1,"x":0.6,"y":0.6},{"time":2.2667,"x":0.5,"y":0}]},"bone44":{"translate":[{},{"time":0.5,"y":90.55},{"time":0.7667},{"time":1.2667,"y":90.55},{"time":1.5333},{"time":2.0333,"y":90.55}],"scale":[{},{"time":0.1333,"x":0.5,"y":0.5},{"time":0.3},{"time":0.4,"x":0.5,"y":0.5},{"time":0.5,"x":0,"y":0},{"time":0.7667},{"time":0.9,"x":0.5,"y":0.5},{"time":1.0667},{"time":1.1667,"x":0.5,"y":0.5},{"time":1.2667,"x":0,"y":0},{"time":1.5333},{"time":1.6667,"x":0.5,"y":0.5},{"time":1.8333},{"time":1.9333,"x":0.5,"y":0.5},{"time":2.0333,"x":0,"y":0}]},"bone43":{"translate":[{"time":0.1667},{"time":0.6667,"y":90.55},{"time":0.9333},{"time":1.4333,"y":90.55},{"time":1.7},{"time":2.2,"y":90.55}],"scale":[{"time":0.1667},{"time":0.3,"x":0.5,"y":0.5},{"time":0.4667},{"time":0.5667,"x":0.5,"y":0.5},{"time":0.6667,"x":0,"y":0},{"time":0.9333},{"time":1.0667,"x":0.5,"y":0.5},{"time":1.2333},{"time":1.3333,"x":0.5,"y":0.5},{"time":1.4333,"x":0,"y":0},{"time":1.7},{"time":1.8333,"x":0.5,"y":0.5},{"time":2},{"time":2.1,"x":0.5,"y":0.5},{"time":2.2,"x":0,"y":0}]},"bone45":{"translate":[{"time":0.2333},{"time":0.7333,"y":90.55},{"time":1},{"time":1.5,"y":90.55},{"time":1.7667},{"time":2.2667,"y":90.55}],"scale":[{"time":0.2333},{"time":0.3667,"x":0.5,"y":0.5},{"time":0.5333},{"time":0.6333,"x":0.5,"y":0.5},{"time":0.7333,"x":0,"y":0},{"time":1},{"time":1.1333,"x":0.5,"y":0.5},{"time":1.3},{"time":1.4,"x":0.5,"y":0.5},{"time":1.5,"x":0,"y":0},{"time":1.7667},{"time":1.9,"x":0.5,"y":0.5},{"time":2.0667},{"time":2.1667,"x":0.5,"y":0.5},{"time":2.2667,"x":0,"y":0}]},"bone30":{"translate":[{"y":113.04},{"time":0.8667,"y":-119.02},{"time":1.1,"y":-142.23}]},"bone24":{"translate":[{"y":113.04,"curve":"stepped"},{"time":0.2667,"y":113.04},{"time":0.9667,"y":45.8},{"time":1.7333,"y":-191.44},{"time":2.0667,"y":-245.82}]},"bone23":{"translate":[{"y":113.04,"curve":"stepped"},{"time":0.5667,"y":113.04},{"time":1.7667,"y":-81.77},{"time":2.1667,"y":-142.23}]},"bone25":{"translate":[{"time":0.7,"y":252.49},{"time":1.9333,"y":-54.04},{"time":2.2333,"y":-84.7}]},"bone26":{"translate":[{"time":0.2667,"y":252.49},{"time":1.1333,"y":-0.4},{"time":1.6,"y":-84.7}]},"bone29":{"translate":[{"time":0.5,"y":252.49},{"time":1.5333,"y":-60.61},{"time":1.9,"y":-84.7}]},"bone22":{"translate":[{"time":0.5,"y":252.49},{"time":1.6,"y":-84.7}]},"bone27":{"translate":[{"time":0.7,"y":252.49},{"time":1.9333,"y":12.04},{"time":2.1333,"y":-12}]},"bone28":{"translate":[{"time":0.9333,"y":252.49},{"time":1.7667,"y":-54.04},{"time":2.0333,"y":-84.7}]},"bone40":{"translate":[{"time":1.1667,"y":366.36},{"time":1.9333,"y":145.8},{"time":2.2667,"y":123.74}]},"bone41":{"translate":[{"time":1.1,"y":513.04},{"time":1.9,"y":313.53},{"time":2.2,"y":293.58}]},"bone31":{"translate":[{"y":159.39},{"time":2.3,"y":-32.31}],"scale":[{},{"time":0.4667,"x":0.3,"y":0.3},{"time":0.8667},{"time":1.3,"x":0.3,"y":0.3},{"time":1.7},{"time":1.9667,"x":0.3,"y":0.3},{"time":2.3}]},"bone32":{"translate":[{"y":159.39},{"time":2.3,"y":-32.31}],"scale":[{},{"time":0.4667,"x":0.3,"y":0.3},{"time":0.8667},{"time":1.3,"x":0.3,"y":0.3},{"time":1.7},{"time":1.9667,"x":0.3,"y":0.3},{"time":2.3}]},"bone35":{"translate":[{"y":159.39},{"time":2.3,"y":-32.31}],"scale":[{},{"time":0.4667,"x":0.3,"y":0.3},{"time":0.8667},{"time":1.3,"x":0.3,"y":0.3},{"time":1.7},{"time":1.9667,"x":0.3,"y":0.3},{"time":2.3}]},"bone47":{"translate":[{"y":159.39},{"time":2.3,"y":-32.31}],"scale":[{},{"time":0.4667,"x":0.3,"y":0.3},{"time":0.8667},{"time":1.3,"x":0.3,"y":0.3},{"time":1.7},{"time":1.9667,"x":0.3,"y":0.3},{"time":2.3}]}},"deform":{"default":{"zbody":{"zbody":[{},{"time":0.3333,"offset":10,"vertices":[-0.08926,-4.04132,-0.08926,-4.04134,1.0E-5,-1.45252,0,0.5857,0,0,0,0,0,0,0,0,0,0,0,0,0,0,2.0E-5,-0.78404,2.0E-5,-0.78403,2.0E-5,1.17149,1.0E-5,1.98212,0,0,0,0,0,0,2.0E-5,0.58573,0,0,0,0,0,0,0,0,0,0,0,0,0,0,2.0E-5,-0.78403,0,0.58576,1.0E-5,1.98212,0,0,0,0,0,0,0,0,-0.08926,-2.598,-0.08926,-2.598]},{"time":0.7333,"curve":"stepped"},{"time":0.7667},{"time":1.1,"offset":10,"vertices":[-0.08926,-4.04132,-0.08926,-4.04134,1.0E-5,-1.45252,0,0.5857,0,0,0,0,0,0,0,0,0,0,0,0,0,0,2.0E-5,-0.78404,2.0E-5,-0.78403,2.0E-5,1.17149,1.0E-5,1.98212,0,0,0,0,0,0,2.0E-5,0.58573,0,0,0,0,0,0,0,0,0,0,0,0,0,0,2.0E-5,-0.78403,0,0.58576,1.0E-5,1.98212,0,0,0,0,0,0,0,0,-0.08926,-2.598,-0.08926,-2.598]},{"time":1.5,"curve":"stepped"},{"time":1.5333},{"time":1.8667,"offset":10,"vertices":[-0.08926,-4.04132,-0.08926,-4.04134,1.0E-5,-1.45252,0,0.5857,0,0,0,0,0,0,0,0,0,0,0,0,0,0,2.0E-5,-0.78404,2.0E-5,-0.78403,2.0E-5,1.17149,1.0E-5,1.98212,0,0,0,0,0,0,2.0E-5,0.58573,0,0,0,0,0,0,0,0,0,0,0,0,0,0,2.0E-5,-0.78403,0,0.58576,1.0E-5,1.98212,0,0,0,0,0,0,0,0,-0.08926,-2.598,-0.08926,-2.598]},{"time":2.2667}]}}}},"idle2":{"slots":{"ddddd":{"attachment":[{"name":null}]},"dy":{"color":[{"color":"ffffffff"},{"time":0.3667,"color":"ffffffcf"},{"time":0.6,"color":"ffffff00"}],"attachment":[{"name":"dy"}]},"m1":{"attachment":[{"name":null}]},"m2":{"attachment":[{"name":null}]},"m3":{"attachment":[{"name":null}]},"ty3":{"attachment":[{"time":0.2667,"name":"ty"}]},"ty4":{"attachment":[{"name":"ty"}]},"ty5":{"attachment":[{"name":"ty"}]},"ty6":{"attachment":[{"time":0.2,"name":"ty"}]},"xxa":{"attachment":[{"time":0.1667,"name":"xxa"}]},"xxa2":{"attachment":[{"name":"xxa"}]},"yfds":{"attachment":[{"name":null}]},"zbody":{"attachment":[{"name":null}]},"zbq":{"attachment":[{"name":null}]},"zdm":{"attachment":[{"name":null}]},"zhead":{"attachment":[{"name":null}]},"zj1":{"attachment":[{"name":null}]},"zj2":{"attachment":[{"name":null}]},"zw":{"attachment":[{"name":null}]},"元宝":{"attachment":[{"name":null}]},"手ddd":{"attachment":[{"name":null}]},"手fff":{"attachment":[{"name":null}]}},"bones":{"z5":{"rotate":[{"time":0.2667,"angle":-23.28}],"translate":[{"time":0.2667},{"time":0.7333,"x":65.47,"y":79.59}],"scale":[{"time":0.2667,"x":0,"y":0},{"time":0.5333},{"time":0.7333,"x":0.5,"y":0}]},"z6":{"rotate":[{},{"time":0.5667,"angle":18.64}],"translate":[{},{"time":0.5667,"x":-88.08,"y":84.35}],"scale":[{"x":0,"y":0},{"time":0.3333},{"time":0.5667,"x":0.5,"y":0}]},"z7":{"rotate":[{"time":0.5667,"angle":-23.16}],"translate":[{},{"time":0.5667,"x":58.59,"y":65.96}],"scale":[{"x":0,"y":0},{"time":0.4},{"time":0.5667,"x":0.5,"y":0}]},"z2":{"scale":[{"x":0,"y":0},{"time":0.6,"x":1.2,"y":1.1}]},"bone44":{"translate":[{},{"time":0.5,"y":90.55}],"scale":[{},{"time":0.1333,"x":0.5,"y":0.5},{"time":0.3},{"time":0.4,"x":0.5,"y":0.5},{"time":0.5,"x":0,"y":0}]},"bone43":{"translate":[{"time":0.1667},{"time":0.6667,"y":90.55}],"scale":[{"time":0.1667},{"time":0.3,"x":0.5,"y":0.5},{"time":0.4667},{"time":0.5667,"x":0.5,"y":0.5},{"time":0.6667,"x":0,"y":0}]},"z8":{"translate":[{"time":0.2},{"time":0.7,"x":4.49,"y":58.43}],"scale":[{"time":0.2,"x":0,"y":0},{"time":0.4667},{"time":0.7,"x":0.5,"y":0}]},"bone45":{"translate":[{"time":0.2333},{"time":0.7333,"y":90.55}],"scale":[{"time":0.2333},{"time":0.3667,"x":0.5,"y":0.5},{"time":0.5333},{"time":0.6333,"x":0.5,"y":0.5},{"time":0.7333,"x":0,"y":0}]},"z3":{"translate":[{"time":0.3},{"time":0.7333,"x":4.49,"y":84.35}],"scale":[{"time":0.3,"x":0,"y":0},{"time":0.5667,"x":0.6,"y":0.6},{"time":0.7333,"x":0.5,"y":0}]}}},"pose1":{"slots":{"dy":{"color":[{"time":0.4333,"color":"fffffffe"},{"time":0.7667,"color":"ffffff00","curve":"stepped"},{"time":1.1,"color":"ffffffff","curve":"stepped"},{"time":1.6667,"color":"ffffffff"},{"time":2,"color":"ffffff00"}],"attachment":[{"name":"dy"}]},"ty":{"color":[{"color":"ffffff00"},{"time":0.4,"color":"ffffffff"},{"time":0.7,"color":"ffffff00"}],"attachment":[{"name":"ty"}]},"ty2":{"color":[{"color":"ffffff00","curve":"stepped"},{"time":0.2333,"color":"ffffff00"},{"time":0.6333,"color":"ffffffff"},{"time":0.9333,"color":"ffffff00"}],"attachment":[{"time":0.2333,"name":"ty"}]},"ty3":{"color":[{"color":"ffffff00","curve":"stepped"},{"time":0.4333,"color":"ffffff00"},{"time":0.8333,"color":"ffffffff"},{"time":1.1333,"color":"ffffff00"}],"attachment":[{"time":0.4333,"name":"ty"}]},"ty4":{"color":[{"color":"ffffff00","curve":"stepped"},{"time":0.7333,"color":"ffffff00"},{"time":1.1333,"color":"ffffffff"},{"time":1.4333,"color":"ffffff00"}],"attachment":[{"time":0.7333,"name":"ty"}]},"ty5":{"color":[{"color":"ffffff00","curve":"stepped"},{"time":0.9667,"color":"ffffff00"},{"time":1.3667,"color":"ffffffff"},{"time":1.6667,"color":"ffffff00"}],"attachment":[{"time":0.9667,"name":"ty"}]},"xxa":{"color":[{"time":0.5667,"color":"ffffff00"},{"time":0.7333,"color":"ffffffff","curve":"stepped"},{"time":1.3,"color":"ffffffff"},{"time":1.4667,"color":"ffffff00"}],"attachment":[{"time":0.7667,"name":"xxa"}]},"xxa2":{"color":[{"time":0.8667,"color":"ffffff00"},{"time":1.0333,"color":"ffffffff","curve":"stepped"},{"time":1.6,"color":"ffffffff"},{"time":1.7667,"color":"ffffff00"}],"attachment":[{"time":1.0667,"name":"xxa"}]},"xxa3":{"color":[{"time":0.1333,"color":"ffffff00"},{"time":0.3,"color":"ffffffff","curve":"stepped"},{"time":0.8667,"color":"ffffffff"},{"time":1.0333,"color":"ffffff00"}],"attachment":[{"time":0.3333,"name":"xxa"}]},"元宝2":{"attachment":[{"time":0.4667,"name":"元宝"}]},"元宝3":{"attachment":[{"time":0.4667,"name":"元宝"}]}},"bones":{"target":{"translate":[{"x":-20.34,"y":-8.2}]},"target2":{"translate":[{"x":14.76,"y":1.31}]},"5465":{"translate":[{},{"time":0.2667,"y":-6.89},{"time":0.4,"y":2.3},{"time":0.6333,"y":-0.99},{"time":0.8333,"y":2.3},{"time":0.9667,"y":-4.65},{"time":1.1333,"y":-0.91},{"time":1.2333,"y":-5.86},{"time":1.4333},{"time":1.6,"y":-3.28},{"time":2}],"scale":[{},{"time":0.2,"x":0.95,"y":1.03},{"time":0.5,"x":1.02,"y":0.98},{"time":0.8,"x":0.95,"y":1.05},{"time":1.2,"x":1.05,"y":0.95},{"time":1.4333},{"time":1.7,"x":0.98,"y":1.02},{"time":2}]},"bone33":{"rotate":[{},{"time":0.2667,"angle":40.37},{"time":0.3667,"angle":-22.05},{"time":0.5333,"angle":-27.42},{"time":0.7667,"angle":1.02},{"time":0.9,"angle":-43.41},{"time":1,"angle":-22.05},{"time":1.1,"angle":3},{"time":1.1667,"angle":-46.77},{"time":1.2333}]},"bone14":{"rotate":[{},{"time":0.5,"angle":-21.01},{"time":0.9333,"angle":26.21},{"time":1.3333,"angle":-22.77},{"time":2}]},"bone16":{"rotate":[{"angle":-11.78},{"time":0.1333,"angle":-5.27},{"time":0.6333,"angle":-26.28},{"time":1.0667,"angle":20.93},{"time":1.4667,"angle":-28.04},{"time":2,"angle":-11.78}]},"bone17":{"rotate":[{"angle":-17.67},{"time":0.2,"angle":-7.91},{"time":0.7,"angle":-28.92},{"time":1.1333,"angle":18.3},{"time":1.5333,"angle":-30.68},{"time":2,"angle":-17.67}]},"bone15":{"rotate":[{"angle":-5.89},{"time":0.0667,"angle":-2.64},{"time":0.5667,"angle":-23.64},{"time":1,"angle":23.57},{"time":1.4,"angle":-25.41},{"time":2,"angle":-5.89}]},"bone4":{"rotate":[{},{"time":0.3667,"angle":-29.67},{"time":0.6333,"angle":-22.41},{"time":0.8667,"angle":26.33},{"time":1.0667,"angle":-11.82},{"time":1.4333,"angle":-10.26},{"time":2}]},"bone34":{"rotate":[{"time":0.3333},{"time":0.6,"angle":21.6},{"time":1.5,"angle":-21.07},{"time":1.7,"angle":0.71},{"time":2,"angle":-10.5}],"translate":[{},{"time":0.3333,"x":18.39,"y":-26.27},{"time":0.4,"x":15.71,"y":-5.54},{"time":0.6,"x":84.07,"y":75.17},{"time":0.8667,"x":181.69,"y":-4.87},{"time":1.0667,"x":23.51,"y":-12.59},{"time":1.2,"x":104.29,"y":77.38},{"time":1.3,"x":174.56,"y":70.16}]},"bone36":{"rotate":[{"time":0.4667},{"time":0.7667,"angle":-31.82},{"time":0.9,"angle":-37.04},{"time":1.3,"angle":-2.67},{"time":1.4333,"angle":-37.04},{"time":2,"angle":1.69}],"translate":[{"time":0.4667},{"time":0.7667,"x":-123.36,"y":-95.48},{"time":0.9,"x":-133.51,"y":49.36},{"time":1.2,"x":-35.3,"y":16.28}]},"bone38":{"rotate":[{"time":0.4667},{"time":0.7667,"angle":-31.82},{"time":0.9,"angle":-37.04},{"time":1.2,"angle":40.16},{"time":1.4333,"angle":-37.04},{"time":2,"angle":-22.13}],"translate":[{"time":0.4667},{"time":0.6667,"x":-30.66,"y":-30.92},{"time":0.7667,"x":-134.27,"y":-14.73},{"time":0.9,"x":-157.78,"y":-33.56},{"time":1.2,"x":-73.19,"y":33.91},{"time":1.4333,"x":-67.82,"y":34.79}]},"mz":{"rotate":[{},{"time":0.5,"angle":6.03},{"time":0.9667,"angle":-2.17},{"time":1.3667,"angle":5.37},{"time":2}]},"mz3":{"rotate":[{},{"time":0.5333,"angle":5.7},{"time":1.0667,"angle":-3.5},{"time":1.5,"angle":8.68},{"time":2}]},"mz2":{"rotate":[{},{"time":0.5333,"angle":5.7},{"time":1.0667,"angle":-3.5},{"time":1.5,"angle":8.68},{"time":2}]},"z2":{"scale":[{"x":0,"y":0},{"time":0.7667,"x":1.5,"y":1.5,"curve":"stepped"},{"time":1.1,"x":0,"y":0},{"time":2,"x":1.5,"y":1.5}]},"z3":{"translate":[{"x":-28.65},{"time":0.7,"x":97.79,"y":111.31}],"scale":[{"x":0,"y":0},{"time":0.3333},{"time":0.7,"x":0.5,"y":0}]},"z4":{"rotate":[{"angle":17.42},{"time":0.9333,"angle":15.62}],"translate":[{"time":0.2333,"x":30.85,"y":-7.24},{"time":0.9333,"x":-84.51,"y":127.16}],"scale":[{"time":0.2333,"x":0,"y":0},{"time":0.5667},{"time":0.9333,"x":0.5,"y":0}]},"z5":{"translate":[{"time":0.4333},{"time":1.1333,"x":5.52,"y":103.24}],"scale":[{"time":0.4333,"x":0,"y":0},{"time":0.7667},{"time":1.1333,"x":0.5,"y":0}]},"z6":{"rotate":[{"angle":17.42},{"time":1.4333,"angle":8.02}],"translate":[{"time":0.7333,"x":30.85,"y":-7.24},{"time":1.4333,"x":-57.75,"y":127.16}],"scale":[{"time":0.7333,"x":0,"y":0},{"time":1.0667},{"time":1.4333,"x":0.5,"y":0}]},"z7":{"translate":[{"time":0.9667},{"time":1.6667,"x":44.6,"y":103.24}],"scale":[{"time":0.9667,"x":0,"y":0},{"time":1.3},{"time":1.6667,"x":0.5,"y":0}]},"bone43":{"translate":[{"time":0.5667},{"time":1.4667,"y":118.12}],"scale":[{"time":0.5667,"x":0,"y":0},{"time":0.7667},{"time":0.9333,"x":0.5,"y":0.5},{"time":1.1},{"time":1.3,"x":0.3,"y":0.3},{"time":1.4667}]},"bone44":{"translate":[{"time":0.8667},{"time":1.7667,"y":118.12}],"scale":[{"time":0.8667,"x":0,"y":0},{"time":1.0667},{"time":1.2333,"x":0.5,"y":0.5},{"time":1.4},{"time":1.6,"x":0.3,"y":0.3},{"time":1.7667}]},"bone45":{"translate":[{"time":0.1333},{"time":1.0333,"y":118.12}],"scale":[{"time":0.1333,"x":0,"y":0},{"time":0.3333},{"time":0.5,"x":0.5,"y":0.5},{"time":0.6667},{"time":0.8667,"x":0.3,"y":0.3},{"time":1.0333}]}}},"pose2":{"slots":{"ddddd":{"attachment":[{"name":null}]},"dy":{"color":[{"time":0.4333,"color":"fffffffe"},{"time":0.7667,"color":"ffffff00","curve":"stepped"},{"time":1.1,"color":"ffffffff","curve":"stepped"},{"time":1.5,"color":"ffffffff"},{"time":1.7,"color":"ffffff00"}],"attachment":[{"name":"dy"}]},"m1":{"attachment":[{"name":null}]},"m2":{"attachment":[{"name":null}]},"m3":{"attachment":[{"name":null}]},"ty":{"color":[{"color":"ffffff00"},{"time":0.4,"color":"ffffffff"},{"time":0.7,"color":"ffffff00"}],"attachment":[{"name":"ty"}]},"ty2":{"color":[{"color":"ffffff00","curve":"stepped"},{"time":0.2333,"color":"ffffff00"},{"time":0.6333,"color":"ffffffff"},{"time":0.9333,"color":"ffffff00"}],"attachment":[{"time":0.2333,"name":"ty"}]},"ty3":{"color":[{"color":"ffffff00","curve":"stepped"},{"time":0.4333,"color":"ffffff00"},{"time":0.8333,"color":"ffffffff"},{"time":1.1333,"color":"ffffff00"}],"attachment":[{"time":0.4333,"name":"ty"}]},"ty4":{"color":[{"color":"ffffff00","curve":"stepped"},{"time":0.7333,"color":"ffffff00"},{"time":1.1333,"color":"ffffffff"},{"time":1.2667,"color":"ffffff00"}],"attachment":[{"time":0.7333,"name":"ty"}]},"ty5":{"color":[{"color":"ffffff00","curve":"stepped"},{"time":0.9667,"color":"ffffff00"},{"time":1.2,"color":"ffffffff"},{"time":1.5,"color":"ffffff00"}],"attachment":[{"time":0.9667,"name":"ty"}]},"xxa":{"color":[{"time":0.5667,"color":"ffffff00"},{"time":0.7333,"color":"ffffffff","curve":"stepped"},{"time":1.2333,"color":"ffffffff"},{"time":1.3,"color":"ffffff00"}],"attachment":[{"time":0.7667,"name":"xxa"}]},"xxa2":{"color":[{"time":0.8667,"color":"ffffff00"},{"time":1.0333,"color":"ffffffff","curve":"stepped"},{"time":1.4333,"color":"ffffffff"},{"time":1.6,"color":"ffffff00"}],"attachment":[{"time":1.0667,"name":"xxa"}]},"xxa3":{"color":[{"time":0.1333,"color":"ffffff00"},{"time":0.3,"color":"ffffffff","curve":"stepped"},{"time":0.8667,"color":"ffffffff"},{"time":1.0333,"color":"ffffff00"}],"attachment":[{"time":0.3333,"name":"xxa"}]},"yfds":{"attachment":[{"name":null}]},"zbody":{"attachment":[{"name":null}]},"zbq":{"attachment":[{"name":null}]},"zdm":{"attachment":[{"name":null}]},"zhead":{"attachment":[{"name":null}]},"zj1":{"attachment":[{"name":null}]},"zj2":{"attachment":[{"name":null}]},"zw":{"attachment":[{"name":null}]},"元宝":{"attachment":[{"name":null}]},"手ddd":{"attachment":[{"name":null}]},"手fff":{"attachment":[{"name":null}]}},"bones":{"z2":{"scale":[{"x":0,"y":0},{"time":0.7667,"x":1.5,"y":1.5,"curve":"stepped"},{"time":1.1,"x":0,"y":0},{"time":1.7,"x":1.5,"y":1.5}]},"bone45":{"translate":[{"time":0.1333},{"time":1.0333,"y":118.12}],"scale":[{"time":0.1333,"x":0,"y":0},{"time":0.3333},{"time":0.5,"x":0.5,"y":0.5},{"time":0.6667},{"time":0.8667,"x":0.3,"y":0.3},{"time":1.0333}]},"bone44":{"translate":[{"time":0.8667},{"time":1.6,"y":118.12}],"scale":[{"time":0.8667,"x":0,"y":0},{"time":1.0667},{"time":1.1667,"x":0.5,"y":0.5},{"time":1.2333},{"time":1.4333,"x":0.3,"y":0.3},{"time":1.6}]},"bone43":{"translate":[{"time":0.5667},{"time":1.3,"y":118.12}],"scale":[{"time":0.5667,"x":0,"y":0},{"time":0.7667},{"time":0.9333,"x":0.5,"y":0.5},{"time":1.1},{"time":1.2333,"x":0.3,"y":0.3},{"time":1.3}]},"z3":{"translate":[{"x":-28.65},{"time":0.7,"x":97.79,"y":111.31}],"scale":[{"x":0,"y":0},{"time":0.3333},{"time":0.7,"x":0.5,"y":0}]},"z4":{"rotate":[{"angle":17.42},{"time":0.9333,"angle":15.62}],"translate":[{"time":0.2333,"x":30.85,"y":-7.24},{"time":0.9333,"x":-84.51,"y":127.16}],"scale":[{"time":0.2333,"x":0,"y":0},{"time":0.5667},{"time":0.9333,"x":0.5,"y":0}]},"z5":{"translate":[{"time":0.4333},{"time":1.1333,"x":5.52,"y":103.24}],"scale":[{"time":0.4333,"x":0,"y":0},{"time":0.7667},{"time":1.1333,"x":0.5,"y":0}]},"z6":{"rotate":[{"angle":17.42},{"time":1.2667,"angle":8.02}],"translate":[{"time":0.7333,"x":30.85,"y":-7.24},{"time":1.2667,"x":-57.75,"y":127.16}],"scale":[{"time":0.7333,"x":0,"y":0},{"time":1.0667},{"time":1.2667,"x":0.5,"y":0}]},"z7":{"translate":[{"time":0.9667},{"time":1.5,"x":44.6,"y":103.24}],"scale":[{"time":0.9667,"x":0,"y":0},{"time":1.2333},{"time":1.5,"x":0.5,"y":0}]}}},"walk1":{"slots":{"dy":{"color":[{"color":"ffffffff"},{"time":0.3667,"color":"ffffffcf"},{"time":0.8667,"color":"ffffff00"}],"attachment":[{"name":"dy"}]},"ty":{"attachment":[{"time":0.4333,"name":"ty"}]},"ty2":{"color":[{"color":"ffffff00","curve":"stepped"},{"time":0.1333,"color":"ffffff00"},{"time":0.5333,"color":"ffffffff"},{"time":0.8333,"color":"ffffff00"}],"attachment":[{"time":0.1333,"name":"ty"}]},"ty3":{"attachment":[{"time":0.2667,"name":"ty"}]},"ty4":{"attachment":[{"name":"ty"}]},"ty5":{"attachment":[{"name":"ty"}]},"ty6":{"attachment":[{"time":0.2,"name":"ty"}]},"xxa":{"attachment":[{"time":0.1667,"name":"xxa"}]},"xxa2":{"attachment":[{"name":"xxa"}]}},"bones":{"5465":{"translate":[{},{"time":0.2667,"y":12.18},{"time":0.5333},{"time":0.8333,"y":12.18},{"time":1.1}],"scale":[{},{"time":0.2667,"x":0.95,"y":1.05},{"time":0.5333},{"time":0.8333,"x":0.95,"y":1.05},{"time":1.1}]},"bone4":{"rotate":[{},{"time":0.5333,"angle":-53.32},{"time":1.1}],"translate":[{},{"time":0.5333,"x":-7.33},{"time":1.1}]},"bone5":{"rotate":[{},{"time":0.4,"angle":19.77},{"time":0.7667,"angle":-22.95},{"time":1.1}]},"bone14":{"rotate":[{},{"time":0.5667,"angle":-26.27},{"time":1.1}]},"bone15":{"rotate":[{"angle":-5.7},{"time":0.0667,"angle":-2.42},{"time":0.6333,"angle":-28.69},{"time":1.1,"angle":-5.7}]},"bone16":{"rotate":[{"angle":-11.41},{"time":0.1333,"angle":-4.84},{"time":0.7,"angle":-31.11},{"time":1.1,"angle":-11.41}]},"bone17":{"rotate":[{"angle":-17.11},{"time":0.2,"angle":-7.26},{"time":0.7667,"angle":-33.53},{"time":1.1,"angle":-17.11}]},"target":{"rotate":[{},{"time":0.5333,"angle":-13.45},{"time":1.1}],"translate":[{"x":12.81,"y":14.24},{"time":0.2667,"x":-6.62,"y":18.42},{"time":0.5333,"x":-29.86,"y":1.79},{"time":1.1,"x":12.81,"y":14.24}]},"target2":{"rotate":[{},{"time":0.5333,"angle":8.72},{"time":1.1}],"translate":[{"x":-8.7,"y":-2.55},{"time":0.5333,"x":38.81,"y":21.85},{"time":0.8333,"x":13.66,"y":21.43},{"time":1.1,"x":-8.7,"y":-2.55}]},"bone33":{"rotate":[{"angle":0.09},{"time":0.0667,"angle":6.59},{"time":0.2667,"angle":-19.74},{"time":0.5333,"angle":-3.7},{"time":0.6,"angle":5.96},{"time":0.8333,"angle":-25.4},{"time":1.1,"angle":0.09}]},"mz":{"rotate":[{},{"time":0.5333,"angle":6.21},{"time":1.1}]},"bone8":{"translate":[{"x":-4.58,"y":2.69}]},"bone11":{"translate":[{"x":-12.13,"y":-10.43}]},"mz2":{"rotate":[{},{"time":0.5333,"angle":9.84},{"time":1.1}]},"mz3":{"rotate":[{},{"time":0.5333,"angle":9.84},{"time":1.1}]},"bone34":{"translate":[{},{"time":0.0667,"x":2.11,"y":-3.06},{"time":0.2667,"y":63.7},{"time":0.5333,"y":-2.18},{"time":0.6,"y":-3.54},{"time":0.8333,"y":74.81},{"time":1.1}]},"z2":{"scale":[{"x":0,"y":0},{"time":0.8667,"x":1.2,"y":1.1},{"time":1.1,"x":0,"y":0}]},"z6":{"scale":[{"x":0,"y":0}]},"z7":{"scale":[{"x":0,"y":0}]},"bone12":{"rotate":[{"angle":14.08}],"translate":[{"x":2.29,"y":-7.2}]},"bone44":{"translate":[{},{"time":0.5,"y":90.55}],"scale":[{},{"time":0.1333,"x":0.5,"y":0.5},{"time":0.3},{"time":0.4,"x":0.5,"y":0.5},{"time":0.5,"x":0,"y":0}]},"bone43":{"translate":[{"time":0.1667},{"time":0.6667,"y":90.55}],"scale":[{"time":0.1667},{"time":0.3,"x":0.5,"y":0.5},{"time":0.4667},{"time":0.5667,"x":0.5,"y":0.5},{"time":0.6667,"x":0,"y":0}]},"z8":{"translate":[{"time":0.2},{"time":0.7,"x":4.49,"y":58.43}],"scale":[{"time":0.2,"x":0,"y":0},{"time":0.4667},{"time":0.7,"x":0.5,"y":0}]},"z3":{"translate":[{"time":0.4333},{"time":0.8667,"x":26.09,"y":89.57}],"scale":[{"time":0.4333,"x":0,"y":0},{"time":0.7,"x":0.6,"y":0.6},{"time":0.8667,"x":0.5,"y":0}]},"z5":{"rotate":[{"time":0.2667,"angle":-23.28}],"translate":[{"time":0.2667},{"time":0.7333,"x":37.26,"y":79.59}],"scale":[{"time":0.2667,"x":0,"y":0},{"time":0.5333},{"time":0.7333,"x":0.5,"y":0}]},"z4":{"rotate":[{"angle":17.42},{"time":0.8333,"angle":15.62}],"translate":[{"time":0.1333,"x":30.85,"y":-7.24},{"time":0.8333,"x":-61.62,"y":81.37}],"scale":[{"time":0.1333,"x":0,"y":0},{"time":0.4667},{"time":0.8333,"x":0.5,"y":0}]}}},"walk2":{"slots":{"ddddd":{"attachment":[{"name":null}]},"dy":{"color":[{"color":"ffffffff"},{"time":0.3667,"color":"ffffffcf"},{"time":0.8667,"color":"ffffff00"}],"attachment":[{"name":"dy"}]},"m1":{"attachment":[{"name":null}]},"m2":{"attachment":[{"name":null}]},"m3":{"attachment":[{"name":null}]},"ty":{"attachment":[{"time":0.4333,"name":"ty"}]},"ty2":{"color":[{"color":"ffffff00","curve":"stepped"},{"time":0.1333,"color":"ffffff00"},{"time":0.5333,"color":"ffffffff"},{"time":0.8333,"color":"ffffff00"}],"attachment":[{"time":0.1333,"name":"ty"}]},"ty3":{"attachment":[{"time":0.2667,"name":"ty"},{"time":1.1,"name":null}]},"ty4":{"attachment":[{"name":"ty"}]},"ty5":{"attachment":[{"name":"ty"}]},"ty6":{"attachment":[{"time":0.2,"name":"ty"}]},"xxa":{"color":[{"time":0.1667,"color":"ffffffff"},{"time":0.6,"color":"ffffffcb"},{"time":0.6667,"color":"ffffff00"}],"attachment":[{"time":0.1667,"name":"xxa"}]},"xxa2":{"color":[{"color":"ffffffff"},{"time":0.3667,"color":"ffffffe5"},{"time":0.5,"color":"ffffff00"}],"attachment":[{"name":"xxa"}]},"yfds":{"attachment":[{"name":null}]},"zbody":{"attachment":[{"name":null}]},"zbq":{"attachment":[{"name":null}]},"zdm":{"attachment":[{"name":null}]},"zhead":{"attachment":[{"name":null}]},"zj1":{"attachment":[{"name":null}]},"zj2":{"attachment":[{"name":null}]},"zw":{"attachment":[{"name":null}]},"元宝":{"attachment":[{"name":null}]},"手ddd":{"attachment":[{"name":null}]},"手fff":{"attachment":[{"name":null}]}},"bones":{"z5":{"rotate":[{"time":0.2667,"angle":-23.28}],"translate":[{"time":0.2667},{"time":0.7333,"x":37.26,"y":79.59}],"scale":[{"time":0.2667,"x":0,"y":0},{"time":0.5333},{"time":0.7333,"x":0.5,"y":0}]},"z6":{"scale":[{"x":0,"y":0}]},"z7":{"scale":[{"x":0,"y":0}]},"z2":{"scale":[{"x":0,"y":0},{"time":0.8667,"x":1.2,"y":1.1},{"time":1.1,"x":0,"y":0}]},"bone44":{"translate":[{},{"time":0.5,"y":90.55},{"time":1.1}],"scale":[{},{"time":0.1333,"x":0.5,"y":0.5},{"time":0.3},{"time":0.4,"x":0.5,"y":0.5},{"time":0.5,"x":0,"y":0},{"time":1.1}]},"z4":{"rotate":[{"angle":17.42},{"time":0.8333,"angle":15.62}],"translate":[{"time":0.1333,"x":30.85,"y":-7.24},{"time":0.8333,"x":-61.62,"y":81.37}],"scale":[{"time":0.1333,"x":0,"y":0},{"time":0.4667},{"time":0.8333,"x":0.5,"y":0}]},"bone43":{"translate":[{"time":0.1667},{"time":0.6667,"y":90.55}],"scale":[{"time":0.1667},{"time":0.3,"x":0.5,"y":0.5},{"time":0.4667},{"time":0.5667,"x":0.5,"y":0.5},{"time":0.6667,"x":0,"y":0}]},"z8":{"translate":[{"time":0.2},{"time":0.7,"x":4.49,"y":58.43}],"scale":[{"time":0.2,"x":0,"y":0},{"time":0.4667},{"time":0.7,"x":0.5,"y":0}]},"z3":{"translate":[{"time":0.4333},{"time":0.8667,"x":26.09,"y":89.57}],"scale":[{"time":0.4333,"x":0,"y":0},{"time":0.7,"x":0.6,"y":0.6},{"time":0.8667,"x":0.5,"y":0}]}}}}}