{"frameRate":9,"isGlobal":0,"armature":[{"bone":[{"name":"root","transform":{}},{"length":124,"transform":{"y":234.177,"skX":-88.1886,"skY":-88.1886,"x":5.1923},"parent":"root","name":"手指"},{"length":39,"transform":{"y":-1.054,"skX":-90,"skY":-90,"x":-1.3},"parent":"root","name":"光圈1"},{"length":92,"transform":{"skX":-90,"skY":-90,"x":-2.45},"parent":"root","name":"光圈"}],"type":"Armature","frameRate":9,"animation":[{"playTimes":0,"bone":[{"frame":[{"transform":{},"duration":14}],"name":"root"},{"frame":[{"curve":[0.5,0,1,1],"transform":{"y":-80.997},"duration":3},{"curve":[0,0,0.5,1],"transform":{"y":-135.997},"duration":4},{"curve":[0.5,0,1,1],"transform":{"y":-80.997},"duration":3},{"curve":[0,0,0.5,1],"transform":{"y":-135.997},"duration":4},{"transform":{"y":-80.997},"duration":0}],"name":"手指"},{"frame":[{"transform":{},"duration":2},{"tweenEasing":0,"transform":{"scY":0.3,"scX":0.3},"duration":2},{"tweenEasing":0,"transform":{},"duration":10},{"transform":{"scY":1.5,"scX":1.5},"duration":0}],"name":"光圈1"},{"frame":[{"tweenEasing":0,"transform":{"scY":0.3,"scX":0.3},"duration":9},{"tweenEasing":0,"transform":{"scY":0.3,"scX":0.3},"duration":2},{"tweenEasing":0,"transform":{},"duration":3},{"transform":{"scY":1.5,"scX":1.5},"duration":0}],"name":"光圈"}],"slot":[{"frame":[{"tweenEasing":0,"color":{"aM":0},"duration":2},{"curve":[0.5,0,1,1],"color":{"aM":0},"duration":2},{"curve":[0.5,0,1,1],"duration":10},{"tweenEasing":null,"color":{"aM":0},"duration":0}],"name":"光圈1"},{"frame":[{"tweenEasing":0,"color":{"aM":0},"duration":9},{"tweenEasing":0,"color":{"aM":0},"duration":2},{"tweenEasing":0,"duration":3},{"tweenEasing":null,"color":{"aM":0},"duration":0}],"name":"光圈"}],"ffd":[],"frame":[],"ik":[],"name":"newAnimation","duration":14}],"defaultActions":[{"gotoAndPlay":"newAnimation"}],"ik":[],"aabb":{"width":245,"y":-139.1540362746715,"height":468.8310080115385,"x":-122.5},"slot":[{"name":"光圈1","parent":"光圈1","color":{}},{"z":1,"name":"光圈","parent":"光圈","color":{}},{"z":2,"name":"手指","parent":"手指","color":{}}],"name":"Armature","skin":[{"slot":[{"display":[{"width":144,"triangles":[1,0,2,0,3,2],"type":"mesh","vertices":[-70.4,-95.5,71.45,-95.5,71.45,95.5,-72,95.5],"transform":{"scY":0.8,"y":13.0436,"skX":88.1886,"skY":88.1886,"scX":0.8,"x":0.4125},"edges":[0,1,1,2,2,3,3,0],"userEdges":[],"path":"手","height":191,"name":"手指","uvs":[0.01111,0,0.99618,0,0.99618,1,0,1]}],"name":"手指"},{"display":[{"path":"大圈","type":"image","name":"光圈","transform":{"y":1.3,"skX":90,"skY":90,"x":15.6}}],"name":"光圈1"},{"display":[{"path":"大圈","type":"image","name":"光圈","transform":{"scY":0.8,"y":2.45,"skX":180,"skY":180,"scX":0.8,"x":15.9107}}],"name":"光圈"}],"name":""}]}],"name":"finger_slow","version":"4.5"}