{
  "__type__": "cc.SpriteFrame",
  "content": {
    "name": "scene_item_1004401",
    "atlas": "",
    "rect": {
      "x": 76,
      "y": 89,
      "width": 138,
      "height": 195
    },
    "offset": {
      "x": 3.5,
      "y": -17
    },
    "originalSize": {
      "width": 283,
      "height": 339
    },
    "rotated": false,
    "capInsets": [
      0,
      0,
      0,
      0
    ],
    "vertices": {
      "rawPosition": [
        -69,
        -97.5,
        0,
        69,
        -97.5,
        0,
        -69,
        97.5,
        0,
        69,
        97.5,
        0
      ],
      "indexes": [
        0,
        1,
        2,
        2,
        1,
        3
      ],
      "uv": [
        76,
        250,
        214,
        250,
        76,
        55,
        214,
        55
      ],
      "nuv": [
        0.26855123674911663,
        0.16224188790560473,
        0.7561837455830389,
        0.16224188790560473,
        0.26855123674911663,
        0.7374631268436578,
        0.7561837455830389,
        0.7374631268436578
      ],
      "minPos": {
        "x": -69,
        "y": -97.5,
        "z": 0
      },
      "maxPos": {
        "x": 69,
        "y": 97.5,
        "z": 0
      }
    },
    "texture": "0214207a-cef8-41f3-834c-5f589e3ef033@6c48a",
    "packable": true,
    "pixelsToUnit": 100,
    "pivot": {
      "x": 0.5,
      "y": 0.5
    },
    "meshType": 0
  }
}