{"skeleton":{"hash":"MMvxESw4LCk","spine":"3.8-from-4.0-from-4.1.17","x":-271.31,"y":-89.38,"width":596.1,"height":341.41,"images":"./images/","audio":"E:/游戏项目/健身房/spine"},"bones":[{"name":"root"},{"name":"z1","parent":"root","x":2.29,"y":37.62},{"name":"5465","parent":"z1","length":53.69,"rotation":91.82,"x":-0.87,"y":5.1},{"name":"bone2","parent":"5465","length":82.2,"rotation":-1.22,"x":58.82,"y":0.69},{"name":"bone13","parent":"bone2","x":25.58,"y":42.84},{"name":"bone3","parent":"bone13","length":8.14,"rotation":-6.6,"x":-9.43,"y":-5.1},{"name":"bone4","parent":"5465","length":36.26,"rotation":-155.4,"x":34.75,"y":-24.94},{"name":"bone5","parent":"5465","length":17.04,"rotation":-54.95,"x":30.01,"y":-74.67},{"name":"bone6","parent":"bone5","length":10.54,"rotation":6.49,"x":20.27,"y":0.77},{"name":"bone7","parent":"bone6","length":12.88,"rotation":-9.15,"x":12.64,"y":0.36},{"name":"bone8","parent":"5465","length":33.23,"rotation":179.65,"x":-1.05,"y":-19.57},{"name":"target2","parent":"root","x":13.3,"y":11.69,"color":"ff3f00ff"},{"name":"bone9","parent":"target2","length":12.38,"rotation":-150.78,"x":0.25,"y":1.8},{"name":"bone11","parent":"5465","length":27.74,"rotation":-179.7,"x":9.35,"y":24.74},{"name":"target","parent":"root","x":1.72,"y":19.01,"color":"ff3f00ff"},{"name":"bone12","parent":"target","length":12.88,"rotation":-140.45,"x":-0.27,"y":5.81},{"name":"bone14","parent":"bone13","length":15.74,"rotation":56.29,"x":56.34,"y":-23.58},{"name":"bone15","parent":"bone14","length":18.38,"rotation":-36.19,"x":16.11,"y":-0.22},{"name":"bone16","parent":"bone15","length":17.77,"rotation":-19.46,"x":20.17,"y":-0.68},{"name":"bone17","parent":"bone16","length":17.35,"rotation":-21.86,"x":18.71,"y":-0.98},{"name":"bone10","parent":"z1","x":-0.01,"y":-22.97},{"name":"bone18","parent":"bone2","x":62.92,"y":-44.26},{"name":"bone33","parent":"5465","length":36.26,"rotation":136.66,"x":46.9,"y":58.23},{"name":"bone34","parent":"bone4","length":15.33,"rotation":-98.63,"x":49.91,"y":-3.54},{"name":"5471","parent":"5465","x":48.17,"y":-56.55},{"name":"bone","parent":"root","x":14.92,"y":-11.38,"color":"6fff1aff"},{"name":"bone19","parent":"bone","length":65.69,"rotation":142.08,"x":-83.42,"y":32.57,"color":"6fff1aff"},{"name":"bone20","parent":"bone","length":81.78,"rotation":23.45,"x":61.46,"y":30.73,"color":"6fff1aff"},{"name":"bone21","parent":"bone","length":47.26,"rotation":90,"x":0.35,"y":43.51,"color":"6fff1aff"},{"name":"bone22","parent":"bone19","length":41.93,"rotation":25.42,"x":86.51,"y":-1.49,"color":"6fff1aff"},{"name":"bone23","parent":"bone19","length":34.73,"rotation":-32.58,"x":81.3,"y":-20.09,"color":"6fff1aff"},{"name":"bone24","parent":"bone19","length":43.08,"rotation":50.29,"x":105.4,"y":40.09,"color":"6fff1aff"},{"name":"bone25","parent":"bone19","length":15.99,"rotation":85.36,"x":153.94,"y":101.22,"color":"6fff1aff"},{"name":"bone26","parent":"bone19","length":11.97,"rotation":25.82,"x":162.73,"y":50.6,"color":"6fff1aff"},{"name":"bone27","parent":"bone19","length":23.67,"rotation":34.35,"x":150.77,"y":-8.46,"color":"6fff1aff"},{"name":"bone28","parent":"bone19","length":34.81,"rotation":16.53,"x":140.52,"y":-31.23,"color":"6fff1aff"},{"name":"bone29","parent":"bone19","x":208.76,"y":1.06,"color":"6fff1aff"},{"name":"bone30","parent":"bone19","x":160.42,"y":-77.13,"color":"6fff1aff"},{"name":"bone31","parent":"bone19","length":26.37,"rotation":-101.56,"x":101.6,"y":-72.88,"color":"6fff1aff"},{"name":"bone35","parent":"bone20","length":22.86,"rotation":87.8,"x":88.81,"y":83.99,"color":"6fff1aff"},{"name":"bone36","parent":"bone20","x":120.49,"y":96.06,"color":"6fff1aff"},{"name":"bone37","parent":"bone20","length":37.47,"rotation":45.25,"x":79,"y":25.68,"color":"6fff1aff"},{"name":"bone38","parent":"bone20","length":42.25,"rotation":-12.14,"x":87.77,"y":5.75,"color":"6fff1aff"},{"name":"bone39","parent":"bone20","length":40.63,"rotation":-10.83,"x":132.29,"y":36.75,"color":"6fff1aff"},{"name":"bone40","parent":"bone20","length":15.39,"rotation":-23.45,"x":157.37,"y":14.26,"color":"6fff1aff"},{"name":"bone41","parent":"bone20","x":215.88,"y":30.17,"color":"6fff1aff"},{"name":"bone42","parent":"bone20","length":28.04,"rotation":-30.72,"x":159.83,"y":-45.5,"color":"6fff1aff"},{"name":"bone43","parent":"bone20","x":237.22,"y":-30.69,"color":"6fff1aff"}],"slots":[{"name":"图层492(3)","bone":"bone10","attachment":"图层492(3)"},{"name":"zj1","bone":"bone11","attachment":"zj1"},{"name":"zj2","bone":"bone8","attachment":"zj2"},{"name":"zw","bone":"bone5","attachment":"zw"},{"name":"zhand2","bone":"bone33","attachment":"zhand"},{"name":"zbody","bone":"5465","attachment":"zbody"},{"name":"zhead","bone":"bone2","attachment":"zhead"},{"name":"zhand","bone":"bone4","attachment":"zhand"},{"name":"zbq","bone":"bone3","attachment":"zbq"},{"name":"zdm","bone":"bone14","attachment":"zdm"},{"name":"a0","bone":"bone29","attachment":"a0"},{"name":"a1","bone":"bone25","attachment":"a1"},{"name":"a2","bone":"bone26","attachment":"a2"},{"name":"a3","bone":"bone24","attachment":"a3"},{"name":"a4","bone":"bone27","attachment":"a4"},{"name":"a5","bone":"bone22","attachment":"a5"},{"name":"a6","bone":"bone31","attachment":"a6"},{"name":"a7","bone":"bone30","attachment":"a7"},{"name":"a8","bone":"bone23","attachment":"a8"},{"name":"a9","bone":"bone28","attachment":"a9"},{"name":"b10","bone":"bone35","attachment":"b10"},{"name":"b11","bone":"bone36","attachment":"b11"},{"name":"b12","bone":"bone39","attachment":"b12"},{"name":"b13","bone":"bone40","attachment":"b13"},{"name":"b14","bone":"bone37","attachment":"b14"},{"name":"b15","bone":"bone38","attachment":"b15"},{"name":"b16","bone":"bone41","attachment":"b16"},{"name":"b17","bone":"bone43","attachment":"b17"},{"name":"b18","bone":"bone42","attachment":"b18"},{"name":"yt","bone":"bone20","attachment":"yt"},{"name":"yt2","bone":"bone19","attachment":"yt2"},{"name":"bx","bone":"bone21","attachment":"bx"},{"name":"图层 2464","bone":"bone","attachment":"图层 2464"}],"ik":[{"name":"target","bones":["bone11"],"target":"target"},{"name":"target2","order":1,"bones":["bone8"],"target":"target2"}],"skins":[{"name":"default","attachments":{"a0":{"a0":{"x":0.99,"y":0.71,"rotation":-145.65,"width":26,"height":24}},"a1":{"a1":{"x":10.73,"y":2.21,"rotation":128.99,"width":25,"height":34}},"a2":{"a2":{"x":10.64,"y":-0.72,"rotation":-171.47,"width":43,"height":50}},"a3":{"a3":{"x":15.79,"y":4.53,"rotation":164.05,"width":77,"height":31}},"a4":{"a4":{"x":12.07,"y":1.59,"rotation":180,"width":38,"height":15}},"a5":{"a5":{"x":35.64,"y":0.68,"rotation":-171.07,"width":77,"height":25}},"a6":{"a6":{"x":23.98,"y":-4.95,"rotation":-44.09,"width":60,"height":44}},"a7":{"a7":{"x":3.01,"y":-1.46,"rotation":-145.65,"width":43,"height":41}},"a8":{"a8":{"x":20.32,"y":-4.28,"rotation":-113.07,"width":29,"height":63}},"a9":{"a9":{"x":19.09,"y":-0.33,"rotation":-162.18,"width":58,"height":28}},"b10":{"b10":{"x":13.11,"y":1.24,"rotation":-111.25,"width":24,"height":35}},"b11":{"b11":{"x":-1.06,"y":-0.22,"rotation":-23.45,"width":24,"height":23}},"b12":{"b12":{"x":17.4,"y":0.98,"rotation":-12.62,"width":61,"height":24}},"b13":{"b13":{"x":9.19,"y":-0.01,"width":35,"height":14}},"b14":{"b14":{"x":22.95,"y":-0.95,"rotation":-68.7,"width":26,"height":59}},"b15":{"b15":{"x":24.5,"y":-3.2,"rotation":-11.31,"width":69,"height":21}},"b16":{"b16":{"x":-1.11,"y":3.24,"rotation":-23.45,"width":49,"height":51}},"b17":{"b17":{"x":-0.43,"y":2.59,"rotation":-23.45,"width":40,"height":37}},"b18":{"b18":{"x":21.93,"y":-3.12,"rotation":7.27,"width":60,"height":28}},"bx":{"bx":{"x":27.41,"y":1.36,"rotation":-90,"width":156,"height":139}},"yt":{"yt":{"x":48.47,"y":11.31,"rotation":-23.45,"width":121,"height":98}},"yt2":{"yt2":{"x":48.51,"y":-6.08,"rotation":-145.65,"width":109,"height":98}},"zbody":{"zbody":{"type":"mesh","uvs":[0.50774,0,0.39901,0,0.30017,0.01479,0.20838,0.04987,0.12648,0.11224,0.05165,0.20188,0,0.33636,0,0.50591,0.02764,0.67936,0.09259,0.81578,0.22005,0.93571,0.37679,1,0.52364,1,0.64367,0.98054,0.74675,0.92597,0.84983,0.85386,0.9755,0.67067,1,0.52645,1,0.35885,0.94443,0.21073,0.84841,0.09185,0.72133,0.02364,0.60554,0,0.08025,0.6161,0.12826,0.72134,0.22711,0.82463,0.32454,0.88114,0.41915,0.91622,0.56177,0.90063,0.71709,0.85386,0.83853,0.74667,0.92608,0.56543,0.95008,0.43095,0.89642,0.23607,0.69168,0.0938,0.51376,0.07041,0.35984,0.07041,0.2031,0.12108,0.11556,0.26335,0.05907,0.37054,0.21722,0.64143,0.40503,0.77006,0.68462,0.75642,0.79758,0.58102,0.8004,0.39393,0.74957,0.2653,0.53635,0.18929,0.35561,0.23607,0.24546,0.3452,0.4135,0.5167,0.61401,0.46409],"triangles":[35,36,1,38,5,4,10,25,26,9,24,25,8,23,24,7,39,23,38,39,5,13,29,14,13,28,29,14,29,15,28,42,29,29,30,15,15,30,16,29,42,30,42,43,30,42,50,43,30,31,16,30,43,31,16,31,17,43,44,31,43,50,44,31,32,17,31,44,32,32,18,17,50,45,44,45,46,34,45,50,46,44,33,32,32,33,18,18,33,19,44,45,33,45,34,20,45,20,33,20,34,21,33,20,19,46,22,34,46,35,22,34,22,21,10,9,25,9,8,24,8,7,23,7,6,39,39,6,5,35,0,22,35,1,0,46,36,35,36,2,1,10,26,11,11,27,12,12,28,13,12,27,28,11,26,27,26,41,27,27,41,28,28,41,42,50,41,49,26,25,41,24,40,25,25,40,41,41,40,49,24,23,40,40,48,49,40,23,48,48,39,38,48,23,39,48,47,49,49,47,46,46,47,36,49,46,50,38,37,48,48,37,47,2,37,3,47,37,36,38,4,37,36,37,2,37,4,3,41,50,42],"vertices":[1,24,46.82,50.37,1,1,24,47.4,68.52,1,1,24,46.14,85.08,1,1,24,42.38,100.53,1,1,24,35.27,114.44,1,1,24,24.83,127.28,1,1,24,8.84,136.41,1,1,24,-11.67,137.07,1,1,24,-32.79,133.12,1,1,24,-49.64,122.8,1,1,24,-64.82,101.99,1,1,24,-73.42,76.07,1,1,24,-74.2,51.56,1,1,24,-72.48,31.45,1,1,24,-66.43,14.03,1,1,24,-58.25,-3.45,1,1,24,-36.76,-25.13,1,1,24,-19.45,-29.77,1,1,24,0.82,-30.42,1,1,24,19.03,-21.71,1,1,24,33.91,-6.14,1,1,24,42.83,14.81,1,1,24,46.31,34.05,1,1,24,-25.42,124.09,1,1,24,-38.4,116.48,1,1,24,-51.42,100.38,1,1,24,-58.77,84.33,1,1,24,-63.51,68.68,1,1,24,-62.38,44.81,1,1,24,-57.55,18.71,1,1,24,-45.23,-1.97,1,1,24,-23.77,-17.28,1,1,24,-7.64,-21.81,1,1,24,16.22,-13.6,1,1,24,34.51,20.03,1,1,24,38.28,49.64,1,1,24,39.09,75.33,1,1,24,33.8,101.69,1,1,24,17.05,116.85,1,1,24,4.39,126.69,1,1,24,-29.21,101.33,1,1,24,-45.76,70.47,1,1,24,-45.59,23.75,1,1,24,-24.98,4.22,1,1,24,-2.37,3.03,1,1,24,13.46,11.03,1,1,24,23.78,46.32,1,1,24,19.08,76.67,1,1,24,6.47,95.48,1,1,24,-15.17,68.09,1,1,24,-9.86,34.42,1],"hull":23,"edges":[0,2,2,4,4,6,6,8,8,10,10,12,12,14,14,16,16,18,18,20,20,22,22,24,24,26,26,28,28,30,30,32,32,34,34,36,36,38,38,40,40,42,42,44,0,44],"width":167,"height":121}},"zbq":{"zbq":{"x":9.15,"y":0.13,"rotation":-83.99,"width":46,"height":29}},"zdm":{"zdm":{"type":"mesh","uvs":[0.50314,0.00801,0.37863,0.0171,0.25075,0.05894,0.14643,0.1408,0.06903,0.24812,0.02191,0.37546,0.02191,0.5137,0.07912,0.65923,0.19691,0.78656,0.3719,0.88661,0.60747,0.97393,0.83967,0.99575,0.96082,0.97938,1,0.91572,0.95409,0.89753,0.7791,0.88661,0.66804,0.83022,0.64022,0.76361,0.62093,0.71744,0.61271,0.59757,0.62973,0.52215,0.65458,0.43003,0.67636,0.34882,0.6931,0.25863,0.68991,0.16155,0.63878,0.06094,0.57381,0.02074],"triangles":[23,2,24,25,24,1,25,1,0,1,24,2,26,25,0,23,22,3,23,3,2,22,4,3,21,6,5,22,5,4,5,22,21,20,6,21,19,6,20,7,6,19,7,19,18,8,7,18,8,18,17,9,8,17,9,17,16,10,9,16,10,16,15,12,14,13,11,15,14,11,14,12,10,15,11],"vertices":[1,19,23.22,0.78,1,1,19,20.84,5.21,1,2,18,37,1.28,0.00516,19,16.14,8.9,0.99484,2,18,31.03,5.58,0.10952,19,9,10.68,0.89048,2,18,23.16,8.85,0.60585,19,0.47,10.78,0.39415,3,17,36.8,5.04,0.00198,18,13.78,10.94,0.9955,19,-9.01,9.22,0.00252,2,17,27.23,8.66,0.204,18,3.55,11.16,0.796,3,16,35.4,-1.54,2.2E-4,17,16.35,10.32,0.92192,18,-7.26,9.1,0.07786,2,16,26.31,3.78,0.11866,17,5.87,9.25,0.88134,2,16,16.4,6.16,0.96575,17,-3.53,5.32,0.03425,1,16,4.98,6.42,1,1,16,-3.68,2.7,1,1,16,-7.08,-0.96,1,1,16,-5.82,-5.76,1,1,16,-3.55,-5.89,1,1,16,2.76,-2.74,1,2,16,8.76,-3.81,0.86751,17,-3.81,-7.24,0.13249,4,16,12.38,-7.33,0.3848,17,1.19,-7.94,0.59442,18,-15.47,-13.17,0.0207,19,-27.18,-24.05,8.0E-5,4,16,14.9,-9.77,0.05017,17,4.66,-8.43,0.91465,18,-12.04,-12.48,0.03505,19,-24.25,-22.12,1.3E-4,3,17,13.08,-11.25,0.61124,18,-3.16,-12.34,0.36488,19,-16.07,-18.69,0.02388,3,17,18.06,-13.86,0.33106,18,2.4,-13.14,0.46685,19,-10.6,-17.36,0.2021,3,17,24.08,-17.2,0.0182,18,9.2,-14.28,0.58071,19,-3.87,-15.89,0.40109,3,17,29.4,-20.14,0.00981,18,15.19,-15.28,0.33517,19,2.06,-14.59,0.65502,2,18,21.84,-16.09,0.04818,19,8.54,-12.86,0.95182,2,18,29.03,-16.12,0.02375,19,15.22,-10.21,0.97625,1,19,21.47,-5.67,1,1,19,23.33,-2.19,1],"hull":27,"edges":[0,2,2,4,4,6,6,8,8,10,10,12,12,14,14,16,16,18,18,20,20,22,22,24,24,26,26,28,28,30,30,32,36,38,50,52,0,52,42,44,44,46,46,48,48,50,38,40,40,42,32,34,34,36],"width":40,"height":74}},"zhand":{"zhand":{"x":15.35,"y":-1.77,"rotation":56.5,"width":43,"height":47}},"zhand2":{"zhand":{"path":"zhand2","x":15.35,"y":-1.77,"rotation":56.5,"width":41,"height":45}},"zhead":{"zhead":{"type":"mesh","uvs":[0.56616,0.01062,0.44604,0.00555,0.35971,0.02919,0.27714,0.08491,0.21708,0.14064,0.15577,0.23688,0.10698,0.3534,0.0782,0.45809,0.06819,0.52394,0.02123,0.5803,0,0.66304,0.00246,0.75591,0.03499,0.82177,0.11507,0.89269,0.19014,0.93997,0.3065,0.98556,0.44162,0.99907,0.58175,1,0.70687,0.97205,0.83198,0.91464,0.92707,0.83865,0.96961,0.77955,1,0.64785,1,0.51614,0.98588,0.39118,0.92958,0.23921,0.81697,0.10244,0.70186,0.03152,0.60928,0.00619,0.12133,0.57524,0.08254,0.61914,0.07253,0.68668,0.07878,0.76773,0.1501,0.8471,0.27522,0.89944,0.39408,0.93997,0.55298,0.93997,0.70562,0.92139,0.82948,0.84372,0.93208,0.75085,0.94334,0.59888,0.92832,0.42833,0.86452,0.26285,0.77443,0.16154,0.68685,0.10413,0.58425,0.08218,0.45288,0.08555,0.3653,0.10919,0.29273,0.15647,0.23143,0.2409,0.17638,0.32871,0.14134,0.4773,0.26771,0.58875,0.2014,0.50601,0.19264,0.69006,0.37906,0.77449,0.4729,0.63265,0.4166,0.47899,0.26271,0.36586,0.34904,0.24428,0.53671,0.23415,0.62429,0.40976,0.6343,0.60563,0.61804,0.78631,0.63805,0.8606,0.80696,0.68668,0.80196,0.49081,0.79945,0.4621,0.78319,0.38443,0.68185,0.24934],"triangles":[33,54,34,7,6,51,8,7,51,14,34,15,9,8,30,11,10,31,12,11,32,12,32,13,13,33,14,45,0,28,46,1,0,46,0,45,2,1,46,44,28,27,43,44,27,45,28,44,47,2,46,26,43,27,60,46,45,69,45,44,69,44,43,60,45,69,42,26,25,43,26,42,68,43,42,69,43,68,61,60,69,61,69,68,41,42,25,41,25,24,68,42,41,67,68,41,59,46,60,57,60,61,66,67,41,41,24,23,40,41,23,66,41,40,61,66,62,67,61,68,66,61,67,62,56,61,40,23,22,65,66,40,62,66,65,39,65,40,39,40,22,21,39,22,63,56,62,63,62,65,39,38,65,20,39,21,20,38,39,64,63,65,65,37,64,19,38,20,38,37,65,19,37,38,36,63,64,18,37,19,18,17,64,18,64,37,29,8,51,30,8,29,11,31,32,13,32,33,15,34,35,15,35,16,14,33,34,16,35,36,16,36,17,10,9,30,30,29,54,3,2,47,48,3,47,4,3,48,49,4,48,5,4,49,59,48,47,49,48,59,50,5,49,6,5,50,58,49,59,50,49,58,51,6,50,53,51,50,46,59,47,57,59,60,58,59,57,58,53,50,29,51,53,52,58,57,53,58,52,56,57,61,52,57,56,54,29,53,54,53,52,55,52,56,54,52,55,34,54,55,63,55,56,36,55,63,35,55,36,34,55,35,17,36,64,31,30,54,32,31,54,33,32,54,31,10,30],"vertices":[2,4,77.38,-53.81,0.23722,21,40.04,33.29,0.76278,2,4,78.21,-33.88,0.41452,21,40.87,53.22,0.58548,2,4,75.45,-19.52,0.53057,21,38.11,67.58,0.46943,2,4,68.74,-5.74,0.64958,21,31.4,81.36,0.35042,2,4,61.99,4.3,0.58166,21,24.65,91.4,0.41834,2,4,50.26,14.6,0.53647,21,12.92,101.7,0.46353,2,4,36.01,22.85,0.51091,21,-1.33,109.94,0.48909,2,4,23.18,27.76,0.48018,21,-14.16,114.85,0.51982,2,4,15.1,29.5,0.35143,21,-22.24,116.6,0.64857,2,4,8.25,37.37,0.48571,21,-29.09,124.47,0.51429,2,4,-1.89,41,0.51429,21,-39.23,128.1,0.48571,2,4,-13.32,40.71,0.42,21,-50.66,127.81,0.58,2,4,-21.47,35.39,0.27143,21,-58.81,122.49,0.72857,2,4,-30.33,22.19,0.12,21,-67.67,109.29,0.88,2,4,-36.28,9.79,0.18857,21,-73.62,96.89,0.81143,2,4,-42.09,-9.47,0.14857,21,-79.42,77.63,0.85143,2,4,-43.98,-31.88,0.1676,21,-81.32,55.22,0.8324,2,4,-44.34,-55.14,0.54745,21,-81.67,31.96,0.45255,2,4,-41.11,-75.94,0.36229,21,-78.45,11.16,0.63771,2,4,-34.27,-96.78,0.20317,21,-71.61,-9.68,0.79683,2,4,-25.08,-112.66,0.11237,21,-62.42,-25.57,0.88763,2,4,-17.89,-119.8,0.082,21,-55.23,-32.7,0.918,2,4,-1.74,-125.01,0.04098,21,-39.08,-37.91,0.95902,2,4,14.46,-125.18,0.01296,21,-22.88,-38.08,0.98704,2,4,29.85,-122.99,0.03219,21,-7.49,-35.9,0.96781,2,4,48.64,-113.84,0.04,21,11.3,-26.74,0.96,2,4,65.65,-95.33,0.07714,21,28.31,-8.23,0.92286,2,4,74.57,-76.31,0.08356,21,37.24,10.79,0.91644,2,4,77.85,-60.97,0.18086,21,40.51,26.13,0.81914,2,4,8.7,20.75,0.58857,21,-28.64,107.85,0.41143,2,4,3.37,27.24,0.52,21,-33.97,114.34,0.48,2,4,-4.92,28.99,0.50571,21,-42.26,116.09,0.49429,2,4,-14.9,28.05,0.43143,21,-52.24,115.15,0.56857,2,4,-24.79,16.32,0.36286,21,-62.13,103.42,0.63714,2,4,-31.44,-4.38,0.26022,21,-68.78,82.71,0.73978,2,4,-36.63,-24.06,0.53309,21,-73.97,63.04,0.46691,2,4,-36.9,-50.44,0.58588,21,-74.24,36.66,0.41412,2,4,-34.88,-75.8,0.35041,21,-72.22,11.3,0.64959,2,4,-25.54,-96.46,0.18198,21,-62.88,-9.36,0.81802,2,4,-14.29,-113.61,0.08461,21,-51.63,-26.51,0.91539,2,4,4.38,-115.67,0.03507,21,-32.96,-28.57,0.96493,2,4,25.38,-113.39,0.10631,21,-11.96,-26.3,0.89369,2,4,45.84,-103.01,0.09143,21,8.5,-15.92,0.90857,2,4,58.46,-88.19,0.11021,21,21.12,-1.09,0.88979,2,4,65.67,-73.72,0.08559,21,28.33,13.37,0.91441,2,4,68.55,-56.72,0.21273,21,31.21,30.38,0.78727,2,4,68.36,-34.91,0.41642,21,31.02,52.19,0.58358,2,4,65.6,-20.34,0.55154,21,28.26,66.75,0.44846,2,4,59.91,-8.24,0.66778,21,22.57,78.86,0.33222,2,4,49.63,2.05,0.63353,21,12.29,89.14,0.36647,2,4,38.93,11.3,0.61092,21,1.59,98.39,0.38908,2,4,20.71,17.3,0.48286,21,-16.63,104.4,0.51714,1,4,6.79,-3.53,1,2,4,17.08,7.37,0.96216,21,-20.26,94.47,0.03784,2,4,-5.55,9.06,0.81429,21,-42.88,96.15,0.18571,2,4,-16.25,-21.78,0.85093,21,-53.59,65.32,0.14907,2,4,1.03,-37.54,0.6453,21,-36.31,49.56,0.3547,2,4,20.03,-28.39,0.6733,21,-17.31,58.71,0.3267,2,4,34.21,-2.99,0.83105,21,-3.13,84.11,0.16895,2,4,49.01,-17.47,0.64117,21,11.67,69.63,0.35883,2,4,49.94,-48.64,0.31399,21,12.6,38.46,0.68601,2,4,28.19,-62.95,0.2205,21,-9.15,24.15,0.7795,2,4,4.08,-64.36,0.31893,21,-33.26,22.74,0.68107,2,4,-18.11,-61.43,0.43762,21,-55.45,25.67,0.56238,2,4,-27.29,-64.66,0.43116,21,-64.63,22.44,0.56884,2,4,-6.19,-92.92,0.13777,21,-43.53,-5.82,0.86223,2,4,17.91,-92.34,0.17853,21,-19.43,-5.24,0.82147,2,4,21.45,-91.96,0.06992,21,-15.89,-4.86,0.93008,2,4,31.03,-89.36,0.11675,21,-6.31,-2.26,0.88325,2,4,47.82,-72.71,0.08216,21,10.48,14.39,0.91784],"hull":29,"edges":[0,2,2,4,4,6,6,8,8,10,10,12,12,14,14,16,16,18,18,20,20,22,22,24,24,26,26,28,28,30,30,32,32,34,34,36,36,38,38,40,40,42,42,44,44,46,46,48,48,50,50,52,52,54,54,56,0,56,132,134],"width":166,"height":123}},"zj1":{"zj1":{"type":"mesh","uvs":[0.75167,0.00294,0.56322,0,0.43079,0.06667,0.41042,0.48594,0.23215,0.51948,0.03351,0.67377,0,0.85489,0.18631,0.96894,0.51228,0.97564,0.71092,0.95887,0.90447,0.84148,0.96559,0.71737,0.96559,0.11028],"triangles":[3,12,11,10,9,8,4,3,8,4,8,5,6,5,7,8,7,5,10,8,3,10,3,11,3,2,12,2,0,12,2,1,0],"vertices":[1,13,5.87,2.46,1,1,13,5.57,-2.62,1,1,13,8.16,-6.29,1,2,13,25.32,-7.48,0.26835,15,3.37,-7.79,0.73165,2,13,26.52,-12.34,0.16195,15,7.95,-9.8,0.83805,2,13,32.64,-17.93,0.02079,15,16.12,-8.34,0.97921,1,15,21.55,-3.2,1,1,15,20.66,3.61,1,1,15,14.05,9.43,1,1,15,9.48,12.32,1,1,15,2.39,11.95,1,2,13,35.36,7.15,0.02131,15,-2.13,9.08,0.97869,1,13,10.49,8.07,1],"hull":13,"edges":[0,2,2,4,4,6,6,8,8,10,10,12,12,14,14,16,16,18,18,20,20,22,22,24,0,24],"width":27,"height":41}},"zj2":{"zj2":{"type":"mesh","uvs":[0.69819,0.01993,0.56495,0.02301,0.45743,0.07381,0.43406,0.12153,0.42704,0.4848,0.29147,0.50327,0.09045,0.59717,0.00864,0.73109,0.04838,0.87117,0.19814,0.93581,0.3828,0.98968,0.68667,0.95428,0.91106,0.81112,0.96483,0.66181,0.9508,0.1169,0.78718,0.01838],"triangles":[4,14,13,12,4,13,9,8,7,9,6,5,9,7,6,11,4,12,4,9,5,10,4,11,10,9,4,0,15,14,3,2,1,1,0,3,14,3,0,4,3,14],"vertices":[1,10,10.23,-0.64,1,1,10,10.27,-4.24,1,1,10,12.27,-7.19,1,1,10,14.21,-7.87,1,2,10,29.1,-8.44,0.24867,12,5.51,-9.04,0.75133,2,10,29.76,-12.12,0.17578,12,9.13,-10,0.82422,2,10,33.47,-17.65,0.04801,12,15.7,-8.98,0.95199,2,10,38.9,-20,0.00269,12,20.13,-5.06,0.99731,1,12,21.74,0.56,1,1,12,19.31,4.74,1,1,12,15.84,8.94,1,1,12,7.85,11.31,1,1,12,-0.19,8.77,1,2,10,36.73,5.89,0.13282,12,-4.23,3.95,0.86718,1,10,14.38,6.08,1,1,10,10.23,1.77,1],"hull":16,"edges":[0,2,2,4,4,6,6,8,8,10,10,12,12,14,14,16,16,18,18,20,20,22,22,24,24,26,26,28,28,30,0,30],"width":27,"height":41}},"zw":{"zw":{"type":"mesh","uvs":[0.52086,0.00396,0.42542,0.06877,0.31983,0.17876,0.22236,0.31625,0.12082,0.50676,0.05178,0.67175,0.00508,0.84262,0.03554,0.94083,0.09443,0.99975,0.20002,0.92119,0.4173,0.77781,0.64551,0.658,0.86279,0.53033,0.98463,0.42624,0.99072,0.28286,0.90137,0.16305,0.77344,0.03538,0.63738,0.00789],"triangles":[14,12,15,15,17,16,13,12,14,17,12,1,15,12,17,1,0,17,12,2,1,11,2,12,11,3,2,10,3,11,4,3,10,5,4,10,9,6,5,10,9,5,7,6,9,8,7,9],"vertices":[2,8,22.96,17.53,0.07452,9,7.46,18.59,0.92548,3,7,34.23,21,8.0E-5,8,16.16,18.52,0.21341,9,0.58,18.49,0.78651,3,7,25.22,19.37,0.04093,8,7.02,17.92,0.5162,9,-8.34,16.44,0.44287,3,7,15.59,16.11,0.35209,8,-2.92,15.77,0.53382,9,-17.82,12.74,0.11408,3,7,3.82,10.41,0.92601,8,-15.25,11.44,0.07269,9,-29.3,6.5,0.0013,2,7,-5.48,4.8,0.9999,8,-25.13,6.92,1.0E-4,1,7,-13.93,-1.89,1,1,7,-16.09,-7.76,1,1,7,-15.47,-12.72,1,1,7,-7.61,-12.62,1,2,7,7.9,-13.32,0.98025,8,-13.89,-12.59,0.01975,3,7,23.05,-15.55,0.41072,8,0.92,-16.53,0.55563,9,-8.89,-18.54,0.03364,3,7,37.98,-17.01,0.03507,8,15.58,-19.67,0.45034,9,6.09,-19.3,0.51459,3,7,47.54,-16.24,0.00126,8,25.17,-19.99,0.2134,9,15.6,-18.1,0.78534,2,8,31.44,-13.87,0.089,9,20.82,-11.07,0.911,2,8,32.62,-4.94,0.01092,9,20.57,-2.06,0.98908,1,9,18.7,8.63,1,2,8,27.8,12.63,0.01366,9,13.01,14.53,0.98634],"hull":18,"edges":[0,2,2,4,4,6,6,8,8,10,10,12,12,14,14,16,16,18,18,20,20,22,22,24,24,26,26,28,28,30,30,32,32,34,0,34],"width":59,"height":61}},"图层492(3)":{"图层492(3)":{"x":1.51,"y":-4.79,"width":118,"height":60}},"图层 2464":{"图层 2464":{"x":-13.91,"y":-13,"width":483,"height":130}}}},{"name":"skin1"}],"animations":{"idle1":{"slots":{"a0":{"color":[{"time":0.2,"color":"ffffffff"},{"time":0.4667,"color":"fffffff2"},{"time":0.7,"color":"ffffffe1"},{"time":0.7667,"color":"ffffff00"}]},"a1":{"color":[{"time":0.2,"color":"ffffffff"},{"time":0.4667,"color":"fffffff2"},{"time":0.6667,"color":"ffffffe8"},{"time":0.7667,"color":"ffffff00"}]},"a2":{"color":[{"time":0.2,"color":"ffffffff"},{"time":0.4667,"color":"fffffff2"},{"time":0.7333,"color":"fffffffe"},{"time":0.8333,"color":"ffffff00"}]},"a3":{"color":[{"time":0.2,"color":"ffffffff"},{"time":0.4667,"color":"fffffff2"},{"time":0.8667,"color":"ffffff00"}]},"a5":{"color":[{"time":0.5333,"color":"fffffffe"},{"time":0.7667,"color":"ffffffdd"},{"time":0.8667,"color":"ffffff00"}]},"a6":{"color":[{"time":0.2,"color":"ffffffff"},{"time":0.4667,"color":"fffffff2"},{"time":0.8,"color":"ffffffe0"},{"time":0.9,"color":"ffffff00"}]},"a7":{"color":[{"time":0.2,"color":"ffffffff"},{"time":0.4667,"color":"fffffff2"},{"time":0.6667,"color":"ffffffee"},{"time":0.7333,"color":"ffffff00"}]},"a8":{"color":[{"time":0.2,"color":"ffffffff"},{"time":0.4667,"color":"fffffff2"},{"time":0.7,"color":"ffffffff"},{"time":0.8,"color":"ffffff00"}]},"a9":{"color":[{"time":0.2,"color":"ffffffff"},{"time":0.4667,"color":"fffffff2"},{"time":0.7667,"color":"ffffffff"},{"time":0.8333,"color":"ffffff00"}]},"b10":{"color":[{"time":0.5333,"color":"fffffffe"},{"time":0.7667,"color":"ffffffdd"},{"time":0.8667,"color":"ffffff00"}]},"b11":{"color":[{"time":0.5333,"color":"fffffffe"},{"time":0.7667,"color":"ffffffdd"},{"time":0.8667,"color":"ffffff00"}]},"b12":{"color":[{"time":0.5333,"color":"fffffffe"},{"time":0.8,"color":"ffffffdd"},{"time":0.8667,"color":"ffffff00"}]},"b13":{"color":[{"time":0.5333,"color":"fffffffe"},{"time":0.7667,"color":"ffffffdd"},{"time":0.8667,"color":"ffffff00"}]},"b14":{"color":[{"time":0.5333,"color":"fffffffe"},{"time":0.7667,"color":"ffffffdd"},{"time":0.8667,"color":"ffffff00"}]},"b15":{"color":[{"time":0.5333,"color":"fffffffe"},{"time":0.7667,"color":"ffffffdd"},{"time":0.8667,"color":"ffffff00"}]},"b16":{"color":[{"time":0.5333,"color":"fffffffe"},{"time":0.7667,"color":"ffffffdd"},{"time":0.8667,"color":"ffffff00"}]},"b17":{"color":[{"time":0.5333,"color":"fffffffe"},{"time":0.7667,"color":"ffffffdd"},{"time":0.8667,"color":"ffffff00"}]},"b18":{"color":[{"time":0.5333,"color":"fffffffe"},{"time":0.7667,"color":"ffffffdd"},{"time":0.8667,"color":"ffffff00"}]},"图层492(3)":{"attachment":[{"time":0.9333,"name":null}]}},"bones":{"5465":{"translate":[{},{"time":0.4667,"y":-10.98},{"time":0.9333}],"scale":[{},{"time":0.4667,"x":0.95,"y":1.02},{"time":0.9333}]},"bone2":{"rotate":[{},{"time":0.4667,"angle":-1.08},{"time":0.8,"angle":1.68},{"time":0.9333}]},"bone4":{"rotate":[{},{"time":0.5333,"angle":32.44},{"time":0.9333}]},"bone5":{"rotate":[{},{"time":0.4333,"angle":-15.4},{"time":0.7333,"angle":15.1},{"time":0.9333}]},"bone14":{"rotate":[{},{"time":0.3667,"angle":-21.5},{"time":0.7,"angle":5.16},{"time":0.9333}]},"bone15":{"rotate":[{"angle":-1.39},{"time":0.0667,"angle":-2.42},{"time":0.4333,"angle":-23.92},{"time":0.7667,"angle":2.74},{"time":0.9333,"angle":-1.39}]},"bone16":{"rotate":[{"angle":-2.78},{"time":0.1333,"angle":-4.84},{"time":0.5,"angle":-26.34},{"time":0.8333,"angle":0.32},{"time":0.9333,"angle":-2.78}]},"bone17":{"rotate":[{"angle":-4.17},{"time":0.2,"angle":-7.26},{"time":0.5667,"angle":-28.76},{"time":0.9,"angle":-2.11},{"time":0.9333,"angle":-4.17}]},"target":{"translate":[{"x":-19.05,"y":-5.18}]},"target2":{"translate":[{"x":12.79,"y":0.69}]},"bone10":{"scale":[{},{"time":0.4667,"x":1.1,"y":1.1},{"time":0.9333}]},"bone13":{"translate":[{},{"time":0.3333,"y":3.07},{"time":0.6667,"x":4.83,"y":1.37},{"time":0.9333}]},"bone33":{"rotate":[{},{"time":0.4667,"angle":-39.13},{"time":0.9333}]},"bone8":{"translate":[{"x":-2.87,"y":2.62}]},"bone11":{"translate":[{"x":-5.08,"y":-7.22}]},"bone12":{"translate":[{"x":-0.63,"y":-6.32}]},"bone9":{"translate":[{"x":-1.69,"y":-2.32}]},"bone22":{"translate":[{"x":-64.06,"y":-20.41,"curve":"stepped"},{"time":0.2,"x":-64.06,"y":-20.41},{"time":0.5333,"x":15.21,"y":12.73},{"time":0.8667,"x":29.2,"y":18.58}]},"bone24":{"translate":[{"x":-74.19,"y":-48.82,"curve":"stepped"},{"time":0.2,"x":-74.19,"y":-48.82},{"time":0.4667,"x":-4.24,"y":6.87},{"time":0.8667,"x":8.11,"y":16.7}]},"bone26":{"translate":[{"x":-110.19,"y":-44.38},{"time":0.2,"x":-104.33,"y":-47.93},{"time":0.4667,"x":-2.05,"y":39.08},{"time":0.8333,"x":9.99,"y":49.31}]},"bone25":{"rotate":[{"time":0.2,"angle":-61},{"time":0.7667,"angle":5}],"translate":[{"x":-102.03,"y":-80.96,"curve":"stepped"},{"time":0.2,"x":-102.03,"y":-80.96},{"time":0.4667,"x":14.88,"y":43.43},{"time":0.7667,"x":39.93,"y":70.08}]},"bone23":{"translate":[{"x":-58.85,"y":30.23,"curve":"stepped"},{"time":0.2,"x":-58.85,"y":30.23},{"time":0.4667,"x":9.53,"y":3},{"time":0.8,"x":18.08,"y":-0.4}]},"bone28":{"translate":[{"x":-111.52,"y":-11.49,"curve":"stepped"},{"time":0.2,"x":-111.52,"y":-11.49},{"time":0.4667,"x":12.21,"y":29.15},{"time":0.8333,"x":26.77,"y":33.93}]},"bone27":{"translate":[{"x":-111.52,"y":-11.49}]},"bone29":{"translate":[{"x":-143.34,"y":-18.03,"curve":"stepped"},{"time":0.2,"x":-143.34,"y":-18.03},{"time":0.4667,"x":8.9,"y":14.27},{"time":0.7667,"x":29.2,"y":18.58}]},"bone30":{"translate":[{"x":-151.5,"y":2.55},{"time":0.2,"x":-114.08,"y":51.7},{"time":0.4667,"x":11.29,"y":22.72},{"time":0.7333,"x":29.2,"y":18.58}]},"bone31":{"rotate":[{"time":0.2,"angle":91.37},{"time":0.9,"angle":50.65}],"translate":[{"x":-66.35,"y":44.7},{"time":0.2,"x":-80.55,"y":58.02},{"time":0.4667,"x":7.61,"y":10.08},{"time":0.9,"x":18.28,"y":5.74}]},"bone38":{"rotate":[{"time":0.2},{"time":0.8667,"angle":-12.73}],"translate":[{"x":-64.06,"y":-20.41},{"time":0.2,"x":-74.79,"y":2.68},{"time":0.5333,"x":-1.05,"y":-9.79},{"time":0.8667,"x":5.95,"y":-18.6}]},"bone37":{"rotate":[{"time":0.2},{"time":0.8667,"angle":12.35}],"translate":[{"x":-64.06,"y":-20.41},{"time":0.2,"x":-50.58,"y":-15.89},{"time":0.5333,"x":4.89,"y":30.5},{"time":0.8667,"x":11.05,"y":35.66}]},"bone35":{"rotate":[{"angle":-37.83},{"time":0.2,"angle":-47.77},{"time":0.8667,"angle":12.35}],"translate":[{"x":-32.11,"y":-62.52},{"time":0.2,"x":-42.2,"y":-59.28},{"time":0.5333,"x":5.72,"y":26.16},{"time":0.8667,"x":11.05,"y":35.66}]},"bone39":{"rotate":[{"angle":2.49,"curve":"stepped"},{"time":0.2,"angle":2.49},{"time":0.8667,"angle":-6.28}],"translate":[{"x":-93.92,"y":-16.88,"curve":"stepped"},{"time":0.2,"x":-93.92,"y":-16.88},{"time":0.5333,"x":-5.01,"y":0.75},{"time":0.8667,"x":4.87,"y":2.7}]},"bone20":{"translate":[{},{"time":0.2,"x":-12.48,"y":-7.68},{"time":0.3667}]},"bone42":{"rotate":[{"time":0.2},{"time":0.8667,"angle":-12.73}],"translate":[{"x":-130.33,"y":43.9},{"time":0.2,"x":-115.12,"y":32.73},{"time":0.5333,"x":-41.12,"y":-11.97},{"time":0.8667,"x":-28.06,"y":-19.85}]},"bone36":{"rotate":[{"time":0.2},{"time":0.8667,"angle":-12.73}],"translate":[{"x":-55.95,"y":-66.83,"curve":"stepped"},{"time":0.2,"x":-55.95,"y":-66.83},{"time":0.5333,"x":-11.63,"y":43.66},{"time":0.8667,"x":-6.7,"y":55.94}]},"bone43":{"rotate":[{"time":0.2},{"time":0.8667,"angle":-12.73}],"translate":[{"x":-167,"y":36.52},{"time":0.2,"x":-179.8,"y":34.58},{"time":0.5333,"x":-12.62,"y":-13.28},{"time":0.8667,"x":5.95,"y":-18.6}]},"bone40":{"rotate":[{"time":0.2},{"time":0.8667,"angle":-12.73}],"translate":[{"x":-167,"y":36.52},{"time":0.2,"x":-179.8,"y":34.58},{"time":0.5333,"x":-12.62,"y":-13.28},{"time":0.8667,"x":5.95,"y":-18.6}]},"bone41":{"rotate":[{"time":0.2},{"time":0.8667,"angle":-12.73}],"translate":[{"x":-162.16,"y":-19.42},{"time":0.2,"x":-150.09,"y":-27.78},{"time":0.5333,"x":-17.45,"y":-19.98},{"time":0.8667,"x":5.95,"y":-18.6}]},"bone21":{"translate":[{},{"time":0.3,"y":-3.78},{"time":0.6667,"y":4.93},{"time":0.9333}],"scale":[{},{"time":0.3,"x":0.8,"y":1.1},{"time":0.6667,"x":1.05,"y":0.9},{"time":0.9333}]},"bone19":{"translate":[{},{"time":0.1667,"x":8.59,"y":-11.45},{"time":0.3333}]}},"deform":{"default":{"zbody":{"zbody":[{}]}}}}}}