{
  "__type__": "cc.SpriteFrame",
  "content": {
    "name": "scene_09",
    "atlas": "",
    "rect": {
      "x": 0,
      "y": 0,
      "width": 1800,
      "height": 1800
    },
    "offset": {
      "x": 0,
      "y": 0
    },
    "originalSize": {
      "width": 1800,
      "height": 1800
    },
    "rotated": false,
    "capInsets": [
      0,
      0,
      0,
      0
    ],
    "vertices": {
      "rawPosition": [
        -900,
        -900,
        0,
        900,
        -900,
        0,
        -900,
        900,
        0,
        900,
        900,
        0
      ],
      "indexes": [
        0,
        1,
        2,
        2,
        1,
        3
      ],
      "uv": [
        0,
        1800,
        1800,
        1800,
        0,
        0,
        1800,
        0
      ],
      "nuv": [
        0,
        0,
        1,
        0,
        0,
        1,
        1,
        1
      ],
      "minPos": {
        "x": -900,
        "y": -900,
        "z": 0
      },
      "maxPos": {
        "x": 900,
        "y": 900,
        "z": 0
      }
    },
    "texture": "04ae0289-1441-43b2-a4aa-dab6cf1e0f83@6c48a",
    "packable": true,
    "pixelsToUnit": 100,
    "pivot": {
      "x": 0.5,
      "y": 0.5
    },
    "meshType": 0
  }
}