{
  "__type__": "cc.SpriteFrame",
  "content": {
    "name": "scene_item_1002502",
    "atlas": "",
    "rect": {
      "x": 72,
      "y": 95,
      "width": 109,
      "height": 202
    },
    "offset": {
      "x": -2,
      "y": -30
    },
    "originalSize": {
      "width": 257,
      "height": 332
    },
    "rotated": false,
    "capInsets": [
      0,
      0,
      0,
      0
    ],
    "vertices": {
      "rawPosition": [
        -54.5,
        -101,
        0,
        54.5,
        -101,
        0,
        -54.5,
        101,
        0,
        54.5,
        101,
        0
      ],
      "indexes": [
        0,
        1,
        2,
        2,
        1,
        3
      ],
      "uv": [
        72,
        237,
        181,
        237,
        72,
        35,
        181,
        35
      ],
      "nuv": [
        0.2801556420233463,
        0.10542168674698796,
        0.7042801556420234,
        0.10542168674698796,
        0.2801556420233463,
        0.713855421686747,
        0.7042801556420234,
        0.713855421686747
      ],
      "minPos": {
        "x": -54.5,
        "y": -101,
        "z": 0
      },
      "maxPos": {
        "x": 54.5,
        "y": 101,
        "z": 0
      }
    },
    "texture": "04bfc227-8349-4637-937e-f39f07d6afef@6c48a",
    "packable": true,
    "pixelsToUnit": 100,
    "pivot": {
      "x": 0.5,
      "y": 0.5
    },
    "meshType": 0
  }
}