{
  "__type__": "cc.SpriteFrame",
  "content": {
    "name": "video",
    "atlas": "",
    "rect": {
      "x": 0,
      "y": 0,
      "width": 44,
      "height": 34
    },
    "offset": {
      "x": 0,
      "y": 0.5
    },
    "originalSize": {
      "width": 44,
      "height": 35
    },
    "rotated": false,
    "capInsets": [
      0,
      0,
      0,
      0
    ],
    "vertices": {
      "rawPosition": [
        -22,
        -17,
        0,
        22,
        -17,
        0,
        -22,
        17,
        0,
        22,
        17,
        0
      ],
      "indexes": [
        0,
        1,
        2,
        2,
        1,
        3
      ],
      "uv": [
        0,
        35,
        44,
        35,
        0,
        1,
        44,
        1
      ],
      "nuv": [
        0,
        0.02857142857142857,
        1,
        0.02857142857142857,
        0,
        1,
        1,
        1
      ],
      "minPos": {
        "x": -22,
        "y": -17,
        "z": 0
      },
      "maxPos": {
        "x": 22,
        "y": 17,
        "z": 0
      }
    },
    "texture": "04cdf8d5-b73e-4c2a-bdfa-95679ffc3d74@6c48a",
    "packable": true,
    "pixelsToUnit": 100,
    "pivot": {
      "x": 0.5,
      "y": 0.5
    },
    "meshType": 0
  }
}