{
  "__type__": "cc.SpriteFrame",
  "content": {
    "name": "prop_coinbox",
    "atlas": "",
    "rect": {
      "x": 9,
      "y": 7,
      "width": 83,
      "height": 88
    },
    "offset": {
      "x": 0.5,
      "y": -1
    },
    "originalSize": {
      "width": 100,
      "height": 100
    },
    "rotated": false,
    "capInsets": [
      0,
      0,
      0,
      0
    ],
    "vertices": {
      "rawPosition": [
        -41.5,
        -44,
        0,
        41.5,
        -44,
        0,
        -41.5,
        44,
        0,
        41.5,
        44,
        0
      ],
      "indexes": [
        0,
        1,
        2,
        2,
        1,
        3
      ],
      "uv": [
        9,
        93,
        92,
        93,
        9,
        5,
        92,
        5
      ],
      "nuv": [
        0.09,
        0.05,
        0.92,
        0.05,
        0.09,
        0.93,
        0.92,
        0.93
      ],
      "minPos": {
        "x": -41.5,
        "y": -44,
        "z": 0
      },
      "maxPos": {
        "x": 41.5,
        "y": 44,
        "z": 0
      }
    },
    "texture": "032f378f-957e-4634-84a3-a0ea271752cc@6c48a",
    "packable": true,
    "pixelsToUnit": 100,
    "pivot": {
      "x": 0.5,
      "y": 0.5
    },
    "meshType": 0
  }
}