{
  "__type__": "cc.SpriteFrame",
  "content": {
    "name": "ihon_h2",
    "atlas": "",
    "rect": {
      "x": 11,
      "y": 14,
      "width": 78,
      "height": 74
    },
    "offset": {
      "x": 0,
      "y": -1
    },
    "originalSize": {
      "width": 100,
      "height": 100
    },
    "rotated": false,
    "capInsets": [
      0,
      0,
      0,
      0
    ],
    "vertices": {
      "rawPosition": [
        -39,
        -37,
        0,
        39,
        -37,
        0,
        -39,
        37,
        0,
        39,
        37,
        0
      ],
      "indexes": [
        0,
        1,
        2,
        2,
        1,
        3
      ],
      "uv": [
        11,
        86,
        89,
        86,
        11,
        12,
        89,
        12
      ],
      "nuv": [
        0.11,
        0.12,
        0.89,
        0.12,
        0.11,
        0.86,
        0.89,
        0.86
      ],
      "minPos": {
        "x": -39,
        "y": -37,
        "z": 0
      },
      "maxPos": {
        "x": 39,
        "y": 37,
        "z": 0
      }
    },
    "texture": "0330eeab-c5df-40e1-bfb0-7ea7b29730b3@6c48a",
    "packable": true,
    "pixelsToUnit": 100,
    "pivot": {
      "x": 0.5,
      "y": 0.5
    },
    "meshType": 0
  }
}