{
  "__type__": "cc.SpriteFrame",
  "content": {
    "name": "task_bg",
    "atlas": "",
    "rect": {
      "x": 0,
      "y": 0,
      "width": 205,
      "height": 106
    },
    "offset": {
      "x": 0,
      "y": 0
    },
    "originalSize": {
      "width": 205,
      "height": 106
    },
    "rotated": false,
    "capInsets": [
      0,
      0,
      0,
      0
    ],
    "vertices": {
      "rawPosition": [
        -102.5,
        -53,
        0,
        102.5,
        -53,
        0,
        -102.5,
        53,
        0,
        102.5,
        53,
        0
      ],
      "indexes": [
        0,
        1,
        2,
        2,
        1,
        3
      ],
      "uv": [
        0,
        106,
        205,
        106,
        0,
        0,
        205,
        0
      ],
      "nuv": [
        0,
        0,
        1,
        0,
        0,
        1,
        1,
        1
      ],
      "minPos": {
        "x": -102.5,
        "y": -53,
        "z": 0
      },
      "maxPos": {
        "x": 102.5,
        "y": 53,
        "z": 0
      }
    },
    "texture": "03817dab-4b04-4438-8b11-9d08eb846381@6c48a",
    "packable": true,
    "pixelsToUnit": 100,
    "pivot": {
      "x": 0.5,
      "y": 0.5
    },
    "meshType": 0
  }
}