{
  "__type__": "cc.SpriteFrame",
  "content": {
    "name": "icon_ob4",
    "atlas": "",
    "rect": {
      "x": 5,
      "y": 15,
      "width": 83,
      "height": 74
    },
    "offset": {
      "x": -3.5,
      "y": -2
    },
    "originalSize": {
      "width": 100,
      "height": 100
    },
    "rotated": false,
    "capInsets": [
      0,
      0,
      0,
      0
    ],
    "vertices": {
      "rawPosition": [
        -41.5,
        -37,
        0,
        41.5,
        -37,
        0,
        -41.5,
        37,
        0,
        41.5,
        37,
        0
      ],
      "indexes": [
        0,
        1,
        2,
        2,
        1,
        3
      ],
      "uv": [
        5,
        85,
        88,
        85,
        5,
        11,
        88,
        11
      ],
      "nuv": [
        0.05,
        0.11,
        0.88,
        0.11,
        0.05,
        0.85,
        0.88,
        0.85
      ],
      "minPos": {
        "x": -41.5,
        "y": -37,
        "z": 0
      },
      "maxPos": {
        "x": 41.5,
        "y": 37,
        "z": 0
      }
    },
    "texture": "03a51f9a-f823-49f3-bd29-b1dffdbca489@6c48a",
    "packable": true,
    "pixelsToUnit": 100,
    "pivot": {
      "x": 0.5,
      "y": 0.5
    },
    "meshType": 0
  }
}