{
  "__type__": "cc.SpriteFrame",
  "content": {
    "name": "feijiu_88004",
    "atlas": "",
    "rect": {
      "x": 58,
      "y": 75,
      "width": 284,
      "height": 278
    },
    "offset": {
      "x": 0,
      "y": -14
    },
    "originalSize": {
      "width": 400,
      "height": 400
    },
    "rotated": false,
    "capInsets": [
      0,
      0,
      0,
      0
    ],
    "vertices": {
      "rawPosition": [
        -142,
        -139,
        0,
        142,
        -139,
        0,
        -142,
        139,
        0,
        142,
        139,
        0
      ],
      "indexes": [
        0,
        1,
        2,
        2,
        1,
        3
      ],
      "uv": [
        58,
        325,
        342,
        325,
        58,
        47,
        342,
        47
      ],
      "nuv": [
        0.145,
        0.1175,
        0.855,
        0.1175,
        0.145,
        0.8125,
        0.855,
        0.8125
      ],
      "minPos": {
        "x": -142,
        "y": -139,
        "z": 0
      },
      "maxPos": {
        "x": 142,
        "y": 139,
        "z": 0
      }
    },
    "texture": "03ab81c1-eaed-4e5c-a6cc-3354f3ec6649@6c48a",
    "packable": true,
    "pixelsToUnit": 100,
    "pivot": {
      "x": 0.5,
      "y": 0.5
    },
    "meshType": 0
  }
}