{
  "__type__": "cc.SpriteFrame",
  "content": {
    "name": "progress_bg",
    "atlas": "",
    "rect": {
      "x": 0,
      "y": 0,
      "width": 192,
      "height": 36
    },
    "offset": {
      "x": 0,
      "y": 0
    },
    "originalSize": {
      "width": 192,
      "height": 36
    },
    "rotated": false,
    "capInsets": [
      0,
      0,
      0,
      0
    ],
    "vertices": {
      "rawPosition": [
        -96,
        -18,
        0,
        96,
        -18,
        0,
        -96,
        18,
        0,
        96,
        18,
        0
      ],
      "indexes": [
        0,
        1,
        2,
        2,
        1,
        3
      ],
      "uv": [
        0,
        36,
        192,
        36,
        0,
        0,
        192,
        0
      ],
      "nuv": [
        0,
        0,
        1,
        0,
        0,
        1,
        1,
        1
      ],
      "minPos": {
        "x": -96,
        "y": -18,
        "z": 0
      },
      "maxPos": {
        "x": 96,
        "y": 18,
        "z": 0
      }
    },
    "texture": "03f8e1b4-886a-4501-8500-1a470064670a@6c48a",
    "packable": true,
    "pixelsToUnit": 100,
    "pivot": {
      "x": 0.5,
      "y": 0.5
    },
    "meshType": 0
  }
}