{"skeleton":{"hash":"bRzGr5IGfH8","spine":"3.8-from-4.0-from-4.1.17","x":-45.01,"y":-7.97,"width":99.67,"height":65.12,"images":"./images/","audio":"E:/游戏项目/健身房/spine"},"bones":[{"name":"root","scaleX":0.6,"scaleY":0.6},{"name":"z1","parent":"root","x":2.29,"y":37.62},{"name":"5465","parent":"z1","length":53.69,"rotation":91.82,"x":-0.87,"y":5.1},{"name":"bone2","parent":"5465","length":82.2,"rotation":-1.22,"x":58.82,"y":0.69},{"name":"bone13","parent":"bone2","x":25.58,"y":42.84},{"name":"bone3","parent":"bone13","length":8.14,"rotation":-6.6,"x":-9.43,"y":-5.1},{"name":"bone4","parent":"5465","length":36.26,"rotation":-148.31,"x":45.01,"y":-45.32},{"name":"bone5","parent":"5465","length":17.04,"rotation":-54.95,"x":30.01,"y":-74.67},{"name":"bone6","parent":"bone5","length":10.54,"rotation":6.49,"x":20.27,"y":0.77},{"name":"bone7","parent":"bone6","length":12.88,"rotation":-9.15,"x":12.64,"y":0.36},{"name":"bone8","parent":"5465","length":33.23,"rotation":179.65,"x":-1.05,"y":-19.57},{"name":"target2","parent":"root","x":13.3,"y":11.69,"color":"ff3f00ff"},{"name":"bone9","parent":"target2","length":12.38,"rotation":-150.78,"x":0.25,"y":1.8},{"name":"bone11","parent":"5465","length":27.74,"rotation":-179.7,"x":9.35,"y":24.74},{"name":"target","parent":"root","x":1.72,"y":19.01,"color":"ff3f00ff"},{"name":"bone12","parent":"target","length":12.88,"rotation":-140.45,"x":-0.27,"y":5.81},{"name":"bone14","parent":"bone13","length":15.74,"rotation":56.29,"x":56.34,"y":-23.58},{"name":"bone15","parent":"bone14","length":18.38,"rotation":-36.19,"x":16.11,"y":-0.22},{"name":"bone16","parent":"bone15","length":17.77,"rotation":-19.46,"x":20.17,"y":-0.68},{"name":"bone17","parent":"bone16","length":17.35,"rotation":-21.86,"x":18.71,"y":-0.98},{"name":"bone10","parent":"z1","x":-0.01,"y":-16.12},{"name":"bone18","parent":"bone2","x":62.92,"y":-44.26},{"name":"bone","parent":"root","x":9.22,"y":23.15,"color":"2a24ffff"},{"name":"b1","parent":"bone","length":66.96,"rotation":91.79,"x":-0.33,"y":4.23,"color":"2a24ffff"},{"name":"bone20","parent":"b1","length":72.15,"rotation":-2.21,"x":70.09,"y":-0.1,"color":"2a24ffff"},{"name":"bone21","parent":"bone20","length":20.46,"rotation":-30.88,"x":82.34,"y":-29.68,"color":"2a24ffff"},{"name":"bone22","parent":"bone21","length":16.4,"rotation":20.45,"x":20.75,"y":0.18,"color":"2a24ffff"},{"name":"bone23","parent":"bone22","length":15.83,"rotation":15.81,"x":16.4,"color":"2a24ffff"},{"name":"bone24","parent":"bone23","length":13.05,"rotation":24.96,"x":16.88,"y":0.25,"color":"2a24ffff"},{"name":"bone25","parent":"b1","length":33.61,"rotation":-137.01,"x":50.08,"y":-49.02,"color":"2a24ffff"},{"name":"b2","parent":"b1","x":28.78,"y":43.91,"color":"2a24ffff"},{"name":"bone32","parent":"b1","x":28.81,"y":52.5,"color":"2a24ffff"},{"name":"bone26","parent":"bone32","length":22.9,"rotation":34.24,"x":2.99,"y":0.98,"color":"2a24ffff"},{"name":"bone27","parent":"bone26","length":20.12,"rotation":1.32,"x":24.42,"y":-0.06,"color":"2a24ffff"},{"name":"bone28","parent":"b1","length":22.61,"rotation":-178.17,"x":4.95,"y":-18.34,"color":"2a24ffff"},{"name":"bone30","parent":"b1","length":22.3,"rotation":170.85,"x":4.15,"y":20.28,"color":"2a24ffff"},{"name":"23e","parent":"root","x":21.25,"y":5.55,"color":"2a24ffff"},{"name":"bone29","parent":"23e","length":8,"rotation":-4.26,"x":0.5,"y":1.31,"color":"2a24ffff"},{"name":"21","parent":"root","x":-3.3,"y":5.81,"color":"2a24ffff"},{"name":"bone31","parent":"21","length":14.97,"rotation":-7.23,"x":1.82,"y":2.44,"color":"2a24ffff"},{"name":"bone33","parent":"5465","length":36.26,"rotation":136.66,"x":46.9,"y":58.23},{"name":"yingzi","parent":"bone","x":-6.04,"y":-0.22,"color":"2a24ffff"},{"name":"z2","parent":"z1","length":19.09,"rotation":70.35,"x":20.31,"y":37.39,"scaleX":2,"scaleY":2},{"name":"z3","parent":"z2","x":23.67,"y":52.09},{"name":"z4","parent":"z3","x":-22.82,"y":-93.75},{"name":"yizi","parent":"bone","length":23.58,"rotation":85.6,"x":-131.44,"y":-61.34,"scaleX":2,"scaleY":2,"color":"ff19d2ff"},{"name":"z5","parent":"z1","x":-16.28,"y":-15.72,"scaleX":-1.7,"scaleY":1.7,"color":"16ff7aff"},{"name":"z6","parent":"z5","x":29.3,"y":20},{"name":"z7","parent":"z5","length":13.73,"rotation":145.71,"x":7.53,"y":-4.76,"color":"5eff00ff"},{"name":"paobu22","parent":"bone","rotation":88.03,"x":-70.51,"y":12.58,"scaleX":1.7,"scaleY":1.7,"color":"39ffd2ff"},{"name":"bone34","parent":"paobu22","rotation":-88.03,"x":6.27,"y":-86.12},{"name":"cheng2","parent":"z1","length":28.78,"rotation":-89.3,"x":32.41,"y":150.17,"color":"f02fffff"},{"name":"cheng3","parent":"z1","length":21.76,"rotation":-90.92,"x":50.31,"y":144.8,"color":"f02fffff"},{"name":"cheng5","parent":"z1","length":28.78,"rotation":-89.3,"x":42.68,"y":142.59,"color":"f02fffff"},{"name":"cheng6","parent":"z1","length":21.76,"rotation":-90.92,"x":60.58,"y":137.22,"color":"f02fffff"},{"name":"5466","parent":"5465","x":19.44,"y":52.65},{"name":"5467","parent":"5465","x":36.09,"y":-44.56},{"name":"b3","parent":"b1","x":43.86,"y":-42.37,"color":"2a24ffff"},{"name":"bone35","parent":"bone20","x":28,"y":48.08,"color":"2a24ffff"},{"name":"bone36","parent":"bone20","x":63.74,"y":-35.4,"color":"2a24ffff"},{"name":"bone19","parent":"bone","x":93.58,"y":-70.99},{"name":"z8","parent":"z1","x":107.67,"y":-92.3},{"name":"yujiadian","parent":"z1","x":-0.79,"y":-18.99,"scaleX":-2,"scaleY":2,"color":"ff0000ff"},{"name":"z10","parent":"yujiadian","x":-0.13,"y":21.31,"color":"ff0000ff"},{"name":"yujiadian2","parent":"bone","x":-6.13,"y":-4.52,"scaleX":-2,"scaleY":2,"color":"0f10ffff"},{"name":"z11","parent":"yujiadian2","x":-0.13,"y":21.31,"color":"ff0000ff"},{"name":"bone37","parent":"bone13","length":28.33,"rotation":-2.57,"x":34.32,"y":-59.78},{"name":"bone39","parent":"bone33","length":55.27,"rotation":-94.7,"x":40.85,"y":-0.75},{"name":"bone40","parent":"bone39","length":10.84,"rotation":3.81,"x":50.34,"y":-1.24},{"name":"bone41","parent":"bone40","length":12.28,"rotation":34.02,"x":11.34,"y":0.27},{"name":"bone42","parent":"bone41","length":12.01,"rotation":8.4,"x":12.82,"y":0.08},{"name":"bone43","parent":"bone42","length":8,"rotation":9.25,"x":13.11,"y":0.14},{"name":"bone44","parent":"bone43","length":51.72,"rotation":33.73,"x":9.62,"y":-0.62},{"name":"bone38","parent":"bone20","length":28.35,"rotation":-2.19,"x":38.21,"y":-6.15,"color":"2a24ffff"},{"name":"bone45","parent":"bone25","length":55.27,"rotation":-93.94,"x":35.08,"y":-8.09,"scaleX":-1},{"name":"bone46","parent":"bone45","length":10.84,"rotation":3.81,"x":50.34,"y":-1.24},{"name":"bone47","parent":"bone46","length":12.28,"rotation":34.02,"x":11.34,"y":0.27},{"name":"bone48","parent":"bone47","length":12.01,"rotation":8.4,"x":12.82,"y":0.08},{"name":"bone49","parent":"bone48","length":8,"rotation":9.25,"x":13.11,"y":0.14},{"name":"bone50","parent":"bone49","length":51.72,"rotation":33.73,"x":9.62,"y":-0.62},{"name":"sds2222","parent":"bone4","rotation":96.62,"x":27.67,"y":7.98,"color":"0fffc2ff"},{"name":"bone52","parent":"sds2222","length":10.84,"rotation":3.81,"x":50.34,"y":-1.24},{"name":"bone53","parent":"bone52","length":12.28,"rotation":34.02,"x":11.34,"y":0.27},{"name":"bone54","parent":"bone53","length":12.01,"rotation":8.4,"x":12.82,"y":0.08},{"name":"bone55","parent":"bone54","length":8,"rotation":9.25,"x":13.11,"y":0.14},{"name":"bone56","parent":"bone55","length":51.72,"rotation":33.73,"x":9.62,"y":-0.62},{"name":"sb1","parent":"z1","x":-135.73,"y":-25.79,"scaleX":1.7,"scaleY":1.7,"skin":true,"color":"17ffddff"},{"name":"z12","parent":"sb1","length":14.25,"rotation":90,"x":-0.32,"y":25.52,"skin":true},{"name":"z13","parent":"z12","length":64.13,"rotation":-1.47,"x":11.88,"skin":true},{"name":"z14","parent":"z1","x":-151.91,"y":127.45},{"name":"sb2","parent":"z1","x":-150.46,"y":-25.79,"scaleX":1.7,"scaleY":1.7,"skin":true,"color":"17ffddff"},{"name":"z16","parent":"sb2","length":14.25,"rotation":90,"x":-0.32,"y":25.52,"skin":true},{"name":"z17","parent":"z16","length":64.13,"rotation":-1.47,"x":11.88,"skin":true},{"name":"sb3","parent":"z1","x":149.1,"y":-25.79,"scaleX":1.7,"scaleY":1.7,"skin":true,"color":"17ffddff"},{"name":"z15","parent":"sb3","length":14.25,"rotation":90,"x":-0.32,"y":25.52,"skin":true},{"name":"z18","parent":"z15","length":64.13,"rotation":-1.47,"x":11.88,"skin":true},{"name":"z19","parent":"bone","x":140.31,"y":141.93},{"name":"sb4","parent":"bone","x":146.6,"y":-11.32,"scaleX":1.7,"scaleY":1.7,"skin":true,"color":"17ffddff"},{"name":"z20","parent":"sb4","length":14.25,"rotation":90,"x":-0.32,"y":25.52,"skin":true},{"name":"z21","parent":"z20","length":64.13,"rotation":-1.47,"x":11.88,"skin":true},{"name":"z22","parent":"z1","x":-151.91,"y":127.45},{"name":"z23","parent":"bone","x":140.31,"y":141.93},{"name":"sb5","parent":"z1","x":-157.51,"y":-25.79,"scaleX":1.7,"scaleY":1.7,"skin":true,"color":"17ffddff"},{"name":"sb6","parent":"bone","x":146.6,"y":-11.32,"scaleX":1.7,"scaleY":1.7,"skin":true,"color":"17ffddff"},{"name":"sb7","parent":"z1","x":-141.41,"y":-25.79,"scaleX":1.7,"scaleY":1.7,"skin":true,"color":"17ffddff"},{"name":"sb8","parent":"bone","x":146.6,"y":-11.32,"scaleX":1.7,"scaleY":1.7,"skin":true,"color":"17ffddff"}],"slots":[{"name":"YJD","bone":"yujiadian"},{"name":"YJD2","bone":"yujiadian2"},{"name":"QIU","bone":"z10"},{"name":"QIU2","bone":"z11"},{"name":"跑步机1","bone":"paobu22"},{"name":"root","bone":"bone19","attachment":"root"},{"name":"p12","bone":"bone34"},{"name":"sad3","bone":"yizi"},{"name":"1sb3","bone":"sb1"},{"name":"1sb13","bone":"sb5"},{"name":"1sb15","bone":"sb7"},{"name":"1sb7","bone":"sb3"},{"name":"1sb10","bone":"sb4"},{"name":"1sb14","bone":"sb6"},{"name":"1sb16","bone":"sb8"},{"name":"1sb4","bone":"sb2"},{"name":"1sb2","bone":"z12"},{"name":"1sb8","bone":"z15"},{"name":"1sb11","bone":"z20"},{"name":"1sb5","bone":"z16"},{"name":"1sb1","bone":"z13"},{"name":"1sb9","bone":"z18"},{"name":"1sb12","bone":"z21"},{"name":"1sb6","bone":"z17"},{"name":"图层492(3)2","bone":"yingzi","attachment":"图层492(3)"},{"name":"bj1","bone":"bone30","attachment":"bj1"},{"name":"bj2","bone":"bone28","attachment":"bj2"},{"name":"bbody","bone":"b1","attachment":"bbody"},{"name":"衣服bbb","bone":"b1","attachment":"衣服bbb"},{"name":"bdm","bone":"bone21","attachment":"bdm"},{"name":"bhead","bone":"bone20","attachment":"bhead"},{"name":"bw","bone":"bone26","attachment":"bw"},{"name":"sad2","bone":"yizi"},{"name":"sad1","bone":"yizi"},{"name":"bhand","bone":"bone25"},{"name":"p66","bone":"z5"},{"name":"da","bone":"z8","attachment":"da"},{"name":"p22","bone":"z7"},{"name":"图层492(3)","bone":"bone10","attachment":"图层492(3)"},{"name":"yiz1","bone":"z2"},{"name":"zj1","bone":"bone11","attachment":"zj1"},{"name":"zj2","bone":"bone8","attachment":"zj2"},{"name":"zw","bone":"bone5","attachment":"zw"},{"name":"zhand2","bone":"bone33"},{"name":"s2sss","bone":"bone33","attachment":"s2sss"},{"name":"zbody","bone":"5465","attachment":"zbody"},{"name":"sj1","bone":"bone44","attachment":"sj1"},{"name":"sj6","bone":"bone50","attachment":"sj1"},{"name":"sj3","bone":"bone39","attachment":"sj3"},{"name":"sj4","bone":"bone45","attachment":"sj3"},{"name":"sj2","bone":"bone40","attachment":"sj2"},{"name":"sj5","bone":"bone46","attachment":"sj2"},{"name":"zhead","bone":"bone2","attachment":"zhead"},{"name":"衣服sss","bone":"5465","attachment":"衣服sss"},{"name":"yiz2","bone":"z4"},{"name":"zhand","bone":"bone4"},{"name":"zbq","bone":"bone3","attachment":"zbq"},{"name":"头发sss","bone":"bone37","attachment":"头发sss"},{"name":"zdm","bone":"bone14","attachment":"zdm"},{"name":"p55","bone":"z5"},{"name":"跑步机1背面","bone":"paobu22"},{"name":"xian1","bone":"cheng2"},{"name":"xian3","bone":"cheng5"},{"name":"xian2","bone":"cheng3"},{"name":"xian4","bone":"cheng6"},{"name":"sj9","bone":"bone56"},{"name":"sj7","bone":"sds2222"},{"name":"sj8","bone":"bone52"},{"name":"手sss","bone":"bone4","attachment":"手sss"},{"name":"眉毛sss","bone":"bone13","attachment":"眉毛sss"},{"name":"头发bbb","bone":"bone38","attachment":"头发bbb"},{"name":"手bbb","bone":"bone25","attachment":"手bbb"},{"name":"ba0","bone":"z14"},{"name":"ba2","bone":"z22"},{"name":"ba1","bone":"z19"},{"name":"ba3","bone":"z23"}],"ik":[{"name":"21","order":2,"bones":["bone30"],"target":"21"},{"name":"23e","order":3,"bones":["bone28"],"target":"23e"},{"name":"target","bones":["bone11"],"target":"target"},{"name":"target2","order":1,"bones":["bone8"],"target":"target2"}],"skins":[{"name":"default","attachments":{"1sb1":{"1sb1":{"x":63.43,"rotation":-88.53,"width":76,"height":148}},"1sb2":{"1sb2":{"x":0.06,"y":0.3,"rotation":-90,"width":21,"height":26}},"1sb3":{"1sb3":{"x":0.3,"y":12.21,"width":84,"height":58}},"1sb4":{"2sb3":{"x":0.3,"y":12.21,"width":84,"height":58}},"1sb5":{"2sb2":{"x":0.06,"y":0.3,"rotation":-90,"width":21,"height":26}},"1sb6":{"2sb1":{"x":63.43,"rotation":-88.53,"width":76,"height":148}},"1sb7":{"1sb3":{"x":0.3,"y":12.21,"width":84,"height":58}},"1sb8":{"1sb2":{"x":0.06,"y":0.3,"rotation":-90,"width":21,"height":26}},"1sb9":{"1sb1":{"x":63.43,"rotation":-88.53,"width":76,"height":148}},"1sb10":{"2sb3":{"x":0.3,"y":12.21,"width":84,"height":58}},"1sb11":{"2sb2":{"x":0.06,"y":0.3,"rotation":-90,"width":21,"height":26}},"1sb12":{"2sb1":{"x":63.43,"rotation":-88.53,"width":76,"height":148}},"1sb13":{"zaxa":{"x":1.97,"y":82.37,"width":119,"height":206}},"1sb14":{"zaxa":{"x":0.3,"y":75.69,"width":119,"height":206}},"1sb15":{"xxd":{"x":2.53,"y":89.05,"width":112,"height":213}},"1sb16":{"xxd2":{"x":0.3,"y":84.04,"width":101,"height":213}},"ba0":{"ba0":{"x":27.05,"y":11.01,"width":174,"height":176},"ba1":{"x":27.05,"y":11.01,"width":174,"height":176},"ba2":{"x":27.05,"y":11.01,"width":174,"height":176},"ba3":{"x":27.05,"y":11.01,"width":174,"height":176},"ba4":{"x":27.05,"y":11.01,"width":174,"height":176}},"ba1":{"ba0":{"x":27.05,"y":11.01,"width":174,"height":176},"ba1":{"x":27.05,"y":11.01,"width":174,"height":176},"ba2":{"x":27.05,"y":11.01,"width":174,"height":176},"ba3":{"x":27.05,"y":11.01,"width":174,"height":176},"ba4":{"x":27.05,"y":11.01,"width":174,"height":176}},"ba2":{"ba0":{"x":27.05,"y":11.01,"width":174,"height":176},"ba1":{"x":27.05,"y":11.01,"width":174,"height":176},"ba2":{"x":27.05,"y":11.01,"width":174,"height":176},"ba3":{"x":27.05,"y":11.01,"width":174,"height":176},"ba4":{"x":27.05,"y":11.01,"width":174,"height":176}},"ba3":{"ba0":{"x":27.05,"y":11.01,"width":174,"height":176},"ba1":{"x":27.05,"y":11.01,"width":174,"height":176},"ba2":{"x":27.05,"y":11.01,"width":174,"height":176},"ba3":{"x":27.05,"y":11.01,"width":174,"height":176},"ba4":{"x":27.05,"y":11.01,"width":174,"height":176}},"bbody":{"bbody":{"type":"mesh","uvs":[0.50903,0,0.376,0,0.27672,0.0289,0.16155,0.09413,0.08015,0.1648,0.02256,0.28167,0,0.43116,7.2E-4,0.58608,0.04639,0.74133,0.1417,0.85005,0.2509,0.92343,0.37202,0.98051,0.50109,0.99953,0.62022,0.98594,0.74134,0.94246,0.87437,0.84189,0.94188,0.74405,0.98954,0.57553,1,0.46681,0.99549,0.27656,0.8843,0.10804,0.7334,0.01835,0.10222,0.67356,0.14967,0.7538,0.25575,0.83596,0.39532,0.899,0.56141,0.91811,0.74146,0.85124,0.90895,0.67165,0.95361,0.42136,0.93268,0.24941,0.11617,0.23031,0.0743,0.35641,0.06314,0.50543,0.28924,0.62006,0.45115,0.70222,0.69122,0.63344,0.76379,0.4997,0.7303,0.32966,0.60468,0.19783,0.41207,0.1921,0.28645,0.32011,0.51675,0.50161],"triangles":[42,40,39,24,34,35,40,1,0,40,41,2,40,2,1,3,2,41,41,40,42,34,41,42,34,33,41,35,34,42,40,0,39,35,42,36,26,35,36,22,33,34,23,22,34,31,3,41,7,33,22,8,22,23,9,8,23,9,23,24,5,4,31,25,35,26,10,24,25,11,10,25,12,25,26,39,0,21,19,30,20,38,39,21,38,21,20,38,20,30,29,30,19,38,30,29,29,19,18,37,38,29,42,39,38,42,38,37,17,29,18,36,42,37,28,37,29,28,29,17,36,37,28,16,28,17,28,27,36,15,28,16,15,27,28,26,36,27,27,13,26,14,27,15,14,13,27,12,26,13,11,25,12,25,24,35,31,4,3,32,5,31,10,9,24,6,5,32,33,6,32,7,6,33,8,7,22,41,32,31,41,33,32,24,23,34],"vertices":[2,57,60.2,41.8,0.57386,30,75.28,-44.48,0.42614,2,57,60.89,64,0.37388,30,75.97,-22.28,0.62612,2,57,57.88,80.68,0.24809,30,72.96,-5.6,0.75191,2,57,50.53,100.15,0.97507,30,65.61,13.88,0.02493,2,57,42.34,114.01,0.91432,30,57.42,27.73,0.08568,2,57,28.39,124.07,0.87623,30,43.47,37.79,0.12377,2,57,10.28,128.4,0.85498,30,25.36,42.13,0.14502,2,57,-8.62,128.87,0.85143,30,6.46,42.6,0.14857,2,57,-27.79,121.84,0.85143,30,-12.71,35.57,0.14857,2,57,-41.54,106.35,0.85381,30,-26.46,20.07,0.14619,2,57,-51.06,88.4,0.9083,30,-35.98,2.12,0.0917,2,57,-58.65,68.4,0.78857,30,-43.57,-17.88,0.21143,2,57,-61.65,46.93,0.40615,30,-46.57,-39.35,0.59385,2,57,-60.61,26.99,0.6048,30,-45.53,-59.29,0.3952,2,57,-55.94,6.61,0.78839,30,-40.86,-79.67,0.21161,2,57,-44.37,-15.98,0.94075,30,-29.29,-102.26,0.05925,2,57,-32.79,-27.62,0.98492,30,-17.71,-113.9,0.01508,1,57,-12.49,-36.22,1,1,57,0.71,-38.38,1,1,57,23.93,-38.35,1,2,57,45.06,-20.43,0.9795,30,60.14,-106.71,0.0205,2,57,56.79,4.41,0.87944,30,71.87,-81.86,0.12056,2,57,-19.82,112.27,0.70464,30,-4.74,25.99,0.29536,2,57,-29.85,104.65,0.71571,30,-14.77,18.37,0.28429,2,57,-40.42,87.26,0.71714,30,-25.34,0.98,0.28286,2,57,-48.84,64.2,0.71714,30,-33.76,-22.08,0.28286,2,57,-52.03,36.55,0.51051,30,-36.95,-49.73,0.48949,2,57,-44.82,6.24,0.74846,30,-29.74,-80.04,0.25154,2,57,-23.79,-22.4,0.8953,30,-8.71,-108.68,0.1047,2,57,6.5,-30.81,0.91623,30,21.58,-117.09,0.08377,2,57,27.57,-27.97,0.88697,30,42.65,-114.25,0.11303,2,57,34.16,108.25,0.93385,30,49.24,21.97,0.06615,2,57,19,115.72,0.71714,30,34.08,29.44,0.28286,2,57,0.89,118.15,0.71314,30,15.97,31.87,0.28686,2,57,-14.27,80.84,0.16075,30,0.81,-5.43,0.83925,2,57,-25.13,54.13,0.37127,30,-10.05,-32.15,0.62873,2,57,-18,13.8,0.5644,30,-2.92,-72.48,0.4356,2,57,-2.07,1.17,0.63158,30,13.01,-85.1,0.36842,2,57,18.84,6.12,0.6381,30,33.92,-80.16,0.3619,2,57,35.57,26.58,0.51169,30,50.65,-59.69,0.48831,2,57,37.28,58.71,0.39276,30,52.36,-27.57,0.60724,2,57,22.32,80.17,0.23302,30,37.4,-6.11,0.76698,2,57,-1.01,42.42,0.48825,30,14.07,-43.86,0.51175],"hull":22,"edges":[0,2,2,4,4,6,6,8,8,10,10,12,12,14,14,16,16,18,18,20,20,22,22,24,24,26,26,28,28,30,30,32,32,34,34,36,36,38,38,40,40,42,0,42],"width":167,"height":122}},"bdm":{"bdm":{"type":"mesh","uvs":[0.03416,0.91159,0.03416,0.9563,0.12488,0.98082,0.29296,0.97938,0.47172,0.95053,0.66115,0.864,0.81323,0.74847,0.91195,0.6403,0.96531,0.49608,0.96531,0.34321,0.91195,0.20621,0.79455,0.10237,0.64514,0.02016,0.54109,0.0043,0.41569,0.0144,0.29563,0.07785,0.29296,0.12977,0.30097,0.26245,0.33298,0.40234,0.37834,0.58117,0.38367,0.74414,0.30897,0.83211,0.18624,0.88547],"triangles":[11,10,17,11,17,12,16,13,12,16,14,13,12,17,16,14,16,15,18,9,19,9,18,10,18,17,10,7,19,8,8,19,9,3,2,22,22,2,0,4,3,21,2,1,0,3,22,21,4,21,5,21,20,5,5,20,6,7,6,19,6,20,19],"vertices":[1,25,-8.92,11.55,1,1,25,-11.75,9.83,1,1,25,-11.41,5.79,1,1,25,-7.83,0.1,1,1,25,-2.29,-4.91,1,1,25,7.12,-8.05,1,2,25,17.58,-8.81,0.99724,26,-6.11,-7.32,0.00276,2,25,26.47,-8.03,0.44325,26,2.49,-9.69,0.55675,3,25,36.7,-4.31,0.01575,26,13.38,-9.78,0.83521,27,-5.57,-8.58,0.14904,3,26,24.49,-7.65,0.06094,27,5.7,-9.56,0.93265,28,-14.28,-4.18,0.00641,2,27,15.98,-8.32,0.53925,28,-4.43,-7.39,0.46075,2,27,24.04,-4.3,3.4E-4,28,4.57,-7.15,0.99966,1,28,12.82,-5.01,1,1,28,15.92,-1.99,1,2,27,31.84,10.23,0.00473,28,17.77,2.73,0.99527,2,27,27.58,15.42,0.05547,28,16.1,9.24,0.94453,3,26,34.94,21.73,7.9E-4,27,23.76,15.86,0.12079,28,12.82,11.25,0.87842,3,26,25.36,19.57,0.05515,27,13.95,16.39,0.4899,28,4.15,15.87,0.45495,3,26,15.43,16.37,0.37707,27,3.53,16.01,0.53749,28,-5.46,19.92,0.08544,4,25,19.13,12.48,0.04473,26,2.78,12.1,0.88109,27,-9.81,15.35,0.07399,28,-17.83,24.95,1.9E-4,3,25,8.93,6.04,0.88902,26,-9.03,9.62,0.11098,27,-21.85,16.18,1.0E-5,2,25,1.82,5.21,0.99953,26,-15.98,11.33,4.7E-4,1,25,-4.11,7.35,1],"hull":23,"edges":[0,2,2,4,4,6,6,8,8,10,10,12,12,14,14,16,16,18,18,20,20,22,22,24,24,26,26,28,28,30,30,32,32,34,34,36,36,38,38,40,40,42,42,44,0,44],"width":40,"height":74}},"bhand":{"bhand":{"x":15.02,"y":-1.86,"rotation":77.7,"width":41,"height":51}},"bhead":{"bhead":{"type":"mesh","uvs":[0.4757,0.00163,0.38484,0.01203,0.2601,0.04528,0.15691,0.12842,0.07529,0.24481,0.01677,0.37991,0.00137,0.49838,0.00137,0.64802,0.02909,0.77273,0.07683,0.85794,0.14613,0.91614,0.28936,0.97225,0.4141,0.99927,0.55886,0.9972,0.67591,0.98265,0.83299,0.93069,0.92693,0.86626,0.97621,0.79559,1,0.71453,0.99469,0.61061,0.96543,0.55241,0.92539,0.52124,0.90845,0.42355,0.87611,0.29053,0.80527,0.16583,0.72519,0.07438,0.5989,0.0141,0.08275,0.76984,0.14453,0.84778,0.26944,0.91303,0.45478,0.93841,0.64684,0.93116,0.82547,0.85503,0.91143,0.80246,0.94903,0.69371,0.92889,0.60127,0.88456,0.55595,0.86308,0.45082,0.82413,0.32938,0.76772,0.21881,0.70191,0.14812,0.60924,0.0883,0.4521,0.06655,0.31913,0.10099,0.19154,0.19162,0.11096,0.30219,0.07201,0.42182,0.06395,0.57045,0.07201,0.67921,0.82413,0.65564,0.77309,0.78615,0.60924,0.83509,0.393,0.83509,0.22109,0.73358,0.17945,0.55233,0.209,0.35838,0.33525,0.23693,0.62938,0.20431,0.74757,0.40007,0.66967,0.57589,0.44135,0.52151],"triangles":[57,60,56,55,46,45,28,27,53,27,48,53,12,30,13,30,12,52,12,11,52,30,52,51,29,53,52,52,60,51,52,53,60,48,54,53,53,54,60,54,46,55,54,55,60,55,56,60,55,44,56,48,47,54,47,46,54,28,53,29,45,44,55,9,27,28,9,8,27,8,48,27,7,47,48,7,6,47,47,6,46,10,28,29,5,4,45,45,4,44,4,3,44,44,43,56,43,2,1,13,31,14,13,51,31,13,30,51,14,32,15,14,50,32,14,31,50,31,51,50,15,32,16,32,33,16,16,33,17,32,50,33,51,59,50,59,60,57,59,51,60,50,49,33,33,49,34,33,34,17,35,49,36,49,35,34,17,34,18,50,59,49,57,42,41,42,57,56,41,0,26,41,42,0,34,19,18,34,35,19,59,58,49,49,37,36,49,58,37,35,20,19,36,21,35,35,21,20,59,57,58,36,37,21,37,22,21,58,38,37,37,38,22,38,23,22,58,57,39,58,39,38,39,57,40,38,39,23,39,24,23,42,43,1,42,56,43,39,40,24,57,41,40,40,25,24,40,41,25,41,26,25,42,1,0,44,2,43,44,3,2,10,29,11,46,5,45,11,29,52,9,28,10,6,5,46,8,7,48],"vertices":[2,59,38.01,36.76,0.71021,58,73.75,-46.71,0.28979,2,59,36.62,51.84,0.56506,58,72.36,-31.64,0.43494,2,59,32.38,72.51,0.86857,58,68.12,-10.96,0.13143,2,59,22.03,89.57,0.90824,58,57.77,6.09,0.09176,2,59,7.62,103.01,0.78647,58,43.36,19.53,0.21353,2,59,-9.07,112.61,0.71338,58,26.67,29.13,0.28662,2,59,-23.66,115.06,0.69145,58,12.08,31.58,0.30855,2,59,-42.07,114.92,0.68857,58,-6.32,31.45,0.31143,2,59,-57.37,110.21,0.68857,58,-21.63,26.73,0.31143,2,59,-67.8,102.21,0.69202,58,-32.05,18.73,0.30798,2,59,-74.87,90.65,0.71254,58,-39.13,7.18,0.28746,2,59,-81.6,66.83,0.83294,58,-45.86,-16.65,0.16706,2,59,-84.77,46.1,0.3132,58,-49.03,-37.38,0.6868,2,59,-84.34,22.07,0.53761,58,-48.6,-61.41,0.46239,2,59,-82.41,2.65,0.70497,58,-46.67,-80.82,0.29503,2,59,-75.83,-23.37,0.87415,58,-40.09,-106.85,0.12585,2,59,-67.8,-38.91,0.8674,58,-32.05,-122.39,0.1326,2,59,-59.05,-47.03,0.89729,58,-23.3,-130.51,0.10271,2,59,-49.05,-50.9,0.89375,58,-13.3,-134.38,0.10625,2,59,-36.27,-49.93,0.98365,58,-0.53,-133.41,0.01635,2,59,-29.15,-45.02,0.98667,58,6.6,-128.5,0.01333,2,59,-25.36,-38.35,0.87477,58,10.38,-121.82,0.12523,2,59,-13.37,-35.45,0.88069,58,22.38,-118.93,0.11931,2,59,2.95,-29.96,0.92857,58,38.7,-113.44,0.07143,2,59,18.21,-18.09,0.93429,58,53.95,-101.57,0.06571,2,59,29.36,-4.72,0.98181,58,65.1,-88.19,0.01819,2,59,36.62,16.3,0.87739,58,72.36,-67.18,0.12261,2,59,-56.95,101.3,0.54628,58,-21.21,17.83,0.45372,2,59,-66.46,90.98,0.54991,58,-30.72,7.5,0.45009,2,59,-74.34,70.19,0.80093,58,-38.6,-13.29,0.19907,2,59,-77.24,39.4,0.37387,58,-41.49,-44.08,0.62613,2,59,-76.12,7.52,0.67558,58,-40.37,-75.95,0.32442,2,59,-66.54,-22.06,0.88491,58,-30.79,-105.54,0.11509,2,59,-59.97,-36.28,0.82284,58,-24.22,-119.76,0.17716,2,59,-46.55,-42.43,0.83211,58,-10.8,-125.9,0.16789,2,59,-35.2,-39,0.87915,58,0.54,-122.48,0.12085,2,59,-29.68,-31.6,0.78236,58,6.06,-115.08,0.21764,2,59,-16.78,-27.94,0.81167,58,18.97,-111.42,0.18833,2,59,-1.89,-21.37,0.75142,58,33.86,-104.84,0.24858,2,59,11.65,-11.91,0.81714,58,47.39,-95.38,0.18286,2,59,20.26,-0.92,0.79968,58,56.01,-84.39,0.20032,2,59,27.51,14.52,0.71644,58,63.25,-68.96,0.28356,2,59,29.99,40.62,0.66809,58,65.74,-42.85,0.33191,2,59,25.6,62.66,0.64,58,61.34,-20.81,0.36,2,59,14.3,83.76,0.64,58,50.04,0.29,0.36,2,59,0.6,97.04,0.62333,58,36.34,13.56,0.37667,2,59,-14.16,103.4,0.55759,58,21.58,19.92,0.44241,2,59,-32.45,104.6,0.5859,58,3.29,21.13,0.4141,2,59,-45.82,103.17,0.53429,58,-10.07,19.69,0.46571,2,59,-42.02,-21.66,0.807,58,-6.27,-105.13,0.193,2,59,-58.13,-13.3,0.86128,58,-22.38,-96.78,0.13872,2,59,-64.35,13.85,0.64311,58,-28.6,-69.62,0.35689,2,59,-64.61,49.75,0.27581,58,-28.86,-33.73,0.72419,2,59,-52.33,78.37,0.03945,58,-16.58,-5.1,0.96055,2,59,-30.08,85.45,0.00974,58,5.66,1.97,0.99026,2,59,-6.19,80.71,0.13982,58,29.55,-2.76,0.86018,2,59,8.9,59.87,0.40273,58,44.64,-23.61,0.59727,2,59,13.26,11.07,0.55572,58,49.01,-72.41,0.44428,2,59,-10.67,-8.72,0.62418,58,25.07,-92.2,0.37582,2,59,-32.39,4.05,0.67357,58,3.35,-79.43,0.32643,2,59,-25.98,42,0.45871,58,9.77,-41.48,0.54129],"hull":27,"edges":[0,2,2,4,4,6,6,8,8,10,10,12,12,14,14,16,16,18,18,20,20,22,22,24,24,26,26,28,28,30,30,32,32,34,34,36,36,38,38,40,40,42,42,44,44,46,46,48,48,50,50,52,0,52],"width":166,"height":123}},"bj1":{"bj1":{"type":"mesh","uvs":[0.32911,0.01393,0.16428,0.02442,0.04534,0.10381,0.037,0.20898,0.037,0.70183,0.08708,0.82766,0.22061,0.952,0.45222,0.96698,0.688,0.952,0.87579,0.82317,0.94464,0.71681,0.93212,0.55802,0.80693,0.45315,0.7026,0.40672,0.56281,0.40222,0.55029,0.06666,0.42718,0.00974],"triangles":[8,7,5,14,9,8,10,9,14,10,12,11,12,10,14,8,5,14,6,5,7,5,4,14,15,14,0,3,2,14,0,14,2,2,1,0,0,16,15,14,4,3,12,14,13],"vertices":[1,35,-5.87,1.39,1,1,35,-5.82,-3.25,1,1,35,-2.99,-6.81,1,1,35,1.08,-7.36,1,1,35,20.24,-8.86,1,2,35,25.24,-7.85,0.96717,39,-9.35,-2.6,0.03283,2,35,30.37,-4.5,0.67529,39,-5.88,-7.65,0.32471,2,35,31.46,1.92,0.1823,39,0.56,-8.59,0.8177,2,35,31.39,8.55,0.00118,39,7.19,-8.37,0.99882,1,39,12.71,-3.65,1,2,35,22.81,16.43,9.9E-4,39,14.87,0.39,0.99901,2,35,16.61,16.56,0.11212,39,14.86,6.59,0.88788,2,35,12.26,13.39,0.32281,39,11.58,10.87,0.67719,2,35,10.22,10.62,0.49364,39,8.77,12.84,0.50636,2,35,9.74,6.73,0.79949,39,4.87,13.23,0.20051,1,35,-3.33,7.4,1,1,35,-5.81,4.14,1],"hull":17,"edges":[0,2,2,4,4,6,6,8,8,10,10,12,12,14,14,16,16,18,18,20,20,22,22,24,24,26,26,28,28,30,30,32,0,32],"width":28,"height":39}},"bj2":{"bj2":{"type":"mesh","uvs":[0.04898,0.12056,0.03824,0.3556,0.05434,0.71586,0.11069,0.86806,0.24755,0.93741,0.4971,0.95283,0.71714,0.92393,0.89424,0.80448,0.92108,0.55596,0.83252,0.49046,0.72251,0.43459,0.63932,0.42688,0.5454,0.45193,0.54412,0.26169,0.54272,0.05506,0.43538,0.02038,0.21535,0.01268,0.07849,0.07818],"triangles":[10,9,12,4,3,2,7,9,8,6,12,7,12,5,4,6,5,12,7,12,9,0,13,1,1,12,2,16,0,17,15,13,16,13,15,14,0,16,13,12,1,13,12,4,2,10,12,11],"vertices":[1,34,3.46,-6.85,1,1,34,12.59,-7.73,1,2,34,26.64,-8.17,0.72354,37,-8.85,1.76,0.27646,2,34,32.66,-6.97,0.41796,37,-7.17,-4.15,0.58204,2,34,35.6,-3.32,0.29903,37,-3.29,-6.78,0.70097,2,34,36.64,3.62,0.00117,37,3.71,-7.26,0.99883,2,34,35.91,9.84,0,37,9.85,-6.03,1,2,34,31.57,15.08,0,37,14.72,-1.29,1,2,34,22.62,16.4,0.13859,37,15.32,7.74,0.86141,2,34,19.68,14.23,0.24297,37,12.92,10.5,0.75703,2,34,17.8,11.38,0.39052,37,9.93,12.14,0.60948,2,34,17.3,9.08,0.52096,37,7.59,12.46,0.47904,2,34,17.23,6.2,0.78987,37,4.72,12.29,0.21013,2,34,9.83,6.64,0.99891,37,4.56,19.71,0.00109,1,34,1.78,7.11,1,1,34,0.24,4.19,1,1,34,-0.45,-1.94,1,1,34,1.86,-5.92,1],"hull":18,"edges":[0,2,2,4,4,6,6,8,8,10,10,12,12,14,14,16,16,18,18,20,20,22,22,24,28,30,30,32,32,34,0,34,24,26,26,28],"width":28,"height":39}},"bw":{"bw":{"type":"mesh","uvs":[0.66293,0.97963,0.57672,0.95979,0.43053,0.83278,0.25435,0.63037,0.1419,0.43986,0.05569,0.29301,0.00696,0.14616,0.04444,0,0.16814,0,0.38555,0.04694,0.58047,0.1025,0.72291,0.19379,0.80912,0.32079,0.87284,0.57083,0.96656,0.78516,1,0.95979,0.94406,1],"triangles":[8,6,7,5,6,8,9,4,5,9,5,8,10,3,4,10,4,9,3,12,2,11,3,10,12,3,11,2,12,13,1,2,13,14,0,13,13,0,1,15,16,14,14,16,0],"vertices":[1,31,-2.8,9.61,1,1,31,-1.64,14.23,1,3,31,5.08,21.92,0.00944,32,13.5,16.13,0.82858,33,-10.54,16.44,0.16198,2,32,27.45,17.76,0.254,33,3.44,17.74,0.746,2,32,38.88,16.95,0.01746,33,14.84,16.68,0.98254,1,33,23.62,15.83,1,1,33,31.17,13.38,1,1,33,35.87,7.25,1,1,33,31.82,1.94,1,1,33,22.79,-5.94,1,1,33,14.15,-12.59,1,2,32,30.57,-15.8,0.06,33,5.79,-15.88,0.94,2,32,22.6,-15.76,0.32393,33,-2.19,-15.65,0.67607,2,32,10.26,-11.04,0.93255,33,-14.41,-10.65,0.06745,2,31,6.6,-7.09,0.14596,32,-1.56,-8.7,0.85404,1,31,-2.36,-8.62,1,1,31,-4.31,-5.53,1],"hull":17,"edges":[0,2,2,4,4,6,6,8,8,10,10,12,12,14,14,16,16,18,18,20,20,22,22,24,24,26,26,28,28,30,30,32,0,32],"width":54,"height":51}},"da":{"da":{"type":"clipping","end":"p22","vertexCount":4,"vertices":[-248.16,79.48,-142.2,10.64,23.31,108.87,-101.21,179.25],"color":"ce3a3aff"}},"p12":{"p11":{"x":-12.43,"y":-7.7,"scaleX":-1,"width":52,"height":31}},"p22":{"p22":{"x":-3.64,"y":10.19,"scaleX":-1,"scaleY":-1,"rotation":34.29,"width":52,"height":29}},"p55":{"p55":{"x":81.62,"y":17.47,"scaleX":-1,"scaleY":-1,"rotation":180,"width":191,"height":134}},"p66":{"p66":{"x":-10.21,"y":0.55,"scaleX":-1,"scaleY":-1,"rotation":180,"width":270,"height":170}},"QIU":{"QIU":{"width":94,"height":94}},"QIU2":{"QIU":{"width":94,"height":94}},"root":{"root":{"type":"clipping","end":"p12","vertexCount":4,"vertices":[-252.66,57.88,-153.31,-12.88,7.58,80.85,-96.42,143.09],"color":"ce3a3aff"}},"s2sss":{"s2sss":{"x":18.17,"y":-8.78,"rotation":133.13,"width":43,"height":49}},"sad1":{"sad1":{"x":22.65,"y":-80.29,"rotation":-85.6,"width":75,"height":96}},"sad2":{"sad2":{"x":36.37,"y":-23.87,"rotation":-85.6,"width":79,"height":108}},"sad3":{"sad3":{"x":71.17,"y":-50.28,"rotation":-85.6,"width":90,"height":62}},"sj1":{"sj1":{"x":25.71,"y":0.13,"rotation":130.74,"width":47,"height":48}},"sj2":{"sj2":{"type":"mesh","uvs":[0.31858,0.14344,0.24053,0.04099,0.14296,0.05717,0.04782,0.13805,0,0.35912,0,0.6449,0.08685,0.82284,0.23565,0.86597,0.30639,0.79587,0.33322,0.68803,0.38444,0.79587,0.46982,0.81205,0.54543,0.72039,0.59422,0.7797,0.65276,0.7797,0.70886,0.75813,0.75033,0.8498,0.79668,0.92528,0.904,1,0.97962,0.93068,1,0.76891,1,0.51549,0.96498,0.28363,0.84302,0.28363,0.79424,0.1003,0.69179,0.00864,0.60397,0.05177,0.56983,0.14883,0.49909,0.02481,0.42103,0,0.37225,0.04638],"triangles":[2,5,4,3,2,4,6,5,2,9,6,2,9,7,6,27,9,0,30,29,28,30,28,27,27,0,30,2,0,9,0,2,1,11,10,9,12,11,9,8,7,9,12,9,27,27,26,25,24,27,25,23,15,27,23,27,24,14,12,27,14,13,12,27,15,14,16,15,23,23,22,21,21,16,23,21,17,16,20,17,21,20,18,17,19,18,20],"vertices":[3,69,21.13,-2.93,0.00633,70,7.78,-4.19,0.97484,71,-5.96,-3.42,0.01883,2,70,11.06,-6.14,0.70999,71,-3.03,-5.87,0.29001,2,70,15.16,-5.83,0.2449,71,1.06,-6.22,0.7551,2,70,19.15,-4.3,0.01114,71,5.25,-5.35,0.98886,1,71,7.91,-1.52,1,2,70,21.16,5.34,0.00215,71,8.78,3.84,0.99785,2,70,17.51,8.72,0.08809,71,5.72,7.76,0.91191,2,70,11.27,9.54,0.42665,71,-0.31,9.57,0.57335,3,69,19.83,9.41,7.8E-4,70,8.29,8.2,0.61746,71,-3.46,8.73,0.38176,3,69,19.01,7.22,0.01982,70,7.17,6.15,0.80882,71,-4.9,6.89,0.17136,3,69,16.59,8.93,0.11053,70,5.02,8.2,0.85812,71,-6.69,9.26,0.03135,3,69,12.99,8.71,0.28335,70,1.43,8.51,0.71379,71,-10.18,10.14,0.00286,3,68,16.07,11.33,1.0E-5,69,10.11,6.52,0.6842,70,-1.75,6.77,0.3158,3,68,13.8,10.78,0.00665,69,7.91,7.34,0.892,70,-3.79,7.9,0.10135,3,68,11.98,9.12,0.04724,69,5.48,6.98,0.92444,70,-6.25,7.9,0.02832,3,68,10.52,7.23,0.22408,69,3.21,6.23,0.77406,70,-8.61,7.49,0.00186,2,68,8.06,7.34,0.53562,69,1.23,7.7,0.46438,2,68,5.66,7.09,0.74502,69,-0.9,8.83,0.25498,2,68,1.37,5.09,0.96104,69,-5.57,9.58,0.03896,2,68,-0.09,1.98,0.99785,69,-8.52,7.81,0.00215,1,68,1.36,-0.87,1,1,68,4.6,-4.42,1,2,68,8.66,-6.68,0.99999,69,-6.11,-4.26,1.0E-5,2,68,12.44,-3.23,0.48287,69,-1.05,-3.51,0.51713,2,68,16.31,-4.42,0.02078,69,1.49,-6.66,0.97922,1,69,6,-7.75,1,2,69,9.53,-6.4,0.98287,70,-4.2,-5.93,0.01713,2,69,11.33,-4.85,0.80603,70,-2.2,-4.66,0.19397,2,69,13.96,-6.27,0.38108,70,0.2,-6.45,0.61892,2,69,17.28,-6.25,0.14864,70,3.48,-6.92,0.85136,2,69,19.17,-5.08,0.06626,70,5.53,-6.04,0.93374],"hull":31,"edges":[0,2,2,4,4,6,6,8,8,10,10,12,12,14,14,16,16,18,18,20,20,22,22,24,24,26,26,28,28,30,30,32,32,34,34,36,36,38,38,40,40,42,42,44,44,46,46,48,48,50,50,52,52,54,54,56,56,58,58,60,0,60],"width":42,"height":19}},"sj3":{"sj3":{"x":28.85,"y":-1.22,"rotation":-133.77,"width":47,"height":48}},"sj4":{"sj3":{"x":28.85,"y":-1.22,"rotation":-133.77,"width":47,"height":48}},"sj5":{"sj2":{"type":"mesh","uvs":[0.31858,0.14344,0.24053,0.04099,0.14296,0.05717,0.04782,0.13805,0,0.35912,0,0.6449,0.08685,0.82284,0.23565,0.86597,0.30639,0.79587,0.33322,0.68803,0.38444,0.79587,0.46982,0.81205,0.54543,0.72039,0.59422,0.7797,0.65276,0.7797,0.70886,0.75813,0.75033,0.8498,0.79668,0.92528,0.904,1,0.97962,0.93068,1,0.76891,1,0.51549,0.96498,0.28363,0.84302,0.28363,0.79424,0.1003,0.69179,0.00864,0.60397,0.05177,0.56983,0.14883,0.49909,0.02481,0.42103,0,0.37225,0.04638],"triangles":[2,5,4,3,2,4,6,5,2,9,6,2,9,7,6,27,9,0,30,29,28,30,28,27,27,0,30,2,0,9,0,2,1,11,10,9,12,11,9,8,7,9,12,9,27,27,26,25,24,27,25,23,15,27,23,27,24,14,12,27,14,13,12,27,15,14,16,15,23,23,22,21,21,16,23,21,17,16,20,17,21,20,18,17,19,18,20],"vertices":[3,76,21.13,-2.93,0.00633,77,7.78,-4.19,0.97484,78,-5.96,-3.42,0.01883,2,77,11.06,-6.14,0.70999,78,-3.03,-5.87,0.29001,2,77,15.16,-5.83,0.2449,78,1.06,-6.22,0.7551,2,77,19.15,-4.3,0.01114,78,5.25,-5.35,0.98886,1,78,7.91,-1.52,1,2,77,21.16,5.34,0.00215,78,8.78,3.84,0.99785,2,77,17.51,8.72,0.08809,78,5.72,7.76,0.91191,2,77,11.27,9.54,0.42665,78,-0.31,9.57,0.57335,3,76,19.83,9.41,7.8E-4,77,8.29,8.2,0.61746,78,-3.46,8.73,0.38176,3,76,19.01,7.22,0.01982,77,7.17,6.15,0.80882,78,-4.9,6.89,0.17136,3,76,16.59,8.93,0.11053,77,5.02,8.2,0.85812,78,-6.69,9.26,0.03135,3,76,12.99,8.71,0.28335,77,1.43,8.51,0.71379,78,-10.18,10.14,0.00286,3,75,16.07,11.33,1.0E-5,76,10.11,6.52,0.6842,77,-1.75,6.77,0.3158,3,75,13.8,10.78,0.00665,76,7.91,7.34,0.892,77,-3.79,7.9,0.10135,3,75,11.98,9.12,0.04724,76,5.48,6.98,0.92444,77,-6.25,7.9,0.02832,3,75,10.52,7.23,0.22408,76,3.21,6.23,0.77406,77,-8.61,7.49,0.00186,2,75,8.06,7.34,0.53562,76,1.23,7.7,0.46438,2,75,5.66,7.09,0.74502,76,-0.9,8.83,0.25498,2,75,1.37,5.09,0.96104,76,-5.57,9.58,0.03896,2,75,-0.09,1.98,0.99785,76,-8.52,7.81,0.00215,1,75,1.36,-0.87,1,1,75,4.6,-4.42,1,2,75,8.66,-6.68,0.99999,76,-6.11,-4.26,1.0E-5,2,75,12.44,-3.23,0.48287,76,-1.05,-3.51,0.51713,2,75,16.31,-4.42,0.02078,76,1.49,-6.66,0.97922,1,76,6,-7.75,1,2,76,9.53,-6.4,0.98287,77,-4.2,-5.93,0.01713,2,76,11.33,-4.85,0.80603,77,-2.2,-4.66,0.19397,2,76,13.96,-6.27,0.38108,77,0.2,-6.45,0.61892,2,76,17.28,-6.25,0.14864,77,3.48,-6.92,0.85136,2,76,19.17,-5.08,0.06626,77,5.53,-6.04,0.93374],"hull":31,"edges":[0,2,2,4,4,6,6,8,8,10,10,12,12,14,14,16,16,18,18,20,20,22,22,24,24,26,26,28,28,30,30,32,32,34,34,36,36,38,38,40,40,42,42,44,44,46,46,48,48,50,50,52,52,54,54,56,56,58,58,60,0,60],"width":42,"height":19}},"sj6":{"sj1":{"x":25.71,"y":0.13,"rotation":130.74,"width":47,"height":48}},"sj7":{"sj3":{"x":28.85,"y":-1.22,"rotation":-133.77,"width":47,"height":48}},"sj8":{"sj2":{"type":"mesh","uvs":[0.31858,0.14344,0.24053,0.04099,0.14296,0.05717,0.04782,0.13805,0,0.35912,0,0.6449,0.08685,0.82284,0.23565,0.86597,0.30639,0.79587,0.33322,0.68803,0.38444,0.79587,0.46982,0.81205,0.54543,0.72039,0.59422,0.7797,0.65276,0.7797,0.70886,0.75813,0.75033,0.8498,0.79668,0.92528,0.904,1,0.97962,0.93068,1,0.76891,1,0.51549,0.96498,0.28363,0.84302,0.28363,0.79424,0.1003,0.69179,0.00864,0.60397,0.05177,0.56983,0.14883,0.49909,0.02481,0.42103,0,0.37225,0.04638],"triangles":[2,5,4,3,2,4,6,5,2,9,6,2,9,7,6,27,9,0,30,29,28,30,28,27,27,0,30,2,0,9,0,2,1,11,10,9,12,11,9,8,7,9,12,9,27,27,26,25,24,27,25,23,15,27,23,27,24,14,12,27,14,13,12,27,15,14,16,15,23,23,22,21,21,16,23,21,17,16,20,17,21,20,18,17,19,18,20],"vertices":[3,82,21.13,-2.93,0.00633,83,7.78,-4.19,0.97484,84,-5.96,-3.42,0.01883,2,83,11.06,-6.14,0.70999,84,-3.03,-5.87,0.29001,2,83,15.16,-5.83,0.2449,84,1.06,-6.22,0.7551,2,83,19.15,-4.3,0.01114,84,5.25,-5.35,0.98886,1,84,7.91,-1.52,1,2,83,21.16,5.34,0.00215,84,8.78,3.84,0.99785,2,83,17.51,8.72,0.08809,84,5.72,7.76,0.91191,2,83,11.27,9.54,0.42665,84,-0.31,9.57,0.57335,3,82,19.83,9.41,7.8E-4,83,8.29,8.2,0.61746,84,-3.46,8.73,0.38176,3,82,19.01,7.22,0.01982,83,7.17,6.15,0.80882,84,-4.9,6.89,0.17136,3,82,16.59,8.93,0.11053,83,5.02,8.2,0.85812,84,-6.69,9.26,0.03135,3,82,12.99,8.71,0.28335,83,1.43,8.51,0.71379,84,-10.18,10.14,0.00286,3,81,16.07,11.33,1.0E-5,82,10.11,6.52,0.6842,83,-1.75,6.77,0.3158,3,81,13.8,10.78,0.00665,82,7.91,7.34,0.892,83,-3.79,7.9,0.10135,3,81,11.98,9.12,0.04724,82,5.48,6.98,0.92444,83,-6.25,7.9,0.02832,3,81,10.52,7.23,0.22408,82,3.21,6.23,0.77406,83,-8.61,7.49,0.00186,2,81,8.06,7.34,0.53562,82,1.23,7.7,0.46438,2,81,5.66,7.09,0.74502,82,-0.9,8.83,0.25498,2,81,1.37,5.09,0.96104,82,-5.57,9.58,0.03896,2,81,-0.09,1.98,0.99785,82,-8.52,7.81,0.00215,1,81,1.36,-0.87,1,1,81,4.6,-4.42,1,2,81,8.66,-6.68,0.99999,82,-6.11,-4.26,1.0E-5,2,81,12.44,-3.23,0.48287,82,-1.05,-3.51,0.51713,2,81,16.31,-4.42,0.02078,82,1.49,-6.66,0.97922,1,82,6,-7.75,1,2,82,9.53,-6.4,0.98287,83,-4.2,-5.93,0.01713,2,82,11.33,-4.85,0.80603,83,-2.2,-4.66,0.19397,2,82,13.96,-6.27,0.38108,83,0.2,-6.45,0.61892,2,82,17.28,-6.25,0.14864,83,3.48,-6.92,0.85136,2,82,19.17,-5.08,0.06626,83,5.53,-6.04,0.93374],"hull":31,"edges":[0,2,2,4,4,6,6,8,8,10,10,12,12,14,14,16,16,18,18,20,20,22,22,24,24,26,26,28,28,30,30,32,32,34,34,36,36,38,38,40,40,42,42,44,44,46,46,48,48,50,50,52,52,54,54,56,56,58,58,60,0,60],"width":42,"height":19}},"sj9":{"sj1":{"x":25.71,"y":0.13,"rotation":130.74,"width":47,"height":48}},"xian1":{"xian1":{"x":11.57,"y":8.64,"rotation":89.3,"width":62,"height":50}},"xian2":{"xian2":{"x":5.29,"y":-11.53,"rotation":90.92,"width":30,"height":28}},"xian3":{"xian1":{"x":11.57,"y":8.64,"rotation":89.3,"width":62,"height":50}},"xian4":{"xian2":{"x":5.29,"y":-11.53,"rotation":90.92,"width":30,"height":28}},"yiz1":{"yiz1":{"x":10.83,"y":3.67,"rotation":-70.35,"width":135,"height":137}},"yiz2":{"yiz2":{"x":-3.34,"y":3.14,"rotation":-70.35,"width":72,"height":83}},"YJD":{"YJD":{"y":-3.99,"width":224,"height":134}},"YJD2":{"YJD":{"y":-3.99,"width":224,"height":134}},"zbody":{"zbody":{"type":"mesh","uvs":[0.50774,0,0.39901,0,0.30017,0.01479,0.20838,0.04987,0.12648,0.11224,0.05165,0.20188,0,0.33636,0,0.50591,0.02764,0.67936,0.09259,0.81578,0.22005,0.93571,0.37679,1,0.52364,1,0.64367,0.98054,0.74675,0.92597,0.84983,0.85386,0.9755,0.67067,1,0.52645,1,0.35885,0.94443,0.21073,0.84841,0.09185,0.72133,0.02364,0.60554,0,0.08025,0.6161,0.12826,0.72134,0.22711,0.82463,0.32454,0.88114,0.41915,0.91622,0.56177,0.90063,0.71709,0.85386,0.83853,0.74667,0.92608,0.56543,0.95008,0.43095,0.89642,0.23607,0.69168,0.0938,0.51376,0.07041,0.35984,0.07041,0.2031,0.12108,0.11556,0.26335,0.05907,0.37054,0.21722,0.64143,0.40503,0.77006,0.68462,0.75642,0.79758,0.58102,0.8004,0.39393,0.74957,0.2653,0.53635,0.18929,0.35561,0.23607,0.24546,0.3452,0.4135,0.5167,0.61401,0.46409],"triangles":[48,23,39,38,37,48,48,39,38,47,37,36,36,2,1,35,36,1,39,6,5,11,26,27,8,7,23,8,23,24,9,8,24,7,6,39,26,25,41,35,0,22,34,22,21,46,35,22,46,22,34,33,20,19,20,34,21,45,20,33,45,34,20,44,45,33,18,33,19,32,33,18,44,33,32,45,46,34,32,18,17,31,44,32,31,32,17,43,44,31,16,31,17,30,43,31,30,31,16,42,43,30,29,42,30,15,30,16,29,30,15,28,42,29,14,29,15,13,28,29,13,29,14,12,27,28,12,28,13,10,25,26,10,9,25,10,26,11,9,24,25,7,39,23,11,27,12,38,39,5,46,36,35,35,1,0,38,5,4,38,4,37,37,4,3,36,37,2,2,37,3,50,45,44,42,50,43,46,47,36,49,46,50,50,41,49,26,41,27,48,37,47,49,47,46,48,47,49,40,23,48,40,48,49,24,23,40,41,40,49,25,40,41,24,40,25,27,41,28,41,50,42,28,41,42,45,50,46,43,50,44],"vertices":[2,55,75.56,-58.82,0.22522,56,58.91,38.38,0.77478,2,55,76.13,-40.67,0.24569,56,59.49,56.53,0.75431,2,55,74.87,-24.12,0.11432,56,58.22,73.09,0.88568,2,55,71.11,-8.66,0.08189,56,54.47,88.54,0.91811,2,55,64,5.25,0.04857,56,47.36,102.45,0.95143,2,55,53.56,18.08,0.05675,56,36.91,115.29,0.94325,2,55,37.57,27.22,0.06612,56,20.92,124.42,0.93388,2,55,17.06,27.87,0.17947,56,0.42,125.07,0.82053,2,55,-4.06,23.92,0.18286,56,-20.7,121.13,0.81714,2,55,-20.9,13.61,0.17798,56,-37.55,110.81,0.82202,2,55,-36.08,-7.21,0.08387,56,-52.73,89.99,0.91613,2,55,-44.69,-33.12,0.19497,56,-61.33,64.08,0.80503,2,55,-45.47,-57.64,0.46003,56,-62.11,39.57,0.53997,2,55,-43.75,-77.74,0.28079,56,-60.39,19.46,0.71921,2,55,-37.7,-95.16,0.148,56,-54.34,2.04,0.852,2,55,-29.52,-112.64,0.19969,56,-46.17,-15.44,0.80031,2,55,-8.03,-134.32,0.14665,56,-24.68,-37.12,0.85335,2,55,9.28,-138.97,0.14571,56,-7.36,-41.76,0.85429,2,55,29.55,-139.61,0.14571,56,12.91,-42.41,0.85429,2,55,47.76,-130.9,0.00921,56,31.11,-33.7,0.99079,1,56,46,-18.13,1,2,55,71.57,-94.38,0.01546,56,54.92,2.82,0.98454,2,55,75.04,-75.15,0.01143,56,58.39,22.06,0.98857,2,55,3.31,14.9,0.37143,56,-13.33,112.1,0.62857,2,55,-9.67,7.29,0.43813,56,-26.31,104.49,0.56187,2,55,-22.69,-8.81,0.36348,56,-39.33,88.39,0.63652,2,55,-30.04,-24.86,0.22818,56,-46.68,72.34,0.77182,2,55,-34.78,-40.52,0.63269,56,-51.43,56.69,0.36731,2,55,-33.65,-64.38,0.38526,56,-50.3,32.82,0.61474,2,55,-28.82,-90.49,0.15539,56,-45.46,6.72,0.84461,2,55,-16.5,-111.17,0.13082,56,-33.14,-13.97,0.86918,1,56,-11.69,-29.27,1,2,55,21.09,-131,0.09714,56,4.45,-33.8,0.90286,2,55,44.95,-122.79,0.09913,56,28.3,-25.59,0.90087,2,55,63.24,-89.16,0.11044,56,46.59,8.04,0.88956,2,55,67.01,-59.56,0.07056,56,50.36,37.65,0.92944,2,55,67.82,-33.86,0.31045,56,51.18,63.34,0.68955,2,55,62.53,-7.51,0.41427,56,45.88,89.7,0.58573,2,55,45.78,7.65,0.11512,56,29.14,104.85,0.88488,2,55,33.12,17.49,0.1215,56,16.48,114.69,0.8785,2,55,-0.48,-7.87,0.96007,56,-17.12,89.34,0.03993,2,55,-17.03,-38.72,0.65498,56,-33.67,58.48,0.34502,2,55,-16.86,-85.44,0.55665,56,-33.51,11.76,0.44335,2,55,3.75,-104.97,0.54785,56,-12.89,-7.77,0.45215,2,55,26.36,-106.16,0.5388,56,9.72,-8.96,0.4612,2,55,42.19,-98.17,0.57472,56,25.55,-0.97,0.42528,2,55,52.51,-62.87,0.70105,56,35.87,34.33,0.29895,2,55,47.81,-32.52,0.61938,56,31.17,64.68,0.38062,2,55,35.2,-13.72,0.82027,56,18.55,83.48,0.17973,2,55,13.57,-41.11,0.59012,56,-3.08,56.1,0.40988,2,55,18.87,-74.78,0.57233,56,2.22,22.42,0.42767],"hull":23,"edges":[0,2,2,4,4,6,6,8,8,10,10,12,12,14,14,16,16,18,18,20,20,22,22,24,24,26,26,28,28,30,30,32,32,34,34,36,36,38,38,40,40,42,42,44,0,44],"width":167,"height":121}},"zbq":{"zbq":{"x":9.15,"y":0.13,"rotation":-83.99,"width":46,"height":29}},"zdm":{"zdm":{"type":"mesh","uvs":[0.50314,0.00801,0.37863,0.0171,0.25075,0.05894,0.14643,0.1408,0.06903,0.24812,0.02191,0.37546,0.02191,0.5137,0.07912,0.65923,0.19691,0.78656,0.3719,0.88661,0.60747,0.97393,0.83967,0.99575,0.96082,0.97938,1,0.91572,0.95409,0.89753,0.7791,0.88661,0.66804,0.83022,0.64022,0.76361,0.62093,0.71744,0.61271,0.59757,0.62973,0.52215,0.65458,0.43003,0.67636,0.34882,0.6931,0.25863,0.68991,0.16155,0.63878,0.06094,0.57381,0.02074],"triangles":[23,2,24,25,24,1,25,1,0,1,24,2,26,25,0,23,22,3,23,3,2,22,4,3,21,6,5,22,5,4,5,22,21,20,6,21,19,6,20,7,6,19,7,19,18,8,7,18,8,18,17,9,8,17,9,17,16,10,9,16,10,16,15,12,14,13,11,15,14,11,14,12,10,15,11],"vertices":[1,19,23.22,0.78,1,1,19,20.84,5.21,1,2,18,37,1.28,0.00516,19,16.14,8.9,0.99484,2,18,31.03,5.58,0.10952,19,9,10.68,0.89048,2,18,23.16,8.85,0.60585,19,0.47,10.78,0.39415,3,17,36.8,5.04,0.00198,18,13.78,10.94,0.9955,19,-9.01,9.22,0.00252,2,17,27.23,8.66,0.204,18,3.55,11.16,0.796,3,16,35.4,-1.54,2.2E-4,17,16.35,10.32,0.92192,18,-7.26,9.1,0.07786,2,16,26.31,3.78,0.11866,17,5.87,9.25,0.88134,2,16,16.4,6.16,0.96575,17,-3.53,5.32,0.03425,1,16,4.98,6.42,1,1,16,-3.68,2.7,1,1,16,-7.08,-0.96,1,1,16,-5.82,-5.76,1,1,16,-3.55,-5.89,1,1,16,2.76,-2.74,1,2,16,8.76,-3.81,0.86751,17,-3.81,-7.24,0.13249,4,16,12.38,-7.33,0.3848,17,1.19,-7.94,0.59442,18,-15.47,-13.17,0.0207,19,-27.18,-24.05,8.0E-5,4,16,14.9,-9.77,0.05017,17,4.66,-8.43,0.91465,18,-12.04,-12.48,0.03505,19,-24.25,-22.12,1.3E-4,3,17,13.08,-11.25,0.61124,18,-3.16,-12.34,0.36488,19,-16.07,-18.69,0.02388,3,17,18.06,-13.86,0.33106,18,2.4,-13.14,0.46685,19,-10.6,-17.36,0.2021,3,17,24.08,-17.2,0.0182,18,9.2,-14.28,0.58071,19,-3.87,-15.89,0.40109,3,17,29.4,-20.14,0.00981,18,15.19,-15.28,0.33517,19,2.06,-14.59,0.65502,2,18,21.84,-16.09,0.04818,19,8.54,-12.86,0.95182,2,18,29.03,-16.12,0.02375,19,15.22,-10.21,0.97625,1,19,21.47,-5.67,1,1,19,23.33,-2.19,1],"hull":27,"edges":[0,2,2,4,4,6,6,8,8,10,10,12,12,14,14,16,16,18,18,20,20,22,22,24,24,26,26,28,28,30,30,32,36,38,50,52,0,52,42,44,44,46,46,48,48,50,38,40,40,42,32,34,34,36],"width":40,"height":74}},"zhand":{"zhand":{"x":15.35,"y":-1.77,"rotation":56.5,"width":43,"height":47}},"zhand2":{"zhand":{"path":"zhand2","x":15.35,"y":-1.77,"rotation":56.5,"width":41,"height":45}},"zhead":{"zhead":{"type":"mesh","uvs":[0.56616,0.01062,0.44604,0.00555,0.35971,0.02919,0.27714,0.08491,0.21708,0.14064,0.15577,0.23688,0.10698,0.3534,0.0782,0.45809,0.06819,0.52394,0.02123,0.5803,0,0.66304,0.00246,0.75591,0.03499,0.82177,0.11507,0.89269,0.19014,0.93997,0.3065,0.98556,0.44162,0.99907,0.58175,1,0.70687,0.97205,0.83198,0.91464,0.92707,0.83865,0.96961,0.77955,1,0.64785,1,0.51614,0.98588,0.39118,0.92958,0.23921,0.81697,0.10244,0.70186,0.03152,0.60928,0.00619,0.12133,0.57524,0.08254,0.61914,0.07253,0.68668,0.07878,0.76773,0.1501,0.8471,0.27522,0.89944,0.39408,0.93997,0.55298,0.93997,0.70562,0.92139,0.82948,0.84372,0.93208,0.75085,0.94334,0.59888,0.92832,0.42833,0.86452,0.26285,0.77443,0.16154,0.68685,0.10413,0.58425,0.08218,0.45288,0.08555,0.3653,0.10919,0.29273,0.15647,0.23143,0.2409,0.17638,0.32871,0.14134,0.4773,0.26771,0.58875,0.2014,0.50601,0.19264,0.69006,0.37906,0.77449,0.4729,0.63265,0.4166,0.47899,0.26271,0.36586,0.34904,0.24428,0.53671,0.23415,0.62429,0.40976,0.6343,0.60563,0.61804,0.78631,0.63805,0.8606,0.80696,0.68668,0.80196,0.49081,0.79945,0.4621,0.78319,0.38443,0.68185,0.24934],"triangles":[33,54,34,7,6,51,8,7,51,14,34,15,9,8,30,11,10,31,12,11,32,12,32,13,13,33,14,45,0,28,46,1,0,46,0,45,2,1,46,44,28,27,43,44,27,45,28,44,47,2,46,26,43,27,60,46,45,69,45,44,69,44,43,60,45,69,42,26,25,43,26,42,68,43,42,69,43,68,61,60,69,61,69,68,41,42,25,41,25,24,68,42,41,67,68,41,59,46,60,57,60,61,66,67,41,41,24,23,40,41,23,66,41,40,61,66,62,67,61,68,66,61,67,62,56,61,40,23,22,65,66,40,62,66,65,39,65,40,39,40,22,21,39,22,63,56,62,63,62,65,39,38,65,20,39,21,20,38,39,64,63,65,65,37,64,19,38,20,38,37,65,19,37,38,36,63,64,18,37,19,18,17,64,18,64,37,29,8,51,30,8,29,11,31,32,13,32,33,15,34,35,15,35,16,14,33,34,16,35,36,16,36,17,10,9,30,30,29,54,3,2,47,48,3,47,4,3,48,49,4,48,5,4,49,59,48,47,49,48,59,50,5,49,6,5,50,58,49,59,50,49,58,51,6,50,53,51,50,46,59,47,57,59,60,58,59,57,58,53,50,29,51,53,52,58,57,53,58,52,56,57,61,52,57,56,54,29,53,54,53,52,55,52,56,54,52,55,34,54,55,63,55,56,36,55,63,35,55,36,34,55,35,17,36,64,31,30,54,32,31,54,33,32,54,31,10,30],"vertices":[2,4,77.38,-53.81,0.23722,21,40.04,33.29,0.76278,2,4,78.21,-33.88,0.41452,21,40.87,53.22,0.58548,2,4,75.45,-19.52,0.53057,21,38.11,67.58,0.46943,2,4,68.74,-5.74,0.64958,21,31.4,81.36,0.35042,2,4,61.99,4.3,0.58166,21,24.65,91.4,0.41834,2,4,50.26,14.6,0.53647,21,12.92,101.7,0.46353,2,4,36.01,22.85,0.51091,21,-1.33,109.94,0.48909,2,4,23.18,27.76,0.48018,21,-14.16,114.85,0.51982,2,4,15.1,29.5,0.35143,21,-22.24,116.6,0.64857,2,4,8.25,37.37,0.48571,21,-29.09,124.47,0.51429,2,4,-1.89,41,0.51429,21,-39.23,128.1,0.48571,2,4,-13.32,40.71,0.42,21,-50.66,127.81,0.58,2,4,-21.47,35.39,0.27143,21,-58.81,122.49,0.72857,2,4,-30.33,22.19,0.12,21,-67.67,109.29,0.88,2,4,-36.28,9.79,0.18857,21,-73.62,96.89,0.81143,2,4,-42.09,-9.47,0.14857,21,-79.42,77.63,0.85143,2,4,-43.98,-31.88,0.1676,21,-81.32,55.22,0.8324,2,4,-44.34,-55.14,0.54745,21,-81.67,31.96,0.45255,2,4,-41.11,-75.94,0.36229,21,-78.45,11.16,0.63771,2,4,-34.27,-96.78,0.20317,21,-71.61,-9.68,0.79683,2,4,-25.08,-112.66,0.11237,21,-62.42,-25.57,0.88763,2,4,-17.89,-119.8,0.082,21,-55.23,-32.7,0.918,2,4,-1.74,-125.01,0.04098,21,-39.08,-37.91,0.95902,2,4,14.46,-125.18,0.01296,21,-22.88,-38.08,0.98704,2,4,29.85,-122.99,0.03219,21,-7.49,-35.9,0.96781,2,4,48.64,-113.84,0.04,21,11.3,-26.74,0.96,2,4,65.65,-95.33,0.07714,21,28.31,-8.23,0.92286,2,4,74.57,-76.31,0.08356,21,37.24,10.79,0.91644,2,4,77.85,-60.97,0.18086,21,40.51,26.13,0.81914,2,4,8.7,20.75,0.58857,21,-28.64,107.85,0.41143,2,4,3.37,27.24,0.52,21,-33.97,114.34,0.48,2,4,-4.92,28.99,0.50571,21,-42.26,116.09,0.49429,2,4,-14.9,28.05,0.43143,21,-52.24,115.15,0.56857,2,4,-24.79,16.32,0.36286,21,-62.13,103.42,0.63714,2,4,-31.44,-4.38,0.26022,21,-68.78,82.71,0.73978,2,4,-36.63,-24.06,0.53309,21,-73.97,63.04,0.46691,2,4,-36.9,-50.44,0.58588,21,-74.24,36.66,0.41412,2,4,-34.88,-75.8,0.35041,21,-72.22,11.3,0.64959,2,4,-25.54,-96.46,0.18198,21,-62.88,-9.36,0.81802,2,4,-14.29,-113.61,0.08461,21,-51.63,-26.51,0.91539,2,4,4.38,-115.67,0.03507,21,-32.96,-28.57,0.96493,2,4,25.38,-113.39,0.10631,21,-11.96,-26.3,0.89369,2,4,45.84,-103.01,0.09143,21,8.5,-15.92,0.90857,2,4,58.46,-88.19,0.11021,21,21.12,-1.09,0.88979,2,4,65.67,-73.72,0.08559,21,28.33,13.37,0.91441,2,4,68.55,-56.72,0.21273,21,31.21,30.38,0.78727,2,4,68.36,-34.91,0.41642,21,31.02,52.19,0.58358,2,4,65.6,-20.34,0.55154,21,28.26,66.75,0.44846,2,4,59.91,-8.24,0.66778,21,22.57,78.86,0.33222,2,4,49.63,2.05,0.63353,21,12.29,89.14,0.36647,2,4,38.93,11.3,0.61092,21,1.59,98.39,0.38908,2,4,20.71,17.3,0.48286,21,-16.63,104.4,0.51714,1,4,6.79,-3.53,1,2,4,17.08,7.37,0.96216,21,-20.26,94.47,0.03784,2,4,-5.55,9.06,0.81429,21,-42.88,96.15,0.18571,2,4,-16.25,-21.78,0.85093,21,-53.59,65.32,0.14907,2,4,1.03,-37.54,0.6453,21,-36.31,49.56,0.3547,2,4,20.03,-28.39,0.6733,21,-17.31,58.71,0.3267,2,4,34.21,-2.99,0.83105,21,-3.13,84.11,0.16895,2,4,49.01,-17.47,0.64117,21,11.67,69.63,0.35883,2,4,49.94,-48.64,0.31399,21,12.6,38.46,0.68601,2,4,28.19,-62.95,0.2205,21,-9.15,24.15,0.7795,2,4,4.08,-64.36,0.31893,21,-33.26,22.74,0.68107,2,4,-18.11,-61.43,0.43762,21,-55.45,25.67,0.56238,2,4,-27.29,-64.66,0.43116,21,-64.63,22.44,0.56884,2,4,-6.19,-92.92,0.13777,21,-43.53,-5.82,0.86223,2,4,17.91,-92.34,0.17853,21,-19.43,-5.24,0.82147,2,4,21.45,-91.96,0.06992,21,-15.89,-4.86,0.93008,2,4,31.03,-89.36,0.11675,21,-6.31,-2.26,0.88325,2,4,47.82,-72.71,0.08216,21,10.48,14.39,0.91784],"hull":29,"edges":[0,2,2,4,4,6,6,8,8,10,10,12,12,14,14,16,16,18,18,20,20,22,22,24,24,26,26,28,28,30,30,32,32,34,34,36,36,38,38,40,40,42,42,44,44,46,46,48,48,50,50,52,52,54,54,56,0,56,132,134],"width":166,"height":123}},"zj1":{"zj1":{"type":"mesh","uvs":[0.75167,0.00294,0.56322,0,0.43079,0.06667,0.41042,0.48594,0.23215,0.51948,0.03351,0.67377,0,0.85489,0.18631,0.96894,0.51228,0.97564,0.71092,0.95887,0.90447,0.84148,0.96559,0.71737,0.96559,0.11028],"triangles":[3,12,11,10,9,8,4,3,8,4,8,5,6,5,7,8,7,5,10,8,3,10,3,11,3,2,12,2,0,12,2,1,0],"vertices":[1,13,5.87,2.46,1,1,13,5.57,-2.62,1,1,13,8.16,-6.29,1,2,13,25.32,-7.48,0.26835,15,3.37,-7.79,0.73165,2,13,26.52,-12.34,0.16195,15,7.95,-9.8,0.83805,2,13,32.64,-17.93,0.02079,15,16.12,-8.34,0.97921,1,15,21.55,-3.2,1,1,15,20.66,3.61,1,1,15,14.05,9.43,1,1,15,9.48,12.32,1,1,15,2.39,11.95,1,2,13,35.36,7.15,0.02131,15,-2.13,9.08,0.97869,1,13,10.49,8.07,1],"hull":13,"edges":[0,2,2,4,4,6,6,8,8,10,10,12,12,14,14,16,16,18,18,20,20,22,22,24,0,24],"width":27,"height":41}},"zj2":{"zj2":{"type":"mesh","uvs":[0.69819,0.01993,0.56495,0.02301,0.45743,0.07381,0.43406,0.12153,0.42704,0.4848,0.29147,0.50327,0.09045,0.59717,0.00864,0.73109,0.04838,0.87117,0.19814,0.93581,0.3828,0.98968,0.68667,0.95428,0.91106,0.81112,0.96483,0.66181,0.9508,0.1169,0.78718,0.01838],"triangles":[4,14,13,12,4,13,9,8,7,9,6,5,9,7,6,11,4,12,4,9,5,10,4,11,10,9,4,0,15,14,3,2,1,1,0,3,14,3,0,4,3,14],"vertices":[1,10,10.23,-0.64,1,1,10,10.27,-4.24,1,1,10,12.27,-7.19,1,1,10,14.21,-7.87,1,2,10,29.1,-8.44,0.24867,12,5.51,-9.04,0.75133,2,10,29.76,-12.12,0.17578,12,9.13,-10,0.82422,2,10,33.47,-17.65,0.04801,12,15.7,-8.98,0.95199,2,10,38.9,-20,0.00269,12,20.13,-5.06,0.99731,1,12,21.74,0.56,1,1,12,19.31,4.74,1,1,12,15.84,8.94,1,1,12,7.85,11.31,1,1,12,-0.19,8.77,1,2,10,36.73,5.89,0.13282,12,-4.23,3.95,0.86718,1,10,14.38,6.08,1,1,10,10.23,1.77,1],"hull":16,"edges":[0,2,2,4,4,6,6,8,8,10,10,12,12,14,14,16,16,18,18,20,20,22,22,24,24,26,26,28,28,30,0,30],"width":27,"height":41}},"zw":{"zw":{"type":"mesh","uvs":[0.52086,0.00396,0.42542,0.06877,0.31983,0.17876,0.22236,0.31625,0.12082,0.50676,0.05178,0.67175,0.00508,0.84262,0.03554,0.94083,0.09443,0.99975,0.20002,0.92119,0.4173,0.77781,0.64551,0.658,0.86279,0.53033,0.98463,0.42624,0.99072,0.28286,0.90137,0.16305,0.77344,0.03538,0.63738,0.00789],"triangles":[14,12,15,15,17,16,13,12,14,17,12,1,15,12,17,1,0,17,12,2,1,11,2,12,11,3,2,10,3,11,4,3,10,5,4,10,9,6,5,10,9,5,7,6,9,8,7,9],"vertices":[2,8,22.96,17.53,0.07452,9,7.46,18.59,0.92548,3,7,34.23,21,8.0E-5,8,16.16,18.52,0.21341,9,0.58,18.49,0.78651,3,7,25.22,19.37,0.04093,8,7.02,17.92,0.5162,9,-8.34,16.44,0.44287,3,7,15.59,16.11,0.35209,8,-2.92,15.77,0.53382,9,-17.82,12.74,0.11408,3,7,3.82,10.41,0.92601,8,-15.25,11.44,0.07269,9,-29.3,6.5,0.0013,2,7,-5.48,4.8,0.9999,8,-25.13,6.92,1.0E-4,1,7,-13.93,-1.89,1,1,7,-16.09,-7.76,1,1,7,-15.47,-12.72,1,1,7,-7.61,-12.62,1,2,7,7.9,-13.32,0.98025,8,-13.89,-12.59,0.01975,3,7,23.05,-15.55,0.41072,8,0.92,-16.53,0.55563,9,-8.89,-18.54,0.03364,3,7,37.98,-17.01,0.03507,8,15.58,-19.67,0.45034,9,6.09,-19.3,0.51459,3,7,47.54,-16.24,0.00126,8,25.17,-19.99,0.2134,9,15.6,-18.1,0.78534,2,8,31.44,-13.87,0.089,9,20.82,-11.07,0.911,2,8,32.62,-4.94,0.01092,9,20.57,-2.06,0.98908,1,9,18.7,8.63,1,2,8,27.8,12.63,0.01366,9,13.01,14.53,0.98634],"hull":18,"edges":[0,2,2,4,4,6,6,8,8,10,10,12,12,14,14,16,16,18,18,20,20,22,22,24,24,26,26,28,28,30,30,32,32,34,0,34],"width":59,"height":61}},"图层492(3)":{"图层492(3)":{"x":1.51,"y":-4.79,"width":118,"height":60}},"图层492(3)2":{"图层492(3)":{"x":1.51,"y":-4.79,"width":118,"height":60}},"头发bbb":{"头发bbb":{"type":"mesh","uvs":[0.04157,0.85232,0.11779,0.9106,0.20746,0.967,0.31954,1,0.42564,1,0.51979,0.98205,0.52129,1,0.55865,1,0.6259,0.94444,0.67969,0.95572,0.70361,0.93504,0.74993,0.93504,0.77384,0.89744,0.81569,0.91812,0.91581,0.91436,0.9741,0.87112,0.91731,0.79968,0.87098,0.71507,0.85305,0.60791,0.84109,0.5233,0.90535,0.54962,0.94122,0.54398,0.94063,0.5104,0.9652,0.53968,0.96262,0.62753,0.98589,0.6438,1,0.61614,1,0.43068,0.96132,0.28914,0.88244,0.1655,0.77769,0.07602,0.66519,0.01583,0.55786,0,0.42725,0,0.34707,0.00932,0.27724,0.04186,0.21259,0.08578,0.16086,0.14272,0.11818,0.18014,0.07034,0.25986,0.03672,0.33795,0.01473,0.40953,0,0.52667,0,0.69911,0.01215,0.76744,0.2016,0.19656,0.09535,0.37672,0.08457,0.63825,0.12306,0.81648,0.32632,0.89203,0.37868,0.16944,0.31709,0.55882,0.50495,0.73899,0.69127,0.7138,0.74979,0.50846,0.72053,0.27211,0.54652,0.26436,0.48185,0.41741,0.84988,0.33798],"triangles":[45,37,36,40,39,46,41,40,46,46,42,41,50,34,33,32,50,33,56,32,31,56,50,32,55,31,30,55,30,29,56,31,55,58,55,29,58,29,28,57,50,56,58,28,27,54,55,58,22,58,27,19,54,58,22,19,58,23,22,27,20,19,22,21,20,22,23,27,26,24,23,26,25,24,26,56,54,57,54,56,55,53,57,54,18,53,54,52,57,53,53,17,12,19,18,54,17,53,18,13,12,17,17,16,13,14,16,15,14,13,16,10,53,12,8,52,53,11,10,12,10,8,53,9,8,10,3,2,49,4,3,49,43,42,47,44,43,47,0,44,48,1,0,48,2,1,48,35,34,50,45,46,39,38,37,45,45,39,38,35,45,36,51,50,57,35,50,45,51,45,50,46,45,51,47,46,51,47,42,46,51,57,52,48,47,51,44,47,48,49,51,52,48,51,49,49,2,48,5,52,8,4,49,52,52,5,4,7,6,5,8,7,5],"vertices":[2,58,-23.78,29.27,0.29714,59,-59.53,112.75,0.70286,2,58,-30.93,17.33,0.29714,59,-66.67,100.8,0.70286,2,58,-37.82,3.29,0.29714,59,-73.56,86.77,0.70286,2,58,-41.78,-14.22,0.29714,59,-77.53,69.25,0.70286,2,58,-41.66,-30.78,0.29714,59,-77.41,52.7,0.70286,2,58,-39.33,-45.45,0.63901,59,-75.07,38.03,0.36099,2,58,-41.55,-45.7,0.6273,59,-77.3,37.78,0.3727,2,58,-41.51,-51.52,0.59923,59,-77.26,31.95,0.40077,2,58,-34.55,-61.96,0.47598,59,-70.29,21.51,0.52402,2,58,-35.89,-70.37,0.39141,59,-71.63,13.11,0.60859,2,58,-33.29,-74.08,0.35656,59,-69.04,9.4,0.64344,2,58,-33.24,-81.31,0.30547,59,-68.99,2.17,0.69453,2,58,-28.55,-85,0.2622,59,-64.3,-1.53,0.7378,2,58,-31.07,-91.55,0.21566,59,-66.81,-8.07,0.78434,2,58,-30.49,-107.16,0.17864,59,-66.23,-23.69,0.82136,2,58,-25.06,-116.22,0.17354,59,-60.81,-32.74,0.82646,2,58,-16.27,-107.29,0.17683,59,-52.01,-23.82,0.82317,2,58,-5.83,-99.99,0.16714,59,-41.57,-16.51,0.83286,2,58,7.44,-97.1,0.11384,59,-28.3,-13.62,0.88616,2,58,17.92,-95.16,0.0369,59,-17.83,-11.68,0.9631,2,58,14.73,-105.2,0.07184,59,-21.02,-21.73,0.92816,2,58,15.47,-110.79,0.06969,59,-20.28,-27.32,0.93031,2,58,19.63,-110.67,0.06904,59,-16.11,-27.2,0.93096,2,58,16.03,-114.53,0.06857,59,-19.72,-31.05,0.93143,2,58,5.13,-114.21,0.06286,59,-30.61,-30.73,0.93714,2,58,3.14,-117.85,0.06286,59,-32.61,-34.38,0.93714,2,58,6.58,-120.03,0.06286,59,-29.16,-36.55,0.93714,2,58,29.58,-119.86,0.06286,59,-6.16,-36.38,0.93714,2,58,47.09,-113.7,0.06286,59,11.34,-30.22,0.93714,2,58,62.33,-101.28,0.06446,59,26.59,-17.81,0.93554,2,58,73.31,-84.86,0.10219,59,37.56,-1.39,0.89781,2,58,80.64,-67.26,0.1293,59,44.9,16.22,0.8707,2,58,82.48,-50.5,0.24737,59,46.74,32.97,0.75263,2,58,82.34,-30.13,0.42275,59,46.59,53.35,0.57725,2,58,81.09,-17.63,0.41631,59,45.35,65.85,0.58369,2,58,76.98,-6.77,0.44766,59,41.23,76.71,0.55234,2,58,71.46,3.28,0.32125,59,35.71,86.76,0.67875,2,58,64.34,11.3,0.39756,59,28.59,94.78,0.60244,2,58,59.65,17.92,0.44867,59,23.91,101.4,0.55133,2,58,49.71,25.32,0.29714,59,13.97,108.79,0.70286,2,58,39.99,30.49,0.29714,59,4.25,113.97,0.70286,2,58,31.09,33.85,0.29714,59,-4.65,117.33,0.70286,2,58,16.55,36.05,0.29714,59,-19.2,119.52,0.70286,2,58,-4.83,35.89,0.29714,59,-40.58,119.37,0.70286,2,58,-13.29,33.94,0.29714,59,-49.04,117.41,0.70286,2,58,57.71,4.9,0.75899,59,21.96,88.37,0.24101,2,58,35.25,21.31,0.76523,59,-0.5,104.79,0.23477,2,58,2.81,22.76,0.75667,59,-32.94,106.23,0.24333,2,58,-19.25,16.59,0.75701,59,-54.99,100.07,0.24299,2,58,-28.39,-15.19,0.90409,59,-64.13,68.29,0.09591,2,58,61.27,-22.7,0.52824,59,25.53,60.77,0.47176,2,58,12.92,-13.45,0.85777,59,-22.82,70.03,0.14223,2,58,-9.21,-42.91,0.60527,59,-44.95,40.56,0.39473,2,58,-5.87,-71.96,0.28331,59,-41.62,11.52,0.71669,2,58,19.65,-80.9,0.08173,59,-16.09,2.58,0.91827,2,58,48.93,-76.12,0.04298,59,13.18,7.35,0.95702,2,58,49.69,-48.97,0.28452,59,13.95,34.5,0.71548,2,58,30.64,-39.02,0.47021,59,-5.1,44.46,0.52979,1,59,5.16,-12.88,1],"hull":45,"edges":[0,2,2,4,4,6,6,8,8,10,10,12,12,14,14,16,16,18,18,20,20,22,22,24,24,26,26,28,28,30,30,32,32,34,34,36,36,38,38,40,40,42,42,44,44,46,46,48,48,50,50,52,52,54,54,56,56,58,58,60,60,62,62,64,64,66,66,68,68,70,70,72,72,74,74,76,76,78,78,80,80,82,82,84,84,86,86,88,0,88],"width":156,"height":124}},"头发sss":{"头发sss":{"x":-1.78,"y":9.22,"rotation":-88.03,"width":156,"height":116}},"手bbb":{"手bbb":{"x":14.98,"y":-0.6,"rotation":-1.38,"width":50,"height":44}},"手sss":{"手sss":{"x":15.64,"y":-0.8,"rotation":66.45,"width":46,"height":40}},"眉毛sss":{"眉毛sss":{"x":22.1,"y":-14.75,"rotation":-90.59,"width":61,"height":32}},"衣服bbb":{"衣服bbb":{"type":"mesh","uvs":[0.47089,0.26266,0.35578,0.23397,0.27251,0.19299,0.18801,0.12741,0.13045,0.07412,0.08269,0,0.05575,0,0.02146,0.07617,0,0.17864,0,0.34874,0,0.47375,0.01779,0.59056,0.05698,0.70942,0.12678,0.81804,0.20515,0.90206,0.2823,0.95944,0.37905,0.99838,0.50763,1,0.61295,0.99838,0.73419,0.9492,0.8591,0.83443,0.94972,0.67663,1,0.44915,1,0.32824,1,0.12946,0.97054,0.04953,0.91788,0.12331,0.82971,0.19504,0.70357,0.24012,0.60438,0.25857,0.0716,0.1095,0.05011,0.22831,0.04264,0.35024,0.04731,0.49562,0.09495,0.65507,0.17622,0.77075,0.27431,0.86455,0.36959,0.91204,0.44245,0.93236,0.54614,0.93705,0.66664,0.9011,0.76286,0.83857,0.83358,0.76822,0.90364,0.6588,0.94754,0.46495,0.95968,0.29456,0.95128,0.18201,0.83451,0.29143,0.72989,0.33833,0.58416,0.36334,0.45619,0.36803,0.31793,0.31957,0.19556,0.26798,0.12644,0.19608,0.10962,0.38523,0.13204,0.54937,0.23666,0.40711,0.25815,0.72758,0.34409,0.44776,0.42069,0.75415,0.52344,0.48528,0.62153,0.74634,0.66823,0.45245,0.75978,0.60721,0.8644,0.39617,0.76819,0.71195,0.92325,0.31645],"triangles":[31,30,53,37,36,59,15,36,37,13,34,35,31,8,30,32,9,31,10,32,33,11,33,34,17,39,18,46,26,25,24,46,25,27,66,47,46,27,26,48,28,27,45,46,24,46,66,27,45,66,46,45,24,23,47,48,27,49,0,29,64,47,66,44,45,23,48,62,29,48,29,28,49,29,62,44,66,45,22,44,23,64,66,44,60,50,49,64,63,48,64,48,47,62,48,63,43,64,44,63,64,43,21,44,22,43,44,21,42,65,63,62,60,49,61,62,63,61,63,65,61,60,62,59,60,61,43,42,63,20,42,43,20,43,21,41,61,65,41,65,42,40,61,41,40,39,61,19,40,41,20,19,41,20,41,42,18,39,40,18,40,19,17,38,39,16,38,17,15,37,16,13,35,14,14,36,15,7,6,30,8,7,30,9,8,31,10,9,32,11,10,33,12,11,34,12,34,13,14,35,36,16,37,38,30,6,5,30,5,4,52,3,2,53,4,3,53,30,4,37,59,38,39,38,59,53,3,52,51,2,1,50,1,0,50,0,49,51,1,50,54,31,53,54,53,52,32,31,54,51,56,52,51,52,2,54,52,56,58,51,50,56,51,58,33,32,54,55,54,56,33,54,55,34,33,55,57,56,58,55,56,57,35,34,55,60,59,58,60,58,50,57,58,59,57,35,55,36,57,59,35,57,36,61,39,59],"vertices":[2,30,25.69,-37.45,0.61461,57,10.61,48.83,0.38539,2,30,29.09,-18.67,0.86937,57,14.01,67.61,0.13063,2,30,33.53,-5.14,0.204,57,18.45,81.14,0.796,2,30,40.38,8.51,0.27178,57,25.3,94.79,0.72822,2,30,45.9,17.78,0.27428,57,30.82,104.06,0.72572,2,30,53.4,25.38,0.27429,57,38.32,111.66,0.72571,2,30,53.54,29.8,0.28571,57,38.46,116.08,0.71429,2,30,46.26,35.65,0.28571,57,31.18,121.93,0.71429,2,30,36.33,39.48,0.28571,57,21.25,125.76,0.71429,2,30,19.67,40.01,0.28571,57,4.59,126.28,0.71429,2,30,7.42,40.39,0.28571,57,-7.66,126.67,0.71429,2,30,-4.11,37.83,0.28571,57,-19.19,124.11,0.71429,2,30,-15.95,31.77,0.28571,57,-31.03,118.05,0.71429,2,30,-26.95,20.66,0.28571,57,-42.03,106.94,0.71429,2,30,-35.58,8.07,0.28571,57,-50.66,94.35,0.71429,2,30,-41.6,-4.4,0.28571,57,-56.68,81.88,0.71429,2,30,-45.91,-20.14,0.28571,57,-60.99,66.14,0.71429,2,30,-46.72,-41.21,0.15586,57,-61.81,45.07,0.84414,2,30,-47.11,-58.48,0.39542,57,-62.19,27.8,0.60458,2,30,-42.91,-78.5,0.22287,57,-57.99,7.77,0.77713,2,30,-32.31,-99.33,0.08064,57,-47.39,-13.05,0.91936,2,30,-17.32,-114.67,0.08133,57,-32.4,-28.39,0.91867,2,30,4.71,-123.61,0.12,57,-10.37,-37.33,0.88,2,30,16.55,-123.98,0.09143,57,1.47,-37.7,0.90857,2,30,36.02,-124.59,0.18571,57,20.94,-38.31,0.81429,2,30,44,-120,0.09143,57,28.92,-33.72,0.90857,2,30,37.05,-111.14,0.25714,57,21.97,-24.87,0.74286,2,30,30.47,-96.47,0.25714,57,15.39,-10.19,0.74286,2,30,26.7,-75.66,0.3123,57,11.62,10.62,0.6877,2,30,25.4,-59.34,0.26148,57,10.32,26.94,0.73852,2,30,42.73,27.54,0.37429,57,27.65,113.81,0.62571,2,30,31.21,31.42,0.37429,57,16.13,117.7,0.62571,2,30,19.3,33.02,0.37429,57,4.22,119.3,0.62571,2,30,5.04,32.7,0.37429,57,-10.04,118.98,0.62571,2,30,-10.82,25.38,0.37429,57,-25.91,111.66,0.62571,2,30,-22.57,12.41,0.37429,57,-37.65,98.69,0.62571,2,30,-32.26,-3.38,0.38743,57,-47.34,82.9,0.61257,2,30,-37.4,-18.85,0.34081,57,-52.48,67.42,0.65919,2,30,-39.77,-30.73,0.53779,57,-54.85,55.54,0.46221,2,30,-40.76,-47.72,0.48559,57,-55.84,38.56,0.51441,2,30,-37.85,-67.58,0.30809,57,-52.93,18.7,0.69191,2,30,-32.22,-83.54,0.26222,57,-47.3,2.73,0.73778,2,30,-25.69,-95.35,0.23271,57,-40.77,-9.07,0.76729,2,30,-15.33,-107.17,0.25638,57,-30.41,-20.89,0.74362,2,30,3.43,-114.96,0.28054,57,-11.65,-28.68,0.71946,2,30,20.06,-117.47,0.18857,57,4.98,-31.19,0.81143,2,30,31.13,-116.44,0.26857,57,16.05,-30.16,0.73143,2,30,21.01,-96.96,0.28286,57,5.93,-10.69,0.71714,2,30,16.95,-79.67,0.06843,57,1.87,6.61,0.93157,2,30,15.25,-55.71,0.32574,57,0.16,30.57,0.67426,2,30,15.44,-34.71,0.63233,57,0.36,51.56,0.36767,2,30,20.9,-12.2,0.83143,57,5.82,74.08,0.16857,2,30,26.58,7.7,0.83143,57,11.5,93.98,0.16857,2,30,33.97,18.81,0.53043,57,18.89,105.09,0.46957,2,30,15.53,22.15,0.83143,57,0.45,108.43,0.16857,2,30,-0.66,18.98,0.83143,57,-15.74,105.25,0.16857,1,30,12.74,1.39,1,2,30,-18.76,-1.15,0.83143,57,-33.84,85.13,0.16857,1,30,8.21,-16.09,1,2,30,-22.2,-27.71,0.68255,57,-37.28,58.56,0.31745,2,30,3.61,-45.38,0.46037,57,-11.47,40.9,0.53963,2,30,-22.46,-60.66,0.35463,57,-37.54,25.62,0.64537,2,30,6.09,-69.21,0.20251,57,-8.99,17.06,0.79749,2,30,-9.54,-83.75,0.15283,57,-24.62,2.53,0.84717,2,30,10.59,-101.54,0.28286,57,-4.49,-15.26,0.71714,2,30,-19.84,-84.8,0.16186,57,-34.92,1.47,0.83814,2,30,18.1,-111.43,0.20418,57,3.02,-25.16,0.79582],"hull":30,"edges":[0,2,2,4,4,6,6,8,8,10,10,12,12,14,14,16,16,18,18,20,20,22,22,24,24,26,26,28,28,30,30,32,32,34,34,36,36,38,38,40,40,42,42,44,44,46,46,48,48,50,50,52,52,54,54,56,56,58,0,58],"width":164,"height":98}},"衣服sss":{"衣服sss":{"type":"mesh","uvs":[0.07412,0.12503,0.055,0.07752,0.02413,0.05502,0.00355,0.08752,0,0.18004,0,0.4326,0.02707,0.59514,0.08882,0.76018,0.17996,0.89021,0.2564,0.94523,0.32843,0.99774,0.50631,1,0.6048,1,0.7224,0.93522,0.81061,0.86021,0.88558,0.79019,0.93997,0.69267,0.98848,0.57264,1,0.45011,1,0.24006,0.97378,0.08752,0.95173,0.0075,0.92233,0,0.89146,0.0075,0.84589,0.08252,0.78856,0.14004,0.68418,0.20505,0.58422,0.24256,0.44163,0.25006,0.3446,0.25256,0.20054,0.20005,0.12137,0.35883,0.15171,0.60616,0.29837,0.78682,0.49182,0.82768,0.66883,0.77822,0.77756,0.58035,0.85216,0.33947,0.64228,0.45776,0.33378,0.53519,0.17068,0.44486,0.53228,0.43195,0.20082,0.33497,0.09621,0.48134],"triangles":[42,30,29,24,19,37,25,24,37,20,23,22,20,22,21,20,24,23,19,24,20,31,0,30,31,30,42,41,28,27,4,31,5,3,2,1,4,3,1,1,0,4,31,4,0,40,31,42,37,19,18,38,27,26,41,27,38,43,5,31,43,31,40,39,42,29,40,42,39,17,37,18,26,37,38,37,26,25,36,37,17,36,38,37,6,5,43,32,43,40,32,40,39,6,43,32,16,36,17,7,6,32,35,38,36,33,32,39,8,7,32,15,36,16,14,35,36,28,39,29,15,14,36,33,8,32,28,41,39,34,39,41,13,35,14,9,8,33,34,10,33,34,33,39,9,33,10,35,34,41,35,41,38,12,11,34,35,12,34,10,34,11,13,12,35],"vertices":[62.2,67.93,66.91,70.94,69.25,75.96,66.21,79.45,57.25,80.32,32.77,81.1,16.87,77.14,0.54,67.46,-12.54,52.83,-18.27,40.39,-23.74,28.68,-24.89,-0.65,-25.41,-16.9,-19.74,-36.49,-12.93,-51.27,-6.54,-63.85,2.63,-73.12,14.02,-81.49,25.84,-83.76,46.2,-84.41,61.13,-80.56,69,-77.17,69.88,-72.34,69.31,-67.23,62.28,-59.48,57,-49.85,51.25,-32.43,48.13,-15.83,48.15,7.71,48.42,23.71,54.26,47.31,39.28,60.86,15.15,56.61,-3.14,32.98,-8.11,1.21,-4.24,-28.14,14.37,-46.68,37.34,-59.72,26.97,-24.74,21.07,26.37,30.69,52.99,30.04,-6.68,41.18,47.68,27.54,65.38],"hull":31,"edges":[0,2,2,4,4,6,6,8,8,10,10,12,12,14,14,16,16,18,18,20,20,22,22,24,24,26,26,28,28,30,30,32,32,34,34,36,36,38,38,40,40,42,42,44,44,46,46,48,48,50,50,52,52,54,54,56,56,58,58,60,0,60],"width":165,"height":97}},"跑步机1":{"跑步机1":{"x":23.61,"y":-29.65,"scaleX":-1,"rotation":-88.03,"width":273,"height":260}}}},{"name":"skin1","bones":["sb1","sb3","z12","z13","z15","z18"]},{"name":"skin2","bones":["sb2","sb4","z16","z17","z20","z21"]},{"name":"skin3","bones":["sb5","sb6"]},{"name":"skin4","bones":["sb7","sb8"]}],"animations":{"idle1":{"slots":{"bbody":{"attachment":[{"name":null}]},"bdm":{"attachment":[{"name":null}]},"bhead":{"attachment":[{"name":null}]},"bj1":{"attachment":[{"name":null}]},"bj2":{"attachment":[{"name":null}]},"bw":{"attachment":[{"name":null}]},"sj4":{"attachment":[{"name":null}]},"sj5":{"attachment":[{"name":null}]},"sj6":{"attachment":[{"name":null}]},"图层492(3)2":{"attachment":[{"name":null}]},"头发bbb":{"attachment":[{"name":null}]},"手bbb":{"attachment":[{"name":null}]},"衣服bbb":{"attachment":[{"name":null}]}},"bones":{"5465":{"translate":[{"y":-2.16},{"time":0.4,"y":-7.84},{"time":0.8,"y":-2.16}],"scale":[{},{"time":0.4,"x":0.98,"y":1.02},{"time":0.8}]},"bone4":{"rotate":[{},{"time":0.4667,"angle":20.59},{"time":0.8}]},"bone5":{"rotate":[{},{"time":0.3,"angle":-19.43},{"time":0.8}]},"bone14":{"rotate":[{},{"time":0.3667,"angle":-16.9},{"time":0.8}]},"bone15":{"rotate":[{"angle":-5.02},{"time":0.0667,"angle":-2.42},{"time":0.4333,"angle":-19.32},{"time":0.8,"angle":-5.02}]},"bone16":{"rotate":[{"angle":-10.04},{"time":0.1333,"angle":-4.84},{"time":0.5,"angle":-21.74},{"time":0.8,"angle":-10.04}]},"bone17":{"rotate":[{"angle":-15.06},{"time":0.2,"angle":-7.26},{"time":0.5667,"angle":-24.16},{"time":0.8,"angle":-15.06}]},"target":{"translate":[{"x":-17.47,"y":-3.92}]},"target2":{"translate":[{"x":13.55,"y":2.48}]},"bone10":{"scale":[{},{"time":0.4,"x":1.1,"y":1.1},{"time":0.8}]},"bone13":{"translate":[{},{"time":0.2333,"x":5.67,"y":-0.87},{"time":0.5333,"x":-4.9,"y":-2.56},{"time":0.8}]},"bone33":{"rotate":[{"angle":-16.44},{"time":0.4667,"angle":-44.65},{"time":0.8,"angle":-16.44}]},"bone40":{"rotate":[{"angle":9.8}]},"bone41":{"rotate":[{"angle":14.03}]},"bone42":{"rotate":[{"angle":70.12}]},"bone43":{"rotate":[{"angle":27.49}]},"bone44":{"rotate":[{"angle":6.33}]},"bone50":{"rotate":[{"angle":6.33}]},"bone49":{"rotate":[{"angle":27.49}]},"bone48":{"rotate":[{"angle":70.12}]},"bone47":{"rotate":[{"angle":14.03}]},"bone46":{"rotate":[{"angle":9.8}]},"bone56":{"rotate":[{"angle":6.33}]},"bone55":{"rotate":[{"angle":27.49}]},"bone54":{"rotate":[{"angle":70.12}]},"bone53":{"rotate":[{"angle":14.03}]},"bone52":{"rotate":[{"angle":9.8}]}},"deform":{"default":{"zbody":{"zbody":[{}]}}}},"idle2":{"slots":{"s2sss":{"attachment":[{"name":null}]},"sj1":{"attachment":[{"name":null}]},"sj2":{"attachment":[{"name":null}]},"sj3":{"attachment":[{"name":null}]},"zbody":{"attachment":[{"name":null}]},"zbq":{"attachment":[{"name":null}]},"zdm":{"attachment":[{"name":null}]},"zhead":{"attachment":[{"name":null}]},"zj1":{"attachment":[{"name":null}]},"zj2":{"attachment":[{"name":null}]},"zw":{"attachment":[{"name":null}]},"图层492(3)":{"attachment":[{"name":null}]},"头发sss":{"attachment":[{"name":null}]},"手sss":{"attachment":[{"name":null}]},"衣服sss":{"attachment":[{"name":null}]}},"bones":{"b1":{"translate":[{},{"time":0.4,"y":-5.87},{"time":0.8}],"scale":[{},{"time":0.4,"x":0.95,"y":1.02},{"time":0.8}]},"bone20":{"rotate":[{},{"time":0.4,"angle":-2.44},{"time":0.8}]},"bone21":{"rotate":[{},{"time":0.4,"angle":26.58},{"time":0.8}]},"bone22":{"rotate":[{"angle":3.68},{"time":0.0667,"angle":-0.75},{"time":0.4667,"angle":25.83},{"time":0.8,"angle":3.68}]},"bone23":{"rotate":[{"angle":7.11},{"time":0.1333,"angle":-1.75},{"time":0.5333,"angle":24.82},{"time":0.8,"angle":7.11}]},"bone24":{"rotate":[{"angle":10.53},{"time":0.2,"angle":-2.76},{"time":0.6,"angle":23.82},{"time":0.8,"angle":10.53}]},"bone25":{"rotate":[{},{"time":0.4333,"angle":27.95},{"time":0.8}],"translate":[{},{"time":0.4333,"x":-6.07},{"time":0.8}]},"bone26":{"rotate":[{},{"time":0.2333,"angle":10.18},{"time":0.5333,"angle":-11.86},{"time":0.8}]},"bone28":{"rotate":[{"angle":-19.41}]},"bone30":{"rotate":[{"angle":-2.77}]},"23e":{"translate":[{"x":10.13,"y":0.72}]},"21":{"translate":[{"x":-12.68,"y":-1.13}]},"yingzi":{"scale":[{},{"time":0.4,"x":1.1,"y":1.1},{"time":0.8}]},"b2":{"translate":[{},{"time":0.4,"x":-0.13,"y":-4.09},{"time":0.8}]},"bone35":{"translate":[{},{"time":0.5333,"x":1.14,"y":-1.37},{"time":0.8}]},"bone36":{"translate":[{},{"time":0.3667,"x":2.42,"y":4.55},{"time":0.8}]},"bone45":{"rotate":[{"angle":15.32}]},"bone50":{"rotate":[{"angle":-9.36}]},"bone47":{"rotate":[{"angle":19.24}]},"bone48":{"rotate":[{"angle":66.1}]},"bone49":{"rotate":[{"angle":40.01}]}}},"pose1":{"slots":{"bbody":{"attachment":[{"name":null}]},"bdm":{"attachment":[{"name":null}]},"bhead":{"attachment":[{"name":null}]},"bj1":{"attachment":[{"name":null}]},"bj2":{"attachment":[{"name":null}]},"bw":{"attachment":[{"name":null}]},"sj1":{"attachment":[{"time":0.5,"name":null},{"time":1.3667,"name":"sj1"}]},"sj2":{"attachment":[{"time":0.5,"name":null},{"time":1.3667,"name":"sj2"}]},"sj3":{"attachment":[{"time":0.5,"name":null},{"time":1.3667,"name":"sj3"}]},"sj4":{"attachment":[{"name":null}]},"sj5":{"attachment":[{"name":null}]},"sj6":{"attachment":[{"name":null}]},"sj7":{"attachment":[{"time":0.4,"name":"sj3"},{"time":1.3667,"name":null}]},"sj8":{"attachment":[{"time":0.4,"name":"sj2"},{"time":1.3667,"name":null}]},"sj9":{"attachment":[{"time":0.4,"name":"sj1"},{"time":1.3667,"name":null}]},"zhand2":{"attachment":[{"time":1.3667,"name":"zhand"},{"time":1.5667,"name":null}]},"图层492(3)2":{"attachment":[{"name":null}]},"头发bbb":{"attachment":[{"name":null}]},"手bbb":{"attachment":[{"name":null}]},"衣服bbb":{"attachment":[{"name":null}]}},"bones":{"5465":{"rotate":[{},{"time":0.4,"angle":-5.54,"curve":"stepped"},{"time":1.2,"angle":-5.54},{"time":1.5667}],"translate":[{"y":-2.16},{"time":0.2333,"y":0.58},{"time":0.4,"y":-10.12},{"time":0.6333,"y":-6.72},{"time":0.9333,"y":-10.5},{"time":1.2,"y":-7.84},{"time":1.5667,"y":-2.16}],"scale":[{},{"time":0.4,"x":0.98,"y":1.02},{"time":0.6333,"x":1.02,"y":0.95},{"time":0.9333,"x":0.98,"y":1.02},{"time":1.2,"x":1.02,"y":0.98},{"time":1.5667}]},"bone4":{"rotate":[{},{"time":0.4667,"angle":20.59},{"time":0.6667,"angle":-160.84},{"time":0.8,"angle":-116.21},{"time":0.9333,"angle":-13.79},{"time":1.2333,"angle":-119.67},{"time":1.3333,"angle":-91.42},{"time":1.5667}],"translate":[{},{"time":0.6667,"x":-10.76},{"time":1.3333,"x":-9.8},{"time":1.5667}]},"bone5":{"rotate":[{},{"time":0.6,"angle":-29.34},{"time":1.2,"angle":12.52},{"time":1.5667}]},"bone6":{"rotate":[{},{"time":0.7667,"angle":-13.2},{"time":1.5667}]},"bone7":{"rotate":[{},{"time":0.7667,"angle":-13.2},{"time":1.5667}]},"bone14":{"rotate":[{},{"time":0.3667,"angle":-16.9},{"time":1.5667}]},"bone15":{"rotate":[{"angle":-5.02},{"time":0.0667,"angle":-2.42},{"time":0.4333,"angle":-19.32},{"time":1.5667,"angle":-5.02}]},"bone16":{"rotate":[{"angle":-10.04},{"time":0.1333,"angle":-4.84},{"time":0.5,"angle":-21.74},{"time":1.5667,"angle":-10.04}]},"bone17":{"rotate":[{"angle":-15.06},{"time":0.2,"angle":-7.26},{"time":0.5667,"angle":-24.16},{"time":1.5667,"angle":-15.06}]},"target":{"translate":[{"x":-17.47,"y":-3.92},{"time":0.2333,"x":-36.29,"y":4.15},{"time":0.4,"x":-49.73,"y":-3.92,"curve":"stepped"},{"time":1.2,"x":-49.73,"y":-3.92},{"time":1.3333,"x":-35.39,"y":6.05},{"time":1.5667,"x":-17.47,"y":-3.92}]},"target2":{"translate":[{"x":13.55,"y":2.48}]},"bone10":{"scale":[{},{"time":0.4,"x":1.1,"y":1.1,"curve":"stepped"},{"time":1.3667,"x":1.1,"y":1.1},{"time":1.5667}]},"bone13":{"translate":[{},{"time":0.5,"y":-4.18},{"time":1.0333,"x":-4.7,"y":-2.28},{"time":1.5667}]},"bone33":{"rotate":[{"angle":-16.44},{"time":0.4667,"angle":-110.13},{"time":0.8,"angle":-71.39},{"time":1.1,"angle":-17.18},{"time":1.3333,"angle":-59.41},{"time":1.5667,"angle":-16.44}]},"bone39":{"rotate":[{},{"time":1.3333,"angle":-115.24,"curve":"stepped"},{"time":1.3667,"angle":-115.24},{"time":1.5667}],"translate":[{},{"time":1.3333,"x":2,"y":-23.65,"curve":"stepped"},{"time":1.3667,"x":2,"y":-23.65},{"time":1.5667}]},"bone40":{"rotate":[{"angle":26.2},{"time":0.0333,"angle":9.8},{"time":0.5,"angle":-24.52},{"time":1.3333,"angle":-10.28,"curve":"stepped"},{"time":1.3667,"angle":-10.28},{"time":1.5667,"angle":26.2}]},"bone41":{"rotate":[{"angle":3.8},{"time":0.0333,"angle":14.03},{"time":0.5,"angle":-88.26},{"time":1.3333,"angle":-22.79,"curve":"stepped"},{"time":1.3667,"angle":-22.79},{"time":1.5667,"angle":3.8}]},"bone42":{"rotate":[{"angle":46.96},{"time":0.0667,"angle":70.12},{"time":0.5333,"angle":-53.17},{"time":1.3333,"angle":-3.65,"curve":"stepped"},{"time":1.3667,"angle":-3.65},{"time":1.5667,"angle":46.96}]},"bone43":{"rotate":[{"angle":15.63},{"time":0.1333,"angle":27.49},{"time":0.6,"angle":-30.55},{"time":1.3333,"angle":-18.15,"curve":"stepped"},{"time":1.3667,"angle":-18.15},{"time":1.5667,"angle":15.63}]},"bone44":{"rotate":[{"angle":42.12},{"time":0.2,"angle":6.33},{"time":0.6667,"angle":-87.96},{"time":1.3333,"angle":-2.65,"curve":"stepped"},{"time":1.3667,"angle":-2.65},{"time":1.5667,"angle":42.12}]},"bone50":{"rotate":[{"angle":6.33}]},"bone49":{"rotate":[{"angle":27.49}]},"bone48":{"rotate":[{"angle":70.12}]},"bone47":{"rotate":[{"angle":14.03}]},"bone46":{"rotate":[{"angle":9.8}]},"bone56":{"rotate":[{"angle":-50.24},{"time":0.4,"angle":-22.34},{"time":0.6667,"angle":-62.36},{"time":0.8,"angle":-41.69},{"time":0.8667,"angle":23.18},{"time":1.1,"angle":68.97},{"time":1.3333,"angle":-41.28,"curve":"stepped"},{"time":1.3667,"angle":-41.28},{"time":1.5667,"angle":-50.24}],"translate":[{},{"time":0.6667,"x":-3.29,"y":0.44,"curve":"stepped"},{"time":0.8,"x":-3.29,"y":0.44},{"time":1.5667}]},"bone55":{"rotate":[{"angle":4.27},{"time":0.4,"angle":12.85},{"time":0.6667,"angle":-27.93,"curve":"stepped"},{"time":0.8,"angle":-27.93},{"time":0.8667,"angle":18.7},{"time":1.1,"angle":-0.24},{"time":1.5667,"angle":4.27}]},"bone54":{"rotate":[{"angle":45.46},{"time":0.4,"angle":30.75},{"time":0.6667,"angle":-48.91},{"time":0.8,"angle":-25.57},{"time":0.8667,"angle":56.16},{"time":1.1,"angle":48.14},{"time":1.3333,"angle":0.64,"curve":"stepped"},{"time":1.3667,"angle":0.64},{"time":1.5667,"angle":45.46}]},"bone53":{"rotate":[{"angle":3.8},{"time":0.4,"angle":2.19},{"time":0.6667,"angle":-45.39,"curve":"stepped"},{"time":0.8,"angle":-45.39},{"time":0.8667,"angle":-20.46},{"time":1.1,"angle":-16.3},{"time":1.3333,"angle":-43.94,"curve":"stepped"},{"time":1.3667,"angle":-43.94},{"time":1.5667,"angle":3.8}]},"bone52":{"rotate":[{"angle":6.37},{"time":0.4,"angle":34.27},{"time":0.6667,"angle":-46.99},{"time":0.8,"angle":11.59},{"time":0.8667,"angle":32.58},{"time":1.1,"angle":28.23},{"time":1.3333,"angle":-39.67},{"time":1.3667,"angle":-24.66},{"time":1.5667,"angle":6.37}]},"sds2222":{"rotate":[{},{"time":0.4,"angle":-23.98},{"time":0.6667,"angle":-155.63},{"time":0.8667,"angle":-98.31},{"time":1.1,"angle":-89.66},{"time":1.3333,"angle":-112.4},{"time":1.5667}],"translate":[{"time":0.6667,"x":-1.7,"y":-0.93},{"time":0.8667,"x":-13.08,"y":-11.34},{"time":1.1,"x":-21.03,"y":-16.98},{"time":1.3333,"x":-18.16,"y":-8.73}]}},"deform":{"default":{"zbody":{"zbody":[{}]}}},"drawOrder":[{"time":0.4,"offsets":[{"slot":"sj9","offset":-12}]},{"time":0.6333,"offsets":[{"slot":"sj9","offset":-7}]},{"time":1.3667,"offsets":[{"slot":"sj1","offset":11},{"slot":"sj3","offset":7},{"slot":"sj2","offset":6},{"slot":"sj9","offset":-7}]}]},"pose2":{"slots":{"s2sss":{"attachment":[{"name":null}]},"sj1":{"attachment":[{"name":null}]},"sj2":{"attachment":[{"name":null}]},"sj3":{"attachment":[{"name":null}]},"sj4":{"attachment":[{"time":0.5333,"name":null},{"time":0.7667,"name":"sj3"}]},"sj5":{"attachment":[{"time":0.5333,"name":null},{"time":0.7667,"name":"sj2"}]},"sj6":{"attachment":[{"time":0.5333,"name":null},{"time":0.7667,"name":"sj1"}]},"zbody":{"attachment":[{"name":null}]},"zbq":{"attachment":[{"name":null}]},"zdm":{"attachment":[{"name":null}]},"zhead":{"attachment":[{"name":null}]},"zj1":{"attachment":[{"name":null}]},"zj2":{"attachment":[{"name":null}]},"zw":{"attachment":[{"name":null}]},"图层492(3)":{"attachment":[{"name":null}]},"头发sss":{"attachment":[{"name":null}]},"手sss":{"attachment":[{"name":null}]},"眉毛sss":{"attachment":[{"time":0.4333,"name":null}]},"衣服sss":{"attachment":[{"name":null}]}},"bones":{"b1":{"translate":[{},{"time":0.3333,"y":2.05},{"time":0.9667},{"time":1.1667,"y":5.52},{"time":1.4333}],"scale":[{},{"time":0.3333,"x":1.02,"y":0.98},{"time":0.5333,"x":0.95,"y":1.02},{"time":0.7,"x":1.02,"y":0.98},{"time":0.9667},{"time":1.1667,"x":1.02,"y":0.98},{"time":1.4333}]},"bone20":{"rotate":[{},{"time":0.4,"angle":-2.44},{"time":0.9667}]},"bone21":{"rotate":[{},{"time":0.4,"angle":26.58},{"time":0.9667}]},"bone22":{"rotate":[{"angle":3.68},{"time":0.0667,"angle":-0.75},{"time":0.9667,"angle":3.68}]},"bone23":{"rotate":[{"angle":7.11},{"time":0.1333,"angle":-1.75},{"time":0.5,"angle":24.82},{"time":0.9667,"angle":7.11}]},"bone24":{"rotate":[{"angle":10.53},{"time":0.2,"angle":-2.76},{"time":0.5667,"angle":23.82},{"time":0.9667,"angle":10.53}]},"bone25":{"rotate":[{},{"time":0.4333,"angle":104.69},{"time":0.4667,"angle":134.5},{"time":0.6,"angle":-19.34},{"time":0.7667,"angle":33.64},{"time":0.9667},{"time":1.2333,"angle":33.64},{"time":1.4333}],"translate":[{},{"time":0.4333,"x":-15.08,"y":-0.45},{"time":0.9667}]},"bone26":{"rotate":[{},{"time":0.2333,"angle":10.18},{"time":0.5,"angle":-11.86},{"time":0.9667}]},"bone28":{"rotate":[{"angle":-19.41}]},"bone30":{"rotate":[{"angle":-2.77}]},"23e":{"translate":[{"x":10.13,"y":0.72},{"time":0.2,"x":18.49,"y":8.92},{"time":0.3333,"x":24.06,"y":0.72,"curve":"stepped"},{"time":1.2333,"x":24.06,"y":0.72},{"time":1.3333,"x":17.09,"y":9.55},{"time":1.4333,"x":10.13,"y":0.72}]},"21":{"translate":[{"x":-12.68,"y":-1.13}]},"yingzi":{"scale":[{},{"time":0.4,"x":1.1,"y":1.1},{"time":0.9667}]},"b2":{"translate":[{},{"time":0.4,"x":-0.13,"y":-4.09},{"time":0.9667}]},"bone35":{"translate":[{},{"time":0.5,"x":1.14,"y":-1.37},{"time":0.9667}]},"bone36":{"translate":[{},{"time":0.3667,"x":2.42,"y":4.55},{"time":0.9667}]},"bone45":{"rotate":[{"angle":15.32},{"time":0.4333,"angle":64.52,"curve":"stepped"},{"time":0.4667,"angle":-217.54,"curve":"stepped"},{"time":0.5,"angle":-196.75,"curve":"stepped"},{"time":0.5333,"angle":-175.16,"curve":"stepped"},{"time":0.5667,"angle":-149.22},{"time":0.7667,"angle":4.73},{"time":0.9667,"angle":-4.11},{"time":1.2333,"angle":35.55},{"time":1.4333,"angle":15.32}],"translate":[{},{"time":0.4333,"x":-9.62,"y":17.4,"curve":"stepped"},{"time":0.4667,"x":-19.32,"y":131.19,"curve":"stepped"},{"time":0.5,"x":-94.03,"y":135.36,"curve":"stepped"},{"time":0.5333,"x":-167.82,"y":5.25,"curve":"stepped"},{"time":0.5667,"x":-157.9,"y":5.6},{"time":0.7667,"x":-4,"y":11.03}]},"bone46":{"rotate":[{},{"time":0.4333,"angle":-22.27,"curve":"stepped"},{"time":0.5,"angle":-22.27,"curve":"stepped"},{"time":0.5333,"angle":-61.32,"curve":"stepped"},{"time":0.5667,"angle":-66.76,"curve":"stepped"},{"time":0.7667,"angle":-29.38},{"time":0.9667},{"time":1.2333,"angle":-42.86},{"time":1.4333}]},"bone50":{"rotate":[{"angle":-9.36},{"time":0.4333,"angle":-47.42,"curve":"stepped"},{"time":0.5333,"angle":-47.42,"curve":"stepped"},{"time":0.5667,"angle":-46.6,"curve":"stepped"},{"time":0.9667,"angle":-9.36,"curve":"stepped"},{"time":1.2333,"angle":-17.15,"curve":"stepped"},{"time":1.4333,"angle":-9.36}]},"bone47":{"rotate":[{"angle":19.24},{"time":0.4333,"angle":-70.38,"curve":"stepped"},{"time":0.4667,"angle":-54,"curve":"stepped"},{"time":0.5,"angle":-37.61,"curve":"stepped"},{"time":0.5333,"angle":-37.61,"curve":"stepped"},{"time":0.5667,"angle":-37.67,"curve":"stepped"},{"time":0.7667,"angle":-38.62},{"time":0.9667,"angle":19.24},{"time":1.2333,"angle":-52.52},{"time":1.4333,"angle":19.24}]},"bone48":{"rotate":[{"angle":66.1},{"time":0.4333,"angle":-50.47,"curve":"stepped"},{"time":0.4667,"angle":-33.35,"curve":"stepped"},{"time":0.5,"angle":-16.22,"curve":"stepped"},{"time":0.5333,"angle":-16.22,"curve":"stepped"},{"time":0.5667,"angle":-17.04,"curve":"stepped"},{"time":0.7667,"angle":-29.67},{"time":0.9667,"angle":66.1},{"time":1.2333,"angle":-49.41},{"time":1.4333,"angle":66.1}]},"bone49":{"rotate":[{"angle":40.01},{"time":0.4333,"angle":-28,"curve":"stepped"},{"time":0.4667,"angle":-12.69,"curve":"stepped"},{"time":0.5,"angle":2.61,"curve":"stepped"},{"time":0.5333,"angle":2.61,"curve":"stepped"},{"time":0.5667,"angle":-0.16,"curve":"stepped"},{"time":0.7667,"angle":-43.22},{"time":0.9667,"angle":40.01},{"time":1.2333,"angle":-43.22},{"time":1.4333,"angle":40.01}]}},"drawOrder":[{"offsets":[{"slot":"头发bbb","offset":-23}]}]},"walk1":{"slots":{"bbody":{"attachment":[{"name":null}]},"bdm":{"attachment":[{"name":null}]},"bhead":{"attachment":[{"name":null}]},"bj1":{"attachment":[{"name":null}]},"bj2":{"attachment":[{"name":null}]},"bw":{"attachment":[{"name":null}]},"sj4":{"attachment":[{"name":null}]},"sj5":{"attachment":[{"name":null}]},"sj6":{"attachment":[{"name":null}]},"图层492(3)2":{"attachment":[{"name":null}]},"头发bbb":{"attachment":[{"name":null}]},"手bbb":{"attachment":[{"name":null}]},"眉毛sss":{"attachment":[{"name":null}]},"衣服bbb":{"attachment":[{"name":null}]}},"bones":{"5465":{"translate":[{"y":-2.16},{"time":0.3,"y":5.61},{"time":0.5667,"y":-2.16},{"time":0.8667,"y":7.76},{"time":1.1,"y":-2.16}],"scale":[{},{"time":0.3,"x":0.95,"y":1.05},{"time":0.5667},{"time":0.8667,"x":0.98,"y":1.02},{"time":1.1}]},"bone2":{"rotate":[{},{"time":0.7,"angle":-0.27},{"time":1.1}]},"bone4":{"rotate":[{},{"time":0.5667,"angle":-64.08},{"time":1.1}]},"bone5":{"rotate":[{},{"time":0.3333,"angle":20.44},{"time":0.8,"angle":-0.26},{"time":0.9333,"angle":19.02},{"time":1.1}]},"bone14":{"rotate":[{},{"time":0.5,"angle":-16.94},{"time":1.1}]},"bone15":{"rotate":[{"angle":-2.42},{"time":0.2},{"time":0.7,"angle":-20.98},{"time":1.1,"angle":-2.42}]},"bone16":{"rotate":[{"angle":-4.84},{"time":0.2667},{"time":0.8333,"angle":-30.49},{"time":1.1,"angle":-4.84}]},"bone17":{"rotate":[{"angle":-7.26},{"time":0.3333},{"time":0.9,"angle":-39.57},{"time":1.1,"angle":-7.26}]},"target":{"translate":[{"x":0.78,"y":13.92},{"time":0.2667,"x":-15.28,"y":19.08},{"time":0.5667,"x":-34.2,"y":-2.44},{"time":1.1,"x":0.78,"y":13.92}]},"target2":{"translate":[{"x":0.4},{"time":0.5667,"x":28.41,"y":20.31},{"time":0.9,"x":11.36,"y":24.23},{"time":1.1}]},"bone10":{"scale":[{},{"time":0.3,"x":0.8,"y":0.8},{"time":0.5667},{"time":0.8667,"x":0.8,"y":0.8},{"time":1.1}]},"bone13":{"translate":[{},{"time":0.4333,"x":-0.03,"y":-9.41},{"time":0.7333,"x":-3.21,"y":-3.53},{"time":1.1}]},"bone33":{"rotate":[{"angle":-16.44},{"time":0.5667,"angle":87.43},{"time":1.1,"angle":-16.44}]},"5466":{"rotate":[{},{"time":0.3,"angle":-1.13},{"time":1.1}],"translate":[{},{"time":0.3,"x":12.69,"y":16.76},{"time":0.7},{"time":0.9333,"x":6.72,"y":4.95},{"time":1.1}]},"5467":{"translate":[{},{"time":0.3,"x":5.27,"y":-1.95},{"time":0.7},{"time":0.9,"x":2.07,"y":-1.48},{"time":1.1}]},"bone40":{"rotate":[{"angle":-26}]},"bone41":{"rotate":[{"angle":-95.77}],"translate":[{"x":3.26,"y":-0.72}]},"bone42":{"rotate":[{"angle":-47.95}]},"bone43":{"rotate":[{"angle":-56.61}]},"bone44":{"rotate":[{"angle":-63.82}],"translate":[{"x":-2.53,"y":0.3}]},"bone56":{"rotate":[{"angle":-63.82}],"translate":[{"x":-2.53,"y":0.3}]},"bone55":{"rotate":[{"angle":-56.61}]},"bone54":{"rotate":[{"angle":-47.95}]},"bone53":{"rotate":[{"angle":-95.77}],"translate":[{"x":3.26,"y":-0.72}]},"bone52":{"rotate":[{"angle":-26}]}},"deform":{"default":{"zbody":{"zbody":[{}]}}}},"walk2":{"slots":{"s2sss":{"attachment":[{"name":null}]},"sj1":{"attachment":[{"name":null}]},"sj2":{"attachment":[{"name":null}]},"sj3":{"attachment":[{"name":null}]},"zbody":{"attachment":[{"name":null}]},"zbq":{"attachment":[{"name":null}]},"zdm":{"attachment":[{"name":null}]},"zhead":{"attachment":[{"name":null}]},"zj1":{"attachment":[{"name":null}]},"zj2":{"attachment":[{"name":null}]},"zw":{"attachment":[{"name":null}]},"图层492(3)":{"attachment":[{"name":null}]},"头发sss":{"attachment":[{"name":null}]},"手sss":{"attachment":[{"name":null}]},"衣服sss":{"attachment":[{"name":null}]}},"bones":{"b1":{"translate":[{},{"time":0.3,"y":12.83},{"time":0.5667},{"time":0.8667,"y":12.83},{"time":1.1}],"scale":[{},{"time":0.3,"x":0.96,"y":1.05},{"time":0.5667},{"time":0.8667,"x":0.96,"y":1.05},{"time":1.1}]},"bone20":{"rotate":[{},{"time":0.3,"angle":3.08},{"time":0.5667},{"time":0.8667,"angle":-3.78},{"time":1.1}]},"bone21":{"rotate":[{},{"time":0.5667,"angle":27.79},{"time":1.1}]},"bone22":{"rotate":[{"angle":5.98},{"time":0.1667,"angle":0.43},{"time":0.7,"angle":28.22},{"time":1.1,"angle":5.98}]},"bone23":{"rotate":[{"angle":9.4},{"time":0.2333,"angle":0.14},{"time":0.7667,"angle":27.93},{"time":1.1,"angle":9.4}]},"bone24":{"rotate":[{"angle":16.88},{"time":0.3333,"angle":2.06},{"time":0.8667,"angle":29.85},{"time":1.1,"angle":16.88}]},"bone25":{"rotate":[{},{"time":0.5667,"angle":-53.72},{"time":1.1}],"translate":[{},{"time":0.5667,"x":-0.7,"y":-2.48},{"time":1.1}]},"bone26":{"rotate":[{},{"time":0.5,"angle":13.72},{"time":0.8333,"angle":-1.61},{"time":1.1}]},"bone28":{"rotate":[{"angle":-30.6}]},"bone30":{"rotate":[{"angle":19.84}]},"23e":{"rotate":[{"angle":-26.87},{"time":0.5667,"angle":-4.67},{"time":1.1,"angle":-26.87}],"translate":[{"x":-6.65,"y":-0.48},{"time":0.3,"x":10,"y":20.83},{"time":0.5667,"x":24.73,"y":12.95},{"time":1.1,"x":-6.65,"y":-0.48}]},"21":{"rotate":[{},{"time":0.5667,"angle":-16.43},{"time":0.8667,"angle":-18.99},{"time":1.1}],"translate":[{"x":10.93,"y":11.88},{"time":0.5667,"x":-22.78,"y":0.17},{"time":0.8667,"x":-4.8,"y":27.42},{"time":1.1,"x":10.93,"y":11.88}]},"yingzi":{"scale":[{},{"time":0.3,"x":0.8,"y":0.8},{"time":0.5667},{"time":0.8667,"x":0.8,"y":0.8},{"time":1.1}]},"bone31":{"rotate":[{"angle":61.56},{"time":0.3,"angle":19.05},{"time":1.1,"angle":61.56}],"translate":[{},{"time":0.8333,"x":2.5,"y":-3.41},{"time":1.1}]},"bone29":{"rotate":[{},{"time":0.3333,"angle":56.22},{"time":1.1}]},"b2":{"translate":[{},{"time":0.4,"x":0.25,"y":7.92},{"time":0.7667,"x":-2.34,"y":-2.27},{"time":1.1}]},"bone45":{"rotate":[{"angle":14.45},{"time":0.5667,"angle":0.39},{"time":1.1,"angle":14.45}]},"bone48":{"rotate":[{"angle":43.14}]},"bone49":{"rotate":[{"angle":52.13}]},"bone47":{"rotate":[{"angle":20.37}]}}},"work1":{"slots":{"1sb1":{"attachment":[{"name":"1sb1"}]},"1sb2":{"attachment":[{"name":"1sb2"}]},"1sb3":{"attachment":[{"name":"1sb3"}]},"1sb4":{"attachment":[{"name":"2sb3"}]},"1sb5":{"attachment":[{"name":"2sb2"}]},"1sb6":{"attachment":[{"name":"2sb1"}]},"1sb13":{"attachment":[{"name":"zaxa"}]},"1sb15":{"attachment":[{"name":"xxd"}]},"ba0":{"attachment":[{"time":0.3333,"name":"ba0"},{"time":0.4,"name":"ba1"},{"time":0.4667,"name":"ba2"},{"time":0.5333,"name":"ba3"},{"time":0.6,"name":"ba4"},{"time":0.6667,"name":null}]},"ba2":{"attachment":[{"time":0.4,"name":"ba0"},{"time":0.4667,"name":"ba1"},{"time":0.5333,"name":"ba2"},{"time":0.6,"name":"ba3"},{"time":0.6667,"name":"ba4"},{"time":0.7333,"name":null}]},"bbody":{"attachment":[{"name":null}]},"bdm":{"attachment":[{"name":null}]},"bhead":{"attachment":[{"name":null}]},"bj1":{"attachment":[{"name":null}]},"bj2":{"attachment":[{"name":null}]},"bw":{"attachment":[{"name":null}]},"sj1":{"attachment":[{"name":null}]},"sj2":{"attachment":[{"name":null}]},"sj3":{"attachment":[{"name":null}]},"sj4":{"attachment":[{"name":null}]},"sj5":{"attachment":[{"name":null}]},"sj6":{"attachment":[{"name":null}]},"图层492(3)2":{"attachment":[{"name":null}]},"头发bbb":{"attachment":[{"name":null}]},"手bbb":{"attachment":[{"name":null}]},"眉毛sss":{"attachment":[{"time":0.0667,"name":null}]},"衣服bbb":{"attachment":[{"name":null}]}},"bones":{"5465":{"rotate":[{"time":0.0667},{"time":0.3333,"angle":-25.19},{"time":0.4667,"angle":-95.63},{"time":0.6333,"angle":-183.7},{"time":0.8,"angle":-271.76},{"time":0.9667,"angle":-359.82,"curve":"stepped"},{"time":1.3667,"angle":-359.82,"curve":"stepped"},{"time":1.4}],"translate":[{},{"time":0.0667,"y":-7.7},{"time":0.2333,"y":100.49},{"time":0.3333,"y":146.58},{"time":0.6333,"y":329},{"time":0.9667,"y":102.24},{"time":1.2333,"y":-5.98},{"time":1.4}]},"bone13":{"translate":[{},{"time":0.2333,"x":5.02,"y":-4.4},{"time":1.1333,"x":-4.14,"y":1.65},{"time":1.4,"x":-4.38},{"time":1.5667}]},"bone4":{"rotate":[{},{"time":0.3667,"angle":-184.15},{"time":1.4}],"translate":[{},{"time":0.2,"x":-11.58,"y":9.64},{"time":0.3667,"x":-12.39,"y":-3.72},{"time":1.4}]},"bone8":{"rotate":[{"angle":-15.61}]},"bone11":{"rotate":[{"angle":36}]},"bone14":{"rotate":[{},{"time":0.5,"angle":36.59},{"time":1.0667,"angle":-32.28},{"time":1.5667}]},"bone15":{"rotate":[{"angle":1.54},{"time":0.0667,"angle":5.84},{"time":0.5667,"angle":42.43},{"time":1.1333,"angle":-26.44},{"time":1.5667,"angle":1.54}]},"bone16":{"rotate":[{"angle":0.15},{"time":0.1333,"angle":8.76},{"time":0.6333,"angle":45.35},{"time":1.2,"angle":-23.52},{"time":1.5667,"angle":0.15}]},"bone17":{"rotate":[{"angle":-1.23},{"time":0.2,"angle":11.68},{"time":0.7,"angle":48.27},{"time":1.2667,"angle":-20.6},{"time":1.5667,"angle":-1.23}]},"bone33":{"rotate":[{},{"time":0.1667,"angle":16.26},{"time":0.3333,"angle":-30.33},{"time":1.4}],"translate":[{},{"time":0.2,"x":5.46,"y":-14.93},{"time":0.3333}]},"sb1":{"rotate":[{"time":0.4},{"time":0.6667,"angle":23.8},{"time":0.9667,"angle":-6.96},{"time":1.0667}]},"z13":{"rotate":[{"time":0.4},{"time":0.6667,"angle":43.83},{"time":0.9667,"angle":-15.32},{"time":1.1,"angle":11.18},{"time":1.2333}]},"z12":{"rotate":[{"time":0.4},{"time":0.6667,"angle":23.8},{"time":0.9667,"angle":-6.96},{"time":1.0667}]},"target":{"rotate":[{"time":0.0667},{"time":0.3333,"angle":-90.37},{"time":0.4667,"angle":-119.4},{"time":0.8333,"angle":-327.47},{"time":0.9667,"angle":-348.49}],"translate":[{"x":-22.95,"y":-7.17,"curve":"stepped"},{"time":0.0667,"x":-22.95,"y":-7.17},{"time":0.2333,"x":-55.67,"y":118.46},{"time":0.3333,"x":-82.89,"y":189.51},{"time":0.4667,"x":-5.61,"y":220.11},{"time":0.6333,"x":39.94,"y":371.76},{"time":0.7,"x":52.27,"y":323.88},{"time":0.8333,"x":16.24,"y":178.33},{"time":0.9667,"x":-18.92,"y":84.03},{"time":1.2333,"x":-22.95,"y":-7.17}]},"target2":{"rotate":[{},{"time":0.3333,"angle":-40.27},{"time":0.8333,"angle":-306.78},{"time":0.9667,"angle":-360}],"translate":[{"x":14.67,"y":2.22,"curve":"stepped"},{"time":0.0667,"x":14.67,"y":2.22},{"time":0.1667,"x":16,"y":56.18},{"time":0.3333,"x":-30.39,"y":156.44},{"time":0.4333,"x":-89.08,"y":227.46},{"time":0.6333,"x":-33.37,"y":398.79},{"time":0.8333,"x":26.38,"y":261.93},{"time":0.9667,"x":15.55,"y":93.81},{"time":1.1333,"x":17.11,"y":35.84},{"time":1.2333,"x":14.67,"y":2.22}]},"bone41":{"rotate":[{"angle":17.68}]},"bone44":{"rotate":[{"angle":18.37}]},"bone42":{"rotate":[{"angle":66.22}]},"bone43":{"rotate":[{"angle":11.97}]},"bone10":{"scale":[{},{"time":0.0667,"x":1.1,"y":1.1},{"time":0.6,"x":0.8,"y":0.8},{"time":1.2333,"x":1.1,"y":1.1},{"time":1.5667}]},"bone5":{"rotate":[{},{"time":0.3333,"angle":36.71},{"time":1.3,"angle":-33.59},{"time":1.5667}]},"z17":{"rotate":[{"time":0.3333},{"time":0.5333,"angle":25.59},{"time":0.6333,"angle":18.03},{"time":0.8,"angle":-5.76},{"time":0.9667}]},"z16":{"rotate":[{"time":0.3333},{"time":0.5333,"angle":14.3},{"time":0.6333},{"time":0.8,"angle":-8.96},{"time":0.9667}]},"sb2":{"rotate":[{"time":0.3333},{"time":0.5333,"angle":13.54},{"time":0.8,"angle":-1.13},{"time":0.9667}]},"z22":{"translate":[{"time":0.4,"x":25.05,"y":41.22}]},"sb5":{"rotate":[{"time":0.4},{"time":0.6667,"angle":3.75},{"time":0.9667,"angle":0.86},{"time":1.0667}]},"sb7":{"rotate":[{"time":0.4},{"time":0.5667,"angle":9.39},{"time":0.7667,"angle":-8.77},{"time":1,"angle":4.43},{"time":1.1333}]}},"deform":{"default":{"衣服sss":{"衣服sss":[{},{"time":0.2333,"offset":60,"vertices":[1.62093,7.1904,1.15715,13.31624,0,11.96031,0,11.96031,0,11.96031,0,11.96031,0,11.96031,0,11.96031,0,11.96031,2.00952,13.84624,1.47076,14.42043,0,11.96031,3.51126,14.09372,0.265,8.34758]},{"time":0.3333,"offset":63,"vertices":[-10.0048,6.0E-5,-10.0048,6.0E-5,-10.0048,6.0E-5,-10.0048,6.0E-5,-10.0048,6.0E-5,-10.0048,6.0E-5,-10.0048,6.0E-5,-10.0048,6.0E-5,-10.0048,6.0E-5,-10.0048,6.0E-5,-10.0048,-0.29155,-9.18233]},{"time":0.4667}]}}}},"work2":{"slots":{"1sb7":{"attachment":[{"name":"1sb3"}]},"1sb8":{"attachment":[{"name":"1sb2"}]},"1sb9":{"attachment":[{"name":"1sb1"}]},"1sb10":{"attachment":[{"name":"2sb3"}]},"1sb11":{"attachment":[{"name":"2sb2"}]},"1sb12":{"attachment":[{"name":"2sb1"}]},"1sb14":{"attachment":[{"name":"zaxa"}]},"1sb16":{"attachment":[{"name":"xxd2"}]},"ba1":{"attachment":[{"time":0.3333,"name":"ba0"},{"time":0.4,"name":"ba1"},{"time":0.4667,"name":"ba2"},{"time":0.5333,"name":"ba3"},{"time":0.6,"name":"ba4"},{"time":0.6667,"name":null}]},"ba3":{"attachment":[{"time":0.4333,"name":"ba0"},{"time":0.5,"name":"ba1"},{"time":0.5667,"name":"ba2"},{"time":0.6333,"name":"ba3"},{"time":0.7,"name":"ba4"},{"time":0.7667,"name":null}]},"s2sss":{"attachment":[{"name":null}]},"sj1":{"attachment":[{"name":null}]},"sj2":{"attachment":[{"name":null}]},"sj3":{"attachment":[{"name":null}]},"sj4":{"attachment":[{"name":null}]},"sj5":{"attachment":[{"name":null}]},"sj6":{"attachment":[{"name":null}]},"zbody":{"attachment":[{"name":null}]},"zbq":{"attachment":[{"name":null}]},"zdm":{"attachment":[{"name":null}]},"zhead":{"attachment":[{"name":null}]},"zj1":{"attachment":[{"name":null}]},"zj2":{"attachment":[{"name":null}]},"zw":{"attachment":[{"name":null}]},"图层492(3)":{"attachment":[{"name":null}]},"头发sss":{"attachment":[{"name":null}]},"手sss":{"attachment":[{"name":null}]},"眉毛sss":{"attachment":[{"time":0.3667,"name":null}]},"衣服sss":{"attachment":[{"name":null}]}},"bones":{"sb3":{"rotate":[{"time":0.4667},{"time":0.7333,"angle":-17.05},{"time":0.9667,"angle":12.02},{"time":1.1,"angle":-2.08},{"time":1.2333}]},"z15":{"rotate":[{"time":0.4667},{"time":0.7333,"angle":-17.05},{"time":0.9667,"angle":12.02},{"time":1.1,"angle":-2.08},{"time":1.2333}]},"z18":{"rotate":[{"time":0.4667},{"time":0.7333,"angle":-47.3},{"time":0.9667,"angle":14.58},{"time":1.1,"angle":-2.08},{"time":1.2333}]},"21":{"rotate":[{},{"time":0.4333,"angle":37.47},{"time":0.8333,"angle":-78.66},{"time":1.2667}],"translate":[{"x":-16.77,"curve":"stepped"},{"time":0.1,"x":-16.77},{"time":0.3333,"x":-16.77,"y":146.02},{"time":0.4333,"x":80.39,"y":195.75},{"time":0.5,"x":45.61,"y":241.96},{"time":0.6667,"x":29.61,"y":364.68},{"time":0.8333,"x":-44.78,"y":262.88},{"time":0.9,"x":-34.24,"y":195.14},{"time":1.1333,"x":-19.09,"y":45.91},{"time":1.2667,"x":-16.77}]},"23e":{"rotate":[{},{"time":0.3333,"angle":25.17},{"time":0.8333,"angle":-72.2},{"time":1.2667}],"translate":[{"time":0.1},{"time":0.3333,"x":77.45,"y":179.11},{"time":0.4333,"x":29.41,"y":265.95},{"time":0.5,"x":10.44,"y":292.84},{"time":0.6667,"x":-39.24,"y":352.96},{"time":0.8333,"x":-43.62,"y":187.31},{"time":0.9,"x":-15.68,"y":159.89},{"time":1.0333,"x":22.31,"y":116.41},{"time":1.1333,"x":-2.99,"y":44.54},{"time":1.2667}]},"b1":{"rotate":[{"time":0.1},{"time":0.3333,"angle":4.7},{"time":0.5,"angle":94.69},{"time":0.6667,"angle":184.69},{"time":0.8333,"angle":274.68},{"time":1,"angle":364.68},{"time":1.2667,"angle":358.21,"curve":"stepped"},{"time":1.3333,"angle":-1.79},{"time":1.7}],"translate":[{},{"time":0.1,"y":-6.94},{"time":0.3333,"y":161.89},{"time":0.6667,"y":305.14},{"time":1.2667,"y":-7.07},{"time":1.7}]},"bone25":{"rotate":[{"time":0.1},{"time":0.3667,"angle":53.6},{"time":1.7}],"translate":[{"time":0.1},{"time":0.3667,"x":-4.92,"y":3.3},{"time":1.7}]},"b2":{"translate":[{},{"time":0.3667,"y":11.24},{"time":1.7}]},"bone32":{"translate":[{"time":0.2667},{"time":0.3667,"y":4.25},{"time":1.7}]},"bone26":{"rotate":[{},{"time":0.1,"angle":13.49},{"time":1.7}]},"bone28":{"rotate":[{"angle":-15.64}],"translate":[{"time":0.1},{"time":0.3333,"x":-0.29,"y":-28.55},{"time":1.7}]},"bone30":{"rotate":[{"angle":-11.5}],"translate":[{"time":0.1},{"time":0.3333,"x":-5.43},{"time":0.4333,"x":-20.85,"y":-7.83},{"time":1.7}]},"yingzi":{"scale":[{},{"time":0.1,"x":1.1,"y":1.1},{"time":0.6667,"x":0.8,"y":0.8},{"time":1.2667,"x":1.1,"y":1.1},{"time":1.7}]},"sb4":{"rotate":[{"time":0.4},{"time":0.6,"angle":-9.44},{"time":0.8}]},"z20":{"rotate":[{"time":0.3667},{"time":0.5667,"angle":-31.77},{"time":0.8,"angle":15.41},{"time":0.9667,"angle":-5.84},{"time":1.1}]},"z21":{"rotate":[{"time":0.3667},{"time":0.6,"angle":-11.5},{"time":0.7,"angle":-11.24},{"time":0.8,"angle":3.24},{"time":0.9667,"angle":-12.77},{"time":1.1}]},"z19":{"translate":[{"time":0.3333,"x":-74.73,"y":16.87}]},"z23":{"translate":[{"time":0.4333,"x":-93.21,"y":50.62}]},"bone21":{"rotate":[{},{"time":0.8333,"angle":-55.13},{"time":1.3333,"angle":14.86},{"time":1.7}]},"bone22":{"rotate":[{"angle":8.54},{"time":0.0667,"angle":5.84},{"time":0.9,"angle":-49.29},{"time":1.4,"angle":20.71},{"time":1.7,"angle":8.54}]},"bone23":{"rotate":[{"angle":17.09},{"time":0.1333,"angle":11.68},{"time":0.9667,"angle":-43.44},{"time":1.4667,"angle":26.55},{"time":1.7,"angle":17.09}]},"bone24":{"rotate":[{"angle":25.63},{"time":0.2,"angle":17.53},{"time":1.0333,"angle":-37.6},{"time":1.5333,"angle":32.39},{"time":1.7,"angle":25.63}]},"sb6":{"rotate":[{"time":0.4},{"time":0.5333,"angle":-9.44},{"time":0.6667,"angle":4.16},{"time":0.8}]},"sb8":{"rotate":[{"time":0.4},{"time":0.5333,"angle":-15.39},{"time":0.6667,"angle":4.16},{"time":0.8}]}}}}}