{
  "__type__": "cc.JsonAsset",
  "_name": "taskMain_seasonAward",
  "_objFlags": 0,
  "_native": "",
  "json": [
    {
      "id": 1,
      "lv": 0,
      "num": 0,
      "award1": [
        101,
        50
      ],
      "award2": [
        102,
        10
      ]
    },
    {
      "id": 2,
      "lv": 1,
      "num": 100,
      "award1": [
        801,
        1
      ],
      "award2": [
        805,
        1
      ]
    },
    {
      "id": 3,
      "lv": 2,
      "num": 110,
      "award1": [
        101,
        100
      ],
      "award2": [
        20001,
        1
      ]
    },
    {
      "id": 4,
      "lv": 3,
      "num": 120,
      "award1": [
        801,
        1
      ],
      "award2": [
        20001,
        1
      ]
    },
    {
      "id": 5,
      "lv": 4,
      "num": 130,
      "award1": [
        101,
        150
      ],
      "award2": [
        102,
        20
      ]
    },
    {
      "id": 6,
      "lv": 5,
      "num": 140,
      "award1": [
        2001,
        1
      ],
      "award2": [
        1008,
        1
      ]
    },
    {
      "id": 7,
      "lv": 6,
      "num": 150,
      "award1": [
        101,
        200
      ],
      "award2": [
        102,
        20
      ]
    },
    {
      "id": 8,
      "lv": 7,
      "num": 160,
      "award1": [
        802,
        1
      ],
      "award2": [
        305,
        200
      ]
    },
    {
      "id": 9,
      "lv": 8,
      "num": 170,
      "award1": [
        101,
        250
      ],
      "award2": [
        1002,
        1
      ]
    },
    {
      "id": 10,
      "lv": 9,
      "num": 180,
      "award1": [
        2002,
        1
      ],
      "award2": [
        305,
        200
      ]
    },
    {
      "id": 11,
      "lv": 10,
      "num": 190,
      "award1": [
        101,
        300
      ],
      "award2": [
        102,
        20
      ]
    },
    {
      "id": 12,
      "lv": 11,
      "num": 200,
      "award1": [
        2003,
        1
      ],
      "award2": [
        1008,
        1
      ]
    },
    {
      "id": 13,
      "lv": 12,
      "num": 210,
      "award1": [
        101,
        350
      ],
      "award2": [
        305,
        200
      ]
    },
    {
      "id": 14,
      "lv": 13,
      "num": 220,
      "award1": [
        803,
        1
      ],
      "award2": [
        305,
        200
      ]
    },
    {
      "id": 15,
      "lv": 14,
      "num": 230,
      "award1": [
        101,
        400
      ],
      "award2": [
        20001,
        1
      ]
    },
    {
      "id": 16,
      "lv": 15,
      "num": 240,
      "award1": [
        2004,
        1
      ],
      "award2": [
        1009,
        1
      ]
    },
    {
      "id": 17,
      "lv": 16,
      "num": 250,
      "award1": [
        101,
        450
      ],
      "award2": [
        1005,
        1
      ]
    },
    {
      "id": 18,
      "lv": 17,
      "num": 260,
      "award1": [
        804,
        1
      ],
      "award2": [
        102,
        20
      ]
    },
    {
      "id": 19,
      "lv": 18,
      "num": 270,
      "award1": [
        101,
        500
      ],
      "award2": [
        305,
        200
      ]
    },
    {
      "id": 20,
      "lv": 19,
      "num": 280,
      "award1": [
        102,
        20
      ],
      "award2": [
        305,
        200
      ]
    },
    {
      "id": 21,
      "lv": 20,
      "num": 290,
      "award1": [
        101,
        550
      ],
      "award2": [
        102,
        50
      ]
    },
    {
      "id": 22,
      "lv": 21,
      "num": 300,
      "award1": [
        2004,
        1
      ],
      "award2": [
        1009,
        1
      ]
    },
    {
      "id": 23,
      "lv": 22,
      "num": 500,
      "award1": [
        101,
        600
      ],
      "award2": [
        102,
        50
      ]
    },
    {
      "id": 24,
      "lv": 23,
      "num": 700,
      "award1": [
        805,
        1
      ],
      "award2": [
        102,
        50
      ]
    },
    {
      "id": 25,
      "lv": 24,
      "num": 900,
      "award1": [
        101,
        650
      ],
      "award2": [
        1003,
        1
      ]
    },
    {
      "id": 26,
      "lv": 25,
      "num": 1100,
      "award1": [
        805,
        1
      ],
      "award2": [
        305,
        300
      ]
    },
    {
      "id": 27,
      "lv": 26,
      "num": 1300,
      "award1": [
        101,
        700
      ],
      "award2": [
        1003,
        1
      ]
    },
    {
      "id": 28,
      "lv": 27,
      "num": 1500,
      "award1": [
        1007,
        1
      ],
      "award2": [
        305,
        300
      ]
    },
    {
      "id": 29,
      "lv": 28,
      "num": 1700,
      "award1": [
        101,
        800
      ],
      "award2": [
        102,
        80
      ]
    },
    {
      "id": 30,
      "lv": 29,
      "num": 1900,
      "award1": [
        2003,
        1
      ],
      "award2": [
        1004,
        1
      ]
    },
    {
      "id": 31,
      "lv": 30,
      "num": 2100,
      "award1": [
        805,
        1
      ],
      "award2": [
        102,
        150
      ]
    }
  ]
}