{
  "__type__": "cc.SpriteFrame",
  "content": {
    "name": "scene_item_1005000",
    "atlas": "",
    "rect": {
      "x": 69,
      "y": 168,
      "width": 306,
      "height": 207
    },
    "offset": {
      "x": -8.5,
      "y": -52
    },
    "originalSize": {
      "width": 461,
      "height": 439
    },
    "rotated": false,
    "capInsets": [
      0,
      0,
      0,
      0
    ],
    "vertices": {
      "rawPosition": [
        -153,
        -103.5,
        0,
        153,
        -103.5,
        0,
        -153,
        103.5,
        0,
        153,
        103.5,
        0
      ],
      "indexes": [
        0,
        1,
        2,
        2,
        1,
        3
      ],
      "uv": [
        69,
        271,
        375,
        271,
        69,
        64,
        375,
        64
      ],
      "nuv": [
        0.14967462039045554,
        0.14578587699316628,
        0.8134490238611713,
        0.14578587699316628,
        0.14967462039045554,
        0.6173120728929385,
        0.8134490238611713,
        0.6173120728929385
      ],
      "minPos": {
        "x": -153,
        "y": -103.5,
        "z": 0
      },
      "maxPos": {
        "x": 153,
        "y": 103.5,
        "z": 0
      }
    },
    "texture": "0543b218-80d5-4ee8-b596-69fe13b6f03f@6c48a",
    "packable": true,
    "pixelsToUnit": 100,
    "pivot": {
      "x": 0.5,
      "y": 0.5
    },
    "meshType": 0
  }
}