{
  "__type__": "cc.SpriteFrame",
  "content": {
    "name": "icon_c9",
    "atlas": "",
    "rect": {
      "x": 15,
      "y": 6,
      "width": 69,
      "height": 88
    },
    "offset": {
      "x": -0.5,
      "y": 0
    },
    "originalSize": {
      "width": 100,
      "height": 100
    },
    "rotated": false,
    "capInsets": [
      0,
      0,
      0,
      0
    ],
    "vertices": {
      "rawPosition": [
        -34.5,
        -44,
        0,
        34.5,
        -44,
        0,
        -34.5,
        44,
        0,
        34.5,
        44,
        0
      ],
      "indexes": [
        0,
        1,
        2,
        2,
        1,
        3
      ],
      "uv": [
        15,
        94,
        84,
        94,
        15,
        6,
        84,
        6
      ],
      "nuv": [
        0.15,
        0.06,
        0.84,
        0.06,
        0.15,
        0.94,
        0.84,
        0.94
      ],
      "minPos": {
        "x": -34.5,
        "y": -44,
        "z": 0
      },
      "maxPos": {
        "x": 34.5,
        "y": 44,
        "z": 0
      }
    },
    "texture": "054488ce-bec7-481e-9e2d-51356546d3c6@6c48a",
    "packable": true,
    "pixelsToUnit": 100,
    "pivot": {
      "x": 0.5,
      "y": 0.5
    },
    "meshType": 0
  }
}