{
  "__type__": "cc.SpriteFrame",
  "content": {
    "name": "scene_item_2000100",
    "atlas": "",
    "rect": {
      "x": 67,
      "y": 168,
      "width": 736,
      "height": 441
    },
    "offset": {
      "x": -6.5,
      "y": -64.5
    },
    "originalSize": {
      "width": 883,
      "height": 648
    },
    "rotated": false,
    "capInsets": [
      0,
      0,
      0,
      0
    ],
    "vertices": {
      "rawPosition": [
        -368,
        -220.5,
        0,
        368,
        -220.5,
        0,
        -368,
        220.5,
        0,
        368,
        220.5,
        0
      ],
      "indexes": [
        0,
        1,
        2,
        2,
        1,
        3
      ],
      "uv": [
        67,
        480,
        803,
        480,
        67,
        39,
        803,
        39
      ],
      "nuv": [
        0.07587768969422423,
        0.06018518518518518,
        0.9093997734994338,
        0.06018518518518518,
        0.07587768969422423,
        0.7407407407407407,
        0.9093997734994338,
        0.7407407407407407
      ],
      "minPos": {
        "x": -368,
        "y": -220.5,
        "z": 0
      },
      "maxPos": {
        "x": 368,
        "y": 220.5,
        "z": 0
      }
    },
    "texture": "056e3397-2671-441a-92a7-7d4d953e1c64@6c48a",
    "packable": true,
    "pixelsToUnit": 100,
    "pivot": {
      "x": 0.5,
      "y": 0.5
    },
    "meshType": 0
  }
}