{
  "__type__": "cc.SpriteFrame",
  "content": {
    "name": "icon_h17",
    "atlas": "",
    "rect": {
      "x": 3,
      "y": 1,
      "width": 92,
      "height": 95
    },
    "offset": {
      "x": -1,
      "y": 1.5
    },
    "originalSize": {
      "width": 100,
      "height": 100
    },
    "rotated": false,
    "capInsets": [
      0,
      0,
      0,
      0
    ],
    "vertices": {
      "rawPosition": [
        -46,
        -47.5,
        0,
        46,
        -47.5,
        0,
        -46,
        47.5,
        0,
        46,
        47.5,
        0
      ],
      "indexes": [
        0,
        1,
        2,
        2,
        1,
        3
      ],
      "uv": [
        3,
        99,
        95,
        99,
        3,
        4,
        95,
        4
      ],
      "nuv": [
        0.03,
        0.04,
        0.95,
        0.04,
        0.03,
        0.99,
        0.95,
        0.99
      ],
      "minPos": {
        "x": -46,
        "y": -47.5,
        "z": 0
      },
      "maxPos": {
        "x": 46,
        "y": 47.5,
        "z": 0
      }
    },
    "texture": "05bbf959-b090-49b4-8be7-aa1cc836d93c@6c48a",
    "packable": true,
    "pixelsToUnit": 100,
    "pivot": {
      "x": 0.5,
      "y": 0.5
    },
    "meshType": 0
  }
}