{
  "__type__": "cc.SpriteFrame",
  "content": {
    "name": "icon_f1",
    "atlas": "",
    "rect": {
      "x": 16,
      "y": 19,
      "width": 67,
      "height": 62
    },
    "offset": {
      "x": -0.5,
      "y": 0
    },
    "originalSize": {
      "width": 100,
      "height": 100
    },
    "rotated": false,
    "capInsets": [
      0,
      0,
      0,
      0
    ],
    "vertices": {
      "rawPosition": [
        -33.5,
        -31,
        0,
        33.5,
        -31,
        0,
        -33.5,
        31,
        0,
        33.5,
        31,
        0
      ],
      "indexes": [
        0,
        1,
        2,
        2,
        1,
        3
      ],
      "uv": [
        16,
        81,
        83,
        81,
        16,
        19,
        83,
        19
      ],
      "nuv": [
        0.16,
        0.19,
        0.83,
        0.19,
        0.16,
        0.81,
        0.83,
        0.81
      ],
      "minPos": {
        "x": -33.5,
        "y": -31,
        "z": 0
      },
      "maxPos": {
        "x": 33.5,
        "y": 31,
        "z": 0
      }
    },
    "texture": "07533dac-12dd-41a2-a955-2e04fc5089b9@6c48a",
    "packable": true,
    "pixelsToUnit": 100,
    "pivot": {
      "x": 0.5,
      "y": 0.5
    },
    "meshType": 0
  }
}