{
  "__type__": "cc.SpriteFrame",
  "content": {
    "name": "icon_llll4",
    "atlas": "",
    "rect": {
      "x": 8,
      "y": 3,
      "width": 89,
      "height": 92
    },
    "offset": {
      "x": 2.5,
      "y": 1
    },
    "originalSize": {
      "width": 100,
      "height": 100
    },
    "rotated": false,
    "capInsets": [
      0,
      0,
      0,
      0
    ],
    "vertices": {
      "rawPosition": [
        -44.5,
        -46,
        0,
        44.5,
        -46,
        0,
        -44.5,
        46,
        0,
        44.5,
        46,
        0
      ],
      "indexes": [
        0,
        1,
        2,
        2,
        1,
        3
      ],
      "uv": [
        8,
        97,
        97,
        97,
        8,
        5,
        97,
        5
      ],
      "nuv": [
        0.08,
        0.05,
        0.97,
        0.05,
        0.08,
        0.97,
        0.97,
        0.97
      ],
      "minPos": {
        "x": -44.5,
        "y": -46,
        "z": 0
      },
      "maxPos": {
        "x": 44.5,
        "y": 46,
        "z": 0
      }
    },
    "texture": "075fcdf8-7d70-4c86-a975-744eef05bc80@6c48a",
    "packable": true,
    "pixelsToUnit": 100,
    "pivot": {
      "x": 0.5,
      "y": 0.5
    },
    "meshType": 0
  }
}