{
  "__type__": "cc.SpriteFrame",
  "content": {
    "name": "scene_item_1003100",
    "atlas": "",
    "rect": {
      "x": 59,
      "y": 189,
      "width": 282,
      "height": 217
    },
    "offset": {
      "x": 0,
      "y": -87.5
    },
    "originalSize": {
      "width": 400,
      "height": 420
    },
    "rotated": false,
    "capInsets": [
      0,
      0,
      0,
      0
    ],
    "vertices": {
      "rawPosition": [
        -141,
        -108.5,
        0,
        141,
        -108.5,
        0,
        -141,
        108.5,
        0,
        141,
        108.5,
        0
      ],
      "indexes": [
        0,
        1,
        2,
        2,
        1,
        3
      ],
      "uv": [
        59,
        231,
        341,
        231,
        59,
        14,
        341,
        14
      ],
      "nuv": [
        0.1475,
        0.03333333333333333,
        0.8525,
        0.03333333333333333,
        0.1475,
        0.55,
        0.8525,
        0.55
      ],
      "minPos": {
        "x": -141,
        "y": -108.5,
        "z": 0
      },
      "maxPos": {
        "x": 141,
        "y": 108.5,
        "z": 0
      }
    },
    "texture": "07a0bf62-616d-4e75-b2ed-b233b7364436@6c48a",
    "packable": true,
    "pixelsToUnit": 100,
    "pivot": {
      "x": 0.5,
      "y": 0.5
    },
    "meshType": 0
  }
}