{
  "__type__": "cc.SpriteFrame",
  "content": {
    "name": "scene_item_1003200_1",
    "atlas": "",
    "rect": {
      "x": 76,
      "y": 83,
      "width": 205,
      "height": 184
    },
    "offset": {
      "x": -0.5,
      "y": -28
    },
    "originalSize": {
      "width": 358,
      "height": 294
    },
    "rotated": false,
    "capInsets": [
      0,
      0,
      0,
      0
    ],
    "vertices": {
      "rawPosition": [
        -102.5,
        -92,
        0,
        102.5,
        -92,
        0,
        -102.5,
        92,
        0,
        102.5,
        92,
        0
      ],
      "indexes": [
        0,
        1,
        2,
        2,
        1,
        3
      ],
      "uv": [
        76,
        211,
        281,
        211,
        76,
        27,
        281,
        27
      ],
      "nuv": [
        0.2122905027932961,
        0.09183673469387756,
        0.7849162011173184,
        0.09183673469387756,
        0.2122905027932961,
        0.717687074829932,
        0.7849162011173184,
        0.717687074829932
      ],
      "minPos": {
        "x": -102.5,
        "y": -92,
        "z": 0
      },
      "maxPos": {
        "x": 102.5,
        "y": 92,
        "z": 0
      }
    },
    "texture": "07d77a10-6972-41f8-a868-70b3a432b1dc@6c48a",
    "packable": true,
    "pixelsToUnit": 100,
    "pivot": {
      "x": 0.5,
      "y": 0.5
    },
    "meshType": 0
  }
}