{
  "__type__": "cc.SpriteFrame",
  "content": {
    "name": "scene_item_1005501_1",
    "atlas": "",
    "rect": {
      "x": 157,
      "y": 143,
      "width": 176,
      "height": 314
    },
    "offset": {
      "x": 5,
      "y": -31
    },
    "originalSize": {
      "width": 480,
      "height": 538
    },
    "rotated": false,
    "capInsets": [
      0,
      0,
      0,
      0
    ],
    "vertices": {
      "rawPosition": [
        -88,
        -157,
        0,
        88,
        -157,
        0,
        -88,
        157,
        0,
        88,
        157,
        0
      ],
      "indexes": [
        0,
        1,
        2,
        2,
        1,
        3
      ],
      "uv": [
        157,
        395,
        333,
        395,
        157,
        81,
        333,
        81
      ],
      "nuv": [
        0.32708333333333334,
        0.15055762081784388,
        0.69375,
        0.15055762081784388,
        0.32708333333333334,
        0.7342007434944238,
        0.69375,
        0.7342007434944238
      ],
      "minPos": {
        "x": -88,
        "y": -157,
        "z": 0
      },
      "maxPos": {
        "x": 88,
        "y": 157,
        "z": 0
      }
    },
    "texture": "090d26f6-cd27-4a6a-a7a2-621149913cac@6c48a",
    "packable": true,
    "pixelsToUnit": 100,
    "pivot": {
      "x": 0.5,
      "y": 0.5
    },
    "meshType": 0
  }
}