{
  "__type__": "cc.SpriteFrame",
  "content": {
    "name": "ui_jy",
    "atlas": "",
    "rect": {
      "x": 13,
      "y": 14,
      "width": 71,
      "height": 68
    },
    "offset": {
      "x": -1.5,
      "y": 2
    },
    "originalSize": {
      "width": 100,
      "height": 100
    },
    "rotated": false,
    "capInsets": [
      0,
      0,
      0,
      0
    ],
    "vertices": {
      "rawPosition": [
        -35.5,
        -34,
        0,
        35.5,
        -34,
        0,
        -35.5,
        34,
        0,
        35.5,
        34,
        0
      ],
      "indexes": [
        0,
        1,
        2,
        2,
        1,
        3
      ],
      "uv": [
        13,
        86,
        84,
        86,
        13,
        18,
        84,
        18
      ],
      "nuv": [
        0.13,
        0.18,
        0.84,
        0.18,
        0.13,
        0.86,
        0.84,
        0.86
      ],
      "minPos": {
        "x": -35.5,
        "y": -34,
        "z": 0
      },
      "maxPos": {
        "x": 35.5,
        "y": 34,
        "z": 0
      }
    },
    "texture": "093afd99-3cb7-4302-a0ef-a4699f66d111@6c48a",
    "packable": true,
    "pixelsToUnit": 100,
    "pivot": {
      "x": 0.5,
      "y": 0.5
    },
    "meshType": 0
  }
}