{
  "__type__": "cc.SpriteFrame",
  "content": {
    "name": "icon_5000109",
    "atlas": "",
    "rect": {
      "x": 24,
      "y": 47,
      "width": 153,
      "height": 111
    },
    "offset": {
      "x": 0.5,
      "y": -2.5
    },
    "originalSize": {
      "width": 200,
      "height": 200
    },
    "rotated": false,
    "capInsets": [
      0,
      0,
      0,
      0
    ],
    "vertices": {
      "rawPosition": [
        -76.5,
        -55.5,
        0,
        76.5,
        -55.5,
        0,
        -76.5,
        55.5,
        0,
        76.5,
        55.5,
        0
      ],
      "indexes": [
        0,
        1,
        2,
        2,
        1,
        3
      ],
      "uv": [
        24,
        153,
        177,
        153,
        24,
        42,
        177,
        42
      ],
      "nuv": [
        0.12,
        0.21,
        0.885,
        0.21,
        0.12,
        0.765,
        0.885,
        0.765
      ],
      "minPos": {
        "x": -76.5,
        "y": -55.5,
        "z": 0
      },
      "maxPos": {
        "x": 76.5,
        "y": 55.5,
        "z": 0
      }
    },
    "texture": "094bc287-fdbc-473d-a855-514d86467d64@6c48a",
    "packable": true,
    "pixelsToUnit": 100,
    "pivot": {
      "x": 0.5,
      "y": 0.5
    },
    "meshType": 0
  }
}