{
  "__type__": "cc.SpriteFrame",
  "content": {
    "name": "fh",
    "atlas": "",
    "rect": {
      "x": 0,
      "y": 0,
      "width": 64,
      "height": 65
    },
    "offset": {
      "x": 0,
      "y": 0
    },
    "originalSize": {
      "width": 64,
      "height": 65
    },
    "rotated": false,
    "capInsets": [
      0,
      0,
      0,
      0
    ],
    "vertices": {
      "rawPosition": [
        -32,
        -32.5,
        0,
        32,
        -32.5,
        0,
        -32,
        32.5,
        0,
        32,
        32.5,
        0
      ],
      "indexes": [
        0,
        1,
        2,
        2,
        1,
        3
      ],
      "uv": [
        0,
        65,
        64,
        65,
        0,
        0,
        64,
        0
      ],
      "nuv": [
        0,
        0,
        1,
        0,
        0,
        1,
        1,
        1
      ],
      "minPos": {
        "x": -32,
        "y": -32.5,
        "z": 0
      },
      "maxPos": {
        "x": 32,
        "y": 32.5,
        "z": 0
      }
    },
    "texture": "099cc546-e11b-48a8-84a4-e70c0021e2ce@6c48a",
    "packable": true,
    "pixelsToUnit": 100,
    "pivot": {
      "x": 0.5,
      "y": 0.5
    },
    "meshType": 0
  }
}