{
  "__type__": "cc.SpriteFrame",
  "content": {
    "name": "icon_1002101",
    "atlas": "",
    "rect": {
      "x": 34,
      "y": 25,
      "width": 135,
      "height": 150
    },
    "offset": {
      "x": 1.5,
      "y": 0
    },
    "originalSize": {
      "width": 200,
      "height": 200
    },
    "rotated": false,
    "capInsets": [
      0,
      0,
      0,
      0
    ],
    "vertices": {
      "rawPosition": [
        -67.5,
        -75,
        0,
        67.5,
        -75,
        0,
        -67.5,
        75,
        0,
        67.5,
        75,
        0
      ],
      "indexes": [
        0,
        1,
        2,
        2,
        1,
        3
      ],
      "uv": [
        34,
        175,
        169,
        175,
        34,
        25,
        169,
        25
      ],
      "nuv": [
        0.17,
        0.125,
        0.845,
        0.125,
        0.17,
        0.875,
        0.845,
        0.875
      ],
      "minPos": {
        "x": -67.5,
        "y": -75,
        "z": 0
      },
      "maxPos": {
        "x": 67.5,
        "y": 75,
        "z": 0
      }
    },
    "texture": "09e88430-4bdf-4ee0-9c48-2761ec3c6594@6c48a",
    "packable": true,
    "pixelsToUnit": 100,
    "pivot": {
      "x": 0.5,
      "y": 0.5
    },
    "meshType": 0
  }
}