{
  "__type__": "cc.SpriteFrame",
  "content": {
    "name": "lock",
    "atlas": "",
    "rect": {
      "x": 0,
      "y": 0,
      "width": 65,
      "height": 62
    },
    "offset": {
      "x": 0,
      "y": 0
    },
    "originalSize": {
      "width": 65,
      "height": 62
    },
    "rotated": false,
    "capInsets": [
      0,
      0,
      0,
      0
    ],
    "vertices": {
      "rawPosition": [
        -32.5,
        -31,
        0,
        32.5,
        -31,
        0,
        -32.5,
        31,
        0,
        32.5,
        31,
        0
      ],
      "indexes": [
        0,
        1,
        2,
        2,
        1,
        3
      ],
      "uv": [
        0,
        62,
        65,
        62,
        0,
        0,
        65,
        0
      ],
      "nuv": [
        0,
        0,
        1,
        0,
        0,
        1,
        1,
        1
      ],
      "minPos": {
        "x": -32.5,
        "y": -31,
        "z": 0
      },
      "maxPos": {
        "x": 32.5,
        "y": 31,
        "z": 0
      }
    },
    "texture": "09f0f321-fa3d-4ba3-bf5e-3d99bae87b46@6c48a",
    "packable": true,
    "pixelsToUnit": 100,
    "pivot": {
      "x": 0.5,
      "y": 0.5
    },
    "meshType": 0
  }
}