{
  "__type__": "cc.SpriteFrame",
  "content": {
    "name": "icon_a7",
    "atlas": "",
    "rect": {
      "x": 7,
      "y": 6,
      "width": 85,
      "height": 88
    },
    "offset": {
      "x": -0.5,
      "y": 0
    },
    "originalSize": {
      "width": 100,
      "height": 100
    },
    "rotated": false,
    "capInsets": [
      0,
      0,
      0,
      0
    ],
    "vertices": {
      "rawPosition": [
        -42.5,
        -44,
        0,
        42.5,
        -44,
        0,
        -42.5,
        44,
        0,
        42.5,
        44,
        0
      ],
      "indexes": [
        0,
        1,
        2,
        2,
        1,
        3
      ],
      "uv": [
        7,
        94,
        92,
        94,
        7,
        6,
        92,
        6
      ],
      "nuv": [
        0.07,
        0.06,
        0.92,
        0.06,
        0.07,
        0.94,
        0.92,
        0.94
      ],
      "minPos": {
        "x": -42.5,
        "y": -44,
        "z": 0
      },
      "maxPos": {
        "x": 42.5,
        "y": 44,
        "z": 0
      }
    },
    "texture": "09f5c2be-cc5e-4e54-90e3-c94b481c2674@6c48a",
    "packable": true,
    "pixelsToUnit": 100,
    "pivot": {
      "x": 0.5,
      "y": 0.5
    },
    "meshType": 0
  }
}