{"skeleton":{"hash":"zGJLdrIOnaI","spine":"3.8-from-4.0-from-4.1.17","x":-70.28,"y":-3.86,"width":143,"height":170.13,"images":"./images/","audio":"E:/游戏项目/健身房/spine"},"bones":[{"name":"root"},{"name":"z1","parent":"root","x":2.29,"y":37.62,"scaleX":-0.6,"scaleY":0.6},{"name":"5465","parent":"z1","length":53.69,"rotation":91.82,"x":-0.87,"y":5.1},{"name":"bone2","parent":"5465","length":82.2,"rotation":-1.22,"x":58.82,"y":0.69},{"name":"bone13","parent":"bone2","x":25.58,"y":42.84},{"name":"bone3","parent":"bone13","length":8.14,"rotation":-6.6,"x":-9.43,"y":-5.1},{"name":"bone4","parent":"5465","length":36.26,"rotation":-148.31,"x":45.01,"y":-45.32},{"name":"bone5","parent":"5465","length":17.04,"rotation":-54.95,"x":30.01,"y":-74.67},{"name":"bone6","parent":"bone5","length":10.54,"rotation":6.49,"x":20.27,"y":0.77},{"name":"bone7","parent":"bone6","length":12.88,"rotation":-9.15,"x":12.64,"y":0.36},{"name":"bone8","parent":"5465","length":33.23,"rotation":179.65,"x":-1.05,"y":-19.57},{"name":"bone11","parent":"5465","length":27.74,"rotation":-179.7,"x":9.35,"y":24.74},{"name":"bone14","parent":"bone2","length":15.74,"rotation":56.29,"x":81.92,"y":19.26},{"name":"bone15","parent":"bone14","length":18.38,"rotation":-36.19,"x":16.11,"y":-0.22},{"name":"bone16","parent":"bone15","length":17.77,"rotation":-19.46,"x":20.17,"y":-0.68},{"name":"bone17","parent":"bone16","length":17.35,"rotation":-21.86,"x":18.71,"y":-0.98},{"name":"bone18","parent":"bone2","x":62.92,"y":-44.26},{"name":"bone33","parent":"5465","length":36.26,"rotation":121.79,"x":46.9,"y":58.23,"scaleX":0.8,"scaleY":0.8},{"name":"z2","parent":"z1","length":19.09,"rotation":70.35,"x":20.31,"y":37.39,"scaleX":2,"scaleY":2},{"name":"z3","parent":"z2","x":23.67,"y":52.09},{"name":"z4","parent":"z3","x":-22.82,"y":-93.75},{"name":"yaodai","parent":"5465","x":4.61,"y":-19.85,"color":"c92121ff"},{"name":"5466","parent":"yaodai","length":7.49,"rotation":0.67,"x":-0.68,"y":9.46},{"name":"yaodai2","parent":"yaodai","length":15.32,"rotation":1.45,"x":-16.9,"y":17.82,"color":"c92121ff"},{"name":"yaodai3","parent":"yaodai","length":14.04,"rotation":3.54,"x":-4.55,"y":-6.92,"color":"c92121ff"},{"name":"bone19","parent":"bone2","length":16.43,"rotation":-3.61,"x":82.46,"y":-3.61},{"name":"5467","parent":"5465","x":19.58,"y":46.49},{"name":"5468","parent":"5465","x":34.14,"y":-46.98},{"name":"yaodai4","parent":"5465","x":23.9,"y":73.45,"color":"c92121ff"},{"name":"yaodai5","parent":"5465","x":28.99,"y":-84.3,"color":"c92121ff"},{"name":"bone10","parent":"root","x":53.07,"y":90.65},{"name":"bone12","parent":"root","x":49.37,"y":80.04},{"name":"bone9","parent":"root","x":4.03,"y":29.38},{"name":"bone","parent":"root","x":42.34,"y":90.49,"scaleX":-0.5,"scaleY":0.5}],"slots":[{"name":"yiz1","bone":"z2"},{"name":"zj1","bone":"bone11","attachment":"zj1"},{"name":"zj2","bone":"bone8","attachment":"zj2"},{"name":"zw","bone":"bone5","attachment":"zw"},{"name":"zhand2","bone":"bone33","attachment":"zhand"},{"name":"zbody","bone":"5465","attachment":"zbody"},{"name":"zhead","bone":"bone2","attachment":"zhead"},{"name":"yiz2","bone":"z4"},{"name":"zbq","bone":"bone3","attachment":"zbq"},{"name":"帽子","bone":"bone19","attachment":"帽子"},{"name":"zdm","bone":"bone14","attachment":"zdm"},{"name":"图层组61","bone":"5465","attachment":"图层组61"},{"name":"bda","bone":"yaodai","attachment":"bda"},{"name":"扳手","bone":"yaodai3","attachment":"扳手"},{"name":"工具","bone":"yaodai2","attachment":"工具"},{"name":"zdad","bone":"5466","attachment":"zdad"},{"name":"组 109","bone":"bone9","attachment":"组 109"},{"name":"手","bone":"bone4","attachment":"手"},{"name":"x2","bone":"bone10","attachment":"x1"},{"name":"x3","bone":"bone12","attachment":"x1"},{"name":"yds22","bone":"root"},{"name":"qpd","bone":"bone"}],"skins":[{"name":"default","attachments":{"bda":{"bda":{"type":"mesh","uvs":[0.01673,0.19563,1.0E-5,0.21563,0,0.30703,0.01046,0.4327,0.0324,0.53838,0.07629,0.6355,0.12645,0.72118,0.18392,0.79545,0.24871,0.83258,0.30409,0.84686,0.35425,0.864,0.36365,0.93255,0.38664,0.97253,0.44934,0.99538,0.57996,0.9811,0.69804,0.91541,0.7691,0.77545,0.78164,0.6812,0.86583,0.5898,0.93585,0.4784,0.98182,0.38129,0.99645,0.31274,1,0.10709,1,0.03568,0.97242,0,0.94525,0.04425,0.89718,0.14422,0.84389,0.22991,0.79268,0.28703,0.75298,0.32131,0.72372,0.26418,0.66833,0.27846,0.57492,0.31845,0.48819,0.34987,0.4025,0.35273,0.37429,0.36701,0.34607,0.41556,0.33353,0.48411,0.26979,0.46126,0.19664,0.41556,0.11827,0.3613,0.05766,0.26704,0.03676,0.19849],"triangles":[28,27,18,18,27,19,27,26,19,19,26,20,20,26,21,26,25,21,21,25,22,22,25,24,24,23,22,13,11,34,13,33,14,13,34,33,33,32,14,14,32,15,13,12,11,37,35,34,34,11,10,32,31,15,16,15,17,29,31,30,31,17,15,9,37,10,34,10,37,35,37,36,37,9,38,9,8,38,29,17,31,17,28,18,17,29,28,8,7,38,7,39,38,7,6,39,5,40,6,6,40,39,5,4,40,4,3,41,4,41,40,42,2,0,41,2,42,41,3,2,0,2,1],"vertices":[1,28,5.85,0.18,1,1,28,4.74,2.96,1,2,28,-0.74,3.13,0.99964,21,18.55,96.43,3.6E-4,1,28,-8.33,1.66,1,1,28,-14.78,-1.74,1,2,28,-20.84,-8.75,0.93627,21,-1.54,84.55,0.06373,2,28,-26.23,-16.81,0.76838,21,-6.94,76.49,0.23162,2,28,-30.99,-26.08,0.64704,21,-11.7,67.21,0.35296,2,28,-33.55,-36.63,0.50824,21,-14.26,56.66,0.49176,2,28,-34.7,-45.69,0.37625,21,-15.4,47.61,0.62375,2,28,-35.98,-53.87,0.24062,21,-16.69,39.42,0.75938,2,28,-40.14,-55.29,0.19395,21,-20.85,38.01,0.80605,2,28,-42.66,-58.98,0.17046,21,-23.37,34.31,0.82954,2,28,-44.36,-69.21,0.11002,21,-25.07,24.08,0.88998,3,28,-44.18,-90.65,0.01784,21,-24.89,2.64,0.97949,29,-49.27,67.1,0.00267,3,28,-40.86,-110.13,1.0E-5,21,-21.57,-16.84,0.93631,29,-45.95,47.62,0.06368,2,21,-13.54,-28.75,0.82411,29,-37.92,35.71,0.17589,2,21,-7.96,-30.99,0.73078,29,-32.34,33.47,0.26922,2,21,-2.91,-44.96,0.40804,29,-27.29,19.5,0.59196,2,21,3.4,-56.65,0.17976,29,-20.98,7.81,0.82024,2,21,8.99,-64.37,0.07257,29,-15.39,0.09,0.92743,1,29,-11.36,-2.44,1,1,29,0.96,-3.41,1,1,29,5.24,-3.55,1,1,29,7.52,0.9,1,1,29,5.01,5.44,1,2,21,23.65,-50.95,0.04571,29,-0.74,13.51,0.95429,2,21,18.78,-42.05,0.28509,29,-5.6,22.41,0.71491,2,21,15.63,-33.55,0.49819,29,-8.76,30.91,0.50181,2,21,13.78,-26.97,0.68474,29,-10.61,37.48,0.31526,2,21,17.35,-22.29,0.78803,29,-7.03,42.17,0.21197,2,21,16.79,-13.18,0.88468,29,-7.6,51.28,0.11532,3,28,-4.42,-91.08,0.00691,21,14.87,2.21,0.98278,29,-9.51,66.67,0.0103,2,28,-5.85,-76.81,0.06576,21,13.44,16.48,0.93424,2,28,-5.57,-62.76,0.16538,21,13.72,30.54,0.83462,2,28,-6.28,-58.1,0.19668,21,13.01,35.19,0.80332,2,28,-9.05,-53.39,0.23612,21,10.24,39.9,0.76388,2,28,-13.1,-51.2,0.30292,21,6.2,42.09,0.69708,2,28,-11.39,-40.8,0.50915,21,7.9,52.5,0.49085,2,28,-8.27,-28.89,0.70585,21,11.02,64.4,0.29415,2,28,-4.61,-16.15,0.93771,21,14.68,77.14,0.06229,2,28,1.36,-6.39,0.98672,21,20.65,86.9,0.01328,2,28,5.58,-3.1,0.99949,21,24.87,90.19,5.1E-4],"hull":43,"edges":[0,2,2,4,4,6,6,8,8,10,10,12,12,14,14,16,16,18,18,20,20,22,22,24,24,26,26,28,28,30,30,32,32,34,34,36,36,38,38,40,40,42,42,44,44,46,46,48,48,50,50,52,52,54,54,56,56,58,58,60,60,62,62,64,64,66,66,68,68,70,70,72,72,74,74,76,76,78,78,80,80,82,82,84,0,84],"width":164,"height":60}},"qpd":{"qpd":{"x":-8.31,"y":13.74,"width":39,"height":55}},"x2":{"x1":{"path":"x2","y":0.65,"width":15,"height":11}},"x3":{"x1":{"y":0.65,"width":14,"height":10}},"yiz1":{"yiz1":{"x":10.83,"y":3.67,"rotation":-70.35,"width":135,"height":137}},"yiz2":{"yiz2":{"x":-3.34,"y":3.14,"rotation":-70.35,"width":72,"height":83}},"zbody":{"zbody":{"type":"mesh","uvs":[0.50774,0,0.39901,0,0.30017,0.01479,0.20838,0.04987,0.12648,0.11224,0.05165,0.20188,0,0.33636,0,0.50591,0.02764,0.67936,0.09259,0.81578,0.22005,0.93571,0.37679,1,0.52364,1,0.64367,0.98054,0.74675,0.92597,0.84983,0.85386,0.9755,0.67067,1,0.52645,1,0.35885,0.94443,0.21073,0.84841,0.09185,0.72133,0.02364,0.60554,0,0.08025,0.6161,0.12826,0.72134,0.22711,0.82463,0.32454,0.88114,0.41915,0.91622,0.56177,0.90063,0.71709,0.85386,0.83853,0.74667,0.92608,0.56543,0.95008,0.43095,0.89642,0.23607,0.69168,0.0938,0.51376,0.07041,0.35984,0.07041,0.2031,0.12108,0.11556,0.26335,0.05907,0.37054,0.21722,0.64143,0.40503,0.77006,0.68462,0.75642,0.79758,0.58102,0.8004,0.39393,0.74957,0.2653,0.53635,0.18929,0.35561,0.23607,0.24546,0.3452,0.4135,0.5167,0.61401,0.46409],"triangles":[11,27,12,12,28,13,12,27,28,10,26,11,11,26,27,13,29,14,13,28,29,10,25,26,10,9,25,14,29,15,26,41,27,27,41,28,28,41,42,28,42,29,50,41,49,41,50,42,26,25,41,29,30,15,15,30,16,29,42,30,9,24,25,24,40,25,25,40,41,9,8,24,41,40,49,42,43,30,42,50,43,30,31,16,30,43,31,8,23,24,24,23,40,8,7,23,16,31,17,40,48,49,40,23,48,7,39,23,48,39,38,48,23,39,43,44,31,43,50,44,31,32,17,31,44,32,32,18,17,48,47,49,49,47,46,46,47,36,49,46,50,35,36,1,35,1,0,46,36,35,7,6,39,50,45,44,45,46,34,45,50,46,44,33,32,32,33,18,18,33,19,44,45,33,38,39,5,38,37,48,48,37,47,2,37,3,47,37,36,39,6,5,45,34,20,45,20,33,20,34,21,38,4,37,38,5,4,36,37,2,33,20,19,46,22,34,46,35,22,37,4,3,34,22,21,35,0,22,36,2,1],"vertices":[95,-6.18,95.57,11.97,94.31,28.53,90.55,43.98,83.44,57.89,73,70.73,57.01,79.87,36.5,80.52,15.38,76.57,-1.46,66.25,-16.64,45.44,-25.25,19.52,-26.03,-4.99,-24.31,-25.1,-18.26,-42.51,-10.08,-60,11.41,-81.68,28.72,-86.32,48.99,-86.96,67.2,-78.26,82.08,-62.69,91.01,-41.74,94.48,-22.5,22.75,67.54,9.77,59.93,-3.25,43.83,-10.6,27.79,-15.34,12.13,-14.21,-11.74,-9.38,-37.84,2.94,-58.52,24.4,-73.83,40.53,-78.35,64.39,-70.15,82.68,-36.52,86.45,-6.91,87.27,18.78,81.97,45.14,65.23,60.3,52.56,70.14,18.96,44.78,2.41,13.93,2.58,-32.79,23.19,-52.32,45.81,-53.51,61.63,-45.52,71.95,-10.22,67.25,20.12,54.64,38.93,33.01,11.54,38.31,-22.13],"hull":23,"edges":[0,2,2,4,4,6,6,8,8,10,10,12,12,14,14,16,16,18,18,20,20,22,22,24,24,26,26,28,28,30,30,32,32,34,34,36,36,38,38,40,40,42,42,44,0,44],"width":167,"height":121}},"zbq":{"yds22":{"x":18.16,"y":-6.67,"scaleX":-1,"scaleY":-1,"rotation":96.01,"width":78,"height":50},"zbq":{"x":9.15,"y":0.13,"rotation":-83.99,"width":46,"height":29}},"zdad":{"zdad":{"x":-5.02,"y":-3.04,"rotation":-92.49,"width":49,"height":17}},"zdm":{"zdm":{"type":"mesh","uvs":[0.50314,0.00801,0.37863,0.0171,0.25075,0.05894,0.14643,0.1408,0.06903,0.24812,0.02191,0.37546,0.02191,0.5137,0.07912,0.65923,0.19691,0.78656,0.3719,0.88661,0.60747,0.97393,0.83967,0.99575,0.96082,0.97938,1,0.91572,0.95409,0.89753,0.7791,0.88661,0.66804,0.83022,0.64022,0.76361,0.62093,0.71744,0.61271,0.59757,0.62973,0.52215,0.65458,0.43003,0.67636,0.34882,0.6931,0.25863,0.68991,0.16155,0.63878,0.06094,0.57381,0.02074],"triangles":[22,4,3,23,3,2,23,22,3,26,25,0,1,24,2,25,1,0,25,24,1,23,2,24,19,6,20,20,6,21,5,22,21,22,5,4,21,6,5,9,8,17,8,18,17,8,7,18,7,19,18,7,6,19,10,15,11,11,14,12,11,15,14,12,14,13,10,16,15,10,9,16,9,17,16],"vertices":[1,15,23.22,0.78,1,1,15,20.84,5.21,1,2,14,37,1.28,0.00516,15,16.14,8.9,0.99484,2,14,31.03,5.58,0.10952,15,9,10.68,0.89048,2,14,23.16,8.85,0.60585,15,0.47,10.78,0.39415,3,13,36.8,5.04,0.00198,14,13.78,10.94,0.9955,15,-9.01,9.22,0.00252,2,13,27.23,8.66,0.204,14,3.55,11.16,0.796,3,12,35.4,-1.54,2.2E-4,13,16.35,10.32,0.92192,14,-7.26,9.1,0.07786,2,12,26.31,3.78,0.11866,13,5.87,9.25,0.88134,2,12,16.4,6.16,0.96575,13,-3.53,5.32,0.03425,1,12,4.98,6.42,1,1,12,-3.68,2.7,1,1,12,-7.08,-0.96,1,1,12,-5.82,-5.76,1,1,12,-3.55,-5.89,1,1,12,2.76,-2.74,1,2,12,8.76,-3.81,0.86751,13,-3.81,-7.24,0.13249,4,12,12.38,-7.33,0.3848,13,1.19,-7.94,0.59442,14,-15.47,-13.17,0.0207,15,-27.18,-24.05,8.0E-5,4,12,14.9,-9.77,0.05017,13,4.66,-8.43,0.91465,14,-12.04,-12.48,0.03505,15,-24.25,-22.12,1.3E-4,3,13,13.08,-11.25,0.61124,14,-3.16,-12.34,0.36488,15,-16.07,-18.69,0.02388,3,13,18.06,-13.86,0.33106,14,2.4,-13.14,0.46685,15,-10.6,-17.36,0.2021,3,13,24.08,-17.2,0.0182,14,9.2,-14.28,0.58071,15,-3.87,-15.89,0.40109,3,13,29.4,-20.14,0.00981,14,15.19,-15.28,0.33517,15,2.06,-14.59,0.65502,2,14,21.84,-16.09,0.04818,15,8.54,-12.86,0.95182,2,14,29.03,-16.12,0.02375,15,15.22,-10.21,0.97625,1,15,21.47,-5.67,1,1,15,23.33,-2.19,1],"hull":27,"edges":[0,2,2,4,4,6,6,8,8,10,10,12,12,14,14,16,16,18,18,20,20,22,22,24,24,26,26,28,28,30,30,32,36,38,50,52,0,52,42,44,44,46,46,48,48,50,38,40,40,42,32,34,34,36],"width":40,"height":74}},"zhand2":{"zhand":{"path":"zhand2","x":15.35,"y":-1.77,"rotation":56.5,"width":41,"height":45}},"zhead":{"zhead":{"type":"mesh","uvs":[0.56616,0.01062,0.44604,0.00555,0.35971,0.02919,0.27714,0.08491,0.21708,0.14064,0.15577,0.23688,0.10698,0.3534,0.0782,0.45809,0.06819,0.52394,0.02123,0.5803,0,0.66304,0.00246,0.75591,0.03499,0.82177,0.11507,0.89269,0.19014,0.93997,0.3065,0.98556,0.44162,0.99907,0.58175,1,0.70687,0.97205,0.83198,0.91464,0.92707,0.83865,0.96961,0.77955,1,0.64785,1,0.51614,0.98588,0.39118,0.92958,0.23921,0.81697,0.10244,0.70186,0.03152,0.60928,0.00619,0.12133,0.57524,0.08254,0.61914,0.07253,0.68668,0.07878,0.76773,0.1501,0.8471,0.27522,0.89944,0.39408,0.93997,0.55298,0.93997,0.70562,0.92139,0.82948,0.84372,0.93208,0.75085,0.94334,0.59888,0.92832,0.42833,0.86452,0.26285,0.77443,0.16154,0.68685,0.10413,0.58425,0.08218,0.45288,0.08555,0.3653,0.10919,0.29273,0.15647,0.23143,0.2409,0.17638,0.32871,0.14134,0.4773,0.26771,0.58875,0.2014,0.50601,0.19264,0.69006,0.37906,0.77449,0.4729,0.63265,0.4166,0.47899,0.26271,0.36586,0.34904,0.24428,0.53671,0.23415,0.62429,0.40976,0.6343,0.60563,0.61804,0.78631,0.63805,0.8606,0.80696,0.68668,0.80196,0.49081,0.79945,0.4621,0.78319,0.38443,0.68185,0.24934],"triangles":[16,36,17,16,35,36,14,33,34,15,35,16,15,34,35,13,32,33,11,31,32,30,8,29,29,8,51,18,64,37,18,17,64,18,37,19,36,63,64,19,37,38,38,37,65,19,38,20,65,37,64,64,63,65,20,38,39,20,39,21,39,38,65,63,62,65,63,56,62,21,39,22,39,40,22,39,65,40,62,66,65,65,66,40,40,23,22,62,56,61,66,61,67,67,61,68,61,66,62,66,41,40,40,41,23,41,24,23,66,67,41,57,60,61,59,46,60,67,68,41,68,42,41,41,25,24,41,42,25,61,69,68,61,60,69,69,43,68,68,43,42,43,26,42,42,26,25,60,45,69,69,44,43,69,45,44,60,46,45,26,43,27,47,2,46,45,28,44,43,44,27,44,28,27,2,1,46,46,0,45,46,1,0,45,0,28,13,33,14,12,32,13,12,11,32,11,10,31,9,8,30,14,34,15,8,7,51,7,6,51,33,54,34,31,10,30,33,32,54,32,31,54,31,30,54,17,36,64,34,55,35,35,55,36,36,55,63,63,55,56,34,54,55,54,52,55,55,52,56,54,53,52,54,29,53,52,57,56,56,57,61,53,58,52,52,58,57,29,51,53,58,53,50,58,59,57,57,59,60,46,59,47,53,51,50,51,6,50,50,49,58,58,49,59,6,5,50,50,5,49,49,48,59,59,48,47,5,4,49,49,4,48,4,3,48,48,3,47,3,2,47,30,29,54,10,9,30],"vertices":[2,4,77.38,-53.81,0.23722,16,40.04,33.29,0.76278,2,4,78.21,-33.88,0.41452,16,40.87,53.22,0.58548,2,4,75.45,-19.52,0.53057,16,38.11,67.58,0.46943,2,4,68.74,-5.74,0.64958,16,31.4,81.36,0.35042,2,4,61.99,4.3,0.58166,16,24.65,91.4,0.41834,2,4,50.26,14.6,0.53647,16,12.92,101.7,0.46353,2,4,36.01,22.85,0.51091,16,-1.33,109.94,0.48909,2,4,23.18,27.76,0.48018,16,-14.16,114.85,0.51982,2,4,15.1,29.5,0.35143,16,-22.24,116.6,0.64857,2,4,8.25,37.37,0.48571,16,-29.09,124.47,0.51429,2,4,-1.89,41,0.51429,16,-39.23,128.1,0.48571,2,4,-13.32,40.71,0.42,16,-50.66,127.81,0.58,2,4,-21.47,35.39,0.27143,16,-58.81,122.49,0.72857,2,4,-30.33,22.19,0.12,16,-67.67,109.29,0.88,2,4,-36.28,9.79,0.18857,16,-73.62,96.89,0.81143,2,4,-42.09,-9.47,0.14857,16,-79.42,77.63,0.85143,2,4,-43.98,-31.88,0.1676,16,-81.32,55.22,0.8324,2,4,-44.34,-55.14,0.54745,16,-81.67,31.96,0.45255,2,4,-41.11,-75.94,0.36229,16,-78.45,11.16,0.63771,2,4,-34.27,-96.78,0.20317,16,-71.61,-9.68,0.79683,2,4,-25.08,-112.66,0.11237,16,-62.42,-25.57,0.88763,2,4,-17.89,-119.8,0.082,16,-55.23,-32.7,0.918,2,4,-1.74,-125.01,0.04098,16,-39.08,-37.91,0.95902,2,4,14.46,-125.18,0.01296,16,-22.88,-38.08,0.98704,2,4,29.85,-122.99,0.03219,16,-7.49,-35.9,0.96781,2,4,48.64,-113.84,0.04,16,11.3,-26.74,0.96,2,4,65.65,-95.33,0.07714,16,28.31,-8.23,0.92286,2,4,74.57,-76.31,0.08356,16,37.24,10.79,0.91644,2,4,77.85,-60.97,0.18086,16,40.51,26.13,0.81914,2,4,8.7,20.75,0.58857,16,-28.64,107.85,0.41143,2,4,3.37,27.24,0.52,16,-33.97,114.34,0.48,2,4,-4.92,28.99,0.50571,16,-42.26,116.09,0.49429,2,4,-14.9,28.05,0.43143,16,-52.24,115.15,0.56857,2,4,-24.79,16.32,0.36286,16,-62.13,103.42,0.63714,2,4,-31.44,-4.38,0.26022,16,-68.78,82.71,0.73978,2,4,-36.63,-24.06,0.53309,16,-73.97,63.04,0.46691,2,4,-36.9,-50.44,0.58588,16,-74.24,36.66,0.41412,2,4,-34.88,-75.8,0.35041,16,-72.22,11.3,0.64959,2,4,-25.54,-96.46,0.18198,16,-62.88,-9.36,0.81802,2,4,-14.29,-113.61,0.08461,16,-51.63,-26.51,0.91539,2,4,4.38,-115.67,0.03507,16,-32.96,-28.57,0.96493,2,4,25.38,-113.39,0.10631,16,-11.96,-26.3,0.89369,2,4,45.84,-103.01,0.09143,16,8.5,-15.92,0.90857,2,4,58.46,-88.19,0.11021,16,21.12,-1.09,0.88979,2,4,65.67,-73.72,0.08559,16,28.33,13.37,0.91441,2,4,68.55,-56.72,0.21273,16,31.21,30.38,0.78727,2,4,68.36,-34.91,0.41642,16,31.02,52.19,0.58358,2,4,65.6,-20.34,0.55154,16,28.26,66.75,0.44846,2,4,59.91,-8.24,0.66778,16,22.57,78.86,0.33222,2,4,49.63,2.05,0.63353,16,12.29,89.14,0.36647,2,4,38.93,11.3,0.61092,16,1.59,98.39,0.38908,2,4,20.71,17.3,0.48286,16,-16.63,104.4,0.51714,1,4,6.79,-3.53,1,2,4,17.08,7.37,0.96216,16,-20.26,94.47,0.03784,2,4,-5.55,9.06,0.81429,16,-42.88,96.15,0.18571,2,4,-16.25,-21.78,0.85093,16,-53.59,65.32,0.14907,2,4,1.03,-37.54,0.6453,16,-36.31,49.56,0.3547,2,4,20.03,-28.39,0.6733,16,-17.31,58.71,0.3267,2,4,34.21,-2.99,0.83105,16,-3.13,84.11,0.16895,2,4,49.01,-17.47,0.64117,16,11.67,69.63,0.35883,2,4,49.94,-48.64,0.31399,16,12.6,38.46,0.68601,2,4,28.19,-62.95,0.2205,16,-9.15,24.15,0.7795,2,4,4.08,-64.36,0.31893,16,-33.26,22.74,0.68107,2,4,-18.11,-61.43,0.43762,16,-55.45,25.67,0.56238,2,4,-27.29,-64.66,0.43116,16,-64.63,22.44,0.56884,2,4,-6.19,-92.92,0.13777,16,-43.53,-5.82,0.86223,2,4,17.91,-92.34,0.17853,16,-19.43,-5.24,0.82147,2,4,21.45,-91.96,0.06992,16,-15.89,-4.86,0.93008,2,4,31.03,-89.36,0.11675,16,-6.31,-2.26,0.88325,2,4,47.82,-72.71,0.08216,16,10.48,14.39,0.91784],"hull":29,"edges":[0,2,2,4,4,6,6,8,8,10,10,12,12,14,14,16,16,18,18,20,20,22,22,24,24,26,26,28,28,30,30,32,32,34,34,36,36,38,38,40,40,42,42,44,44,46,46,48,48,50,50,52,52,54,54,56,0,56,132,134],"width":166,"height":123}},"zj1":{"zj1":{"type":"mesh","uvs":[0.75167,0.00294,0.56322,0,0.43079,0.06667,0.41042,0.48594,0.23215,0.51948,0.03351,0.67377,0,0.85489,0.18631,0.96894,0.51228,0.97564,0.71092,0.95887,0.90447,0.84148,0.96559,0.71737,0.96559,0.11028],"triangles":[10,3,11,10,8,3,8,7,5,6,5,7,4,8,5,4,3,8,10,9,8,3,12,11,2,1,0,2,0,12,3,2,12],"vertices":[1,11,5.87,2.46,1,1,11,5.57,-2.62,1,1,11,8.16,-6.29,1,1,11,25.32,-7.48,1,1,11,26.52,-12.34,1,1,11,32.64,-17.93,1,1,11,40.03,-19.11,1,1,11,44.89,-14.26,1,1,11,45.49,-5.47,1,1,11,45,-0.09,1,1,11,40.38,5.31,1,1,11,35.36,7.15,1,1,11,10.49,8.07,1],"hull":13,"edges":[0,2,2,4,4,6,6,8,8,10,10,12,12,14,14,16,16,18,18,20,20,22,22,24,0,24],"width":27,"height":41}},"zj2":{"zj2":{"type":"mesh","uvs":[0.69819,0.01993,0.56495,0.02301,0.45743,0.07381,0.43406,0.12153,0.42704,0.4848,0.29147,0.50327,0.09045,0.59717,0.00864,0.73109,0.04838,0.87117,0.19814,0.93581,0.3828,0.98968,0.68667,0.95428,0.91106,0.81112,0.96483,0.66181,0.9508,0.1169,0.78718,0.01838],"triangles":[10,9,4,10,4,11,4,9,5,11,4,12,9,7,6,9,6,5,9,8,7,12,4,13,4,14,13,4,3,14,14,3,0,1,0,3,3,2,1,0,15,14],"vertices":[1,10,10.23,-0.64,1,1,10,10.27,-4.24,1,1,10,12.27,-7.19,1,1,10,14.21,-7.87,1,1,10,29.1,-8.44,1,1,10,29.76,-12.12,1,1,10,33.47,-17.65,1,1,10,38.9,-20,1,1,10,44.67,-19.07,1,1,10,47.43,-15.1,1,1,10,49.76,-10.17,1,1,10,48.52,-1.93,1,1,10,42.81,4.28,1,1,10,36.73,5.89,1,1,10,14.38,6.08,1,1,10,10.23,1.77,1],"hull":16,"edges":[0,2,2,4,4,6,6,8,8,10,10,12,12,14,14,16,16,18,18,20,20,22,22,24,24,26,26,28,28,30,0,30],"width":27,"height":41}},"zw":{"zw":{"type":"mesh","uvs":[0.52086,0.00396,0.42542,0.06877,0.31983,0.17876,0.22236,0.31625,0.12082,0.50676,0.05178,0.67175,0.00508,0.84262,0.03554,0.94083,0.09443,0.99975,0.20002,0.92119,0.4173,0.77781,0.64551,0.658,0.86279,0.53033,0.98463,0.42624,0.99072,0.28286,0.90137,0.16305,0.77344,0.03538,0.63738,0.00789],"triangles":[12,2,1,1,0,17,15,12,17,17,12,1,13,12,14,15,17,16,14,12,15,11,3,2,11,2,12,8,7,9,7,6,9,10,9,5,9,6,5,5,4,10,4,3,10,10,3,11],"vertices":[2,8,22.96,17.53,0.07452,9,7.46,18.59,0.92548,3,7,34.23,21,8.0E-5,8,16.16,18.52,0.21341,9,0.58,18.49,0.78651,3,7,25.22,19.37,0.04093,8,7.02,17.92,0.5162,9,-8.34,16.44,0.44287,3,7,15.59,16.11,0.35209,8,-2.92,15.77,0.53382,9,-17.82,12.74,0.11408,3,7,3.82,10.41,0.92601,8,-15.25,11.44,0.07269,9,-29.3,6.5,0.0013,2,7,-5.48,4.8,0.9999,8,-25.13,6.92,1.0E-4,1,7,-13.93,-1.89,1,1,7,-16.09,-7.76,1,1,7,-15.47,-12.72,1,1,7,-7.61,-12.62,1,2,7,7.9,-13.32,0.98025,8,-13.89,-12.59,0.01975,3,7,23.05,-15.55,0.41072,8,0.92,-16.53,0.55563,9,-8.89,-18.54,0.03364,3,7,37.98,-17.01,0.03507,8,15.58,-19.67,0.45034,9,6.09,-19.3,0.51459,3,7,47.54,-16.24,0.00126,8,25.17,-19.99,0.2134,9,15.6,-18.1,0.78534,2,8,31.44,-13.87,0.089,9,20.82,-11.07,0.911,2,8,32.62,-4.94,0.01092,9,20.57,-2.06,0.98908,1,9,18.7,8.63,1,2,8,27.8,12.63,0.01366,9,13.01,14.53,0.98634],"hull":18,"edges":[0,2,2,4,4,6,6,8,8,10,10,12,12,14,14,16,16,18,18,20,20,22,22,24,24,26,26,28,28,30,30,32,32,34,0,34],"width":59,"height":61}},"图层组61":{"图层组61":{"type":"mesh","uvs":[0.03008,0.0561,0.00755,0.08803,0,0.14763,0,0.32218,0.0063,0.46054,0.02507,0.57548,0.06261,0.69894,0.12518,0.8075,0.19901,0.88839,0.26158,0.94799,0.3229,0.99057,0.40924,1,0.53688,1,0.62573,0.98631,0.71583,0.93309,0.8272,0.84795,0.91605,0.73726,0.96861,0.6287,1,0.49673,1,0.36262,1,0.22639,0.97987,0.09229,0.93982,0,0.89853,0,0.83971,0.10506,0.73835,0.18169,0.60821,0.24342,0.49934,0.26896,0.35043,0.26258,0.184,0.21362,0.08013,0.11783,0.04814,0.19591,0.11599,0.24859,0.20595,0.31131,0.33427,0.34393,0.47291,0.35647,0.58352,0.33891,0.70446,0.30629,0.79296,0.25612,0.86523,0.18336,0.91242,0.12064,0.94339,0.23103,0.95077,0.364,0.94339,0.53961,0.89915,0.67258,0.81803,0.76541,0.72954,0.8482,0.65579,0.8783,0.585,0.92095,0.47733,0.93099,0.38146,0.91845,0.30477,0.90339,0.2325,0.83315,0.14106,0.72025,0.09681,0.57725,0.07616,0.42923,0.05847,0.27368,0.23693,0.49195,0.37409,0.50951,0.61302,0.51453,0.76346,0.4493,0.8136,0.56721,0.63072,0.69014,0.45816,0.76792,0.25168,0.69767],"triangles":[57,33,34,34,33,28,11,50,49,9,51,10,11,49,12,35,28,27,30,1,0,31,1,30,2,1,31,32,30,29,31,30,32,56,31,32,3,2,31,3,31,56,55,56,32,3,56,55,4,3,55,5,4,55,5,55,54,6,5,54,6,54,53,7,6,53,7,53,52,8,7,52,8,52,9,40,23,22,40,22,21,24,23,40,39,24,40,41,40,21,41,21,20,39,40,41,38,25,24,38,24,39,37,26,25,37,25,38,36,27,26,42,41,20,19,42,20,60,37,38,42,19,18,37,36,26,59,37,60,59,36,37,39,42,38,42,39,41,43,42,18,42,60,38,42,61,60,43,61,42,17,43,18,44,61,43,44,43,17,62,59,60,62,60,61,16,44,17,45,61,44,45,44,16,62,61,45,15,45,16,46,62,45,46,45,15,47,62,46,35,27,36,35,36,59,63,59,62,48,63,62,48,62,47,14,47,46,14,46,15,13,48,47,13,47,14,12,49,48,12,48,13,9,52,51,32,29,33,52,53,64,33,55,32,55,57,54,53,54,57,33,29,28,10,50,11,10,51,50,50,51,63,50,63,49,52,64,51,34,28,35,57,55,33,58,34,35,57,34,58,64,57,58,53,57,64,59,63,58,64,58,63,51,64,63,59,58,35,49,63,48],"vertices":[2,26,50.05,28.21,0.11143,27,35.49,121.68,0.88857,2,26,47.28,32.23,0.11143,27,32.72,125.7,0.88857,2,26,41.54,33.65,0.11143,27,26.98,127.13,0.88857,2,26,24.62,34.19,0.11143,27,10.06,127.66,0.88857,2,26,11.18,33.58,0.11143,27,-3.39,127.05,0.88857,2,26,-0.07,30.84,0.11143,27,-14.63,124.31,0.88857,2,26,-12.23,25.03,0.11143,27,-26.8,118.5,0.88857,2,26,-23.09,15.04,0.11143,27,-37.65,108.51,0.88857,2,26,-31.31,3.11,0.11143,27,-45.88,96.58,0.88857,2,26,-37.42,-7.02,0.11143,27,-51.98,86.45,0.88857,2,26,-41.87,-17,0.19569,27,-56.43,76.47,0.80431,2,26,-43.24,-31.21,0.07973,27,-57.8,62.26,0.92027,2,26,-43.9,-52.26,0.19552,27,-58.47,41.21,0.80448,2,26,-43.04,-66.96,0.35592,27,-57.61,26.51,0.64408,2,26,-38.35,-81.98,0.22156,27,-52.92,11.49,0.77844,2,26,-30.68,-100.61,0.08557,27,-45.25,-7.14,0.91443,2,26,-20.42,-115.6,0.02086,27,-34.98,-22.13,0.97914,2,26,-10.17,-124.6,0.00304,27,-24.73,-31.13,0.99696,1,27,-12.1,-36.72,1,1,27,0.9,-37.13,1,1,27,14.11,-37.55,1,1,27,27.22,-34.64,1,1,27,36.37,-28.32,1,1,27,36.59,-21.51,1,1,27,26.71,-11.49,1,2,26,34.38,-88.01,0.01636,27,19.81,5.46,0.98364,2,26,29.07,-66.35,0.20494,27,14.51,27.12,0.79506,2,26,27.17,-48.32,0.47806,27,12.6,45.15,0.52194,2,26,28.57,-23.78,0.24649,27,14,69.69,0.75351,2,26,34.18,3.51,0.11143,27,19.62,96.98,0.88857,2,26,44.01,20.35,0.11143,27,29.45,113.82,0.88857,2,26,36.61,25.86,0.21714,27,22.05,119.33,0.78286,2,26,31.15,14.84,0.21714,27,16.59,108.31,0.78286,2,26,24.6,0.19,0.32857,27,10.03,93.66,0.67143,2,26,20.76,-20.87,0.28507,27,6.2,72.6,0.71493,2,26,18.82,-43.69,0.55242,27,4.26,49.78,0.44758,2,26,19.95,-61.99,0.28163,27,5.38,31.48,0.71837,2,26,22.47,-82.04,0.20557,27,7.91,11.44,0.79443,2,26,26.88,-96.78,0.1815,27,12.31,-3.31,0.8185,1,27,18.99,-15.45,1,1,27,24.82,-23.43,1,1,27,13.96,-28.2,1,1,27,1.03,-29.01,1,2,26,-1.4,-120.72,8.5E-4,27,-15.96,-27.25,0.99915,2,26,-14.06,-113.01,0.01637,27,-28.62,-19.54,0.98363,2,26,-22.63,-99.35,0.07188,27,-37.2,-5.88,0.92812,2,26,-30.2,-84.5,0.17994,27,-44.76,8.97,0.82006,2,26,-32.73,-72.25,0.28828,27,-47.29,21.22,0.71172,2,26,-36.49,-60.44,0.40789,27,-51.06,33.03,0.59211,2,26,-36.9,-42.65,0.59647,27,-51.46,50.82,0.40353,2,26,-35.18,-26.88,0.2062,27,-49.75,66.59,0.7938,2,26,-33.32,-14.28,0.30967,27,-47.89,79.19,0.69033,2,26,-26.13,-2.58,0.21714,27,-40.7,90.89,0.78286,2,26,-14.71,12.15,0.21714,27,-29.27,105.62,0.78286,2,26,-0.61,19.01,0.21714,27,-15.18,112.48,0.78286,2,26,13.84,21.96,0.21714,27,-0.72,115.43,0.78286,2,26,29.02,24.4,0.21714,27,14.45,117.87,0.78286,2,26,6.92,-4.36,0.81714,27,-7.64,89.11,0.18286,2,26,4.5,-26.93,0.78153,27,-10.06,66.55,0.21847,2,26,2.76,-66.31,0.26122,27,-11.8,27.16,0.73878,2,26,8.3,-91.32,0.20118,27,-6.26,2.15,0.79882,2,26,-3.39,-99.23,0.27223,27,-17.96,-5.76,0.72777,2,26,-14.35,-68.69,0.27836,27,-28.92,24.78,0.72164,2,26,-20.99,-39.99,0.62532,27,-35.55,53.48,0.37468,2,26,-13.1,-6.16,0.79083,27,-27.66,87.31,0.20917],"hull":31,"edges":[0,2,2,4,4,6,6,8,8,10,10,12,12,14,14,16,16,18,18,20,20,22,22,24,24,26,26,28,28,30,30,32,32,34,34,36,36,38,38,40,40,42,42,44,44,46,46,48,48,50,50,52,52,54,54,56,56,58,58,60,0,60],"width":165,"height":97}},"工具":{"工具":{"x":11.02,"y":1.34,"rotation":-93.27,"width":23,"height":67}},"帽子":{"帽子":{"x":23.35,"y":-9.05,"rotation":-86.99,"width":116,"height":73}},"手":{"手":{"x":17.43,"y":1.06,"rotation":56.5,"width":46,"height":40}},"扳手":{"扳手":{"x":2.51,"y":4.04,"rotation":-95.36,"width":31,"height":63}},"组 109":{"组 109":{"x":1.18,"y":-1.24,"width":135,"height":64}}}}],"animations":{"idle1":{"slots":{"x2":{"color":[{"time":0.4667,"color":"ffffffff"},{"time":0.6,"color":"ffffff00"}]},"x3":{"color":[{"time":0.6667,"color":"ffffffff"},{"time":0.8,"color":"ffffff00"}]}},"bones":{"5465":{"translate":[{},{"time":0.4,"y":-6.93},{"time":0.8}],"scale":[{},{"time":0.4,"x":0.98,"y":1.02},{"time":0.8}]},"bone4":{"rotate":[{},{"time":0.4333,"angle":20.7},{"time":0.8}]},"bone5":{"rotate":[{},{"time":0.3667,"angle":16.48},{"time":0.6,"angle":-3.05},{"time":0.8}]},"bone14":{"rotate":[{},{"time":0.4,"angle":-15.61},{"time":0.8}]},"bone15":{"rotate":[{"angle":-7.59},{"time":0.0667,"angle":-4.99},{"time":0.4667,"angle":-20.59},{"time":0.8,"angle":-7.59}]},"bone16":{"rotate":[{"angle":-15.17},{"time":0.1333,"angle":-9.97},{"time":0.5333,"angle":-25.58},{"time":0.8,"angle":-15.17}]},"bone17":{"rotate":[{"angle":-22.76},{"time":0.2,"angle":-14.96},{"time":0.6,"angle":-30.57},{"time":0.8,"angle":-22.76}]},"bone13":{"translate":[{},{"time":0.2667,"x":4.01,"y":6.44},{"time":0.5333,"x":-2.99,"y":3.22},{"time":0.8}]},"bone33":{"rotate":[{},{"time":0.4333,"angle":-19},{"time":0.8}]},"bone19":{"rotate":[{},{"time":0.3,"angle":2.57},{"time":0.8}],"translate":[{},{"time":0.3,"y":1.5},{"time":0.8}]},"yaodai":{"translate":[{},{"time":0.4333,"x":-2.06,"y":-1.93},{"time":0.8}]},"5467":{"translate":[{},{"time":0.3,"x":-1.85,"y":4.55},{"time":0.6333,"x":-1.24,"y":-2.46},{"time":0.8}]},"bone10":{"translate":[{},{"time":0.6,"x":17.07,"y":47.06}],"scale":[{"x":0,"y":0},{"time":0.2667}]},"bone12":{"translate":[{},{"time":0.2,"x":4.96,"y":8.51},{"time":0.8,"x":20.16,"y":49.15}],"scale":[{"x":0,"y":0,"curve":"stepped"},{"time":0.2,"x":0,"y":0},{"time":0.3333}]}}},"idle2":{"slots":{"x2":{"color":[{"time":1.3667,"color":"ffffffff"},{"time":1.6,"color":"ffffff00"}]},"x3":{"color":[{"time":1.5667,"color":"ffffffff"},{"time":2,"color":"ffffff00"}]}},"bones":{"5465":{"translate":[{},{"time":1,"y":-6.93},{"time":2}],"scale":[{},{"time":1,"x":0.98,"y":1.02},{"time":2}]},"bone4":{"rotate":[{},{"time":1,"angle":20.7},{"time":2}]},"bone5":{"rotate":[{},{"time":1.1,"angle":-9.26},{"time":2}]},"bone6":{"rotate":[{"angle":-0.69},{"time":0.0667},{"time":1.1667,"angle":-9.26},{"time":2,"angle":-0.69}]},"bone7":{"rotate":[{"angle":-1.72},{"time":0.1667},{"time":1.2667,"angle":-9.26},{"time":2,"angle":-1.72}]},"bone14":{"rotate":[{"angle":-1.29},{"time":0.0667},{"time":1.0333,"angle":-20.03},{"time":2,"angle":-1.29}]},"bone15":{"rotate":[{"angle":-3.03},{"time":0.1333},{"time":1.1,"angle":-23.52},{"time":2,"angle":-3.03}]},"bone16":{"rotate":[{"angle":-5.27},{"time":0.2},{"time":1.1667,"angle":-27.22},{"time":2,"angle":-5.27}]},"bone17":{"rotate":[{"angle":-7.7},{"time":0.2667},{"time":1.2333,"angle":-29.84},{"time":2,"angle":-7.7}]},"bone13":{"translate":[{},{"time":0.7333,"x":4.01,"y":6.44},{"time":1.3667,"x":-2.99,"y":3.22},{"time":2}]},"bone33":{"rotate":[{},{"time":1.0333,"angle":-19},{"time":2}]},"bone19":{"rotate":[{},{"time":0.3,"angle":2.57},{"time":2}],"translate":[{},{"time":0.3,"y":1.5},{"time":2}]},"yaodai":{"translate":[{},{"time":0.4333,"x":-2.06,"y":-1.93},{"time":2}]},"5467":{"translate":[{},{"time":0.3,"x":-1.85,"y":4.55},{"time":0.6333,"x":-1.24,"y":-2.46},{"time":2}]},"bone10":{"translate":[{},{"time":1.6,"x":17.07,"y":47.06}],"scale":[{"x":0,"y":0},{"time":0.9667}]},"bone12":{"translate":[{"time":0.6,"x":4.25,"y":7.09},{"time":2,"x":16.95,"y":45.47}],"scale":[{"x":0,"y":0,"curve":"stepped"},{"time":0.6,"x":0,"y":0},{"time":1.1333}]}}},"idle3":{"slots":{"qpd":{"attachment":[{"name":"qpd"}]},"x2":{"attachment":[{"name":null}]},"x3":{"attachment":[{"name":null}]},"zbq":{"attachment":[{"name":"yds22"}]}},"bones":{"5465":{"translate":[{},{"time":0.6667,"y":-2.01},{"time":1.3333}]},"bone13":{"translate":[{},{"time":0.7,"x":1.51,"y":2.98},{"time":1.3333}]},"bone4":{"rotate":[{},{"time":0.6667,"angle":5.85},{"time":1.3333}]},"bone5":{"rotate":[{},{"time":0.6667,"angle":6.42},{"time":1.3333}]},"bone14":{"rotate":[{},{"time":0.6667,"angle":-21.41},{"time":1.3333}]},"bone15":{"rotate":[{"angle":-2.14},{"time":0.0667},{"time":0.7333,"angle":-21.41},{"time":1.3333,"angle":-2.14}]},"bone16":{"rotate":[{"angle":-4.28},{"time":0.1333},{"time":0.8,"angle":-21.41},{"time":1.3333,"angle":-4.28}]},"bone17":{"rotate":[{"angle":-6.42},{"time":0.2},{"time":0.8667,"angle":-21.41},{"time":1.3333,"angle":-6.42}]},"bone19":{"rotate":[{},{"time":0.7,"angle":1.33},{"time":1.3333}],"translate":[{},{"time":0.7,"x":1,"y":0.5},{"time":1.3333}]},"bone":{"scale":[{},{"time":0.6667,"x":1.2,"y":1.2},{"time":1.3333}]}}}}}