{
  "log": {
    "level": 4
  },
  "common": {
    "polyfills": {
      "asyncFunctions": true
    },
    "buildPath": "project://build",
    "outputName": "web-mobile",
    "mainBundleCompressionType": "merge_all_json",
    "platform": "web-mobile",
    "name": "解压消硬币",
    "replaceSplashScreen": true,
    "mainBundleIsRemote": false,
    "useSplashScreen": false
  },
  "BuildTaskManager": {
    "taskMap": {
      "1700491757587": {
        "type": "build",
        "id": "1700491757587",
        "progress": 1,
        "state": "success",
        "stage": "build",
        "message": "2023-12-21 17:57:13 Build success in 268215 ms!",
        "options": {
          "name": "解压消硬币",
          "platform": "vivo-mini-game",
          "buildPath": "project://build",
          "debug": false,
          "md5Cache": false,
          "skipCompressTexture": false,
          "sourceMaps": false,
          "polyfills": {
            "asyncFunctions": false
          },
          "experimentalEraseModules": false,
          "useBuiltinServer": false,
          "mainBundleIsRemote": false,
          "mainBundleCompressionType": "merge_all_json",
          "startScene": "2478cef9-c7e9-4a19-a6f7-b1ec3b562048",
          "outputName": "vivo-mini-game",
          "scenes": [
            {
              "url": "db://assets/app/App.scene",
              "uuid": "2478cef9-c7e9-4a19-a6f7-b1ec3b562048",
              "inBundle": false
            },
            {
              "url": "db://assets/scene/scene/Scene.scene",
              "uuid": "150730f1-22ed-47e8-b453-3d3d45752f15",
              "inBundle": true
            }
          ],
          "web-desktop": [],
          "__version__": "1.3.3",
          "buildStageGroup": {
            "build": [
              "make"
            ]
          },
          "vivo-mini-game": [],
          "useSplashScreen": true,
          "packages": {}
        },
        "time": "2023-12-21 17:52",
        "dirty": false
      },
      "1700558287125": {
        "type": "build",
        "id": "1700558287125",
        "progress": 1,
        "state": "success",
        "stage": "build",
        "message": "2023-11-27 16:56:10 Build success in 17367 ms!",
        "options": {
          "name": "wx",
          "platform": "wechatgame",
          "buildPath": "project://build",
          "debug": false,
          "md5Cache": false,
          "skipCompressTexture": false,
          "sourceMaps": false,
          "polyfills": {
            "asyncFunctions": false
          },
          "experimentalEraseModules": false,
          "useBuiltinServer": false,
          "mainBundleIsRemote": false,
          "mainBundleCompressionType": "merge_all_json",
          "startScene": "2478cef9-c7e9-4a19-a6f7-b1ec3b562048",
          "outputName": "wechatgame",
          "scenes": [
            {
              "url": "db://assets/app/App.scene",
              "uuid": "2478cef9-c7e9-4a19-a6f7-b1ec3b562048",
              "inBundle": false
            },
            {
              "url": "db://assets/scene/scene/Scene.scene",
              "uuid": "150730f1-22ed-47e8-b453-3d3d45752f15",
              "inBundle": true
            }
          ],
          "vivo-mini-game": [],
          "__version__": "1.3.3",
          "wechatgame": [],
          "useSplashScreen": true,
          "packages": {}
        },
        "time": "2023-11-27 16:55",
        "dirty": false
      },
      "1700623814477": {
        "type": "build",
        "id": "1700623814477",
        "progress": 1,
        "state": "success",
        "stage": "build",
        "message": "2023-11-29 16:39:23 Build success in 24712 ms!",
        "options": {
          "name": "解压消硬币",
          "platform": "oppo-mini-game",
          "buildPath": "project://build",
          "debug": false,
          "md5Cache": false,
          "skipCompressTexture": false,
          "sourceMaps": false,
          "polyfills": {
            "asyncFunctions": false
          },
          "experimentalEraseModules": false,
          "useBuiltinServer": false,
          "mainBundleIsRemote": false,
          "mainBundleCompressionType": "merge_all_json",
          "startScene": "2478cef9-c7e9-4a19-a6f7-b1ec3b562048",
          "outputName": "oppo-mini-game",
          "scenes": [
            {
              "url": "db://assets/app/App.scene",
              "uuid": "2478cef9-c7e9-4a19-a6f7-b1ec3b562048",
              "inBundle": false
            },
            {
              "url": "db://assets/scene/scene/Scene.scene",
              "uuid": "150730f1-22ed-47e8-b453-3d3d45752f15",
              "inBundle": true
            }
          ],
          "wechatgame": [],
          "__version__": "1.3.3",
          "buildStageGroup": {
            "build": [
              "make"
            ]
          },
          "oppo-mini-game": [],
          "useSplashScreen": true,
          "packages": {}
        },
        "time": "2023-11-29 16:38",
        "dirty": false
      },
      "1700639063768": {
        "type": "build",
        "id": "1700639063768",
        "progress": 1,
        "state": "success",
        "stage": "build",
        "message": "2023-11-28 13:19:27 Build success in 15122 ms!",
        "options": {
          "name": "wx",
          "platform": "wechatgame",
          "buildPath": "project://build",
          "debug": false,
          "md5Cache": false,
          "skipCompressTexture": false,
          "sourceMaps": false,
          "polyfills": {
            "asyncFunctions": false
          },
          "experimentalEraseModules": false,
          "useBuiltinServer": false,
          "mainBundleIsRemote": false,
          "mainBundleCompressionType": "merge_all_json",
          "startScene": "2478cef9-c7e9-4a19-a6f7-b1ec3b562048",
          "outputName": "wechatgameputaoya",
          "scenes": [
            {
              "url": "db://assets/app/App.scene",
              "uuid": "2478cef9-c7e9-4a19-a6f7-b1ec3b562048",
              "inBundle": false
            },
            {
              "url": "db://assets/scene/scene/Scene.scene",
              "uuid": "150730f1-22ed-47e8-b453-3d3d45752f15",
              "inBundle": true
            }
          ],
          "oppo-mini-game": [],
          "__version__": "1.3.3",
          "wechatgame": [],
          "useSplashScreen": true,
          "packages": {}
        },
        "time": "2023-11-28 13:19",
        "dirty": false
      },
      "1701867124207": {
        "type": "build",
        "id": "1701867124207",
        "progress": 1,
        "state": "success",
        "stage": "build",
        "message": "2023-12-6 20:57:41 Build success in 16952 ms!",
        "options": {
          "name": "wx",
          "platform": "wechatgame",
          "buildPath": "project://build",
          "debug": false,
          "md5Cache": false,
          "skipCompressTexture": false,
          "sourceMaps": false,
          "polyfills": {
            "asyncFunctions": false
          },
          "experimentalEraseModules": false,
          "useBuiltinServer": false,
          "mainBundleIsRemote": false,
          "mainBundleCompressionType": "merge_all_json",
          "startScene": "2478cef9-c7e9-4a19-a6f7-b1ec3b562048",
          "outputName": "wechatgamekwai-englist",
          "scenes": [
            {
              "url": "db://assets/app/App.scene",
              "uuid": "2478cef9-c7e9-4a19-a6f7-b1ec3b562048",
              "inBundle": false
            },
            {
              "url": "db://assets/scene/scene/Scene.scene",
              "uuid": "150730f1-22ed-47e8-b453-3d3d45752f15",
              "inBundle": true
            }
          ],
          "wechatgame": [],
          "__version__": "1.3.3",
          "useSplashScreen": true,
          "packages": {}
        },
        "time": "2023-12-6 20:57",
        "dirty": false
      },
      "1707024466386": {
        "type": "build",
        "id": "1707024466386",
        "progress": 1,
        "state": "success",
        "stage": "run",
        "message": "2024-2-17 10:59:32 run package D:\\desktop\\project\\super-decompression-tube\\build\\web-mobile success!",
        "options": {
          "name": "361",
          "server": "",
          "platform": "web-mobile",
          "buildPath": "project://build",
          "debug": false,
          "md5Cache": false,
          "skipCompressTexture": false,
          "sourceMaps": false,
          "polyfills": {
            "asyncFunctions": true
          },
          "experimentalEraseModules": false,
          "startSceneAssetBundle": false,
          "bundleConfigs": [],
          "useBuiltinServer": false,
          "mainBundleIsRemote": false,
          "mainBundleCompressionType": "merge_all_json",
          "useSplashScreen": false,
          "bundleCommonChunk": false,
          "packAutoAtlas": true,
          "startScene": "2478cef9-c7e9-4a19-a6f7-b1ec3b562048",
          "outputName": "web-mobile",
          "taskName": "web-mobile-001",
          "scenes": [
            {
              "url": "db://assets/app/App.scene",
              "uuid": "2478cef9-c7e9-4a19-a6f7-b1ec3b562048"
            },
            {
              "url": "db://assets/scene/scene/Scene.scene",
              "uuid": "150730f1-22ed-47e8-b453-3d3d45752f15",
              "bundle": "db://assets/scene"
            }
          ],
          "replaceSplashScreen": true,
          "packages": {},
          "__version__": "1.3.7",
          "buildMode": "normal",
          "logDest": "project://temp/builder/log/web-mobile2024-2-4 13-27.log"
        },
        "time": "2024-2-17 10:58:42",
        "dirty": false
      }
    }
  },
  "__version__": "1.3.7"
}
