{
  "builder-options": {
    "configID": "1be278",
    "services": []
  },
  "builder": {
    "taskOptionsMap": {
      "1700491757587": {
        "configID": "1be278",
        "services": [],
        "__version__": "1.0.0"
      },
      "1700558287125": {
        "configID": "1be278",
        "services": [],
        "__version__": "1.0.0"
      },
      "1700623814477": {
        "configID": "1be278",
        "services": [],
        "__version__": "1.0.0"
      },
      "1700639063768": {
        "configID": "1be278",
        "services": [],
        "__version__": "1.0.0"
      },
      "1701867124207": {
        "configID": "1be278",
        "services": [],
        "__version__": "1.0.0"
      },
      "1700491757587}": {
        "configID": "1be278",
        "services": [],
        "__version__": "1.0.0"
      },
      "1700558287125}": {
        "configID": "1be278",
        "services": [],
        "__version__": "1.0.0"
      },
      "1700623814477}": {
        "configID": "1be278",
        "services": [],
        "__version__": "1.0.0"
      },
      "1700639063768}": {
        "configID": "1be278",
        "services": [],
        "__version__": "1.0.0"
      },
      "1701867124207}": {
        "configID": "1be278",
        "services": [],
        "__version__": "1.0.0"
      },
      "1707024466386": {
        "configID": "1be278",
        "services": []
      }
    },
    "__version__": "1.3.7",
    "options": {
      "web-desktop": {
        "configID": "1be278",
        "services": []
      },
      "vivo-mini-game": {
        "configID": "1be278",
        "services": []
      },
      "wechatgame": {
        "configID": "1be278",
        "services": []
      },
      "oppo-mini-game": {
        "configID": "1be278",
        "services": []
      },
      "web-mobile": {
        "configID": "1be278",
        "services": []
      }
    }
  },
  "__version__": "3.0.7"
}
