{
  "scene": {
    "native": false
  },
  "gizmos-infos": {
    "is2D": true,
    "is3DIcon": false,
    "iconSize": 2,
    "gridVisible": true,
    "gridColor": [
      150,
      150,
      150,
      255
    ],
    "isIconGizmo3D": false,
    "iconGizmoSize": 2,
    "isGridVisible": true,
    "transformToolName": "position",
    "pivot": "pivot",
    "coordinate": "local",
    "toolsVisibility3d": true
  },
  "camera": {
    "color": [
      48,
      48,
      48,
      255
    ],
    "fov": 45,
    "far": 10000,
    "near": 0.01,
    "wheelSpeed": 0.01,
    "wanderSpeed": 10,
    "enableAcceleration": true,
    "size": "__default_design__",
    "far2D": 10000,
    "near2D": 1,
    "wheelSpeed2D": 6,
    "iso": 0,
    "aperture": 19,
    "shutter": 7
  },
  "camera-infos": {
    "150730f1-22ed-47e8-b453-3d3d45752f15": {
      "position": {
        "x": 375,
        "y": 667,
        "z": 5000
      },
      "rotation": {
        "x": 0,
        "y": 0,
        "z": 0,
        "w": 1
      },
      "viewCenter": {
        "x": 0,
        "y": 0,
        "z": 0
      }
    },
    "c77ecaa8-c936-46c4-a5b0-98692673ed87": {
      "position": {
        "x": 374.99999999999994,
        "y": 667,
        "z": 5000
      },
      "rotation": {
        "x": 0,
        "y": 0,
        "z": 0,
        "w": 1
      },
      "viewCenter": {
        "x": 0,
        "y": 0,
        "z": 0
      },
      "contentRect": {
        "x": 0,
        "y": 0,
        "width": 370.5022488755622,
        "height": 659
      },
      "scale": 0.49400299850074963
    },
    "288fb17a-9e73-4fb2-be33-7790f6e4174c": {
      "position": {
        "x": 144.41449999999998,
        "y": 667,
        "z": 5000
      },
      "rotation": {
        "x": 0,
        "y": 0,
        "z": 0,
        "w": 1
      },
      "viewCenter": {
        "x": 0,
        "y": 0,
        "z": 0
      },
      "contentRect": {
        "x": -461.171,
        "y": 0,
        "width": 598.3221056971514,
        "height": 659
      },
      "scale": 0.49400299850074963
    },
    "7fa25fd6-0e43-4ace-9704-1871d0cd1d98": {
      "position": {
        "x": 374.99999999999994,
        "y": 667,
        "z": 5000
      },
      "rotation": {
        "x": 0,
        "y": 0,
        "z": 0,
        "w": 1
      },
      "viewCenter": {
        "x": 0,
        "y": 0,
        "z": 0
      },
      "contentRect": {
        "x": -230.5855,
        "y": 0,
        "width": 370.5022488755622,
        "height": 659
      },
      "scale": 0.49400299850074963
    },
    "5fbb08b5-3145-4e5c-b020-c37eab7b5e0d": {
      "position": {
        "x": 374.99999999999994,
        "y": 667,
        "z": 5000
      },
      "rotation": {
        "x": 0,
        "y": 0,
        "z": 0,
        "w": 1
      },
      "viewCenter": {
        "x": 0,
        "y": 0,
        "z": 0
      },
      "contentRect": {
        "x": 0,
        "y": 0,
        "width": 370.5022488755622,
        "height": 659
      },
      "scale": 0.49400299850074963
    },
    "859eb589-77cf-496f-98aa-20f2c4c9e34a": {
      "position": {
        "x": 374.99999999999994,
        "y": 667,
        "z": 5000
      },
      "rotation": {
        "x": 0,
        "y": 0,
        "z": 0,
        "w": 1
      },
      "viewCenter": {
        "x": 0,
        "y": 0,
        "z": 0
      },
      "contentRect": {
        "x": 0,
        "y": 0,
        "width": 370.5022488755622,
        "height": 659
      },
      "scale": 0.49400299850074963
    },
    "521a18b8-032d-4092-9791-0877900a9796": {
      "position": {
        "x": 374.99999999999994,
        "y": 667,
        "z": 5000
      },
      "rotation": {
        "x": 0,
        "y": 0,
        "z": 0,
        "w": 1
      },
      "viewCenter": {
        "x": 0,
        "y": 0,
        "z": 0
      },
      "contentRect": {
        "x": 0,
        "y": 0,
        "width": 370.5022488755622,
        "height": 659
      },
      "scale": 0.49400299850074963
    },
    "87bc4eb4-1f41-4410-938d-86c6b39cb721": {
      "position": {
        "x": 374.99999999999994,
        "y": 667,
        "z": 5000
      },
      "rotation": {
        "x": 0,
        "y": 0,
        "z": 0,
        "w": 1
      },
      "viewCenter": {
        "x": 0,
        "y": 0,
        "z": 0
      },
      "contentRect": {
        "x": 0,
        "y": 0,
        "width": 370.5022488755622,
        "height": 659
      },
      "scale": 0.49400299850074963
    },
    "f0cb5388-054d-4dbd-ac21-991992508b44": {
      "position": {
        "x": 442.2741815403165,
        "y": 635.3926283074408,
        "z": 5000
      },
      "rotation": {
        "x": 0,
        "y": 0,
        "z": 0,
        "w": 1
      },
      "viewCenter": {
        "x": 0,
        "y": 0,
        "z": 0
      },
      "contentRect": {
        "x": -419.24958470746,
        "y": -896.9709772586042,
        "width": 370.5022488755622,
        "height": 659
      },
      "scale": 0.21502729430740095
    },
    "732bf0d3-68e4-416b-b3bc-82e92c24fbce": {
      "position": {
        "x": 428.657326464487,
        "y": 869.3286235206227,
        "z": 5000
      },
      "rotation": {
        "x": 0,
        "y": 0,
        "z": 0,
        "w": 1
      },
      "viewCenter": {
        "x": 0,
        "y": 0,
        "z": 0
      },
      "contentRect": {
        "x": 83.58695748015818,
        "y": 255.5634605538298,
        "width": 370.5022488755622,
        "height": 659
      },
      "scale": 0.5368502806631715
    },
    "e5d74466-7afd-4adf-8c61-3645c8a5ec5a": {
      "position": {
        "x": 987.366,
        "y": 666.9999999999999,
        "z": 5000
      },
      "rotation": {
        "x": 0,
        "y": 0,
        "z": 0,
        "w": 1
      },
      "viewCenter": {
        "x": 0,
        "y": 0,
        "z": 0
      },
      "contentRect": {
        "x": 233.62608968609874,
        "y": 0,
        "width": 673.0128890554723,
        "height": 659
      },
      "scale": 0.4940029985007497
    },
    "2478cef9-c7e9-4a19-a6f7-b1ec3b562048": {
      "position": {
        "x": 685.5213548994898,
        "y": 866.8362853726946,
        "z": 5000
      },
      "rotation": {
        "x": 0,
        "y": 0,
        "z": 0,
        "w": 1
      },
      "viewCenter": {
        "x": 0,
        "y": 0,
        "z": 0
      },
      "contentRect": {
        "x": -484.26241592475714,
        "y": -399.32708530944666,
        "width": 744.6995515695068,
        "height": 659
      },
      "scale": 0.26030451746261174
    }
  },
  "camera-uuids": [
    "c77ecaa8-c936-46c4-a5b0-98692673ed87",
    "288fb17a-9e73-4fb2-be33-7790f6e4174c",
    "7fa25fd6-0e43-4ace-9704-1871d0cd1d98",
    "5fbb08b5-3145-4e5c-b020-c37eab7b5e0d",
    "859eb589-77cf-496f-98aa-20f2c4c9e34a",
    "521a18b8-032d-4092-9791-0877900a9796",
    "87bc4eb4-1f41-4410-938d-86c6b39cb721",
    "f0cb5388-054d-4dbd-ac21-991992508b44",
    "732bf0d3-68e4-416b-b3bc-82e92c24fbce",
    "e5d74466-7afd-4adf-8c61-3645c8a5ec5a",
    "2478cef9-c7e9-4a19-a6f7-b1ec3b562048"
  ],
  "__version__": "1.0.0",
  "builder": {
    "taskOptionsMap": {},
    "__version__": "1.3.7"
  },
  "snap-configs": {
    "position": {
      "x": 1,
      "y": 1,
      "z": 1
    },
    "rotation": 1,
    "scale": 1,
    "isPositionSnapEnabled": false,
    "isRotationSnapEnabled": false,
    "isScaleSnapEnabled": false
  },
  "rect-snap-configs": {
    "enableSnapping": true,
    "snapThreshold": 4
  }
}
