{
  "builder": {
    "taskOptionsMap": {
      "1700491757587": {
        "startSceneAssetBundle": false,
        "package": "com.shaly.jyxyb.vivominigame",
        "icon": "/Users/hooper/Desktop/project/aileyou/硬币排序/icon/icon4X220.jpg",
        "versionName": "1.0.4",
        "versionCode": "5",
        "minPlatformVersion": 1095,
        "deviceOrientation": "portrait",
        "useDebugKey": false,
        "privatePemPath": "/Users/hooper/Desktop/project/super-decompression-tube-1/pem/private.pem",
        "certificatePemPath": "/Users/hooper/Desktop/project/super-decompression-tube-1/pem/certificate.pem",
        "separateEngine": false,
        "__version__": "1.0.0"
      }
    },
    "__version__": "1.3.7",
    "common": {
      "buildPath": "project://build",
      "outputName": "vivo-mini-game",
      "mainBundleCompressionType": "merge_all_json",
      "platform": "vivo-mini-game",
      "name": "解压消硬币",
      "replaceSplashScreen": true
    },
    "options": {
      "vivo-mini-game": {
        "startSceneAssetBundle": false,
        "package": "com.shaly.jyxyb.vivominigame",
        "icon": "/Users/hooper/Desktop/project/aileyou/硬币排序/icon/icon4X220.jpg",
        "versionName": "1.0.4",
        "versionCode": "5",
        "minPlatformVersion": 1095,
        "deviceOrientation": "portrait",
        "useDebugKey": false,
        "privatePemPath": "/Users/hooper/Desktop/project/super-decompression-tube-1/pem/private.pem",
        "certificatePemPath": "/Users/hooper/Desktop/project/super-decompression-tube-1/pem/certificate.pem",
        "separateEngine": false,
        "__version__": "1.0.1"
      }
    }
  },
  "__version__": "1.0.3"
}
