{"skeleton":{"hash":"jJkXxcTzVAc","spine":"3.8-from-4.0-from-4.1.17","x":-291.69,"y":-509.22,"width":717,"height":1075,"images":"","audio":""},"bones":[{"name":"root"},{"name":"jiandao","parent":"root"},{"name":"bone","parent":"root"},{"name":"bone2","parent":"jiandao","scaleX":0.26,"scaleY":0.26},{"name":"bone3","parent":"bone2"},{"name":"bone4","parent":"bone2"},{"name":"bone5","parent":"jiandao","y":-0.67,"scaleX":0.2,"scaleY":0.2,"color":"ff0000ff"},{"name":"bone6","parent":"jiandao","y":-0.67,"scaleX":0.2,"scaleY":0.2,"color":"ff0000ff"},{"name":"bone7","parent":"jiandao","y":-0.67,"scaleX":0.2,"scaleY":0.2,"color":"ff0000ff"},{"name":"bone8","parent":"jiandao","y":-0.67,"scaleX":0.2,"scaleY":0.2,"color":"ff0000ff"},{"name":"bone9","parent":"jiandao","y":-0.67,"scaleX":0.2,"scaleY":0.2,"color":"ff0000ff"},{"name":"bone10","parent":"jiandao","y":-0.67,"scaleX":0.2,"scaleY":0.2,"color":"ff0000ff"},{"name":"bone11","parent":"jiandao","y":-0.67,"scaleX":0.2,"scaleY":0.2,"color":"ff0000ff"},{"name":"bone12","parent":"jiandao","y":-0.67,"scaleX":0.2,"scaleY":0.2,"color":"ff0000ff"},{"name":"bone13","parent":"jiandao","y":-0.67,"scaleX":0.2,"scaleY":0.2,"color":"ff0000ff"},{"name":"bone14","parent":"jiandao","y":-0.67,"scaleX":0.2,"scaleY":0.2,"color":"ff0000ff"},{"name":"bone15","parent":"jiandao"},{"name":"bone20","parent":"root","color":"ff0f0fff"},{"name":"bone16","parent":"bone20","color":"ff4242ff"},{"name":"bone17","parent":"bone16"},{"name":"bone18","parent":"bone16","scaleX":0.9,"scaleY":0.9},{"name":"bone19","parent":"bone20","color":"ff4242ff"},{"name":"bone21","parent":"bone20","color":"ff4242ff"},{"name":"bone22","parent":"bone20","color":"ff4242ff"},{"name":"bone23","parent":"root"},{"name":"bone24","parent":"jiandao","y":-0.67,"scaleX":0.2,"scaleY":0.2,"color":"ff0000ff"},{"name":"bone25","parent":"jiandao","y":-0.67,"scaleX":0.2,"scaleY":0.2,"color":"ff0000ff"},{"name":"bone26","parent":"jiandao","y":-0.67,"scaleX":0.2,"scaleY":0.2,"color":"ff0000ff"},{"name":"bone27","parent":"jiandao","y":-0.67,"scaleX":0.2,"scaleY":0.2,"color":"ff0000ff"},{"name":"bone28","parent":"jiandao","y":-0.67,"scaleX":0.2,"scaleY":0.2,"color":"ff0000ff"},{"name":"bone29","parent":"jiandao","y":-0.67,"scaleX":0.2,"scaleY":0.2,"color":"ff0000ff"},{"name":"bone30","parent":"jiandao","y":-0.67,"scaleX":0.2,"scaleY":0.2,"color":"ff0000ff"},{"name":"bone31","parent":"root","color":"dbff00ff"},{"name":"bone32","parent":"bone","color":"ecff23ff"},{"name":"bone33","parent":"bone32","color":"ecff23ff"},{"name":"bone34","parent":"bone32","color":"ecff23ff"},{"name":"bone35","parent":"bone32","color":"ecff23ff"},{"name":"bone36","parent":"bone32","x":-17.23,"y":-2.71,"color":"ecff23ff"},{"name":"bone37","parent":"bone32","x":28.36,"y":24.64,"color":"ecff23ff"},{"name":"bone38","parent":"bone32","x":28.36,"y":-22.77,"color":"ecff23ff"},{"name":"bone39","parent":"bone","color":"02f4ffff"},{"name":"bone40","parent":"bone39","color":"02f4ffff"},{"name":"bone41","parent":"bone39","color":"02f4ffff"},{"name":"bone42","parent":"bone39","color":"02f4ffff"},{"name":"bone43","parent":"bone39","color":"02f4ffff"},{"name":"bone44","parent":"bone39","color":"02f4ffff"},{"name":"bone45","parent":"bone39","color":"02f4ffff"},{"name":"bone46","parent":"bone39","color":"02f4ffff"},{"name":"bone47","parent":"bone39","x":-11.68,"y":1.67,"color":"02f4ffff"},{"name":"bone48","parent":"bone39","x":25.03,"y":-15.88,"color":"02f4ffff"},{"name":"bone49","parent":"bone39","x":5.32,"y":-15.88,"color":"02f4ffff"},{"name":"bone50","parent":"bone39","x":-13.18,"y":-3.85,"color":"02f4ffff"},{"name":"bone51","parent":"bone39","color":"02f4ffff"},{"name":"bone52","parent":"bone39","color":"02f4ffff"},{"name":"bone53","parent":"bone39","color":"02f4ffff"},{"name":"bone54","parent":"bone","scaleX":1.2,"scaleY":1.2,"color":"6fff00ff"},{"name":"ZZZ","parent":"bone","x":66.31,"y":27.78,"color":"84ff00ff"},{"name":"Z","parent":"root","scaleX":1.9,"scaleY":1.8}],"slots":[{"name":"图层 962","bone":"ZZZ"},{"name":"cc","bone":"bone15","blend":"additive"},{"name":"jd1","bone":"bone4"},{"name":"jd2","bone":"bone3"},{"name":"x1","bone":"bone5"},{"name":"x2","bone":"bone6"},{"name":"x11","bone":"bone24"},{"name":"x17","bone":"bone30"},{"name":"x14","bone":"bone27"},{"name":"x12","bone":"bone25"},{"name":"x15","bone":"bone28"},{"name":"x13","bone":"bone26"},{"name":"x16","bone":"bone29"},{"name":"x3","bone":"bone7"},{"name":"x4","bone":"bone8"},{"name":"x5","bone":"bone9"},{"name":"x6","bone":"bone10"},{"name":"x7","bone":"bone11"},{"name":"x10","bone":"bone14"},{"name":"x8","bone":"bone12"},{"name":"x9","bone":"bone13"},{"name":"fsg","bone":"bone18"},{"name":"ty","bone":"bone17"},{"name":"xas","bone":"bone19"},{"name":"xas2","bone":"bone21"},{"name":"xas3","bone":"bone22"},{"name":"jh","bone":"bone23"},{"name":"hg","bone":"bone31"},{"name":"dd1","bone":"bone33"},{"name":"dd3","bone":"bone35"},{"name":"dd2","bone":"bone34"},{"name":"xas4","bone":"bone36"},{"name":"xas5","bone":"bone37"},{"name":"xas6","bone":"bone38"},{"name":"ty 拷贝 2","bone":"bone40","blend":"additive"},{"name":"yy1","bone":"bone41","blend":"additive"},{"name":"yy12","bone":"bone52"},{"name":"yy2","bone":"bone42"},{"name":"yy13","bone":"bone53"},{"name":"yy5","bone":"bone45"},{"name":"yy11","bone":"bone51"},{"name":"yy3","bone":"bone43"},{"name":"yy4","bone":"bone44"},{"name":"yy6","bone":"bone46"},{"name":"yy7","bone":"bone47"},{"name":"yy8","bone":"bone48"},{"name":"yy9","bone":"bone49"},{"name":"yy10","bone":"bone50"},{"name":"LT_00000","bone":"bone54","blend":"additive"},{"name":"1 (1)","bone":"Z","blend":"additive"}],"skins":[{"name":"default","attachments":{"1 (1)":{"1 (1)":{"width":110,"height":54},"1 (2)":{"y":0.5,"width":110,"height":53},"1 (3)":{"width":108,"height":52},"1 (4)":{"width":108,"height":52},"1 (5)":{"width":108,"height":52},"1 (6)":{"y":0.5,"width":110,"height":53}},"cc":{"cc":{"width":88,"height":88}},"dd1":{"dd1":{"width":27,"height":26}},"dd2":{"dd1":{"width":27,"height":26}},"dd3":{"dd1":{"width":27,"height":26}},"fsg":{"fsg":{"width":315,"height":344}},"hg":{"hg":{"x":5.78,"width":315,"height":344}},"jd1":{"jd1":{"x":-6,"y":17,"width":275,"height":193}},"jd2":{"jd2":{"x":40,"y":3,"width":143,"height":303}},"jh":{"jh":{"width":50,"height":50}},"LT_00000":{"LT_00000":{"width":87,"height":94},"LT_00001":{"width":87,"height":94},"LT_00002":{"width":87,"height":94},"LT_00003":{"width":87,"height":94},"LT_00004":{"width":87,"height":94},"LT_00005":{"width":87,"height":94},"LT_00006":{"width":87,"height":94},"LT_00007":{"width":87,"height":94},"LT_00008":{"width":87,"height":94},"LT_00009":{"width":87,"height":94},"LT_00010":{"width":87,"height":94},"LT_00013":{"width":87,"height":94},"LT_00015":{"width":87,"height":94},"LT_00017":{"width":87,"height":94}},"ty":{"ty":{"width":118,"height":118}},"ty 拷贝 2":{"ty 拷贝 2":{"width":118,"height":118}},"x1":{"x1":{"width":42,"height":72}},"x2":{"x1":{"width":42,"height":72}},"x3":{"x1":{"width":42,"height":72}},"x4":{"x1":{"path":"x2","width":44,"height":68}},"x5":{"x1":{"path":"x3","width":46,"height":52}},"x6":{"x1":{"path":"x3","width":46,"height":52}},"x7":{"x1":{"path":"x3","width":46,"height":52}},"x8":{"x1":{"width":42,"height":72}},"x9":{"x1":{"width":42,"height":72}},"x10":{"x1":{"path":"x3","width":46,"height":52}},"x11":{"x1":{"width":42,"height":72}},"x12":{"x1":{"path":"x5","width":37,"height":80}},"x13":{"x1":{"path":"x5","width":37,"height":80}},"x14":{"x1":{"width":42,"height":72}},"x15":{"x1":{"path":"x5","width":37,"height":80}},"x16":{"x1":{"path":"x2","width":44,"height":68}},"x17":{"x1":{"width":42,"height":72}},"xas":{"xas":{"x":0.5,"y":0.5,"width":21,"height":21}},"xas2":{"xas":{"x":0.5,"y":0.5,"width":21,"height":21}},"xas3":{"xas":{"x":0.5,"y":0.5,"width":21,"height":21}},"xas4":{"xas":{"width":21,"height":21}},"xas5":{"xas":{"width":21,"height":21}},"xas6":{"xas":{"width":21,"height":21}},"yy1":{"yy1":{"width":30,"height":30}},"yy2":{"yy1":{"width":30,"height":30}},"yy3":{"yy1":{"path":"yy2","width":32,"height":32}},"yy4":{"yy1":{"path":"yy2","width":32,"height":32}},"yy5":{"yy1":{"width":30,"height":30}},"yy6":{"yy1":{"path":"yy2","width":32,"height":32}},"yy7":{"yy3":{"width":8,"height":43}},"yy8":{"yy3":{"width":8,"height":43}},"yy9":{"yy3":{"width":8,"height":43}},"yy10":{"xas":{"width":21,"height":21}},"yy11":{"yy1":{"width":30,"height":30}},"yy12":{"yy1":{"width":30,"height":30}},"yy13":{"yy1":{"width":30,"height":30}}}}],"animations":{"1":{"slots":{"x1":{"color":[{"color":"ffffffff"},{"time":0.5333,"color":"ffffffbd"},{"time":0.6,"color":"ffffff00"}],"attachment":[{"name":"x1"}]},"x2":{"color":[{"color":"ffffffff"},{"time":0.5,"color":"ffffffd1"},{"time":0.6,"color":"ffffff00"}],"attachment":[{"name":"x1"}]},"x3":{"color":[{"time":0.2,"color":"ffffffff"},{"time":0.7,"color":"ffffffd1"},{"time":0.8,"color":"ffffff00"}],"attachment":[{"time":0.0333,"name":"x1"}]},"x4":{"color":[{"time":0.3333,"color":"ffffffff"},{"time":0.8333,"color":"ffffffd1"},{"time":0.9333,"color":"ffffff00"}],"attachment":[{"time":0.0333,"name":"x1"}]},"x5":{"color":[{"time":0.4333,"color":"ffffffff"},{"time":0.9333,"color":"ffffffd1"},{"time":1.0333,"color":"ffffff00"}],"attachment":[{"time":0.0333,"name":"x1"}]},"x6":{"color":[{"time":0.5667,"color":"ffffffff"},{"time":1.0667,"color":"ffffffd1"},{"time":1.1667,"color":"ffffff00"}],"attachment":[{"time":0.0333,"name":"x1"}]},"x7":{"color":[{"time":0.5333,"color":"ffffffff"},{"time":1.0333,"color":"ffffffd1"},{"time":1.1333,"color":"ffffff00"}],"attachment":[{"time":0.0333,"name":"x1"}]},"x8":{"color":[{"time":0.9333,"color":"ffffffff"},{"time":1.4333,"color":"ffffffd1"},{"time":1.5333,"color":"ffffff00"}],"attachment":[{"time":0.0333,"name":"x1"}]},"x9":{"color":[{"time":0.7667,"color":"ffffffff"},{"time":1.2667,"color":"ffffffd1"},{"time":1.4667,"color":"ffffff00"}],"attachment":[{"time":0.0333,"name":"x1"}]},"x10":{"color":[{"time":0.9333,"color":"ffffffff"},{"time":1.5,"color":"ffffffd1"},{"time":1.6333,"color":"ffffff00"}],"attachment":[{"time":0.0333,"name":"x1"}]},"x11":{"color":[{"color":"ffffffff"},{"time":0.5,"color":"ffffffd1"},{"time":0.6,"color":"ffffff00"}],"attachment":[{"name":"x1"}]},"x12":{"color":[{"color":"ffffffff"},{"time":0.5,"color":"ffffffd1"},{"time":0.6,"color":"ffffff00"}],"attachment":[{"name":"x1"}]},"x13":{"color":[{"color":"ffffffff"},{"time":0.5,"color":"ffffffd1"},{"time":0.6,"color":"ffffff00"}],"attachment":[{"name":"x1"}]},"x14":{"color":[{"color":"ffffffff"},{"time":0.5,"color":"ffffffd1"},{"time":0.6,"color":"ffffff00"}],"attachment":[{"name":"x1"}]},"x15":{"color":[{"color":"ffffffff"},{"time":0.5,"color":"ffffffd1"},{"time":0.6,"color":"ffffff00"}],"attachment":[{"name":"x1"}]},"x16":{"color":[{"color":"ffffffff"},{"time":0.5,"color":"ffffffd1"},{"time":0.6,"color":"ffffff00"}],"attachment":[{"name":"x1"}]},"x17":{"color":[{"color":"ffffffff"},{"time":0.5,"color":"ffffffd1"},{"time":0.6,"color":"ffffff00"}],"attachment":[{"name":"x1"}]}},"bones":{"bone5":{"translate":[{},{"time":0.6,"y":67.1}],"scale":[{"x":0,"y":0},{"time":0.3333},{"time":0.6,"x":0.5,"y":0.5}]},"bone6":{"translate":[{},{"time":0.6,"y":-68.49}],"scale":[{"x":0,"y":0},{"time":0.3333},{"time":0.6,"x":0.5,"y":0.5}]},"bone7":{"rotate":[{"time":0.0333,"angle":-87.78}],"translate":[{"time":0.2},{"time":0.8,"x":-57.28,"y":1.7}],"scale":[{"time":0.0333,"x":0,"y":0,"curve":"stepped"},{"time":0.2,"x":0,"y":0},{"time":0.5333},{"time":0.8,"x":0.5,"y":0.5}]},"bone8":{"rotate":[{"time":0.0333,"angle":-87.78}],"translate":[{"time":0.3333},{"time":0.9333,"x":46.54,"y":1.7}],"scale":[{"time":0.0333,"x":0,"y":0,"curve":"stepped"},{"time":0.3333,"x":0,"y":0},{"time":0.6667},{"time":0.9333,"x":0.5,"y":0.5}]},"bone9":{"rotate":[{"time":0.0333,"angle":-87.78},{"time":0.4333,"angle":-51.98},{"time":1.0333,"angle":-53.39}],"translate":[{"time":0.4333},{"time":1.0333,"x":46.54,"y":43.21}],"scale":[{"time":0.0333,"x":0,"y":0,"curve":"stepped"},{"time":0.4333,"x":0,"y":0},{"time":0.7667,"x":1.3,"y":1.3},{"time":1.0333,"x":0.5,"y":0.5}]},"bone10":{"rotate":[{"time":0.0333,"angle":-87.78},{"time":0.5667,"angle":-51.98},{"time":1.1667,"angle":-53.39}],"translate":[{"time":0.5667},{"time":1.1667,"x":-47.22,"y":-40.41}],"scale":[{"time":0.0333,"x":0,"y":0,"curve":"stepped"},{"time":0.5667,"x":0,"y":0},{"time":0.9,"x":1.3,"y":1.3},{"time":1.1667,"x":0.5,"y":0.5}]},"bone11":{"rotate":[{"time":0.0333,"angle":-87.78},{"time":0.5333,"angle":-71.05},{"time":1.1333,"angle":-94.97}],"translate":[{"time":0.5333},{"time":1.1333,"x":-56.01,"y":3.05}],"scale":[{"time":0.0333,"x":0,"y":0,"curve":"stepped"},{"time":0.5333,"x":0,"y":0},{"time":0.8667,"x":1.3,"y":1.3},{"time":1.1333,"x":0.7,"y":0.5}]},"bone12":{"rotate":[{"time":0.0333,"angle":-87.78},{"time":0.9333,"angle":-89.95},{"time":1.5333,"angle":-142.56}],"translate":[{"time":0.9333},{"time":1.5333,"x":55.37,"y":-44.24}],"scale":[{"time":0.0333,"x":0,"y":0,"curve":"stepped"},{"time":0.9333,"x":0,"y":0},{"time":1.2667},{"time":1.5333,"x":0.5,"y":0.5}]},"bone13":{"rotate":[{"time":0.0333,"angle":-87.78},{"time":0.7667,"angle":-112.22},{"time":1.4667,"angle":-142.51}],"translate":[{"time":0.7667},{"time":1.4667,"x":-39,"y":52.43}],"scale":[{"time":0.0333,"x":0,"y":0,"curve":"stepped"},{"time":0.7667,"x":0,"y":0},{"time":1.1},{"time":1.4667,"x":0.5,"y":0.5}]},"bone14":{"rotate":[{"time":0.0333,"angle":-87.78},{"time":0.9333,"angle":-69},{"time":1.6333,"angle":-109.96}],"translate":[{"time":0.9333},{"time":1.6333,"x":-49.18,"y":-37.16}],"scale":[{"time":0.0333,"x":0,"y":0,"curve":"stepped"},{"time":0.9333,"x":0,"y":0},{"time":1.2667,"x":1.3,"y":1.3},{"time":1.6333,"x":0.5,"y":0.5}]},"bone24":{"translate":[{},{"time":0.6,"y":-68.49}],"scale":[{"x":0,"y":0},{"time":0.3333},{"time":0.6,"x":0.5,"y":0.5}]},"bone25":{"translate":[{},{"time":0.6,"y":-68.49}],"scale":[{"x":0,"y":0},{"time":0.3333},{"time":0.6,"x":0.5,"y":0.5}]},"bone26":{"translate":[{},{"time":0.6,"y":-68.49}],"scale":[{"x":0,"y":0},{"time":0.3333},{"time":0.6,"x":0.5,"y":0.5}]},"bone27":{"translate":[{},{"time":0.6,"y":-68.49}],"scale":[{"x":0,"y":0},{"time":0.3333},{"time":0.6,"x":0.5,"y":0.5}]},"bone28":{"translate":[{},{"time":0.6,"y":-68.49}],"scale":[{"x":0,"y":0},{"time":0.3333},{"time":0.6,"x":0.5,"y":0.5}]},"bone29":{"translate":[{},{"time":0.6,"y":-68.49}],"scale":[{"x":0,"y":0},{"time":0.3333},{"time":0.6,"x":0.5,"y":0.5}]},"bone30":{"translate":[{},{"time":0.6,"y":-68.49}],"scale":[{"x":0,"y":0},{"time":0.3333},{"time":0.6,"x":0.5,"y":0.5}]}}},"2":{"slots":{"cc":{"color":[{"color":"ffffff00"},{"time":0.5333,"color":"ffffff82"},{"time":1.5333,"color":"ffffff00"}],"attachment":[{"name":"cc"}]},"jd1":{"color":[{"time":1.1,"color":"ffffffff"},{"time":1.3667,"color":"ffffff00"}],"attachment":[{"name":"jd1"}]},"jd2":{"color":[{"time":1.1,"color":"ffffffff"},{"time":1.3667,"color":"ffffff00"}],"attachment":[{"name":"jd2"}]}},"bones":{"bone2":{"scale":[{"x":0,"y":0},{"time":0.4333,"curve":"stepped"},{"time":1.1667},{"time":1.3667,"x":0.385,"y":0.385}]},"bone3":{"rotate":[{"angle":-33.66,"curve":"stepped"},{"time":0.4333,"angle":-33.66},{"time":0.6,"angle":-2.6},{"time":0.7667,"angle":-33.66},{"time":0.9333,"angle":-2.6},{"time":1.1,"angle":-33.66}]},"bone4":{"rotate":[{"time":0.4333},{"time":0.6,"angle":-14.7},{"time":0.7667},{"time":0.9333,"angle":-14.7},{"time":1.1}]}}},"3":{"slots":{"fsg":{"color":[{"time":1.4,"color":"ffffffff"},{"time":1.7,"color":"ffffff00"}],"attachment":[{"name":"fsg"}]},"ty":{"color":[{"color":"ffffff00"},{"time":0.3333,"color":"ffffffff"},{"time":1.5333,"color":"ffffffea"},{"time":1.6667,"color":"ffffff1c"},{"time":1.8333,"color":"ffffff00"}],"attachment":[{"name":"ty"}]},"xas":{"color":[{"color":"ffffff00","curve":"stepped"},{"time":0.1667,"color":"ffffff00"},{"time":0.2333,"color":"ffffffff"}]},"xas2":{"color":[{"color":"ffffff00","curve":"stepped"},{"time":0.3667,"color":"ffffff00"},{"time":0.4333,"color":"ffffffff"}]},"xas3":{"color":[{"color":"ffffff00","curve":"stepped"},{"time":0.6333,"color":"ffffff00"},{"time":0.7,"color":"ffffffff"}]}},"bones":{"bone17":{"scale":[{"x":0,"y":0},{"time":0.3333}]},"bone18":{"rotate":[{"time":0.3333},{"time":1.8333,"angle":90}],"scale":[{"x":0,"y":0},{"time":0.3333}]},"bone16":{"scale":[{"time":0.4333},{"time":0.9,"x":0.8,"y":0.8},{"time":1.3333},{"time":1.8333,"x":0.8,"y":0.8}]},"bone19":{"translate":[{"time":0.1667},{"time":1.3667,"x":-29.45,"y":101.42}],"scale":[{"time":0.1667,"x":0,"y":0},{"time":0.6333},{"time":0.8667,"x":0,"y":0},{"time":1.1,"x":0.6,"y":0.6},{"time":1.3667,"x":0,"y":0}]},"bone21":{"translate":[{"time":0.3667},{"time":1.5667,"x":-68.26,"y":-79.67}],"scale":[{"time":0.3667,"x":0,"y":0},{"time":0.8333},{"time":1.0667,"x":0,"y":0},{"time":1.3,"x":0.6,"y":0.6},{"time":1.5667,"x":0,"y":0}]},"bone22":{"translate":[{"time":0.6333},{"time":1.8333,"x":96.67,"y":-68.89}],"scale":[{"time":0.6333,"x":0,"y":0},{"time":1.1},{"time":1.3333,"x":0,"y":0},{"time":1.5667,"x":0.6,"y":0.6},{"time":1.8333,"x":0,"y":0}]}}},"4":{"slots":{"jh":{"attachment":[{"name":"jh"}]}},"bones":{"bone23":{"scale":[{},{"time":0.4667,"x":0.8,"y":0.8},{"time":0.8333}]}}},"5":{"slots":{"ty":{"color":[{"color":"ffffff03"},{"time":0.1,"color":"ffffffff"},{"time":0.3,"color":"ffffffd5"},{"time":0.3667,"color":"ffffff00"}],"attachment":[{"name":"ty"}]},"x2":{"color":[{"color":"ffffff00"},{"time":0.0667,"color":"ffffffff"},{"time":0.3,"color":"ffffffce"},{"time":0.3667,"color":"ffffff00"}],"attachment":[{"name":"x1"}]},"x11":{"color":[{"color":"ffffff00","curve":"stepped"},{"time":0.0667,"color":"ffffff00"},{"time":0.1333,"color":"ffffffff","curve":"stepped"},{"time":0.2333,"color":"ffffffff"},{"time":0.4,"color":"ffffff00"}],"attachment":[{"name":"x1"}]},"x12":{"color":[{"color":"ffffff00","curve":"stepped"},{"time":0.2667,"color":"ffffff00"},{"time":0.3,"color":"ffffffff","curve":"stepped"},{"time":0.5667,"color":"ffffffff"},{"time":0.6667,"color":"ffffff00"}],"attachment":[{"name":"x1"}]},"x13":{"color":[{"color":"ffffff00","curve":"stepped"},{"time":0.2333,"color":"ffffff00"},{"time":0.2667,"color":"ffffffff"},{"time":0.5333,"color":"ffffffcb"},{"time":0.6333,"color":"ffffff00"}],"attachment":[{"name":"x1"}]},"x14":{"color":[{"color":"ffffff00","curve":"stepped"},{"time":0.2,"color":"ffffff00"},{"time":0.2667,"color":"ffffffff","curve":"stepped"},{"time":0.5,"color":"ffffffff"},{"time":0.5667,"color":"ffffff00"}],"attachment":[{"name":"x1"}]},"x15":{"color":[{"color":"ffffff00","curve":"stepped"},{"time":0.0667,"color":"ffffff00"},{"time":0.1,"color":"ffffffff"},{"time":0.3,"color":"ffffffcc"},{"time":0.3667,"color":"ffffff00"}],"attachment":[{"name":"x1"}]},"x16":{"color":[{"color":"ffffff00","curve":"stepped"},{"time":0.1667,"color":"ffffff00"},{"time":0.2,"color":"ffffffff","curve":"stepped"},{"time":0.4,"color":"ffffffff"},{"time":0.4667,"color":"ffffff00"}],"attachment":[{"name":"x1"}]},"x17":{"color":[{"color":"ffffff00","curve":"stepped"},{"time":0.4,"color":"ffffff00"},{"time":0.4667,"color":"ffffffff","curve":"stepped"},{"time":0.5667,"color":"ffffffff"},{"time":0.7333,"color":"ffffff00"}],"attachment":[{"name":"x1"}]}},"bones":{"bone6":{"translate":[{"y":199.97},{"time":0.3667}],"scale":[{},{"time":0.1667,"x":2,"y":6.5},{"time":0.3667,"x":0.5}]},"bone24":{"rotate":[{"angle":-28.84},{"time":0.0667,"angle":-8.09}],"translate":[{"x":-61.45,"y":-84.04},{"time":0.0667,"x":-10.35,"y":-201.33},{"time":0.4}],"scale":[{"time":0.0667},{"time":0.2333,"x":2,"y":10},{"time":0.4,"x":0.5}]},"bone25":{"rotate":[{"angle":57.18},{"time":0.2667,"angle":48.3}],"translate":[{"x":93.29,"y":-84.04},{"time":0.2667,"x":116.82,"y":-104.81},{"time":0.6667}],"scale":[{"time":0.2667},{"time":0.5,"x":3,"y":3},{"time":0.6667,"x":0.5}]},"bone26":{"rotate":[{"angle":57.18},{"time":0.2333,"angle":50.65}],"translate":[{"x":93.29,"y":-84.04},{"time":0.2333,"x":-113.57,"y":113.95},{"time":0.6333}],"scale":[{"time":0.2333},{"time":0.4667,"x":2.5,"y":8},{"time":0.6333,"x":0.5}]},"bone27":{"rotate":[{"angle":-28.84},{"time":0.2,"angle":-38.1}],"translate":[{"x":-61.45,"y":-84.04},{"time":0.2,"x":119.1,"y":119.56},{"time":0.5667}],"scale":[{"time":0.2},{"time":0.3667,"x":2,"y":10},{"time":0.5667,"x":0.5}]},"bone17":{"translate":[{},{"time":0.1,"y":-1.43}],"scale":[{"x":0,"y":0},{"time":0.3667,"x":1.5,"y":1.5}]},"bone28":{"rotate":[{"angle":57.18},{"time":0.0667,"angle":-44.07}],"translate":[{"x":93.29,"y":-84.04},{"time":0.0667,"x":-127.8,"y":-104.81},{"time":0.3667}],"scale":[{"time":0.0667},{"time":0.2333,"x":3,"y":4},{"time":0.3667,"x":0.5}]},"bone29":{"rotate":[{"angle":57.18},{"time":0.1667,"angle":68.35}],"translate":[{"x":93.29,"y":-84.04},{"time":0.1667,"x":-113.57,"y":37.82},{"time":0.4667}],"scale":[{"time":0.1667},{"time":0.3,"y":5},{"time":0.4667,"x":0.5}]},"bone30":{"rotate":[{"angle":-28.84},{"time":0.4,"angle":-30.94}],"translate":[{"x":-61.45,"y":-84.04},{"time":0.4,"x":-87.7,"y":-139.85},{"time":0.7333}],"scale":[{"time":0.4},{"time":0.5667,"x":1.5,"y":2.5},{"time":0.7333,"x":0.5}]}}},"6":{"slots":{"dd1":{"color":[{"time":0.3667,"color":"fffffffe"},{"time":0.4333,"color":"ffffff00"}],"attachment":[{"time":0.0667,"name":"dd1"}]},"dd2":{"color":[{"time":0.3667,"color":"fffffffe"},{"time":0.4333,"color":"ffffff00"}],"attachment":[{"time":0.0667,"name":"dd1"}]},"dd3":{"color":[{"time":0.3667,"color":"fffffffe"},{"time":0.4333,"color":"ffffff00"}],"attachment":[{"time":0.0667,"name":"dd1"}]},"hg":{"color":[{"color":"ffffff00"},{"time":0.1,"color":"ffffffff","curve":"stepped"},{"time":0.3333,"color":"ffffffff"},{"time":0.8333,"color":"ffffff00"}],"attachment":[{"name":"hg"}]},"xas4":{"attachment":[{"time":0.3333,"name":"xas"}]},"xas5":{"attachment":[{"time":0.5,"name":"xas"}]},"xas6":{"attachment":[{"time":0.6667,"name":"xas"}]}},"bones":{"bone31":{"rotate":[{},{"time":0.8333,"angle":-100}],"scale":[{"x":0.3,"y":0.3},{"time":0.8333,"x":0.8,"y":0.8}]},"bone33":{"rotate":[{},{"time":0.4333,"angle":120}],"translate":[{},{"time":0.4333,"x":41.03,"y":-52.89}],"scale":[{"x":0,"y":0},{"time":0.4333}]},"bone34":{"rotate":[{},{"time":0.4333,"angle":120}],"translate":[{},{"time":0.4333,"x":59.27,"y":65.65}],"scale":[{"x":0,"y":0},{"time":0.4333}]},"bone35":{"rotate":[{},{"time":0.4333,"angle":120}],"translate":[{},{"time":0.4333,"x":-83.89,"y":65.65}],"scale":[{"x":0,"y":0},{"time":0.4333}]},"bone36":{"scale":[{"x":0,"y":0,"curve":"stepped"},{"time":0.3333,"x":0,"y":0},{"time":0.4667,"y":1.2},{"time":0.6,"x":0,"y":0}]},"bone37":{"scale":[{"x":0,"y":0,"curve":"stepped"},{"time":0.5,"x":0,"y":0},{"time":0.6333,"y":1.2},{"time":0.7667,"x":0,"y":0}]},"bone38":{"scale":[{"x":0,"y":0,"curve":"stepped"},{"time":0.6667,"x":0,"y":0},{"time":0.8,"x":0.6,"y":1.2},{"time":0.9333,"x":0,"y":0}]}}},"7":{"slots":{"ty 拷贝 2":{"color":[{"color":"ffffffff"},{"time":0.1667,"color":"39fff4da"},{"time":0.6,"color":"ffffff00"}],"attachment":[{"name":"ty 拷贝 2"}]},"yy1":{"attachment":[{"name":"yy1"}]},"yy2":{"attachment":[{"name":"yy1"}]},"yy3":{"attachment":[{"name":"yy1"}]},"yy4":{"attachment":[{"name":"yy1"}]},"yy5":{"attachment":[{"name":"yy1"}]},"yy6":{"attachment":[{"name":"yy1"}]},"yy7":{"color":[{"time":0.6333,"color":"ffffffff"},{"time":0.7333,"color":"ffffff0b"}],"attachment":[{"name":"yy3"}]},"yy8":{"color":[{"time":0.7333,"color":"ffffffff"},{"time":0.8333,"color":"ffffff0b"}],"attachment":[{"name":"yy3"}]},"yy9":{"color":[{"time":0.8667,"color":"ffffffff"},{"time":0.9667,"color":"ffffff0b"}],"attachment":[{"name":"yy3"}]},"yy10":{"color":[{"time":0.8,"color":"ffffffff"},{"time":0.9,"color":"ffffff0b"}],"attachment":[{"name":"xas"}]},"yy11":{"attachment":[{"time":0.2333,"name":"yy1"}]},"yy12":{"attachment":[{"time":0.3,"name":"yy1"}]},"yy13":{"attachment":[{"time":0.2667,"name":"yy1"}]}},"bones":{"bone40":{"scale":[{"x":0,"y":0},{"time":0.4333,"x":1.6,"y":1.6}]},"bone41":{"translate":[{},{"time":0.4,"x":-61.81,"y":48.61}],"scale":[{"x":0,"y":0},{"time":0.2333},{"time":0.4,"x":0,"y":0}]},"bone42":{"translate":[{},{"time":0.4,"x":73.61,"y":-24.31}],"scale":[{"x":0,"y":0},{"time":0.2333},{"time":0.4,"x":0,"y":0}]},"bone43":{"translate":[{"time":0.1667},{"time":0.5667,"x":58.34,"y":52.78}],"scale":[{"x":0,"y":0,"curve":"stepped"},{"time":0.1667,"x":0,"y":0},{"time":0.4},{"time":0.5667,"x":0,"y":0}]},"bone44":{"translate":[{"time":0.1667},{"time":0.5667,"x":-58.34,"y":-10.42}],"scale":[{"x":0,"y":0,"curve":"stepped"},{"time":0.1667,"x":0,"y":0},{"time":0.4},{"time":0.5667,"x":0,"y":0}]},"bone45":{"translate":[{},{"time":0.4,"x":-36.81,"y":-57.64}],"scale":[{"x":0,"y":0},{"time":0.2333},{"time":0.4,"x":0,"y":0}]},"bone46":{"translate":[{"time":0.1667},{"time":0.5667,"x":38.2,"y":-61.11}],"scale":[{"x":0,"y":0,"curve":"stepped"},{"time":0.1667,"x":0,"y":0},{"time":0.4},{"time":0.5667,"x":0,"y":0}]},"bone47":{"translate":[{},{"time":0.4,"y":-22.8},{"time":0.7333,"y":37.1}],"scale":[{"x":0,"y":0,"curve":"stepped"},{"time":0.4,"x":0,"y":0},{"time":0.5667,"x":0.75,"y":1.5},{"time":0.7333,"x":1.2,"y":0.6}]},"bone48":{"translate":[{},{"time":0.5,"y":-22.8},{"time":0.8333,"y":37.1}],"scale":[{"x":0,"y":0,"curve":"stepped"},{"time":0.5,"x":0,"y":0},{"time":0.6667,"x":0.75,"y":1.5},{"time":0.8333,"x":1.2,"y":0.6}]},"bone49":{"translate":[{},{"time":0.6333,"y":-22.8},{"time":0.9667,"y":37.1}],"scale":[{"x":0,"y":0,"curve":"stepped"},{"time":0.6333,"x":0,"y":0},{"time":0.8,"x":0.75,"y":1.5},{"time":0.9667,"x":1.2,"y":0.6}]},"bone50":{"translate":[{},{"time":0.5667,"y":-22.8},{"time":0.9,"y":8.06}],"scale":[{"x":0,"y":0,"curve":"stepped"},{"time":0.5667,"x":0,"y":0},{"time":0.7333,"x":0.3,"y":0.7},{"time":0.9,"x":0.6,"y":0.6}]},"bone51":{"translate":[{"time":0.2333},{"time":0.6333,"x":-36.81,"y":-57.64}],"scale":[{"time":0.2333,"x":0,"y":0},{"time":0.4667},{"time":0.6333,"x":0,"y":0}]},"bone52":{"translate":[{"time":0.3},{"time":0.7,"x":-61.81,"y":48.61}],"scale":[{"time":0.3,"x":0,"y":0},{"time":0.5333},{"time":0.7,"x":0,"y":0}]},"bone53":{"translate":[{"time":0.2667},{"time":0.6667,"x":73.61,"y":-24.31}],"scale":[{"time":0.2667,"x":0,"y":0},{"time":0.5},{"time":0.6667,"x":0,"y":0}]}}},"8":{"slots":{"LT_00000":{"color":[{"color":"47edffff"}],"attachment":[{"name":"LT_00000"},{"time":0.0667,"name":"LT_00001"},{"time":0.1333,"name":"LT_00002"},{"time":0.2,"name":"LT_00003"},{"time":0.2667,"name":"LT_00004"},{"time":0.3333,"name":null},{"time":0.4667,"name":"LT_00007"},{"time":0.5333,"name":"LT_00008"},{"time":0.6,"name":"LT_00009"},{"time":0.6667,"name":"LT_00010"},{"time":0.7333,"name":"LT_00013"},{"time":0.8,"name":"LT_00015"},{"time":0.8667,"name":"LT_00017"},{"time":0.9333,"name":null},{"time":1.4,"name":null}]}},"bones":{"ZZZ":{"translate":[{"x":29.75}]}}},"9":{"slots":{"1 (1)":{"attachment":[{"name":"1 (1)"},{"time":0.1,"name":"1 (2)"},{"time":0.2,"name":"1 (3)"},{"time":0.3,"name":"1 (4)"},{"time":0.4,"name":"1 (5)"},{"time":0.5,"name":"1 (6)"}]}}}}}