{"skeleton":{"hash":"wJwcw3AuD0c","spine":"3.8-from-4.0-from-4.1.17","x":-33.13,"y":-12.08,"width":79.13,"height":93.82,"images":"./images/","audio":"E:/游戏项目/健身房/spine"},"bones":[{"name":"root","scaleX":0.6,"scaleY":0.6},{"name":"z1","parent":"root","x":2.29,"y":37.62},{"name":"5465","parent":"z1","length":53.69,"rotation":91.82,"x":-0.87,"y":5.1},{"name":"bone2","parent":"5465","length":82.2,"rotation":-1.22,"x":58.82,"y":0.69},{"name":"bone13","parent":"bone2","x":25.58,"y":42.84},{"name":"bone3","parent":"bone13","length":8.14,"rotation":-6.6,"x":-9.43,"y":-5.1},{"name":"bone4","parent":"5465","length":36.26,"rotation":133.19,"x":40.13,"y":-44.72},{"name":"bone5","parent":"5465","length":17.04,"rotation":-54.95,"x":30.01,"y":-74.67},{"name":"bone6","parent":"bone5","length":10.54,"rotation":6.49,"x":20.27,"y":0.77},{"name":"bone7","parent":"bone6","length":12.88,"rotation":-9.15,"x":12.64,"y":0.36},{"name":"bone8","parent":"5465","length":33.23,"rotation":179.65,"x":-1.05,"y":-19.57},{"name":"target2","parent":"root","x":13.3,"y":11.69,"color":"ff3f00ff"},{"name":"bone9","parent":"target2","length":12.38,"rotation":-150.78,"x":0.25,"y":1.8},{"name":"bone11","parent":"5465","length":27.74,"rotation":-179.7,"x":9.35,"y":24.74},{"name":"target","parent":"root","x":1.72,"y":19.01,"color":"ff3f00ff"},{"name":"bone12","parent":"target","length":12.88,"rotation":-140.45,"x":-0.27,"y":5.81},{"name":"bone14","parent":"bone13","length":15.74,"rotation":56.29,"x":56.34,"y":-23.58},{"name":"bone15","parent":"bone14","length":18.38,"rotation":-36.19,"x":16.11,"y":-0.22},{"name":"bone16","parent":"bone15","length":17.77,"rotation":-19.46,"x":20.17,"y":-0.68},{"name":"bone17","parent":"bone16","length":17.35,"rotation":-21.86,"x":18.71,"y":-0.98},{"name":"bone10","parent":"z1","x":-0.01,"y":-22.97},{"name":"bone18","parent":"bone2","x":62.92,"y":-44.26},{"name":"bone","parent":"root","x":3.47,"y":28.81,"color":"2a24ffff"},{"name":"b1","parent":"bone","length":66.96,"rotation":91.79,"x":-0.33,"y":4.23,"color":"2a24ffff"},{"name":"bone20","parent":"b1","length":72.15,"rotation":-2.21,"x":70.09,"y":-0.1,"color":"2a24ffff"},{"name":"bone21","parent":"bone20","length":20.46,"rotation":-30.88,"x":82.34,"y":-29.68,"color":"2a24ffff"},{"name":"bone22","parent":"bone21","length":16.4,"rotation":20.45,"x":20.75,"y":0.18,"color":"2a24ffff"},{"name":"bone23","parent":"bone22","length":15.83,"rotation":9.5,"x":16.4,"color":"2a24ffff"},{"name":"bone24","parent":"bone23","length":13.05,"rotation":13.36,"x":16.88,"y":0.25,"color":"2a24ffff"},{"name":"bone25","parent":"b1","length":33.61,"rotation":-137.01,"x":50.08,"y":-49.02,"color":"2a24ffff"},{"name":"bone32","parent":"b1","x":28.81,"y":52.5,"color":"2a24ffff"},{"name":"bone26","parent":"bone32","length":22.9,"rotation":34.24,"x":2.99,"y":0.98,"color":"2a24ffff"},{"name":"bone27","parent":"bone26","length":20.12,"rotation":1.32,"x":24.42,"y":-0.06,"color":"2a24ffff"},{"name":"bone28","parent":"b1","length":22.61,"rotation":-178.17,"x":0.63,"y":-18.34,"color":"2a24ffff"},{"name":"bone30","parent":"b1","length":22.3,"rotation":170.85,"x":4.15,"y":20.28,"color":"2a24ffff"},{"name":"23e","parent":"root","x":13.46,"y":5.99,"color":"2a24ffff"},{"name":"bone29","parent":"23e","length":14.5,"rotation":-4.26,"x":0.5,"y":1.31,"color":"2a24ffff"},{"name":"21","parent":"root","x":-9.05,"y":11.47,"color":"2a24ffff"},{"name":"bone31","parent":"21","length":14.97,"rotation":-7.23,"x":1.82,"y":2.44,"color":"2a24ffff"},{"name":"bone33","parent":"5465","length":36.26,"rotation":136.66,"x":46.9,"y":58.23},{"name":"bone19","parent":"bone","x":-6.04,"y":-4.78,"color":"2a24ffff"},{"name":"b2","parent":"bone","length":23.58,"rotation":85.6,"x":-52.36,"y":-10.06,"scaleX":0.8,"scaleY":0.8,"color":"2a24ffff"},{"name":"mz","parent":"bone13","length":32.66,"rotation":-12.57,"x":61.96,"y":-50.57},{"name":"fmz","parent":"bone20","length":33.19,"rotation":-3.53,"x":89.97,"y":8.95,"color":"2a24ffff"},{"name":"bone36","parent":"bone33","length":59.44,"rotation":-139.11,"x":58.84,"y":-13.32},{"name":"bone34","parent":"bone4","length":15.33,"rotation":-98.63,"x":49.91,"y":-3.54},{"name":"bone37","parent":"bone25","length":65.34,"rotation":122.92,"x":55.9,"y":1.71,"color":"2a24ffff"},{"name":"bone35","parent":"bone13","length":10.5,"rotation":60.67,"x":-18.02,"y":-9.12},{"name":"zdd","parent":"root","x":-140.15,"y":74.06,"scaleX":1.7,"scaleY":1.7,"skin":true},{"name":"zdaf","parent":"bone","rotation":-0.18,"x":90.22,"y":152.1,"scaleX":1.7,"scaleY":1.7,"skin":true,"color":"2a24ffff"},{"name":"bone38","parent":"bone","rotation":-45.22,"x":73.72,"y":34.21,"color":"2a24ffff"},{"name":"bone39","parent":"z1","rotation":-45.22,"x":59.79,"y":25.39,"color":"2a24ffff"},{"name":"zdaf2","parent":"zdaf","x":-35.25,"y":-54.6,"skin":true,"color":"2a24ffff"},{"name":"bone40","parent":"zdaf","rotation":0.18,"x":-15.33,"y":-57.16,"skin":true,"color":"2a24ffff"},{"name":"zdd2","parent":"root","x":-140.15,"y":74.06,"scaleX":1.7,"scaleY":1.7,"skin":true},{"name":"zdaf3","parent":"bone","rotation":-0.18,"x":90.22,"y":152.1,"scaleX":1.7,"scaleY":1.7,"skin":true,"color":"2a24ffff"},{"name":"zdaf4","parent":"zdaf3","x":-35.25,"y":-54.6,"skin":true,"color":"2a24ffff"},{"name":"bone41","parent":"zdaf3","rotation":0.18,"x":-15.33,"y":-57.16,"skin":true,"color":"2a24ffff"}],"slots":[{"name":"饮料机","bone":"zdaf"},{"name":"饮料机4","bone":"zdaf3"},{"name":"ja","bone":"bone38"},{"name":"图层492(3)2","bone":"bone19"},{"name":"sad3","bone":"b2"},{"name":"bj1","bone":"bone30"},{"name":"bj2","bone":"bone28"},{"name":"图层492(3)","bone":"bone10","attachment":"图层492(3)"},{"name":"root1","bone":"bone40","attachment":"root1"},{"name":"root2","bone":"bone41","attachment":"root1"},{"name":"sdv1","bone":"zdaf2"},{"name":"sdv2","bone":"zdaf4"},{"name":"bbody","bone":"b1"},{"name":"kl4","bone":"bone37"},{"name":"kl5","bone":"bone37"},{"name":"kl6","bone":"bone37"},{"name":"bdm","bone":"bone21"},{"name":"bhead","bone":"bone20"},{"name":"bw","bone":"bone26"},{"name":"sad2","bone":"b2"},{"name":"sad1","bone":"b2"},{"name":"bhand","bone":"bone25"},{"name":"zj1","bone":"bone11","attachment":"zj1"},{"name":"zj2","bone":"bone8","attachment":"zj2"},{"name":"zw","bone":"bone5","attachment":"zw"},{"name":"zhand2","bone":"bone33","attachment":"zhand"},{"name":"kl3","bone":"bone36","attachment":"kl3"},{"name":"kl2","bone":"bone36","attachment":"kl2"},{"name":"ddd","bone":"bone36","attachment":"ddd"},{"name":"kl1","bone":"bone36","attachment":"kl1"},{"name":"zbody","bone":"5465","attachment":"zbody"},{"name":"zhead","bone":"bone2","attachment":"zhead"},{"name":"帽子","bone":"mz","attachment":"帽子"},{"name":"薯片","bone":"bone34","attachment":"薯片"},{"name":"zhand","bone":"bone4","attachment":"zhand"},{"name":"zbq","bone":"bone3","attachment":"zbq"},{"name":"zdm","bone":"bone14","attachment":"zdm"},{"name":"afa帽子","bone":"fmz"},{"name":"喝水遮挡","bone":"bone35"},{"name":"ja2","bone":"bone39"},{"name":"饮料机2","bone":"zdd"},{"name":"饮料机3","bone":"zdd2"}],"ik":[{"name":"21","order":2,"bones":["bone30"],"target":"21"},{"name":"23e","order":3,"bones":["bone28"],"target":"23e"},{"name":"target","bones":["bone11"],"target":"target"},{"name":"target2","order":1,"bones":["bone8"],"target":"target2"}],"skins":[{"name":"default","attachments":{"afa帽子":{"afa帽子":{"x":9.29,"y":0.13,"rotation":-86.05,"width":78,"height":51}},"bbody":{"bbody":{"type":"mesh","uvs":[0.50903,0,0.376,0,0.27672,0.0289,0.16155,0.09413,0.08015,0.1648,0.02256,0.28167,0,0.43116,7.2E-4,0.58608,0.04639,0.74133,0.1417,0.85005,0.2509,0.92343,0.37202,0.98051,0.50109,0.99953,0.62022,0.98594,0.74134,0.94246,0.87437,0.84189,0.94188,0.74405,0.98954,0.57553,1,0.46681,0.99549,0.27656,0.8843,0.10804,0.7334,0.01835],"triangles":[20,18,21,18,20,19,4,7,6,5,4,6,3,8,7,21,18,17,17,15,21,16,15,17,4,3,7,9,8,3,10,3,2,9,3,10,1,10,2,11,10,1,15,0,21,0,11,1,15,14,0,11,0,12,14,13,0,13,12,0],"vertices":[105.94,-0.57,106.64,21.63,103.63,38.31,96.28,57.79,88.08,71.64,74.13,81.7,56.02,86.04,37.13,86.51,17.96,79.48,4.2,63.98,-5.32,46.03,-12.91,26.03,-15.9,4.56,-14.86,-15.38,-10.19,-35.76,1.38,-58.35,12.95,-69.99,33.25,-78.59,46.46,-80.75,69.68,-80.72,90.81,-62.8,102.53,-37.95],"hull":22,"edges":[0,2,2,4,4,6,6,8,8,10,10,12,12,14,14,16,16,18,18,20,20,22,22,24,24,26,26,28,28,30,30,32,32,34,34,36,36,38,38,40,40,42,0,42],"width":167,"height":122}},"bdm":{"bdm":{"type":"mesh","uvs":[0.03416,0.91159,0.03416,0.9563,0.12488,0.98082,0.29296,0.97938,0.47172,0.95053,0.66115,0.864,0.81323,0.74847,0.91195,0.6403,0.96531,0.49608,0.96531,0.34321,0.91195,0.20621,0.79455,0.10237,0.64514,0.02016,0.54109,0.0043,0.41569,0.0144,0.29563,0.07785,0.29296,0.12977,0.30097,0.26245,0.33298,0.40234,0.37834,0.58117,0.38367,0.74414,0.30897,0.83211,0.18624,0.88547],"triangles":[11,10,17,11,17,12,16,13,12,16,14,13,12,17,16,14,16,15,18,9,19,9,18,10,18,17,10,7,19,8,8,19,9,3,2,22,22,2,0,4,3,21,2,1,0,3,22,21,4,21,5,21,20,5,5,20,6,7,6,19,6,20,19],"vertices":[1,25,-8.92,11.55,1,1,25,-11.75,9.83,1,1,25,-11.41,5.79,1,1,25,-7.83,0.1,1,1,25,-2.29,-4.91,1,1,25,7.12,-8.05,1,2,25,17.58,-8.81,0.99724,26,-6.11,-7.32,0.00276,2,25,26.47,-8.03,0.44325,26,2.49,-9.69,0.55675,3,25,36.7,-4.31,0.01575,26,13.38,-9.78,0.83521,27,-5.57,-8.58,0.14904,3,26,24.49,-7.65,0.06094,27,5.7,-9.56,0.93265,28,-14.28,-4.18,0.00641,2,27,15.98,-8.32,0.53925,28,-4.43,-7.39,0.46075,2,27,24.04,-4.3,3.4E-4,28,4.57,-7.15,0.99966,1,28,12.82,-5.01,1,1,28,15.92,-1.99,1,2,27,31.84,10.23,0.00473,28,17.77,2.73,0.99527,2,27,27.58,15.42,0.05547,28,16.1,9.24,0.94453,3,26,34.94,21.73,7.9E-4,27,23.76,15.86,0.12079,28,12.82,11.25,0.87842,3,26,25.36,19.57,0.05515,27,13.95,16.39,0.4899,28,4.15,15.87,0.45495,3,26,15.43,16.37,0.37707,27,3.53,16.01,0.53749,28,-5.46,19.92,0.08544,4,25,19.13,12.48,0.04473,26,2.78,12.1,0.88109,27,-9.81,15.35,0.07399,28,-17.83,24.95,1.9E-4,3,25,8.93,6.04,0.88902,26,-9.03,9.62,0.11098,27,-21.85,16.18,1.0E-5,2,25,1.82,5.21,0.99953,26,-15.98,11.33,4.7E-4,1,25,-4.11,7.35,1],"hull":23,"edges":[0,2,2,4,4,6,6,8,8,10,10,12,12,14,14,16,16,18,18,20,20,22,22,24,24,26,26,28,28,30,30,32,32,34,34,36,36,38,38,40,40,42,42,44,0,44],"width":40,"height":74}},"bhand":{"bhand":{"x":15.02,"y":-1.86,"rotation":77.7,"width":41,"height":51}},"bhead":{"bhead":{"type":"mesh","uvs":[0.4757,0.00163,0.38484,0.01203,0.2601,0.04528,0.15691,0.12842,0.07529,0.24481,0.01677,0.37991,0.00137,0.49838,0.00137,0.64802,0.02909,0.77273,0.07683,0.85794,0.14613,0.91614,0.28936,0.97225,0.4141,0.99927,0.55886,0.9972,0.67591,0.98265,0.83299,0.93069,0.92693,0.86626,0.97621,0.79559,1,0.71453,0.99469,0.61061,0.96543,0.55241,0.92539,0.52124,0.90845,0.42355,0.87611,0.29053,0.80527,0.16583,0.72519,0.07438,0.5989,0.0141,0.08275,0.76984,0.14453,0.84778,0.26944,0.91303,0.45478,0.93841,0.64684,0.93116,0.82547,0.85503,0.91143,0.80246,0.94903,0.69371,0.92889,0.60127,0.88456,0.55595,0.86308,0.45082,0.82413,0.32938,0.76772,0.21881,0.70191,0.14812,0.60924,0.0883,0.4521,0.06655,0.31913,0.10099,0.19154,0.19162,0.11096,0.30219,0.07201,0.42182,0.06395,0.57045,0.07201,0.67921,0.82413,0.65564,0.77309,0.78615,0.60924,0.83509,0.393,0.83509,0.22109,0.73358,0.17945,0.55233,0.209,0.35838,0.33525,0.23693,0.62938,0.20431,0.74757,0.40007,0.66967,0.57589,0.44135,0.52151],"triangles":[42,1,0,41,26,25,43,2,1,40,41,25,40,25,24,44,3,2,44,2,43,57,41,40,39,40,24,42,56,43,42,43,1,44,43,56,4,3,44,39,24,23,45,4,44,38,39,23,55,44,56,45,44,55,5,4,45,39,57,40,58,39,38,58,57,39,46,5,45,38,23,22,37,38,22,58,38,37,6,5,46,37,22,21,57,60,56,55,56,60,55,46,45,54,55,60,54,46,55,36,37,21,47,6,46,47,46,54,59,57,58,35,21,20,36,21,35,35,20,19,7,6,47,49,58,37,49,37,36,59,58,49,48,47,54,7,47,48,34,35,19,34,19,18,53,54,60,48,54,53,41,42,0,41,0,26,42,57,56,57,42,41,27,48,53,8,7,48,8,48,27,50,59,49,17,34,18,49,35,34,35,49,36,33,34,17,33,49,34,50,49,33,59,51,60,59,60,57,51,59,50,52,53,60,52,60,51,28,27,53,32,50,33,9,8,27,9,27,28,16,33,17,32,33,16,29,53,52,28,53,29,10,28,29,9,28,10,15,32,16,31,51,50,30,52,51,11,29,52,12,11,52,10,29,11,14,31,50,14,50,32,14,32,15,13,30,51,13,51,31,13,31,14,30,12,52,12,30,13],"vertices":[101.75,1.37,100.36,16.44,96.12,37.12,85.77,54.17,71.36,67.61,54.67,77.21,40.08,79.66,21.68,79.53,6.37,74.81,-4.05,66.81,-11.13,55.26,-17.86,31.43,-21.03,10.7,-20.6,-13.33,-18.67,-32.74,-12.09,-58.77,-4.05,-74.31,4.7,-82.43,14.7,-86.3,27.47,-85.33,34.59,-80.42,38.38,-73.74,50.38,-70.85,66.7,-65.36,81.95,-53.49,93.1,-40.11,100.36,-19.1,6.79,65.91,-2.72,55.58,-10.6,34.79,-13.5,4,-12.37,-27.87,-2.79,-57.46,3.77,-71.68,17.2,-77.82,28.54,-74.4,34.06,-67,46.97,-63.34,61.86,-56.76,75.39,-47.3,84,-36.31,91.25,-20.88,93.74,5.23,89.34,27.27,78.04,48.37,64.34,61.64,49.58,68,31.29,69.21,17.92,67.77,21.73,-57.05,5.61,-48.7,-0.6,-21.54,-0.86,14.35,11.42,42.98,33.66,50.05,57.55,45.32,72.64,24.47,77.01,-24.33,53.07,-44.12,31.35,-31.35,37.77,6.6],"hull":27,"edges":[0,2,2,4,4,6,6,8,8,10,10,12,12,14,14,16,16,18,18,20,20,22,22,24,24,26,26,28,28,30,30,32,32,34,34,36,36,38,38,40,40,42,42,44,44,46,46,48,48,50,50,52,0,52],"width":166,"height":123}},"bj1":{"bj1":{"type":"mesh","uvs":[0.32911,0.01393,0.16428,0.02442,0.04534,0.10381,0.037,0.20898,0.037,0.70183,0.08708,0.82766,0.22061,0.952,0.45222,0.96698,0.688,0.952,0.87579,0.82317,0.94464,0.71681,0.93212,0.55802,0.80693,0.45315,0.7026,0.40672,0.56281,0.40222,0.55029,0.06666,0.42718,0.00974],"triangles":[8,7,5,14,9,8,10,9,14,10,12,11,12,10,14,8,5,14,6,5,7,5,4,14,15,14,0,3,2,14,0,14,2,2,1,0,0,16,15,14,4,3,12,14,13],"vertices":[1,34,-5.87,1.39,1,1,34,-5.82,-3.25,1,1,34,-2.99,-6.81,1,1,34,1.08,-7.36,1,1,34,20.24,-8.86,1,2,34,25.24,-7.85,0.96717,38,-9.35,-2.6,0.03283,2,34,30.37,-4.5,0.67529,38,-5.88,-7.65,0.32471,2,34,31.46,1.92,0.1823,38,0.56,-8.59,0.8177,2,34,31.39,8.55,0.00118,38,7.19,-8.37,0.99882,1,38,12.71,-3.65,1,2,34,22.81,16.43,9.9E-4,38,14.87,0.39,0.99901,2,34,16.61,16.56,0.11212,38,14.86,6.59,0.88788,2,34,12.26,13.39,0.32281,38,11.58,10.87,0.67719,2,34,10.22,10.62,0.49364,38,8.77,12.84,0.50636,2,34,9.74,6.73,0.79949,38,4.87,13.23,0.20051,1,34,-3.33,7.4,1,1,34,-5.81,4.14,1],"hull":17,"edges":[0,2,2,4,4,6,6,8,8,10,10,12,12,14,14,16,16,18,18,20,20,22,22,24,24,26,26,28,28,30,30,32,0,32],"width":28,"height":39}},"bj2":{"bj2":{"type":"mesh","uvs":[0.04898,0.12056,0.03824,0.3556,0.05434,0.71586,0.11069,0.86806,0.24755,0.93741,0.4971,0.95283,0.71714,0.92393,0.89424,0.80448,0.92108,0.55596,0.83252,0.49046,0.72251,0.43459,0.63932,0.42688,0.5454,0.45193,0.54412,0.26169,0.54272,0.05506,0.43538,0.02038,0.21535,0.01268,0.07849,0.07818],"triangles":[10,9,12,4,3,2,7,9,8,6,12,7,12,5,4,6,5,12,7,12,9,0,13,1,1,12,2,16,0,17,15,13,16,13,15,14,0,16,13,12,1,13,12,4,2,10,12,11],"vertices":[1,33,3.46,-6.85,1,1,33,12.59,-7.73,1,2,33,26.64,-8.17,0.72354,36,-8.85,1.76,0.27646,2,33,32.66,-6.97,0.41796,36,-7.17,-4.15,0.58204,2,33,35.6,-3.32,0.29903,36,-3.29,-6.78,0.70097,2,33,36.64,3.62,0.00117,36,3.71,-7.26,0.99883,2,33,35.91,9.84,0,36,9.85,-6.03,1,2,33,31.57,15.08,0,36,14.72,-1.29,1,2,33,22.62,16.4,0.13859,36,15.32,7.74,0.86141,2,33,19.68,14.23,0.24297,36,12.92,10.5,0.75703,2,33,17.8,11.38,0.39052,36,9.93,12.14,0.60948,2,33,17.3,9.08,0.52096,36,7.59,12.46,0.47904,2,33,17.23,6.2,0.78987,36,4.72,12.29,0.21013,2,33,9.83,6.64,0.99891,36,4.56,19.71,0.00109,1,33,1.78,7.11,1,1,33,0.24,4.19,1,1,33,-0.45,-1.94,1,1,33,1.86,-5.92,1],"hull":18,"edges":[0,2,2,4,4,6,6,8,8,10,10,12,12,14,14,16,16,18,18,20,20,22,22,24,28,30,30,32,32,34,0,34,24,26,26,28],"width":28,"height":39}},"bw":{"bw":{"type":"mesh","uvs":[0.66293,0.97963,0.57672,0.95979,0.43053,0.83278,0.25435,0.63037,0.1419,0.43986,0.05569,0.29301,0.00696,0.14616,0.04444,0,0.16814,0,0.38555,0.04694,0.58047,0.1025,0.72291,0.19379,0.80912,0.32079,0.87284,0.57083,0.96656,0.78516,1,0.95979,0.94406,1],"triangles":[8,6,7,5,6,8,9,4,5,9,5,8,10,3,4,10,4,9,3,12,2,11,3,10,12,3,11,2,12,13,1,2,13,14,0,13,13,0,1,15,16,14,14,16,0],"vertices":[1,30,-2.8,9.61,1,1,30,-1.64,14.23,1,3,30,5.08,21.92,0.00944,31,13.5,16.13,0.82858,32,-10.54,16.44,0.16198,2,31,27.45,17.76,0.254,32,3.44,17.74,0.746,2,31,38.88,16.95,0.01746,32,14.84,16.68,0.98254,1,32,23.62,15.83,1,1,32,31.17,13.38,1,1,32,35.87,7.25,1,1,32,31.82,1.94,1,1,32,22.79,-5.94,1,1,32,14.15,-12.59,1,2,31,30.57,-15.8,0.06,32,5.79,-15.88,0.94,2,31,22.6,-15.76,0.32393,32,-2.19,-15.65,0.67607,2,31,10.26,-11.04,0.93255,32,-14.41,-10.65,0.06745,2,30,6.6,-7.09,0.14596,31,-1.56,-8.7,0.85404,1,30,-2.36,-8.62,1,1,30,-4.31,-5.53,1],"hull":17,"edges":[0,2,2,4,4,6,6,8,8,10,10,12,12,14,14,16,16,18,18,20,20,22,22,24,24,26,26,28,28,30,30,32,0,32],"width":54,"height":51}},"ddd":{"ddd":{"x":27.61,"y":13.39,"rotation":-87.64,"width":21,"height":91}},"ja":{"ja":{"x":13.25,"y":37.07,"rotation":-96.63,"width":131,"height":141}},"ja2":{"ja":{"x":13.25,"y":37.07,"rotation":-96.63,"width":131,"height":141}},"kl1":{"kl1":{"x":42.13,"y":-1.6,"rotation":-89.37,"width":57,"height":126}},"kl2":{"kl2":{"type":"mesh","uvs":[0.14833,0,0,0.16224,0.03084,0.19121,0.16538,0.2263,0.30632,0.24687,0.41524,0.24687,0.42378,0.54578,0.32554,0.5361,0.2209,0.51552,0.07568,0.48406,0,0.47801,0,0.51915,0.0287,0.60386,0.06501,0.64501,0.03084,0.72342,0,0.76699,0,0.82144,0.00948,0.86138,0.07141,0.94972,0.16751,0.99449,0.31914,0.96666,0.46649,1,0.54764,1,0.67791,0.9715,0.75052,1,0.85516,0.99933,1,0.88195,1,0.75609,0.94058,0.65202,1,0.52738,1,0.46687,0.94699,0.4705,0.7975,0.50196,0.5989,0.54069,0.56046,0.25025,0.82078,0.23916,0.94251,0.20164,1,0.16897,0.98309,0.12419,0.85495,0.01165,0.76953,0.02012,0.55811,0.02738,0.37232,0.02738,0.24205,0.01286],"triangles":[43,2,1,39,38,40,36,38,37,0,43,1,3,2,43,3,43,42,38,35,40,36,35,38,4,3,42,5,42,41,4,42,5,34,41,40,34,40,35,5,41,34,11,10,9,31,30,29,5,34,6,34,33,6,12,11,9,12,9,8,13,12,8,29,28,32,29,32,31,16,15,14,13,8,7,13,7,6,20,17,16,23,28,27,6,14,13,16,14,20,18,17,20,6,20,14,33,32,28,23,20,6,6,33,23,28,23,33,26,23,27,19,18,20,25,23,26,21,20,23,22,21,23,24,23,25],"vertices":[70.35,16.64,55.66,24.04,53.08,22.44,49.99,15.55,48.22,8.34,48.28,2.78,21.39,2.05,22.2,7.07,24,12.43,26.75,19.86,27.25,23.73,23.54,23.69,15.94,22.14,12.25,20.25,5.18,21.92,1.24,23.44,-3.66,23.39,-7.25,22.87,-15.16,19.62,-19.14,14.68,-16.55,6.97,-19.47,-0.58,-19.42,-4.71,-16.78,-11.33,-19.31,-15.06,-19.19,-20.4,-8.54,-27.67,2.78,-27.54,12.11,-24.41,23.37,-27.32,28.81,-27.26,28.45,-24.56,25.54,-16.96,21.94,-6.87,48.06,-4.63,49.2,-17.89,52.65,-24.06,55.62,-26.96,59.64,-26.05,69.7,-19.41,68.89,-15.06,68.11,-4.29,68.01,5.19,69.24,11.85],"hull":44,"edges":[0,2,2,4,4,6,6,8,8,10,10,12,12,14,14,16,16,18,18,20,20,22,22,24,24,26,26,28,28,30,30,32,32,34,34,36,36,38,38,40,40,42,42,44,44,46,46,48,48,50,50,52,52,54,54,56,56,58,58,60,60,62,62,64,64,66,66,68,68,70,70,72,72,74,74,76,76,78,78,80,80,82,82,84,84,86,0,86],"width":51,"height":90}},"kl3":{"kl3":{"x":36.41,"y":-2.24,"rotation":-89.37,"width":51,"height":112}},"kl4":{"kl3":{"x":39.6,"y":2.14,"rotation":-92.54,"width":51,"height":112}},"kl5":{"kl2":{"type":"mesh","uvs":[0.57558,0.01657,0.47018,0.0236,0.30071,0.02243,0.16637,0.00135,0.1395,0.01775,0.08163,0.06693,0,0.15008,0,0.18522,0.18084,0.23324,0.32551,0.24261,0.41437,0.23792,0.40404,0.53773,0.29037,0.52719,0.16637,0.50026,0.0899,0.48386,0.02376,0.47215,0,0.47566,0,0.52017,0.01136,0.58692,0.06097,0.62674,0.0527,0.67445,0.01136,0.74004,0,0.79157,0,0.86769,0.0775,0.94265,0.1829,0.99301,0.31311,0.96256,0.46811,1,0.60245,1,0.69752,0.97193,0.78432,0.99301,0.9218,0.9649,1,0.88175,1,0.7213,0.95487,0.63932,1,0.52104,0.99793,0.46716,0.95694,0.46716,0.8288,0.48941,0.74407,0.51635,0.55186,0.53977,0.56426,0.25284,0.81847,0.23879,0.98381,0.18492,1,0.15089,0.95487,0.09936,0.8536,0.01269,0.7978,0],"triangles":[43,45,44,8,7,6,2,4,3,2,5,4,8,5,2,8,6,5,2,9,8,1,10,2,45,42,47,45,47,46,42,45,43,0,47,42,10,9,2,41,1,0,41,0,42,10,1,41,17,16,15,17,15,14,41,11,10,41,40,11,13,18,17,13,19,18,14,13,17,35,34,38,39,38,34,37,36,35,35,38,37,26,24,23,19,13,12,20,19,12,12,11,20,34,33,40,26,20,11,20,26,21,21,26,22,22,26,23,40,26,11,40,39,34,33,26,40,26,33,29,32,31,33,31,29,33,25,24,26,30,29,31,27,26,29,28,27,29],"vertices":[70.94,-3.04,70.54,2.36,71.03,10.99,73.23,17.75,71.82,19.19,67.53,22.33,60.23,26.82,57.08,26.96,52.35,17.94,51.18,10.61,51.4,6.06,24.47,7.79,25.67,13.54,28.37,19.75,30.02,23.58,31.22,26.9,30.96,28.12,26.96,28.3,20.93,27.99,17.24,25.62,12.97,26.23,7.17,28.6,2.56,29.39,-4.29,29.69,-11.2,26.04,-15.97,20.87,-13.52,14.12,-17.24,6.37,-17.55,-0.47,-15.24,-5.43,-17.33,-9.77,-15.11,-16.89,-7.81,-21.2,6.61,-21.84,14.08,-19.87,24.62,-22.64,29.47,-22.75,29.56,-20.67,27.85,-14.05,25.62,-9.62,23.95,0.26,49.72,-1.51,50.41,-14.52,54.87,-23.16,57.9,-24.12,62.63,-22.03,70.65,-17.22,71.92,-14.42],"hull":48,"edges":[0,2,2,4,4,6,6,8,8,10,10,12,12,14,14,16,16,18,18,20,20,22,22,24,24,26,26,28,28,30,30,32,32,34,34,36,36,38,38,40,40,42,42,44,44,46,46,48,48,50,50,52,52,54,54,56,56,58,58,60,60,62,62,64,64,66,66,68,68,70,70,72,72,74,74,76,76,78,78,80,80,82,82,84,84,86,86,88,88,90,90,92,92,94,0,94],"width":51,"height":90}},"kl6":{"kl1":{"x":44.67,"y":1.91,"rotation":-92.54,"width":57,"height":126}},"root1":{"root1":{"type":"clipping","end":"sdv1","vertexCount":6,"vertices":[-49.45,30.83,-49.23,6.53,-69.97,-8.5,-34.55,-33.84,5.56,-26.17,5.34,0.34],"color":"ce3a3aff"}},"root2":{"root1":{"type":"clipping","end":"sdv1","vertexCount":6,"vertices":[-49.45,30.83,-49.23,6.53,-69.97,-8.5,-34.55,-33.84,5.56,-26.17,5.34,0.34],"color":"ce3a3aff"}},"sad1":{"sad1":{"x":21.67,"y":-122.89,"rotation":-85.6,"width":159,"height":147}},"sad2":{"sad2":{"x":43.65,"y":-31.1,"rotation":-85.6,"width":344,"height":317}},"sad3":{"sad3":{"x":42.61,"y":-102.79,"rotation":-85.6,"width":124,"height":133}},"sdv1":{"sdv1":{"x":1.99,"y":-1.48,"width":31,"height":24}},"sdv2":{"sdv1":{"x":1.99,"y":-1.48,"width":31,"height":24}},"zbody":{"zbody":{"type":"mesh","uvs":[0.50774,0,0.39901,0,0.30017,0.01479,0.20838,0.04987,0.12648,0.11224,0.05165,0.20188,0,0.33636,0,0.50591,0.02764,0.67936,0.09259,0.81578,0.22005,0.93571,0.37679,1,0.52364,1,0.64367,0.98054,0.74675,0.92597,0.84983,0.85386,0.9755,0.67067,1,0.52645,1,0.35885,0.94443,0.21073,0.84841,0.09185,0.72133,0.02364,0.60554,0,0.08025,0.6161,0.12826,0.72134,0.22711,0.82463,0.32454,0.88114,0.41915,0.91622,0.56177,0.90063,0.71709,0.85386,0.83853,0.74667,0.92608,0.56543,0.95008,0.43095,0.89642,0.23607,0.69168,0.0938,0.51376,0.07041,0.35984,0.07041,0.2031,0.12108,0.11556,0.26335,0.05907,0.37054,0.21722,0.64143,0.40503,0.77006,0.68462,0.75642,0.79758,0.58102,0.8004,0.39393,0.74957,0.2653,0.53635,0.18929,0.35561,0.23607,0.24546,0.3452,0.4135,0.5167,0.61401,0.46409],"triangles":[11,27,12,12,28,13,12,27,28,10,26,11,11,26,27,13,29,14,13,28,29,10,25,26,10,9,25,14,29,15,26,41,27,27,41,28,28,41,42,28,42,29,50,41,49,41,50,42,26,25,41,29,30,15,15,30,16,29,42,30,9,24,25,24,40,25,25,40,41,9,8,24,41,40,49,42,43,30,42,50,43,30,31,16,30,43,31,8,23,24,24,23,40,8,7,23,16,31,17,40,48,49,40,23,48,7,39,23,48,39,38,48,23,39,43,44,31,43,50,44,31,32,17,31,44,32,32,18,17,48,47,49,49,47,46,46,47,36,49,46,50,35,36,1,35,1,0,46,36,35,7,6,39,50,45,44,45,46,34,45,50,46,44,33,32,32,33,18,18,33,19,44,45,33,38,39,5,38,37,48,48,37,47,2,37,3,47,37,36,39,6,5,45,34,20,45,20,33,20,34,21,38,4,37,38,5,4,36,37,2,33,20,19,46,22,34,46,35,22,37,4,3,34,22,21,35,0,22,36,2,1],"vertices":[95,-6.18,95.57,11.97,94.31,28.53,90.55,43.98,83.44,57.89,73,70.73,57.01,79.87,36.5,80.52,15.38,76.57,-1.46,66.25,-16.64,45.44,-25.25,19.52,-26.03,-4.99,-24.31,-25.1,-18.26,-42.51,-10.08,-60,11.41,-81.68,28.72,-86.32,48.99,-86.96,67.2,-78.26,82.08,-62.69,91.01,-41.74,94.48,-22.5,22.75,67.54,9.77,59.93,-3.25,43.83,-10.6,27.79,-15.34,12.13,-14.21,-11.74,-9.38,-37.84,2.94,-58.52,24.4,-73.83,40.53,-78.35,64.39,-70.15,82.68,-36.52,86.45,-6.91,87.27,18.78,81.97,45.14,65.23,60.3,52.56,70.14,18.96,44.78,2.41,13.93,2.58,-32.79,23.19,-52.32,45.81,-53.51,61.63,-45.52,71.95,-10.22,67.25,20.12,54.64,38.93,33.01,11.54,38.31,-22.13],"hull":23,"edges":[0,2,2,4,4,6,6,8,8,10,10,12,12,14,14,16,16,18,18,20,20,22,22,24,24,26,26,28,28,30,30,32,32,34,34,36,36,38,38,40,40,42,42,44,0,44],"width":167,"height":121}},"zbq":{"zbq":{"x":9.15,"y":0.13,"rotation":-83.99,"width":46,"height":29}},"zdm":{"zdm":{"type":"mesh","uvs":[0.50314,0.00801,0.37863,0.0171,0.25075,0.05894,0.14643,0.1408,0.06903,0.24812,0.02191,0.37546,0.02191,0.5137,0.07912,0.65923,0.19691,0.78656,0.3719,0.88661,0.60747,0.97393,0.83967,0.99575,0.96082,0.97938,1,0.91572,0.95409,0.89753,0.7791,0.88661,0.66804,0.83022,0.64022,0.76361,0.62093,0.71744,0.61271,0.59757,0.62973,0.52215,0.65458,0.43003,0.67636,0.34882,0.6931,0.25863,0.68991,0.16155,0.63878,0.06094,0.57381,0.02074],"triangles":[23,2,24,25,24,1,25,1,0,1,24,2,26,25,0,23,22,3,23,3,2,22,4,3,21,6,5,22,5,4,5,22,21,20,6,21,19,6,20,7,6,19,7,19,18,8,7,18,8,18,17,9,8,17,9,17,16,10,9,16,10,16,15,12,14,13,11,15,14,11,14,12,10,15,11],"vertices":[1,19,23.22,0.78,1,1,19,20.84,5.21,1,2,18,37,1.28,0.00516,19,16.14,8.9,0.99484,2,18,31.03,5.58,0.10952,19,9,10.68,0.89048,2,18,23.16,8.85,0.60585,19,0.47,10.78,0.39415,3,17,36.8,5.04,0.00198,18,13.78,10.94,0.9955,19,-9.01,9.22,0.00252,2,17,27.23,8.66,0.204,18,3.55,11.16,0.796,3,16,35.4,-1.54,2.2E-4,17,16.35,10.32,0.92192,18,-7.26,9.1,0.07786,2,16,26.31,3.78,0.11866,17,5.87,9.25,0.88134,2,16,16.4,6.16,0.96575,17,-3.53,5.32,0.03425,1,16,4.98,6.42,1,1,16,-3.68,2.7,1,1,16,-7.08,-0.96,1,1,16,-5.82,-5.76,1,1,16,-3.55,-5.89,1,1,16,2.76,-2.74,1,2,16,8.76,-3.81,0.86751,17,-3.81,-7.24,0.13249,4,16,12.38,-7.33,0.3848,17,1.19,-7.94,0.59442,18,-15.47,-13.17,0.0207,19,-27.18,-24.05,8.0E-5,4,16,14.9,-9.77,0.05017,17,4.66,-8.43,0.91465,18,-12.04,-12.48,0.03505,19,-24.25,-22.12,1.3E-4,3,17,13.08,-11.25,0.61124,18,-3.16,-12.34,0.36488,19,-16.07,-18.69,0.02388,3,17,18.06,-13.86,0.33106,18,2.4,-13.14,0.46685,19,-10.6,-17.36,0.2021,3,17,24.08,-17.2,0.0182,18,9.2,-14.28,0.58071,19,-3.87,-15.89,0.40109,3,17,29.4,-20.14,0.00981,18,15.19,-15.28,0.33517,19,2.06,-14.59,0.65502,2,18,21.84,-16.09,0.04818,19,8.54,-12.86,0.95182,2,18,29.03,-16.12,0.02375,19,15.22,-10.21,0.97625,1,19,21.47,-5.67,1,1,19,23.33,-2.19,1],"hull":27,"edges":[0,2,2,4,4,6,6,8,8,10,10,12,12,14,14,16,16,18,18,20,20,22,22,24,24,26,26,28,28,30,30,32,36,38,50,52,0,52,42,44,44,46,46,48,48,50,38,40,40,42,32,34,34,36],"width":40,"height":74}},"zhand":{"zhand":{"x":15.35,"y":-1.77,"rotation":56.5,"width":43,"height":47}},"zhand2":{"zhand":{"path":"zhand2","x":15.35,"y":-1.77,"rotation":56.5,"width":41,"height":45}},"zhead":{"zhead":{"type":"mesh","uvs":[0.56616,0.01062,0.44604,0.00555,0.35971,0.02919,0.27714,0.08491,0.21708,0.14064,0.15577,0.23688,0.10698,0.3534,0.0782,0.45809,0.06819,0.52394,0.02123,0.5803,0,0.66304,0.00246,0.75591,0.03499,0.82177,0.11507,0.89269,0.19014,0.93997,0.3065,0.98556,0.44162,0.99907,0.58175,1,0.70687,0.97205,0.83198,0.91464,0.92707,0.83865,0.96961,0.77955,1,0.64785,1,0.51614,0.98588,0.39118,0.92958,0.23921,0.81697,0.10244,0.70186,0.03152,0.60928,0.00619,0.12133,0.57524,0.08254,0.61914,0.07253,0.68668,0.07878,0.76773,0.1501,0.8471,0.27522,0.89944,0.39408,0.93997,0.55298,0.93997,0.70562,0.92139,0.82948,0.84372,0.93208,0.75085,0.94334,0.59888,0.92832,0.42833,0.86452,0.26285,0.77443,0.16154,0.68685,0.10413,0.58425,0.08218,0.45288,0.08555,0.3653,0.10919,0.29273,0.15647,0.23143,0.2409,0.17638,0.32871,0.14134,0.4773,0.26771,0.58875,0.2014,0.50601,0.19264,0.69006,0.37906,0.77449,0.4729,0.63265,0.4166,0.47899,0.26271,0.36586,0.34904,0.24428,0.53671,0.23415,0.62429,0.40976,0.6343,0.60563,0.61804,0.78631,0.63805,0.8606,0.80696,0.68668,0.80196,0.49081,0.79945,0.4621,0.78319,0.38443,0.68185,0.24934],"triangles":[33,54,34,7,6,51,8,7,51,14,34,15,9,8,30,11,10,31,12,11,32,12,32,13,13,33,14,45,0,28,46,1,0,46,0,45,2,1,46,44,28,27,43,44,27,45,28,44,47,2,46,26,43,27,60,46,45,69,45,44,69,44,43,60,45,69,42,26,25,43,26,42,68,43,42,69,43,68,61,60,69,61,69,68,41,42,25,41,25,24,68,42,41,67,68,41,59,46,60,57,60,61,66,67,41,41,24,23,40,41,23,66,41,40,61,66,62,67,61,68,66,61,67,62,56,61,40,23,22,65,66,40,62,66,65,39,65,40,39,40,22,21,39,22,63,56,62,63,62,65,39,38,65,20,39,21,20,38,39,64,63,65,65,37,64,19,38,20,38,37,65,19,37,38,36,63,64,18,37,19,18,17,64,18,64,37,29,8,51,30,8,29,11,31,32,13,32,33,15,34,35,15,35,16,14,33,34,16,35,36,16,36,17,10,9,30,30,29,54,3,2,47,48,3,47,4,3,48,49,4,48,5,4,49,59,48,47,49,48,59,50,5,49,6,5,50,58,49,59,50,49,58,51,6,50,53,51,50,46,59,47,57,59,60,58,59,57,58,53,50,29,51,53,52,58,57,53,58,52,56,57,61,52,57,56,54,29,53,54,53,52,55,52,56,54,52,55,34,54,55,63,55,56,36,55,63,35,55,36,34,55,35,17,36,64,31,30,54,32,31,54,33,32,54,31,10,30],"vertices":[2,4,77.38,-53.81,0.23722,21,40.04,33.29,0.76278,2,4,78.21,-33.88,0.41452,21,40.87,53.22,0.58548,2,4,75.45,-19.52,0.53057,21,38.11,67.58,0.46943,2,4,68.74,-5.74,0.64958,21,31.4,81.36,0.35042,2,4,61.99,4.3,0.58166,21,24.65,91.4,0.41834,2,4,50.26,14.6,0.53647,21,12.92,101.7,0.46353,2,4,36.01,22.85,0.51091,21,-1.33,109.94,0.48909,2,4,23.18,27.76,0.48018,21,-14.16,114.85,0.51982,2,4,15.1,29.5,0.35143,21,-22.24,116.6,0.64857,2,4,8.25,37.37,0.48571,21,-29.09,124.47,0.51429,2,4,-1.89,41,0.51429,21,-39.23,128.1,0.48571,2,4,-13.32,40.71,0.42,21,-50.66,127.81,0.58,2,4,-21.47,35.39,0.27143,21,-58.81,122.49,0.72857,2,4,-30.33,22.19,0.12,21,-67.67,109.29,0.88,2,4,-36.28,9.79,0.18857,21,-73.62,96.89,0.81143,2,4,-42.09,-9.47,0.14857,21,-79.42,77.63,0.85143,2,4,-43.98,-31.88,0.1676,21,-81.32,55.22,0.8324,2,4,-44.34,-55.14,0.54745,21,-81.67,31.96,0.45255,2,4,-41.11,-75.94,0.36229,21,-78.45,11.16,0.63771,2,4,-34.27,-96.78,0.20317,21,-71.61,-9.68,0.79683,2,4,-25.08,-112.66,0.11237,21,-62.42,-25.57,0.88763,2,4,-17.89,-119.8,0.082,21,-55.23,-32.7,0.918,2,4,-1.74,-125.01,0.04098,21,-39.08,-37.91,0.95902,2,4,14.46,-125.18,0.01296,21,-22.88,-38.08,0.98704,2,4,29.85,-122.99,0.03219,21,-7.49,-35.9,0.96781,2,4,48.64,-113.84,0.04,21,11.3,-26.74,0.96,2,4,65.65,-95.33,0.07714,21,28.31,-8.23,0.92286,2,4,74.57,-76.31,0.08356,21,37.24,10.79,0.91644,2,4,77.85,-60.97,0.18086,21,40.51,26.13,0.81914,2,4,8.7,20.75,0.58857,21,-28.64,107.85,0.41143,2,4,3.37,27.24,0.52,21,-33.97,114.34,0.48,2,4,-4.92,28.99,0.50571,21,-42.26,116.09,0.49429,2,4,-14.9,28.05,0.43143,21,-52.24,115.15,0.56857,2,4,-24.79,16.32,0.36286,21,-62.13,103.42,0.63714,2,4,-31.44,-4.38,0.26022,21,-68.78,82.71,0.73978,2,4,-36.63,-24.06,0.53309,21,-73.97,63.04,0.46691,2,4,-36.9,-50.44,0.58588,21,-74.24,36.66,0.41412,2,4,-34.88,-75.8,0.35041,21,-72.22,11.3,0.64959,2,4,-25.54,-96.46,0.18198,21,-62.88,-9.36,0.81802,2,4,-14.29,-113.61,0.08461,21,-51.63,-26.51,0.91539,2,4,4.38,-115.67,0.03507,21,-32.96,-28.57,0.96493,2,4,25.38,-113.39,0.10631,21,-11.96,-26.3,0.89369,2,4,45.84,-103.01,0.09143,21,8.5,-15.92,0.90857,2,4,58.46,-88.19,0.11021,21,21.12,-1.09,0.88979,2,4,65.67,-73.72,0.08559,21,28.33,13.37,0.91441,2,4,68.55,-56.72,0.21273,21,31.21,30.38,0.78727,2,4,68.36,-34.91,0.41642,21,31.02,52.19,0.58358,2,4,65.6,-20.34,0.55154,21,28.26,66.75,0.44846,2,4,59.91,-8.24,0.66778,21,22.57,78.86,0.33222,2,4,49.63,2.05,0.63353,21,12.29,89.14,0.36647,2,4,38.93,11.3,0.61092,21,1.59,98.39,0.38908,2,4,20.71,17.3,0.48286,21,-16.63,104.4,0.51714,1,4,6.79,-3.53,1,2,4,17.08,7.37,0.96216,21,-20.26,94.47,0.03784,2,4,-5.55,9.06,0.81429,21,-42.88,96.15,0.18571,2,4,-16.25,-21.78,0.85093,21,-53.59,65.32,0.14907,2,4,1.03,-37.54,0.6453,21,-36.31,49.56,0.3547,2,4,20.03,-28.39,0.6733,21,-17.31,58.71,0.3267,2,4,34.21,-2.99,0.83105,21,-3.13,84.11,0.16895,2,4,49.01,-17.47,0.64117,21,11.67,69.63,0.35883,2,4,49.94,-48.64,0.31399,21,12.6,38.46,0.68601,2,4,28.19,-62.95,0.2205,21,-9.15,24.15,0.7795,2,4,4.08,-64.36,0.31893,21,-33.26,22.74,0.68107,2,4,-18.11,-61.43,0.43762,21,-55.45,25.67,0.56238,2,4,-27.29,-64.66,0.43116,21,-64.63,22.44,0.56884,2,4,-6.19,-92.92,0.13777,21,-43.53,-5.82,0.86223,2,4,17.91,-92.34,0.17853,21,-19.43,-5.24,0.82147,2,4,21.45,-91.96,0.06992,21,-15.89,-4.86,0.93008,2,4,31.03,-89.36,0.11675,21,-6.31,-2.26,0.88325,2,4,47.82,-72.71,0.08216,21,10.48,14.39,0.91784],"hull":29,"edges":[0,2,2,4,4,6,6,8,8,10,10,12,12,14,14,16,16,18,18,20,20,22,22,24,24,26,26,28,28,30,30,32,32,34,34,36,36,38,38,40,40,42,42,44,44,46,46,48,48,50,50,52,52,54,54,56,0,56,132,134],"width":166,"height":123}},"zj1":{"zj1":{"type":"mesh","uvs":[0.75167,0.00294,0.56322,0,0.43079,0.06667,0.41042,0.48594,0.23215,0.51948,0.03351,0.67377,0,0.85489,0.18631,0.96894,0.51228,0.97564,0.71092,0.95887,0.90447,0.84148,0.96559,0.71737,0.96559,0.11028],"triangles":[3,12,11,10,9,8,4,3,8,4,8,5,6,5,7,8,7,5,10,8,3,10,3,11,3,2,12,2,0,12,2,1,0],"vertices":[1,13,5.87,2.46,1,1,13,5.57,-2.62,1,1,13,8.16,-6.29,1,2,13,25.32,-7.48,0.26835,15,3.37,-7.79,0.73165,2,13,26.52,-12.34,0.16195,15,7.95,-9.8,0.83805,2,13,32.64,-17.93,0.02079,15,16.12,-8.34,0.97921,1,15,21.55,-3.2,1,1,15,20.66,3.61,1,1,15,14.05,9.43,1,1,15,9.48,12.32,1,1,15,2.39,11.95,1,2,13,35.36,7.15,0.02131,15,-2.13,9.08,0.97869,1,13,10.49,8.07,1],"hull":13,"edges":[0,2,2,4,4,6,6,8,8,10,10,12,12,14,14,16,16,18,18,20,20,22,22,24,0,24],"width":27,"height":41}},"zj2":{"zj2":{"type":"mesh","uvs":[0.69819,0.01993,0.56495,0.02301,0.45743,0.07381,0.43406,0.12153,0.42704,0.4848,0.29147,0.50327,0.09045,0.59717,0.00864,0.73109,0.04838,0.87117,0.19814,0.93581,0.3828,0.98968,0.68667,0.95428,0.91106,0.81112,0.96483,0.66181,0.9508,0.1169,0.78718,0.01838],"triangles":[4,14,13,12,4,13,9,8,7,9,6,5,9,7,6,11,4,12,4,9,5,10,4,11,10,9,4,0,15,14,3,2,1,1,0,3,14,3,0,4,3,14],"vertices":[1,10,10.23,-0.64,1,1,10,10.27,-4.24,1,1,10,12.27,-7.19,1,1,10,14.21,-7.87,1,2,10,29.1,-8.44,0.24867,12,5.51,-9.04,0.75133,2,10,29.76,-12.12,0.17578,12,9.13,-10,0.82422,2,10,33.47,-17.65,0.04801,12,15.7,-8.98,0.95199,2,10,38.9,-20,0.00269,12,20.13,-5.06,0.99731,1,12,21.74,0.56,1,1,12,19.31,4.74,1,1,12,15.84,8.94,1,1,12,7.85,11.31,1,1,12,-0.19,8.77,1,2,10,36.73,5.89,0.13282,12,-4.23,3.95,0.86718,1,10,14.38,6.08,1,1,10,10.23,1.77,1],"hull":16,"edges":[0,2,2,4,4,6,6,8,8,10,10,12,12,14,14,16,16,18,18,20,20,22,22,24,24,26,26,28,28,30,0,30],"width":27,"height":41}},"zw":{"zw":{"type":"mesh","uvs":[0.52086,0.00396,0.42542,0.06877,0.31983,0.17876,0.22236,0.31625,0.12082,0.50676,0.05178,0.67175,0.00508,0.84262,0.03554,0.94083,0.09443,0.99975,0.20002,0.92119,0.4173,0.77781,0.64551,0.658,0.86279,0.53033,0.98463,0.42624,0.99072,0.28286,0.90137,0.16305,0.77344,0.03538,0.63738,0.00789],"triangles":[14,12,15,15,17,16,13,12,14,17,12,1,15,12,17,1,0,17,12,2,1,11,2,12,11,3,2,10,3,11,4,3,10,5,4,10,9,6,5,10,9,5,7,6,9,8,7,9],"vertices":[2,8,22.96,17.53,0.07452,9,7.46,18.59,0.92548,3,7,34.23,21,8.0E-5,8,16.16,18.52,0.21341,9,0.58,18.49,0.78651,3,7,25.22,19.37,0.04093,8,7.02,17.92,0.5162,9,-8.34,16.44,0.44287,3,7,15.59,16.11,0.35209,8,-2.92,15.77,0.53382,9,-17.82,12.74,0.11408,3,7,3.82,10.41,0.92601,8,-15.25,11.44,0.07269,9,-29.3,6.5,0.0013,2,7,-5.48,4.8,0.9999,8,-25.13,6.92,1.0E-4,1,7,-13.93,-1.89,1,1,7,-16.09,-7.76,1,1,7,-15.47,-12.72,1,1,7,-7.61,-12.62,1,2,7,7.9,-13.32,0.98025,8,-13.89,-12.59,0.01975,3,7,23.05,-15.55,0.41072,8,0.92,-16.53,0.55563,9,-8.89,-18.54,0.03364,3,7,37.98,-17.01,0.03507,8,15.58,-19.67,0.45034,9,6.09,-19.3,0.51459,3,7,47.54,-16.24,0.00126,8,25.17,-19.99,0.2134,9,15.6,-18.1,0.78534,2,8,31.44,-13.87,0.089,9,20.82,-11.07,0.911,2,8,32.62,-4.94,0.01092,9,20.57,-2.06,0.98908,1,9,18.7,8.63,1,2,8,27.8,12.63,0.01366,9,13.01,14.53,0.98634],"hull":18,"edges":[0,2,2,4,4,6,6,8,8,10,10,12,12,14,14,16,16,18,18,20,20,22,22,24,24,26,26,28,28,30,30,32,32,34,0,34],"width":59,"height":61}},"喝水遮挡":{"喝水遮挡":{"x":2.55,"y":2.76,"rotation":-151.26,"width":22,"height":32}},"图层492(3)":{"图层492(3)":{"x":1.51,"y":-4.79,"width":118,"height":60}},"图层492(3)2":{"图层492(3)":{"x":1.51,"y":-4.79,"width":118,"height":60}},"帽子":{"帽子":{"x":14.84,"y":-0.16,"rotation":-78.02,"width":82,"height":49}},"薯片":{"薯片":{"x":9.81,"y":1.25,"rotation":-119.54,"width":75,"height":96}},"饮料机":{"饮料机":{"width":162,"height":252}},"饮料机2":{"饮料机2":{"x":8.75,"y":22.85,"width":167,"height":252}},"饮料机3":{"饮料机2":{"path":"ylj22","x":14.75,"y":105.71,"width":434,"height":532}},"饮料机4":{"饮料机":{"path":"ylj11","x":8.72,"y":87.22,"width":434,"height":532}}}},{"name":"skin1","bones":["bone40","zdaf","zdaf2","zdd"]},{"name":"skin2","bones":["bone41","zdaf3","zdaf4","zdd2"]}],"animations":{"idle1":{"slots":{"root1":{"attachment":[{"name":null}]},"root2":{"attachment":[{"name":null}]}},"bones":{"5465":{"translate":[{},{"time":0.4,"y":-9.28},{"time":0.8}],"scale":[{},{"time":0.4,"x":0.95,"y":1.05},{"time":0.8}]},"bone4":{"rotate":[{"angle":21.67},{"time":0.4,"angle":29.08},{"time":0.8,"angle":21.67}]},"bone5":{"rotate":[{},{"time":0.3,"angle":-20.52},{"time":0.5667,"angle":6.23},{"time":0.8}]},"bone14":{"rotate":[{},{"time":0.4333,"angle":-26.54},{"time":0.8}]},"bone15":{"rotate":[{"angle":-10.16},{"time":0.0667,"angle":-5.33},{"time":0.5,"angle":-31.88},{"time":0.8,"angle":-10.16}]},"bone16":{"rotate":[{"angle":-20.32},{"time":0.1333,"angle":-10.66},{"time":0.5667,"angle":-37.21},{"time":0.8,"angle":-20.32}]},"bone17":{"rotate":[{"angle":-30.47},{"time":0.2,"angle":-15.99},{"time":0.6333,"angle":-42.54},{"time":0.8,"angle":-30.47}]},"target":{"translate":[{"x":-12.37,"y":-7.59}]},"target2":{"translate":[{"x":11.89,"y":1.68}]},"bone10":{"scale":[{},{"time":0.4,"x":1.1,"y":1.1},{"time":0.8}]},"bone13":{"translate":[{},{"time":0.2667,"y":4.26},{"time":0.5667,"x":5.46,"y":1.86},{"time":0.8}]},"bone33":{"rotate":[{},{"time":0.4,"angle":-5.65},{"time":0.8}]},"bone8":{"rotate":[{"angle":-15.61}]},"bone11":{"rotate":[{"angle":36}]},"bone34":{"rotate":[{"angle":3.92},{"time":0.0667,"angle":1.96},{"time":0.4667,"angle":13.72},{"time":0.8,"angle":3.92}]}}},"idle2":{"slots":{"afa帽子":{"attachment":[{"name":"afa帽子"}]},"bbody":{"attachment":[{"name":"bbody"}]},"bdm":{"attachment":[{"name":"bdm"}]},"bhand":{"attachment":[{"name":"bhand"}]},"bhead":{"attachment":[{"name":"bhead"}]},"bj1":{"attachment":[{"name":"bj1"}]},"bj2":{"attachment":[{"name":"bj2"}]},"bw":{"attachment":[{"name":"bw"}]},"ddd":{"attachment":[{"name":null}]},"kl1":{"attachment":[{"name":null}]},"kl2":{"attachment":[{"name":null}]},"kl3":{"attachment":[{"name":null}]},"kl4":{"attachment":[{"name":"kl3"}]},"kl5":{"attachment":[{"name":"kl2"}]},"kl6":{"attachment":[{"name":"kl1"}]},"root1":{"attachment":[{"name":null}]},"root2":{"attachment":[{"name":null}]},"zbody":{"attachment":[{"name":null}]},"zbq":{"attachment":[{"name":null}]},"zdm":{"attachment":[{"name":null}]},"zhand":{"attachment":[{"name":null}]},"zhand2":{"attachment":[{"name":null}]},"zhead":{"attachment":[{"name":null}]},"zj1":{"attachment":[{"name":null}]},"zj2":{"attachment":[{"name":null}]},"zw":{"attachment":[{"name":null}]},"图层492(3)":{"attachment":[{"name":null}]},"图层492(3)2":{"attachment":[{"name":"图层492(3)"}]},"帽子":{"attachment":[{"name":null}]},"薯片":{"attachment":[{"name":null}]}},"bones":{"b1":{"translate":[{},{"time":0.4,"y":-6.29},{"time":0.8}],"scale":[{},{"time":0.4,"x":0.95,"y":1.05},{"time":0.8}]},"bone20":{"rotate":[{},{"time":0.4,"angle":3.64},{"time":0.8}]},"bone21":{"rotate":[{},{"time":0.4,"angle":35.6},{"time":0.8}]},"bone22":{"rotate":[{"angle":15.28},{"time":0.0667,"angle":9.34},{"time":0.4667,"angle":44.94},{"time":0.8,"angle":15.28}]},"bone23":{"rotate":[{"angle":29.84},{"time":0.1333,"angle":17.97},{"time":0.5333,"angle":53.57},{"time":0.8,"angle":29.84}]},"bone24":{"rotate":[{"angle":46.61},{"time":0.2,"angle":28.81},{"time":0.6,"angle":64.41},{"time":0.8,"angle":46.61}]},"bone25":{"rotate":[{},{"time":0.4,"angle":-13.89},{"time":0.8}]},"bone26":{"rotate":[{},{"time":0.2667,"angle":17.31},{"time":0.5667,"angle":-8.44},{"time":0.8}]},"bone28":{"rotate":[{"angle":-30.6}],"translate":[{"x":4.48,"y":2.68}]},"bone30":{"rotate":[{"angle":19.84}],"translate":[{"x":-3.49,"y":3.21}]},"23e":{"rotate":[{"angle":-12.58}],"translate":[{"x":3.28,"y":2.77}]},"21":{"rotate":[{"angle":-48.6}],"translate":[{"x":-12.75,"y":-2.64}]},"bone19":{"scale":[{},{"time":0.4,"x":1.1,"y":1.1},{"time":0.8}]},"bone10":{"scale":[{},{"time":0.4,"x":1.1,"y":1.1},{"time":0.8}]},"bone37":{"rotate":[{},{"time":0.4,"angle":-8.55},{"time":0.8}]},"bone31":{"rotate":[{"angle":61.87}]}}},"pose1":{"slots":{"root1":{"attachment":[{"name":null}]},"root2":{"attachment":[{"name":null}]},"喝水遮挡":{"attachment":[{"time":0.3,"name":"喝水遮挡"},{"time":1.5333,"name":null}]}},"bones":{"target":{"translate":[{"x":-20.34,"y":-8.2}]},"target2":{"translate":[{"x":14.76,"y":1.31}]},"5465":{"rotate":[{},{"time":0.3667,"angle":-5.24},{"time":1.6667}],"translate":[{},{"time":0.5333,"y":-7.02},{"time":0.7333,"y":-1.01},{"time":0.9333,"y":-5.81},{"time":1.1333,"y":-1.83},{"time":1.3333,"y":-5.81},{"time":1.5333,"y":-1.83},{"time":1.6667}],"scale":[{"time":0.3667},{"time":0.5333,"x":0.98,"y":1.02},{"time":0.7333,"x":1.02,"y":0.98},{"time":0.9333,"x":0.98,"y":1.02},{"time":1.1333},{"time":1.3333,"x":0.98,"y":1.02},{"time":1.5333}]},"bone33":{"rotate":[{},{"time":0.3333,"angle":-47.06,"curve":"stepped"},{"time":1.5,"angle":-47.06},{"time":1.6667}]},"bone16":{"rotate":[{"angle":-5.87},{"time":0.1333,"angle":2.09},{"time":0.6667,"angle":-31.74},{"time":1.6667,"angle":-5.87}]},"bone17":{"rotate":[{"angle":-8.81},{"time":0.2,"angle":3.13},{"time":0.7333,"angle":-30.7},{"time":1.6667,"angle":-8.81}]},"bone15":{"rotate":[{"angle":0.52},{"time":0.0667,"angle":4.5},{"time":0.6,"angle":-29.33},{"time":1.6667,"angle":0.52}]},"bone4":{"rotate":[{},{"time":0.5333,"angle":-7.57},{"time":1.6667}]},"bone5":{"rotate":[{},{"time":0.2333,"angle":-18.83},{"time":0.4,"angle":14.43},{"time":0.6333,"angle":-11.84},{"time":1.1,"angle":8.19,"curve":"stepped"},{"time":1.5,"angle":8.19},{"time":1.6667}]},"bone36":{"rotate":[{},{"time":0.3333,"angle":-61.47,"curve":"stepped"},{"time":1.5,"angle":-61.47},{"time":1.6667}],"translate":[{},{"time":0.3333,"x":21.69,"y":-47.03},{"time":1.3667,"x":23.8,"y":-46.32,"curve":"stepped"},{"time":1.5,"x":23.8,"y":-46.32},{"time":1.6667}]},"bone10":{"translate":[{"x":-0.86,"y":1.71}]}},"deform":{"default":{"kl2":{"kl2":[{},{"time":0.3333,"offset":22,"vertices":[0.17592,-0.26885,5.86871,-0.46198,7.38965,0.94387,11.67435,-3.01118,13.48691,-6.77888,14.17131,-9.07513,15.46729,-9.8756,19.19795,-8.76362,18.71449,-5.92178,3.2793,-2.38243,2.52516,3.35312,1.05537,2.00513,-2.45302,3.51891,0,0,0,0,0,0,0,0,0,0,0,0,0,0,0,0,0,0,0,0,0,0,0,0,0,0,0,0,0,0,0,0,7.86418,4.57745,16.88614,-6.12351,16.86179,1.24712,5.88507,-2.33643]},{"time":1.3667,"vertices":[0.13893,-1.54975,7.98915,-5.10669,8.29778,-6.77251,1.28712,-1.99908,-0.69514,2.56998,-0.27643,0.79556,5.84227,-4.18,6.4859,-4.49167,5.54276,-5.78304,4.59058,-8.41165,8.09354,-4.69292,9.13478,-7.35478,12.82689,-9.69767,14.99162,-14.98207,19.93523,-25.62294,21.83386,-28.15308,24.26161,-31.76353,23.8573,-32.09291,26.00197,-30.98093,25.34406,-26.63969,17.92661,-21.54271,15.55807,-14.56005,9.38182,-12.17994,1.16066,-7.13686,0,0,0,0,0,0,0,0,0,0,0,0,0,0,0,0,0,0,4.55173,-0.77393,0,0,0,0,0,0,0,0,0,0,0,0,7.86418,4.57745,16.88614,-6.12351,16.86179,1.24712,5.88507,-2.33643],"curve":"stepped"},{"time":1.5,"vertices":[0.13893,-1.54975,7.98915,-5.10669,8.29778,-6.77251,1.28712,-1.99908,-0.69514,2.56998,-0.27643,0.79556,5.84227,-4.18,6.4859,-4.49167,5.54276,-5.78304,4.59058,-8.41165,8.09354,-4.69292,9.13478,-7.35478,12.82689,-9.69767,14.99162,-14.98207,19.93523,-25.62294,21.83386,-28.15308,24.26161,-31.76353,23.8573,-32.09291,26.00197,-30.98093,25.34406,-26.63969,17.92661,-21.54271,15.55807,-14.56005,9.38182,-12.17994,1.16066,-7.13686,0,0,0,0,0,0,0,0,0,0,0,0,0,0,0,0,0,0,4.55173,-0.77393,0,0,0,0,0,0,0,0,0,0,0,0,7.86418,4.57745,16.88614,-6.12351,16.86179,1.24712,5.88507,-2.33643]},{"time":1.5667,"vertices":[-11.56307,-0.6283,-8.19869,-2.15271,-8.06642,-2.86663,-11.07098,-0.82088,-11.92053,1.1373,-11.74108,0.37683,2.50383,-1.79143,2.77967,-1.925,2.37547,-2.47845,1.96739,-3.60499,3.46866,-2.01125,3.91491,-3.15205,5.49724,-4.15615,6.42498,-6.42089,8.54367,-10.98126,9.35737,-12.06561,10.39784,-13.61295,10.22456,-13.75411,4.72387,-0.30844,4.42203,2.07926,0.02461,5.11795,1.58758,-0.85373,4.02078,-5.21997,0.49743,-3.05865,0,0,0,0,0,0,0,0,0,0,0,0,0,0,0,0,0,0,1.95074,-0.33168,-11.62261,0.03588,-11.62261,0.03588,-11.62261,0.03588,-11.62261,0.03588,-11.62261,0.03588,-11.62261,0.03588,-8.25224,1.99764,-4.38569,-2.58849,-4.39613,0.57036,-9.10044,-0.96545]},{"time":1.6667,"vertices":[-20.33957,0.06278,-20.33957,0.06278,-20.33957,0.06278,-20.33957,0.06278,-20.33957,0.06278,-20.33957,0.06278,0,0,0,0,0,0,0,0,0,0,0,0,0,0,0,0,0,0,0,0,0,0,0,0,0,0,0,0,0,0,0,0,0,0,0,0,0,0,0,0,0,0,0,0,0,0,0,0,0,0,0,0,0,0,0,0,-20.33957,0.06278,-20.33957,0.06278,-20.33957,0.06278,-20.33957,0.06278,-20.33957,0.06278,-20.33957,0.06278,-20.33957,0.06278,-20.33957,0.06278,-20.33957,0.06278,-20.33957,0.06278]}]}}},"drawOrder":[{"time":0.1,"offsets":[{"slot":"kl3","offset":8},{"slot":"kl2","offset":8},{"slot":"ddd","offset":8},{"slot":"kl1","offset":8}]}]},"pose2":{"slots":{"afa帽子":{"attachment":[{"name":"afa帽子"}]},"bbody":{"attachment":[{"name":"bbody"}]},"bdm":{"attachment":[{"name":"bdm"}]},"bhand":{"attachment":[{"name":"bhand"}]},"bhead":{"attachment":[{"name":"bhead"}]},"bj1":{"attachment":[{"name":"bj1"}]},"bj2":{"attachment":[{"name":"bj2"}]},"bw":{"attachment":[{"name":"bw"}]},"ddd":{"attachment":[{"name":null}]},"kl1":{"attachment":[{"name":null}]},"kl2":{"attachment":[{"name":null}]},"kl3":{"attachment":[{"name":null}]},"kl4":{"attachment":[{"name":"kl3"}]},"kl5":{"attachment":[{"name":"kl2"}]},"kl6":{"attachment":[{"name":"kl1"}]},"root1":{"attachment":[{"name":null}]},"root2":{"attachment":[{"name":null}]},"zbody":{"attachment":[{"name":null}]},"zbq":{"attachment":[{"name":null}]},"zdm":{"attachment":[{"name":null}]},"zhand":{"attachment":[{"name":null}]},"zhand2":{"attachment":[{"name":null}]},"zhead":{"attachment":[{"name":null}]},"zj1":{"attachment":[{"name":null}]},"zj2":{"attachment":[{"name":null}]},"zw":{"attachment":[{"name":null}]},"图层492(3)":{"attachment":[{"name":null}]},"图层492(3)2":{"attachment":[{"name":"图层492(3)"}]},"帽子":{"attachment":[{"name":null}]},"薯片":{"attachment":[{"name":null}]}},"bones":{"b1":{"translate":[{},{"time":0.2667,"y":-8.87},{"time":0.5,"y":0.42},{"time":0.8,"y":-4.95},{"time":1.0333,"y":-0.57},{"time":1.3333}],"scale":[{},{"time":0.2667,"x":0.98,"y":1.02},{"time":0.5,"x":1.02,"y":0.98},{"time":0.8,"x":0.98,"y":1.02},{"time":1.0333,"x":1.02,"y":0.98},{"time":1.3333}]},"bone21":{"rotate":[{},{"time":0.3667,"angle":-24.05},{"time":0.8333,"angle":18.14},{"time":1.3333}]},"bone22":{"rotate":[{"angle":3.77},{"time":0.0667,"angle":1.35},{"time":0.4333,"angle":-22.69},{"time":0.9,"angle":19.49},{"time":1.3333,"angle":3.77}]},"bone23":{"rotate":[{"angle":6.83},{"time":0.1333,"angle":1.99},{"time":0.5,"angle":-33.97},{"time":0.9667,"angle":20.13},{"time":1.3333,"angle":6.83}]},"bone24":{"rotate":[{"angle":12.24},{"time":0.2,"angle":4.98},{"time":0.5667,"angle":-37.92},{"time":1.0333,"angle":23.12},{"time":1.3333,"angle":12.24}]},"bone25":{"rotate":[{},{"time":0.3,"angle":65.73,"curve":"stepped"},{"time":1.1,"angle":65.73},{"time":1.3333}]},"bone26":{"rotate":[{},{"time":0.4333,"angle":7.29},{"time":0.7667,"angle":-7.56},{"time":1.1333,"angle":8.62},{"time":1.3333}]},"bone28":{"rotate":[{"angle":-30.6}]},"bone30":{"rotate":[{"angle":19.84}]},"23e":{"translate":[{"x":5.04,"y":0.22}]},"21":{"translate":[{"x":-12.72,"y":-1.1}]},"bone37":{"rotate":[{},{"time":0.3,"angle":56.77,"curve":"stepped"},{"time":1.0667,"angle":56.77},{"time":1.3333}],"translate":[{},{"time":0.3,"x":58.07,"y":22.02,"curve":"stepped"},{"time":1.0667,"x":58.07,"y":22.02},{"time":1.3333}]}},"deform":{"default":{"kl5":{"kl2":[{},{"time":0.3,"vertices":[6.11919,-1.26591,0,0,7.59906,-0.01348,5.95988,-4.97449,0,0,0,0,0,0,0,0,0,0,0,0,0,0,0,0,0,0,0,0,0,0,0,0,0,0,0,0,0,0,0,0,0,0,0,0,0,0,0,0,0,0,0,0,0,0,0,0,0,0,-0.05629,7.81317,8.2381,12.08635,11.58083,17.34096,9.85172,19.63042,7.2281,14.44242,11.86998,5.95354,8.69609,7.05856,6.07661,6.19176,4.6465,7.36134,0,0,0,0,0,0,0,0,0,0,-4.04863,-0.09017,-2.81921,0.52075,-5.6492,-0.1618,-7.91498,-4.86973,1.83257,1.52565]},{"time":0.6,"vertices":[3.13281,-1.81829,3.49083,-1.47241,7.75076,0.24924,3.62776,-3.02795,0,0,0,0,0,0,0,0,-1.22339,0.59083,-1.15549,0.77583,-2.06152,0.5497,0,0,0,0,0,0,0,0,0,0,0,0,0,0,0,0,0,0,0,0,0,0,0,0,0,0,0,0,0,0,0,0,0,0,0,0,1.27561,8.08185,7.92785,13.35661,9.99168,17.36053,9.40819,20.7577,6.48111,16.63895,7.90796,10.8084,3.60645,12.7823,2.68943,10.99455,4.59699,11.86644,1.25107,5.0647,1.18286,2.73802,0,0,-1.82737,0.25341,-2.5278,7.0913,-1.88358,14.3537,3.01425,11.76861,1.59231,6.99144,-1.23146,-0.51379,1.35553,-1.34594]},{"time":1.0667,"vertices":[2.25966,-5.62186,8.92101,-3.76283,7.98674,0.65791,0,0,0,0,0,0,0,0,0,0,-3.12643,1.5099,-2.95291,1.98267,-5.26834,1.40478,0,0,0,0,0,0,0,0,0,0,0,0,0,0,0,0,0,0,0,0,0,0,0,0,0,0,0,0,0,0,0,0,0.92824,2.41356,0.61296,4.59295,-3.04951,7.65874,3.09729,10.77142,7.51968,17.39098,8.71826,22.51124,5.31912,20.05578,1.74483,18.36041,-4.31076,21.68591,-2.57953,18.46557,4.51997,18.87437,3.19717,12.94312,3.02286,6.99716,0,0,-4.66994,0.64761,-6.76074,9.36368,-16.15221,17.03818,-8.99135,18.63333,-9.84688,16.29734,-6.19664,6.18705,-0.46883,2.53346]},{"time":1.2,"vertices":[-12.83697,1.76366,-9.06694,1.84405,-5.45692,0.32893,-9.45029,-3.0E-5,-9.45029,-3.0E-5,-9.45029,-3.0E-5,-9.45029,-3.0E-5,-9.45029,-3.0E-5,-11.01351,0.75492,-10.92675,0.99131,-12.08446,0.70236,0,0,0,0,0,0,0,0,0,0,0,0,0,0,0,0,0,0,0,0,0,0,0,0,0,0,0,0,0,0,0,0,0.46412,1.20678,0.30648,2.29647,-1.52476,3.82937,1.54865,5.38571,1.5942,-3.46289,5.2917,0.74063,2.19207,1.74382,0.61658,4.66175,-2.13294,6.81107,-1.28976,9.23278,2.25999,9.43719,1.59859,6.47156,1.51143,3.49858,0,0,-11.78526,0.32378,-12.83066,4.68181,-17.52639,8.51906,-11.8173,2.49974,-16.13893,4.50106,-21.34347,6.44573,-17.63105,8.91133]},{"time":1.2667,"vertices":[-17.23381,0.1815,-16.39504,1.40013,-14.95152,-0.11678,-14.17544,-4.0E-5,-14.17544,-4.0E-5,-14.17544,-4.0E-5,-14.17544,-4.0E-5,-14.17544,-4.0E-5,-14.95705,0.37744,-14.91367,0.49563,-15.49252,0.35115,0,0,0,0,0,0,0,0,0,0,0,0,0,0,0,0,0,0,0,0,0,0,0,0,0,0,0,0,0,0,0,0,0.23206,0.60339,0.15324,1.14824,-0.76238,1.91468,0.77432,2.69285,2.29269,-3.13961,2.86221,0.38702,1.27085,-0.05498,0.05246,-2.1876,-1.04403,-0.62636,-0.64488,4.61639,1.12999,4.71859,0.79929,3.23578,0.75571,1.74929,0,0,-15.34292,0.16186,-15.86562,2.34088,-18.21349,4.2595,-16.42327,4.65829,-16.63716,4.07429,-21.92528,4.54764,-21.05159,6.27691]},{"time":1.3333,"vertices":[-18.90058,-5.0E-5,-18.90058,-5.0E-5,-18.90058,-5.0E-5,-18.90058,-5.0E-5,-18.90058,-5.0E-5,-18.90058,-5.0E-5,-18.90058,-5.0E-5,-18.90058,-5.0E-5,-18.90058,-5.0E-5,-18.90058,-5.0E-5,-18.90058,-5.0E-5,0,0,0,0,0,0,0,0,0,0,0,0,0,0,0,0,0,0,0,0,0,0,0,0,0,0,0,0,0,0,0,0,0,0,0,0,0,0,0,0,0,0,0,0,0,0,0,0,0,0,0,0,0,0,0,0,0,0,0,0,-18.90058,-5.0E-5,-18.90058,-5.0E-5,-18.90058,-5.0E-5,-18.90058,-5.0E-5,-18.90058,-5.0E-5,-18.90058,-5.0E-5,-18.90058]}]}}}},"walk1":{"slots":{"root1":{"attachment":[{"name":null}]},"root2":{"attachment":[{"name":null}]},"图层492(3)2":{"attachment":[{"time":1.1,"name":"图层492(3)"}]}},"bones":{"5465":{"translate":[{},{"time":0.2667,"y":8.89},{"time":0.5667},{"time":0.8333,"y":8.89},{"time":1.1}],"scale":[{},{"time":0.2667,"x":0.95,"y":1.05},{"time":0.5667,"x":1.02,"y":0.98},{"time":0.8333,"x":0.95,"y":1.05},{"time":1.1}]},"bone4":{"rotate":[{"angle":21.67},{"time":0.5667,"angle":-1.59},{"time":1.1,"angle":21.67}]},"bone5":{"rotate":[{},{"time":0.3333,"angle":25.58},{"time":0.6667,"angle":-10.92},{"time":1.1}]},"bone14":{"rotate":[{},{"time":0.6,"angle":-21.83},{"time":1.1}]},"bone15":{"rotate":[{"angle":-5.33},{"time":0.0667,"angle":-2.42},{"time":0.6667,"angle":-24.25},{"time":1.1,"angle":-5.33}]},"bone16":{"rotate":[{"angle":-10.66},{"time":0.1333,"angle":-4.84},{"time":0.7333,"angle":-26.67},{"time":1.1,"angle":-10.66}]},"bone17":{"rotate":[{"angle":-15.99},{"time":0.2,"angle":-7.26},{"time":0.8,"angle":-29.09},{"time":1.1,"angle":-15.99}]},"target":{"translate":[{"x":11.28,"y":7.52},{"time":0.2667,"x":-8.35,"y":15.45},{"time":0.5667,"x":-30.43,"y":-2.51},{"time":1.1,"x":11.28,"y":7.52}]},"target2":{"translate":[{"x":-6.84,"y":1.03},{"time":0.5667,"x":27.46,"y":24.77},{"time":0.8333,"x":10.31,"y":24.18},{"time":1.1,"x":-6.84,"y":1.03}]},"bone10":{"scale":[{},{"time":0.2667,"x":0.8,"y":0.8},{"time":0.5667},{"time":0.8333,"x":0.8,"y":0.8},{"time":1.1}]},"bone13":{"translate":[{},{"time":0.3333,"y":3.62},{"time":0.6667,"x":5.03,"y":1.36},{"time":1.1}]},"bone33":{"rotate":[{},{"time":0.5667,"angle":27.57},{"time":1.1}]},"mz":{"rotate":[{},{"time":0.5333,"angle":-5.4},{"time":1.1}]},"bone8":{"rotate":[{"angle":-15.61}]},"bone11":{"rotate":[{"angle":36}]},"bone34":{"rotate":[{"angle":1.96},{"time":0.0667},{"time":0.6333,"angle":15.72},{"time":1.1,"angle":1.96}]}}},"walk2":{"slots":{"afa帽子":{"attachment":[{"name":"afa帽子"}]},"bbody":{"attachment":[{"name":"bbody"}]},"bdm":{"attachment":[{"name":"bdm"}]},"bhand":{"attachment":[{"name":"bhand"}]},"bhead":{"attachment":[{"name":"bhead"}]},"bj1":{"attachment":[{"name":"bj1"}]},"bj2":{"attachment":[{"name":"bj2"}]},"bw":{"attachment":[{"name":"bw"}]},"ddd":{"attachment":[{"name":null}]},"kl1":{"attachment":[{"name":null}]},"kl2":{"attachment":[{"name":null}]},"kl3":{"attachment":[{"name":null}]},"kl4":{"attachment":[{"name":"kl3"}]},"kl5":{"attachment":[{"name":"kl2"}]},"kl6":{"attachment":[{"name":"kl1"}]},"root1":{"attachment":[{"name":null}]},"root2":{"attachment":[{"name":null}]},"zbody":{"attachment":[{"name":null}]},"zbq":{"attachment":[{"name":null}]},"zdm":{"attachment":[{"name":null}]},"zhand":{"attachment":[{"name":null}]},"zhand2":{"attachment":[{"name":null}]},"zhead":{"attachment":[{"name":null}]},"zj1":{"attachment":[{"name":null}]},"zj2":{"attachment":[{"name":null}]},"zw":{"attachment":[{"name":null}]},"图层492(3)":{"attachment":[{"name":null}]},"图层492(3)2":{"attachment":[{"name":"图层492(3)"}]},"帽子":{"attachment":[{"name":null}]},"薯片":{"attachment":[{"name":null}]}},"bones":{"b1":{"translate":[{},{"time":0.2667,"y":9.08},{"time":0.5667},{"time":0.8333,"y":9.08},{"time":1.1}],"scale":[{},{"time":0.2667,"x":0.95,"y":1.02},{"time":0.5667},{"time":0.8333,"x":0.95,"y":1.02},{"time":1.1}]},"bone20":{"rotate":[{},{"time":0.6,"angle":-4.84},{"time":1.1}]},"bone21":{"rotate":[{},{"time":0.4667,"angle":25.67},{"time":1.1}]},"bone22":{"rotate":[{"angle":9.34},{"time":0.0667,"angle":6.64},{"time":0.5333,"angle":32.31},{"time":1.1,"angle":9.34}]},"bone23":{"rotate":[{"angle":17.97},{"time":0.1333,"angle":12.57},{"time":0.6,"angle":38.24},{"time":1.1,"angle":17.97}]},"bone24":{"rotate":[{"angle":28.81},{"time":0.2,"angle":20.71},{"time":0.6667,"angle":46.38},{"time":1.1,"angle":28.81}]},"bone25":{"rotate":[{},{"time":0.5,"angle":13.23},{"time":1.1}]},"bone26":{"rotate":[{},{"time":0.3333,"angle":4.88},{"time":0.7,"angle":-15.12},{"time":1.1}]},"bone28":{"rotate":[{"angle":-30.6}],"translate":[{"x":4.48,"y":2.68}]},"bone30":{"rotate":[{"angle":19.84}],"translate":[{"x":7.85,"y":3.28},{"time":0.5667,"x":1.11,"y":7.67},{"time":1.1,"x":7.85,"y":3.28}]},"23e":{"rotate":[{"angle":-12.58},{"time":0.5667,"angle":79.19},{"time":1.1,"angle":-12.58}],"translate":[{"x":-8.88,"y":1.93},{"time":0.2667,"x":10.11,"y":25.94},{"time":0.5667,"x":31.47,"y":31.58},{"time":1.1,"x":-8.88,"y":1.93}]},"21":{"rotate":[{},{"time":0.5667,"angle":-69.12},{"time":1.1}],"translate":[{"x":9.49,"y":17.08},{"time":0.5667,"x":-25.01,"y":2.1},{"time":0.8333,"x":-7.76,"y":22.24},{"time":1.1,"x":9.49,"y":17.08}]},"bone19":{"scale":[{},{"time":0.2667,"x":0.8,"y":0.8},{"time":0.5667},{"time":0.8333,"x":0.8,"y":0.8},{"time":1.1}]},"bone31":{"rotate":[{"angle":61.87}]}}},"work1":{"slots":{"afa帽子":{"attachment":[{"name":"afa帽子"}]},"bbody":{"attachment":[{"name":"bbody"}]},"bdm":{"attachment":[{"name":"bdm"}]},"bhand":{"attachment":[{"name":"bhand"}]},"bhead":{"attachment":[{"name":"bhead"}]},"bj1":{"attachment":[{"name":"bj1"}]},"bj2":{"attachment":[{"name":"bj2"}]},"bw":{"attachment":[{"name":"bw"}]},"ddd":{"attachment":[{"name":null}]},"ja":{"color":[{"time":0.4333,"color":"ffffffff"},{"time":0.5,"color":"ffffffdd"},{"time":0.5667,"color":"ffffff00"},{"time":0.7,"color":"ffffffff"},{"time":0.7667,"color":"ffffffdb"},{"time":0.8333,"color":"ffffff00"},{"time":1.0333,"color":"ffffffff"},{"time":1.1333,"color":"ffffffdc"},{"time":1.2,"color":"ffffff00"}],"attachment":[{"time":0.4333,"name":"ja"},{"time":0.6,"name":null},{"time":0.7,"name":"ja"},{"time":0.8667,"name":null},{"time":1.0333,"name":"ja"},{"time":2.9667,"name":null}]},"kl1":{"attachment":[{"name":null}]},"kl2":{"attachment":[{"name":null}]},"kl3":{"attachment":[{"name":null}]},"sdv1":{"attachment":[{"time":0.8,"name":"sdv1"},{"time":1.9667,"name":null}]},"sdv2":{"attachment":[{"time":0.8,"name":"sdv1"},{"time":1.9667,"name":null}]},"zbody":{"attachment":[{"name":null}]},"zbq":{"attachment":[{"name":null}]},"zdm":{"attachment":[{"name":null}]},"zhand":{"attachment":[{"name":null}]},"zhand2":{"attachment":[{"name":null}]},"zhead":{"attachment":[{"name":null}]},"zj1":{"attachment":[{"name":null}]},"zj2":{"attachment":[{"name":null}]},"zw":{"attachment":[{"name":null}]},"图层492(3)":{"attachment":[{"name":null}]},"图层492(3)2":{"attachment":[{"name":"图层492(3)"}]},"帽子":{"attachment":[{"name":null}]},"薯片":{"attachment":[{"name":null}]},"饮料机":{"attachment":[{"name":"饮料机"}]},"饮料机4":{"attachment":[{"name":"饮料机"}]}},"bones":{"b1":{"rotate":[{"time":1.5667},{"time":1.9667,"angle":-29.47},{"time":2.2333,"angle":-20.79},{"time":2.4667,"angle":-28.54},{"time":2.6333,"angle":-20.63},{"time":2.9667}],"translate":[{},{"time":0.2,"x":2.68,"y":8.58,"curve":"stepped"},{"time":1.0667,"x":2.68,"y":8.58},{"time":1.3}],"scale":[{},{"time":0.2,"x":0.98,"y":1.02},{"time":0.6333,"x":1.02,"y":0.98},{"time":0.8667,"x":0.98,"y":1.02},{"time":1.0667,"x":1.02,"y":0.98},{"time":1.3}]},"bone20":{"rotate":[{},{"time":0.8,"angle":3.95},{"time":1.5667},{"time":2.2667,"angle":-6.22},{"time":2.9667}]},"bone21":{"rotate":[{"angle":-1.88},{"time":0.5,"angle":-40.77},{"time":1.2667,"angle":10.24},{"time":2.0333,"angle":-44.6},{"time":2.9667,"angle":-1.88}]},"bone22":{"rotate":[{"angle":11.09},{"time":0.0667,"angle":14.14},{"time":0.5667,"angle":-24.75},{"time":1.3333,"angle":26.26},{"time":2.1,"angle":-28.57},{"time":2.9667,"angle":11.09}]},"bone23":{"rotate":[{"angle":24.01},{"time":0.1333,"angle":30.12},{"time":0.6333,"angle":-8.78},{"time":1.4,"angle":42.24},{"time":2.1667,"angle":-12.6},{"time":2.9667,"angle":24.01}]},"bone24":{"rotate":[{"angle":38.28},{"time":0.2333,"angle":48.96},{"time":0.7333,"angle":10.07},{"time":1.5,"angle":61.08},{"time":2.2667,"angle":6.24},{"time":2.9667,"angle":38.28}]},"bone25":{"rotate":[{},{"time":0.2,"angle":120.44},{"time":0.4333,"angle":78.64},{"time":0.6667,"angle":120.44},{"time":0.8667,"angle":78.64},{"time":1.0667,"angle":120.44},{"time":1.2667,"angle":78.64},{"time":1.5667},{"time":1.9667,"angle":76.24},{"time":2.6667,"angle":38.14},{"time":2.9667}],"translate":[{"time":1.5667},{"time":2.2,"x":5.56,"y":-8.84},{"time":2.4667,"x":6.33,"y":-4.11},{"time":2.6667,"x":4.15,"y":-5.79},{"time":2.9667}]},"bone26":{"rotate":[{},{"time":0.4667,"angle":12.64},{"time":0.7333,"angle":-7.24},{"time":1,"angle":10},{"time":1.3}]},"bone28":{"rotate":[{"angle":-30.6}],"translate":[{"x":4.48,"y":2.68}]},"bone30":{"rotate":[{"angle":19.84}],"translate":[{"x":1.46,"y":4.55}]},"23e":{"rotate":[{"angle":-12.58}],"translate":[{"x":1.11,"y":3.36}]},"21":{"rotate":[{"angle":-50.07}],"translate":[{"x":-15.49,"y":4.23}]},"bone19":{"translate":[{"time":1.8333},{"time":2.0667,"x":-11.6},{"time":2.2333,"x":-5.35},{"time":2.4333,"x":-12.49},{"time":2.6,"x":-0.89},{"time":2.7667,"x":-5.35}],"scale":[{},{"time":0.2667,"x":0.8,"y":0.8,"curve":"stepped"},{"time":1.1333,"x":0.8,"y":0.8},{"time":1.3}]},"bone31":{"rotate":[{"angle":61.87}]},"bone38":{"rotate":[{"time":0.4333,"angle":-8.91}],"translate":[{"time":0.4333,"x":10.86,"y":60.94}],"scale":[{"time":0.4333,"x":0.4,"y":0.4},{"time":0.5667},{"time":0.7,"x":0.6,"y":0.6},{"time":0.8333},{"time":1.0333,"x":0.6,"y":0.6},{"time":1.2}]},"zdaf":{"translate":[{"x":43.87,"y":-13.5}]},"zdaf2":{"translate":[{"time":0.8,"y":28.37},{"time":1,"x":4.63,"y":-3.05}]},"zdaf3":{"translate":[{"x":43.87,"y":-13.5}]},"zdaf4":{"translate":[{"time":0.8,"y":28.37},{"time":1,"x":4.63,"y":-3.05}]}}},"work2":{"slots":{"ja2":{"color":[{"time":0.4333,"color":"ffffffff"},{"time":0.5333,"color":"ffffffd0"},{"time":0.6,"color":"ffffff00"},{"time":0.8,"color":"ffffffff"},{"time":0.9,"color":"ffffffd0"},{"time":0.9667,"color":"ffffff00"},{"time":1.2333,"color":"ffffffff"},{"time":1.3333,"color":"ffffffd0"},{"time":1.4,"color":"ffffff00"}],"attachment":[{"time":0.4333,"name":"ja"},{"time":0.6333,"name":null},{"time":0.8,"name":"ja"},{"time":1,"name":null},{"time":1.2333,"name":"ja"},{"time":2.5333,"name":null}]},"root1":{"attachment":[{"name":null}]},"root2":{"attachment":[{"name":null}]},"薯片":{"attachment":[{"name":null}]},"饮料机2":{"attachment":[{"name":"饮料机2"}]},"饮料机3":{"attachment":[{"name":"饮料机2"}]}},"bones":{"bone39":{"translate":[{"x":-62.08,"y":33.56}],"scale":[{"time":0.4333,"x":0.6,"y":0.6},{"time":0.6},{"time":0.8,"x":0.6,"y":0.6},{"time":0.9667},{"time":1.2333,"x":0.6,"y":0.6},{"time":1.4}]},"target2":{"translate":[{"x":15.3}]},"5465":{"rotate":[{},{"time":0.8,"angle":-4.23},{"time":1.5},{"time":1.7667,"angle":20.71},{"time":2,"angle":16.96},{"time":2.2333,"angle":19.56},{"time":2.5333}],"translate":[{"x":0.76,"y":-3.17},{"time":0.3,"y":8.66},{"time":1.3,"y":4.75},{"time":1.5,"y":-3.17},{"time":1.7667,"y":-12.29},{"time":2.5333,"x":0.76,"y":-3.17}],"scale":[{},{"time":0.3,"x":0.98,"y":1.02},{"time":0.6667,"x":1.02,"y":0.98},{"time":1.0667,"x":0.98,"y":1.02},{"time":1.5}]},"bone4":{"rotate":[{},{"time":0.3,"angle":-94.42},{"time":0.5,"angle":-47.54},{"time":0.7,"angle":-81.62},{"time":0.9,"angle":-23.62},{"time":1.1,"angle":-81.62},{"time":1.3333,"angle":-23.62},{"time":1.5}],"translate":[{"time":1.8},{"time":2.1,"x":-10.2,"y":9.54},{"time":2.5333}]},"bone5":{"rotate":[{},{"time":0.4,"angle":20.83},{"time":0.8,"angle":-16.75},{"time":1.2,"angle":19.18},{"time":1.5},{"time":2,"angle":-18.29},{"time":2.3,"angle":1.13},{"time":2.5333}]},"bone2":{"rotate":[{},{"time":0.4,"angle":-5.19},{"time":1.5},{"time":2,"angle":7.03},{"time":2.5333}]},"bone14":{"rotate":[{},{"time":0.5333,"angle":-17.89},{"time":1.0333,"angle":10.67},{"time":1.5}]},"bone15":{"rotate":[{"angle":1.52},{"time":0.0667},{"time":0.6,"angle":-17.89},{"time":1.1,"angle":10.67},{"time":1.5,"angle":1.52}]},"bone16":{"rotate":[{"angle":3.05},{"time":0.1333},{"time":0.6667,"angle":-17.89},{"time":1.1667,"angle":10.67},{"time":1.5,"angle":3.05}]},"bone17":{"rotate":[{"angle":4.57},{"time":0.2},{"time":0.7333,"angle":-17.89},{"time":1.2333,"angle":10.67},{"time":1.5,"angle":4.57}]},"21":{"scale":[{},{"time":0.2667,"x":0.8,"y":0.8,"curve":"stepped"},{"time":1.3333,"x":0.8,"y":0.8},{"time":1.5}]},"23e":{"scale":[{},{"time":0.2667,"x":0.8,"y":0.8,"curve":"stepped"},{"time":1.3333,"x":0.8,"y":0.8},{"time":1.5}]},"bone":{"scale":[{},{"time":0.2667,"x":0.8,"y":0.8,"curve":"stepped"},{"time":1.3333,"x":0.8,"y":0.8},{"time":1.5}]},"bone10":{"scale":[{},{"time":0.3333,"x":0.8,"y":0.8,"curve":"stepped"},{"time":1.3333,"x":0.8,"y":0.8},{"time":1.5}]}}}}}