{"skeleton":{"hash":"kjWhuwuU9gw","spine":"3.8-from-4.0-from-4.1.17","images":"./images/","audio":"E:/游戏项目/健身房/spine/引导点击"},"bones":[{"name":"root"},{"name":"bone","parent":"root"},{"name":"bone2","parent":"root"},{"name":"bone3","parent":"root","x":-11.16},{"name":"bone4","parent":"root","x":56.82,"y":-86.49},{"name":"bone5","parent":"root","x":-11.16},{"name":"bone6","parent":"root","x":-11.16},{"name":"bone7","parent":"root","x":-11.16},{"name":"bone8","parent":"root","x":-11.16},{"name":"bone9","parent":"root","x":-11.16},{"name":"bone10","parent":"root","x":-11.16},{"name":"bone11","parent":"root","x":-11.16},{"name":"bone12","parent":"root","x":-11.16},{"name":"bone13","parent":"root","x":-11.16},{"name":"bone14","parent":"root","x":-11.16}],"slots":[{"name":"nq","bone":"bone"},{"name":"wq","bone":"bone2"},{"name":"xx","bone":"bone3"},{"name":"xx2","bone":"bone5"},{"name":"xx4","bone":"bone7"},{"name":"xx3","bone":"bone6"},{"name":"xx5","bone":"bone8"},{"name":"xx6","bone":"bone9"},{"name":"xx8","bone":"bone11"},{"name":"xx9","bone":"bone12"},{"name":"xx11","bone":"bone14"},{"name":"xx10","bone":"bone13"},{"name":"xx7","bone":"bone10"},{"name":"sz","bone":"bone4"}],"skins":[{"name":"default","attachments":{"nq":{"nq":{"width":248,"height":248}},"sz":{"sz":{"x":-2.27,"y":14.68,"width":85,"height":110}},"wq":{"wq":{"width":375,"height":375}},"xx":{"xx":{"x":-0.49,"y":0.66,"width":42,"height":42}},"xx2":{"xx":{"x":-0.49,"y":0.66,"width":42,"height":42}},"xx3":{"xx":{"x":-0.49,"y":0.66,"width":42,"height":42}},"xx4":{"xx":{"x":-0.49,"y":0.66,"width":42,"height":42}},"xx5":{"xx":{"x":-0.49,"y":0.66,"width":42,"height":42}},"xx6":{"xx":{"x":-0.49,"y":0.66,"width":42,"height":42}},"xx7":{"xx":{"x":-0.49,"y":0.66,"width":42,"height":42}},"xx8":{"xx":{"x":-0.49,"y":0.66,"width":42,"height":42}},"xx9":{"xx":{"x":-0.49,"y":0.66,"width":42,"height":42}},"xx10":{"xx":{"x":-0.49,"y":0.66,"width":42,"height":42}},"xx11":{"xx":{"x":-0.49,"y":0.66,"width":42,"height":42}}}}],"animations":{"click":{"slots":{"nq":{"color":[{"time":0.4667,"color":"ffffff00"},{"time":0.6333,"color":"ffffffdc"},{"time":0.7,"color":"ffffffce"},{"time":0.9333,"color":"ffffff00"}],"attachment":[{"name":"nq"}]},"sz":{"attachment":[{"name":"sz"}]},"wq":{"color":[{"time":0.3667,"color":"ffffff00"},{"time":0.5333,"color":"ffffffea"},{"time":0.7333,"color":"ffffffd2"},{"time":0.8667,"color":"ffffff00"}],"attachment":[{"name":"wq"}]},"xx":{"color":[{"time":0.4333,"color":"ffffff00"},{"time":0.5,"color":"fffffffe","curve":"stepped"},{"time":0.9333,"color":"ffffffff"},{"time":1.0333,"color":"ffffff00"}],"attachment":[{"time":0.4333,"name":"xx"}]},"xx2":{"color":[{"time":0.4333,"color":"ffffff00"},{"time":0.5,"color":"fffffffe","curve":"stepped"},{"time":0.9333,"color":"ffffffff"},{"time":1.0333,"color":"ffffff00"}],"attachment":[{"time":0.4333,"name":"xx"}]},"xx3":{"color":[{"time":0.4333,"color":"ffffff00"},{"time":0.5,"color":"fffffffe","curve":"stepped"},{"time":0.9333,"color":"ffffffff"},{"time":1.0333,"color":"ffffff00"}],"attachment":[{"time":0.4333,"name":"xx"}]},"xx4":{"color":[{"time":0.4333,"color":"ffffff00"},{"time":0.5,"color":"fffffffe","curve":"stepped"},{"time":0.9333,"color":"ffffffff"},{"time":1.0333,"color":"ffffff00"}],"attachment":[{"time":0.4333,"name":"xx"}]},"xx5":{"color":[{"time":0.4333,"color":"ffffff00"},{"time":0.5,"color":"fffffffe","curve":"stepped"},{"time":0.9333,"color":"ffffffff"},{"time":1.0333,"color":"ffffff00"}],"attachment":[{"time":0.4333,"name":"xx"}]},"xx6":{"color":[{"time":0.5333,"color":"ffffff00"},{"time":0.6,"color":"fffffffe","curve":"stepped"},{"time":1.0333,"color":"ffffffff"},{"time":1.1333,"color":"ffffff00"}],"attachment":[{"time":0.5333,"name":"xx"}]},"xx7":{"color":[{"time":0.5333,"color":"ffffff00"},{"time":0.6,"color":"fffffffe","curve":"stepped"},{"time":1.0333,"color":"ffffffff"},{"time":1.1333,"color":"ffffff00"}],"attachment":[{"time":0.5333,"name":"xx"}]},"xx8":{"color":[{"time":0.5333,"color":"ffffff00"},{"time":0.6,"color":"fffffffe","curve":"stepped"},{"time":1.0333,"color":"ffffffff"},{"time":1.1333,"color":"ffffff00"}],"attachment":[{"time":0.5333,"name":"xx"}]},"xx9":{"color":[{"time":0.5333,"color":"ffffff00"},{"time":0.6,"color":"fffffffe","curve":"stepped"},{"time":1.0333,"color":"ffffffff"},{"time":1.1333,"color":"ffffff00"}],"attachment":[{"time":0.5333,"name":"xx"}]},"xx10":{"color":[{"time":0.5333,"color":"ffffff00"},{"time":0.6,"color":"fffffffe","curve":"stepped"},{"time":1.0333,"color":"ffffffff"},{"time":1.1333,"color":"ffffff00"}],"attachment":[{"time":0.5333,"name":"xx"}]},"xx11":{"color":[{"time":0.5333,"color":"ffffff00"},{"time":0.6,"color":"fffffffe","curve":"stepped"},{"time":1.0333,"color":"ffffffff"},{"time":1.1333,"color":"ffffff00"}],"attachment":[{"time":0.5333,"name":"xx"}]}},"bones":{"bone4":{"translate":[{},{"time":0.3667,"x":-38.73,"y":21.66},{"time":0.8667}],"scale":[{},{"time":0.3667,"x":0.9,"y":0.9},{"time":0.8667}]},"bone":{"scale":[{"x":0,"y":0,"curve":"stepped"},{"time":0.4667,"x":0,"y":0},{"time":0.9333}]},"bone2":{"scale":[{"x":0,"y":0,"curve":"stepped"},{"time":0.3667,"x":0,"y":0},{"time":0.8667}]},"bone3":{"translate":[{"time":0.4333},{"time":0.7667,"x":-165.92},{"time":1.0333,"x":-229.74}],"scale":[{"time":0.4333,"x":0,"y":0},{"time":0.7333},{"time":1.0333,"x":0,"y":0}]},"bone5":{"translate":[{"time":0.4333},{"time":0.8,"x":-53.57,"y":-123.26},{"time":1.0333,"x":-74.17,"y":-170.67}],"scale":[{"time":0.4333,"x":0,"y":0},{"time":0.7333},{"time":1.0333,"x":0,"y":0}]},"bone6":{"translate":[{"time":0.4333},{"time":1.0333,"x":168.75,"y":-170.67}],"scale":[{"time":0.4333,"x":0,"y":0},{"time":0.7333},{"time":1.0333,"x":0,"y":0}]},"bone7":{"translate":[{"time":0.4333},{"time":0.8333,"x":-47.05,"y":135.62},{"time":1.0333,"x":-73.2,"y":190.98}],"scale":[{"time":0.4333,"x":0,"y":0},{"time":0.7333},{"time":1.0333,"x":0,"y":0}]},"bone8":{"translate":[{"time":0.4333},{"time":1.0333,"x":240.32,"y":118.48}],"scale":[{"time":0.4333,"x":0,"y":0},{"time":0.7333},{"time":1.0333,"x":0,"y":0}]},"bone9":{"translate":[{"time":0.5333},{"time":1.1333,"x":155.07,"y":6.25}],"scale":[{"time":0.5333,"x":0,"y":0},{"time":0.8333},{"time":1.1333,"x":0,"y":0}]},"bone10":{"translate":[{"time":0.5333},{"time":1.1333,"x":-14.03,"y":-163.82}],"scale":[{"time":0.5333,"x":0,"y":0},{"time":0.8333},{"time":1.1333,"x":0,"y":0}]},"bone11":{"translate":[{"time":0.5333},{"time":1.1333,"x":63.19,"y":-123.75}],"scale":[{"time":0.5333,"x":0,"y":0},{"time":0.8333},{"time":1.1333,"x":0,"y":0}]},"bone12":{"translate":[{"time":0.5333},{"time":1.1333,"x":-142.07,"y":6.25}],"scale":[{"time":0.5333,"x":0,"y":0},{"time":0.8333},{"time":1.1333,"x":0,"y":0}]},"bone13":{"translate":[{"time":0.5333},{"time":1.1333,"x":7.27,"y":174.25}],"scale":[{"time":0.5333,"x":0,"y":0},{"time":0.8333},{"time":1.1333,"x":0,"y":0}]},"bone14":{"translate":[{"time":0.5333},{"time":1.1333,"x":290.19,"y":6.25}],"scale":[{"time":0.5333,"x":0,"y":0},{"time":0.8333},{"time":1.1333,"x":0,"y":0}]}}},"move":{"slots":{"sz":{"attachment":[{"name":"sz"}]}},"bones":{"bone4":{"translate":[{"x":-41.78,"y":25.93}]}}},"move2":{"slots":{"sz":{"attachment":[{"name":"sz"}]}},"bones":{"bone4":{"translate":[{"x":-41.78,"y":25.93}]}}}}}