{"skeleton":{"hash":"E5Xtqs6OUPY","spine":"3.8-from-4.0-from-4.1.23","x":-104.59,"y":-97.12,"width":210.21,"height":189.02,"images":"./images/","audio":"E:/游戏项目/健身房/spine/合成光效"},"bones":[{"name":"root"},{"name":"bone","parent":"root","scaleX":1.2,"scaleY":1.2},{"name":"bone2","parent":"bone"},{"name":"bone3","parent":"bone"},{"name":"bone4","parent":"bone"},{"name":"bone5","parent":"bone","x":55.73,"y":12.9},{"name":"bone6","parent":"bone","x":-43.45,"y":-44.33},{"name":"bone7","parent":"bone","length":12.2,"rotation":90,"x":-9.51,"y":48.75},{"name":"bone8","parent":"bone","length":12.2,"rotation":90,"x":-9.51,"y":-70.26},{"name":"bone9","parent":"bone","length":12.2,"rotation":90,"x":-9.51,"y":-70.26},{"name":"bone10","parent":"bone","length":12.2,"rotation":90,"x":-9.51,"y":-70.26},{"name":"bone11","parent":"bone","length":12.2,"rotation":90,"x":-9.51,"y":-70.26},{"name":"bone12","parent":"bone","length":12.2,"rotation":90,"x":-9.51,"y":-70.26},{"name":"bone13","parent":"bone","length":12.2,"rotation":90,"x":-9.51,"y":-70.26},{"name":"bone14","parent":"bone","length":12.2,"rotation":90,"x":-9.51,"y":-70.26},{"name":"bone15","parent":"bone","length":12.2,"rotation":90,"x":-9.51,"y":-70.26},{"name":"bone16","parent":"bone","length":12.2,"rotation":90,"x":-9.51,"y":-70.26},{"name":"bone17","parent":"bone","length":12.2,"rotation":90,"x":-9.51,"y":-70.26},{"name":"bone18","parent":"bone","x":55.73,"y":12.9},{"name":"bone19","parent":"bone","x":55.73,"y":12.9},{"name":"bone20","parent":"bone","x":55.73,"y":12.9},{"name":"bone21","parent":"bone","x":13.03,"y":-7.71},{"name":"bone22","parent":"bone","x":-10.8,"y":18.32},{"name":"bone23","parent":"root","color":"ff1616ff"},{"name":"bone30","parent":"root","x":-1.3,"y":2.65},{"name":"bone24","parent":"bone30","length":31.27,"rotation":121.69,"x":-0.03,"y":-0.35},{"name":"bone25","parent":"bone30","length":31.27,"rotation":-117.75,"x":-0.03,"y":-0.35},{"name":"bone26","parent":"bone30","length":31.27,"rotation":-6.92,"x":-0.03,"y":-0.35},{"name":"bone27","parent":"bone30","length":31.27,"rotation":-177.38,"x":-0.03,"y":-0.35},{"name":"bone28","parent":"bone30","length":31.27,"rotation":-57.96,"x":-0.03,"y":-0.35},{"name":"bone29","parent":"bone30","length":31.27,"rotation":49.78,"x":-0.03,"y":-0.35},{"name":"bone31","parent":"root","color":"ff3a3aff"},{"name":"bone32","parent":"bone","x":32.47,"y":14.72},{"name":"bone33","parent":"bone","x":-28.32,"y":-1.2,"scaleX":0.8,"scaleY":0.8},{"name":"bone34","parent":"bone","x":-13.02,"y":-17.35,"scaleX":0.8,"scaleY":0.8},{"name":"bone35","parent":"root","scaleX":0.9,"scaleY":0.9}],"slots":[{"name":"合成界面","bone":"root"},{"name":"图层 1","bone":"root"},{"name":"ihon_h2","bone":"bone4"},{"name":"guangyun01@2x","bone":"bone2"},{"name":"椭圆 2","bone":"bone3"},{"name":"gd","bone":"bone5"},{"name":"gd2","bone":"bone18"},{"name":"gd3","bone":"bone19"},{"name":"gd4","bone":"bone20"},{"name":"df","bone":"bone7"},{"name":"df2","bone":"bone8"},{"name":"df3","bone":"bone9"},{"name":"df4","bone":"bone10"},{"name":"df5","bone":"bone11"},{"name":"df8","bone":"bone14"},{"name":"df9","bone":"bone15"},{"name":"df10","bone":"bone16"},{"name":"df11","bone":"bone17"},{"name":"df7","bone":"bone13"},{"name":"df6","bone":"bone12"},{"name":"dd","bone":"bone6"},{"name":"dd2","bone":"bone21"},{"name":"dd3","bone":"bone22"},{"name":"dd5","bone":"bone33"},{"name":"dd6","bone":"bone34"},{"name":"FDAD","bone":"bone23","color":"feff39ff","attachment":"椭圆 2"},{"name":"图层 2","bone":"bone24","attachment":"图层 2"},{"name":"图层 5","bone":"bone27","attachment":"图层 2"},{"name":"图层 3","bone":"bone25","attachment":"图层 2"},{"name":"dd4","bone":"bone32"},{"name":"图层 6","bone":"bone28","attachment":"图层 2"},{"name":"图层 4","bone":"bone26","attachment":"图层 2"},{"name":"图层 7","bone":"bone29","attachment":"图层 2"},{"name":"qqq","bone":"bone31","attachment":"qqq"},{"name":"组 1","bone":"bone35","color":"ffffff5e"}],"skins":[{"name":"default","attachments":{"dd":{"dd":{"x":-0.41,"y":0.42,"width":29,"height":29}},"dd2":{"dd":{"x":-0.41,"y":0.42,"width":29,"height":29}},"dd3":{"dd":{"x":-0.41,"y":0.42,"width":29,"height":29}},"dd4":{"dd":{"x":-0.41,"y":0.42,"width":29,"height":29}},"dd5":{"dd":{"x":-0.41,"y":0.42,"width":29,"height":29}},"dd6":{"dd":{"x":-0.41,"y":0.42,"width":29,"height":29}},"df":{"df":{"x":4.94,"y":-0.09,"rotation":-90,"width":8,"height":23}},"df2":{"df":{"x":4.94,"y":-0.09,"rotation":-90,"width":8,"height":23}},"df3":{"df":{"x":4.94,"y":-0.09,"rotation":-90,"width":8,"height":23}},"df4":{"df":{"x":4.94,"y":-0.09,"rotation":-90,"width":8,"height":23}},"df5":{"df":{"x":4.94,"y":-0.09,"rotation":-90,"width":8,"height":23}},"df6":{"df":{"x":4.94,"y":-0.09,"rotation":-90,"width":8,"height":23}},"df7":{"df":{"x":4.94,"y":-0.09,"rotation":-90,"width":8,"height":23}},"df8":{"df":{"x":4.94,"y":-0.09,"rotation":-90,"width":8,"height":23}},"df9":{"df":{"x":4.94,"y":-0.09,"rotation":-90,"width":8,"height":23}},"df10":{"df":{"x":4.94,"y":-0.09,"rotation":-90,"width":8,"height":23}},"df11":{"df":{"x":4.94,"y":-0.09,"rotation":-90,"width":8,"height":23}},"FDAD":{"椭圆 2":{"path":"fff","scaleX":0.8,"scaleY":0.8,"width":135,"height":135}},"gd":{"gd":{"x":0.32,"y":-0.23,"width":26,"height":25}},"gd2":{"gd":{"x":0.32,"y":-0.23,"width":26,"height":25}},"gd3":{"gd":{"x":0.32,"y":-0.23,"width":26,"height":25}},"gd4":{"gd":{"x":0.32,"y":-0.23,"width":26,"height":25}},"guangyun01@2x":{"guangyun01@2x":{"path":"qqq3","x":-1.17,"y":1.17,"width":116,"height":115}},"qqq":{"qqq":{"path":"qqq3","width":116,"height":115}},"图层 2":{"图层 2":{"path":"2221","x":51.07,"y":7.81,"rotation":67.57,"width":55,"height":92}},"图层 3":{"图层 2":{"path":"2221","x":51.07,"y":7.81,"rotation":67.57,"width":55,"height":92}},"图层 4":{"图层 2":{"path":"dad","x":51.07,"y":7.81,"rotation":-14.46,"width":100,"height":48}},"图层 5":{"图层 2":{"path":"2221","x":51.07,"y":7.81,"rotation":67.57,"width":55,"height":92}},"图层 6":{"图层 2":{"path":"2221","x":51.07,"y":7.81,"rotation":67.57,"width":55,"height":92}},"图层 7":{"图层 2":{"path":"2221","x":51.07,"y":7.81,"rotation":67.57,"width":55,"height":92}},"椭圆 2":{"椭圆 2":{"width":100,"height":100}},"组 1":{"组 1":{"width":43,"height":50}}}},{"name":"1"}],"animations":{"1":{"slots":{"FDAD":{"color":[{"color":"ffffffff"}]},"qqq":{"color":[{"color":"ffffffff"},{"time":0.6333,"color":"f6ff35df"},{"time":1.3667,"color":"ffffffef"},{"time":2,"color":"ffffffff"}]},"图层 2":{"color":[{"color":"ffffffff"},{"time":0.3667,"color":"ffffff31"},{"time":1.4333,"color":"ffffffff"}]},"图层 3":{"color":[{"color":"ffffffff"},{"time":0.3667,"color":"feff2b3f"},{"time":1.4333,"color":"edff2dff"},{"time":2,"color":"ffffffff"}]},"图层 4":{"color":[{"color":"ffffffff"},{"time":0.3667,"color":"ffffff3b"},{"time":1.4333,"color":"ffffffff"}]},"图层 5":{"color":[{"color":"ffffffff"},{"time":0.5667,"color":"ffffff64"},{"time":1.1,"color":"ffffff38"},{"time":2,"color":"ffffffff"}]},"图层 6":{"color":[{"color":"ffffffff"},{"time":0.5667,"color":"ffffff64"},{"time":1.1,"color":"ffffff57"},{"time":2,"color":"ffffffff"}]},"图层 7":{"color":[{"color":"ffffffff"},{"time":0.5667,"color":"ffffff64"},{"time":1.1,"color":"ffffff32"},{"time":1.4333,"color":"ffffffff"}]}},"bones":{"bone29":{"scale":[{},{"time":1.1,"x":1.6},{"time":2}]},"bone26":{"scale":[{},{"time":1.0333,"x":1.5,"y":1.3},{"time":2}]},"bone28":{"scale":[{},{"time":1,"x":1.6,"y":1.6},{"time":2}]},"bone25":{"scale":[{},{"time":1.1667,"x":1.6,"y":1.6},{"time":2}]},"bone27":{"scale":[{},{"time":0.8,"x":1.5,"y":1.5},{"time":2}]},"bone24":{"scale":[{},{"time":0.8333,"x":1.6,"y":1.6},{"time":2}]},"bone30":{"rotate":[{},{"time":0.6667,"angle":-120},{"time":1.3333,"angle":-240},{"time":2,"angle":-360}],"scale":[{},{"time":1.0667,"x":0.7,"y":0.7},{"time":2}]},"bone23":{"scale":[{"x":0.6,"y":0.6},{"time":0.6667,"x":0.8,"y":0.8},{"time":1.2333,"x":0.6,"y":0.6},{"time":1.6667,"x":0.8,"y":0.8},{"time":2,"x":0.6,"y":0.6}]},"bone31":{"scale":[{"x":0.6,"y":0.6},{"time":0.6333,"x":0.4,"y":0.4},{"time":1.2667,"x":0.8,"y":0.8},{"time":1.8,"x":0.5,"y":0.5},{"time":2,"x":0.6,"y":0.6}]}}},"2":{"slots":{"dd":{"attachment":[{"time":0.4333,"name":"dd"}]},"dd2":{"attachment":[{"time":0.4667,"name":"dd"}]},"dd3":{"attachment":[{"time":0.5,"name":"dd"}]},"dd4":{"attachment":[{"time":0.4667,"name":"dd"}]},"dd5":{"attachment":[{"time":0.6,"name":"dd"}]},"dd6":{"attachment":[{"time":0.4,"name":"dd"}]},"df":{"color":[{"color":"ffffff00"},{"time":0.0333,"color":"ffffffff"},{"time":0.0667,"color":"ffffffd7"},{"time":0.1333,"color":"ffffff00"}],"attachment":[{"name":"df"}]},"df2":{"color":[{"color":"ffffff00"},{"time":0.0333,"color":"ffffffff"},{"time":0.1333,"color":"ffffffd7"},{"time":0.2,"color":"ffffff00"}],"attachment":[{"name":"df"}]},"df3":{"color":[{"color":"ffffff00"},{"time":0.0333,"color":"ffffffff"},{"time":0.0667,"color":"ffffffd7"},{"time":0.1333,"color":"ffffff00"}],"attachment":[{"name":"df"}]},"df4":{"color":[{"color":"ffffff00"},{"time":0.0333,"color":"ffffffff"},{"time":0.0667,"color":"ffffffd7"},{"time":0.1333,"color":"ffffff00"}],"attachment":[{"name":"df"}]},"df5":{"color":[{"color":"ffffff00","curve":"stepped"},{"time":0.1667,"color":"ffffff00"},{"time":0.2,"color":"ffffffff"},{"time":0.3333,"color":"ffffffd7"},{"time":0.4,"color":"ffffff00"}],"attachment":[{"time":0.1667,"name":"df"}]},"df6":{"color":[{"color":"ffffff00","curve":"stepped"},{"time":0.1667,"color":"ffffff00"},{"time":0.2,"color":"ffffffff"},{"time":0.4,"color":"ffffffd7"},{"time":0.4667,"color":"ffffff00"}],"attachment":[{"time":0.1667,"name":"df"}]},"df7":{"color":[{"color":"ffffff00","curve":"stepped"},{"time":0.1,"color":"ffffff00"},{"time":0.1333,"color":"ffffffff"},{"time":0.3,"color":"ffffffd7"},{"time":0.3667,"color":"ffffff00"}],"attachment":[{"time":0.1,"name":"df"}]},"df8":{"color":[{"color":"ffffff00","curve":"stepped"},{"time":0.1667,"color":"ffffff00"},{"time":0.2,"color":"ffffffff"},{"time":0.4,"color":"ffffffd7"},{"time":0.4667,"color":"ffffff00"}],"attachment":[{"time":0.1667,"name":"df"}]},"df9":{"color":[{"color":"ffffff00","curve":"stepped"},{"time":0.1667,"color":"ffffff00"},{"time":0.2,"color":"ffffffff"},{"time":0.4667,"color":"ffffffd7"},{"time":0.5333,"color":"ffffff00"}],"attachment":[{"time":0.1667,"name":"df"}]},"df10":{"color":[{"color":"ffffff00","curve":"stepped"},{"time":0.1667,"color":"ffffff00"},{"time":0.2,"color":"ffffffff"},{"time":0.3333,"color":"ffffffd7"},{"time":0.4,"color":"ffffff00"}],"attachment":[{"time":0.1667,"name":"df"}]},"df11":{"color":[{"color":"ffffff00","curve":"stepped"},{"time":0.1667,"color":"ffffff00"},{"time":0.2,"color":"ffffffff"},{"time":0.3,"color":"ffffffd7"},{"time":0.3667,"color":"ffffff00"}],"attachment":[{"time":0.1667,"name":"df"}]},"FDAD":{"color":[{"color":"ffffff00"},{"time":0.0333,"color":"fffffffe"}]},"gd":{"color":[{"time":0.2333,"color":"ffffff00"},{"time":0.3667,"color":"ffffffff","curve":"stepped"},{"time":0.6,"color":"ffffffff"},{"time":0.6667,"color":"ffffff00"}],"attachment":[{"time":0.2333,"name":"gd"}]},"gd2":{"color":[{"time":0.2333,"color":"ffffff00"},{"time":0.3667,"color":"ffffffff","curve":"stepped"},{"time":0.6333,"color":"ffffffff"},{"time":0.7,"color":"ffffff00"}],"attachment":[{"time":0.2333,"name":"gd"}]},"gd3":{"color":[{"time":0.2333,"color":"ffffff00"},{"time":0.3667,"color":"ffffffff","curve":"stepped"},{"time":0.5667,"color":"ffffffff"},{"time":0.6333,"color":"ffffff00"}],"attachment":[{"time":0.2333,"name":"gd"}]},"gd4":{"color":[{"time":0.2333,"color":"ffffff00"},{"time":0.3667,"color":"ffffffff","curve":"stepped"},{"time":0.6333,"color":"ffffffff"},{"time":0.7,"color":"ffffff00"}],"attachment":[{"time":0.2333,"name":"gd"}]},"guangyun01@2x":{"color":[{"time":0.4667,"color":"ffffffff"},{"time":0.5333,"color":"ffffff00"}],"attachment":[{"time":0.1667,"name":"guangyun01@2x"}]},"qqq":{"attachment":[{"name":null}]},"图层 2":{"color":[{"time":0.2333,"color":"ffffffff"},{"time":0.5,"color":"ffffff00"}],"attachment":[{"name":null},{"time":0.1667,"name":"图层 2"}]},"图层 3":{"color":[{"time":0.2333,"color":"ffffffff"},{"time":0.4667,"color":"ffffff00"}],"attachment":[{"name":null},{"time":0.2,"name":"图层 2"}]},"图层 4":{"color":[{"time":0.2333,"color":"ffffffff"},{"time":0.5,"color":"ffffff00"}],"attachment":[{"name":null},{"time":0.2333,"name":"图层 2"}]},"图层 5":{"color":[{"time":0.2333,"color":"ffffffff"},{"time":0.3,"color":"ffffff78"},{"time":0.5,"color":"ffffff00"}],"attachment":[{"name":null},{"time":0.1667,"name":"图层 2"}]},"图层 6":{"color":[{"time":0.2333,"color":"ffffffff"},{"time":0.3667,"color":"ffffff00"}],"attachment":[{"name":null},{"time":0.2,"name":"图层 2"}]},"图层 7":{"color":[{"time":0.2333,"color":"ffffffff"},{"time":0.4667,"color":"ffffff00"}],"attachment":[{"name":null},{"time":0.2333,"name":"图层 2"}]}},"bones":{"bone2":{"scale":[{"time":0.1667,"x":0,"y":0},{"time":0.5333,"x":1.2,"y":1.2}]},"bone5":{"rotate":[{"time":0.2333},{"time":0.6667,"angle":120}],"translate":[{"time":0.2333,"x":-46.33,"y":-10.59},{"time":0.6667,"x":6.18,"y":22.5}],"scale":[{"time":0.2333,"x":0,"y":0},{"time":0.6667,"x":0.6,"y":0.6}]},"bone6":{"translate":[{"time":0.4333,"x":20.74,"y":16.32}],"scale":[{"time":0.4333,"x":0,"y":0},{"time":0.5667,"x":0.5,"y":0.5},{"time":0.7333,"x":0,"y":0}]},"bone7":{"translate":[{"x":11.77},{"time":0.1333,"x":11.77,"y":-43.74}]},"bone8":{"translate":[{"x":11.77},{"time":0.2,"x":11.77,"y":59.68}]},"bone9":{"rotate":[{"angle":-90}],"translate":[{"x":-55.69,"y":68.82},{"time":0.1333,"x":0.98,"y":69.57}]},"bone10":{"rotate":[{"angle":-90}],"translate":[{"x":60.35,"y":68.82},{"time":0.1333,"x":0.98,"y":69.57}]},"bone11":{"rotate":[{},{"time":0.1667,"angle":13.01}],"translate":[{},{"time":0.1667,"x":2.46,"y":84.84},{"time":0.4,"x":-11.23,"y":131.23}]},"bone12":{"rotate":[{},{"time":0.1667,"angle":-67.73}],"translate":[{},{"time":0.1667,"x":27.07,"y":68.82},{"time":0.4667,"x":71.72,"y":100.34}]},"bone13":{"rotate":[{},{"time":0.1,"angle":-15.63}],"translate":[{},{"time":0.1,"x":15.39,"y":87.75},{"time":0.3,"x":25.72,"y":105.36},{"time":0.3667,"x":37.3,"y":131.23}]},"bone14":{"rotate":[{},{"time":0.1667,"angle":55.89}],"translate":[{},{"time":0.1667,"x":2.46,"y":73.81},{"time":0.4667,"x":-52.26,"y":98.14}]},"bone15":{"rotate":[{},{"time":0.1667,"angle":130.02}],"translate":[{},{"time":0.1667,"x":2.46,"y":62.78},{"time":0.5333,"x":-52.26,"y":31.95}]},"bone16":{"rotate":[{},{"time":0.1667,"angle":183.25}],"translate":[{},{"time":0.1667,"x":9.08,"y":62.78},{"time":0.4,"x":9.51,"y":11.22}]},"bone17":{"rotate":[{},{"time":0.1667,"angle":211.02}],"translate":[{},{"time":0.1667,"x":24.52,"y":62.78},{"time":0.3667,"x":51.86,"y":31.51}]},"bone4":{"scale":[{},{"time":0.1667,"x":0.5,"y":0.5},{"time":0.5333}]},"bone18":{"rotate":[{"time":0.2333},{"time":0.7,"angle":120}],"translate":[{"time":0.2333,"x":-54.71,"y":-10.59},{"time":0.7,"x":-27.36,"y":-54.27}],"scale":[{"time":0.2333,"x":0,"y":0},{"time":0.7,"x":0.6,"y":0.6}]},"bone19":{"rotate":[{"time":0.2333},{"time":0.6333,"angle":120}],"translate":[{"time":0.2333,"x":-54.71,"y":-10.59},{"time":0.6333,"x":-99.71,"y":-59.56}],"scale":[{"time":0.2333,"x":0,"y":0},{"time":0.6333,"x":0.6,"y":0.6}]},"bone20":{"rotate":[{"time":0.2333},{"time":0.7,"angle":-220}],"translate":[{"time":0.2333,"x":-54.71,"y":-10.59},{"time":0.7,"x":-117.8,"y":-5.29}],"scale":[{"time":0.2333,"x":0,"y":0},{"time":0.7,"x":0.6,"y":0.6}]},"bone21":{"translate":[{"time":0.4667,"x":20.74,"y":16.32}],"scale":[{"time":0.4667,"x":0,"y":0},{"time":0.6,"x":0.5,"y":0.5},{"time":0.7667,"x":0,"y":0}]},"bone22":{"translate":[{"time":0.5,"x":20.74,"y":16.32}],"scale":[{"time":0.5,"x":0,"y":0},{"time":0.6,"x":0.3,"y":0.3},{"time":0.8,"x":0,"y":0}]},"bone23":{"rotate":[{"time":0.0333},{"time":0.1667,"angle":-179}],"scale":[{"time":0.0333,"x":1.2,"y":1.2},{"time":0.1667,"x":0,"y":0}]},"bone24":{"rotate":[{"time":0.1667},{"time":0.5,"angle":38.31}]},"bone25":{"rotate":[{"time":0.2},{"time":0.4667,"angle":38.31}]},"bone26":{"rotate":[{"time":0.2333},{"time":0.5,"angle":38.31}]},"bone27":{"rotate":[{"time":0.1667},{"time":0.4333,"angle":38.31}]},"bone28":{"rotate":[{"time":0.2},{"time":0.4667,"angle":38.31}]},"bone29":{"rotate":[{"time":0.2333},{"time":0.5,"angle":38.31}]},"bone32":{"translate":[{"time":0.4667,"x":-16.37,"y":15.22}],"scale":[{"time":0.4667,"x":0,"y":0},{"time":0.6,"x":0.5,"y":0.5},{"time":0.7667,"x":0,"y":0}]},"bone33":{"translate":[{"time":0.6,"x":20.74,"y":16.32}],"scale":[{"time":0.6,"x":0,"y":0},{"time":0.7333,"x":0.5,"y":0.5},{"time":0.8667,"x":0,"y":0}]},"bone34":{"translate":[{"time":0.4,"x":20.74,"y":16.32}],"scale":[{"time":0.4,"x":0,"y":0},{"time":0.5667,"x":0.5,"y":0.5},{"time":0.7333,"x":0,"y":0}]}}},"3":{"slots":{"dd3":{"attachment":[{"time":0.6667,"name":"dd"}]},"dd4":{"attachment":[{"time":0.9667,"name":"dd"}]},"dd5":{"attachment":[{"time":1.1333,"name":"dd"}]},"dd6":{"attachment":[{"time":1.1333,"name":"dd"}]},"FDAD":{"color":[{"color":"feff39a6"},{"time":1.2,"color":"feff396d"},{"time":1.8,"color":"feff39a6"}]},"qqq":{"attachment":[{"name":null}]},"图层 2":{"color":[{"color":"ffffffff"},{"time":0.3333,"color":"ffffff00"},{"time":0.5333,"color":"ffffffff"},{"time":1.4,"color":"fffdfde0"},{"time":1.8,"color":"ffffff00"}],"attachment":[{"name":null},{"time":0.3333,"name":"图层 2"}]},"图层 3":{"color":[{"color":"ffffffff"},{"time":0.3333,"color":"ffffff00"},{"time":0.6333,"color":"ffffffff"},{"time":1.5333,"color":"ffffffd6"},{"time":1.8,"color":"ffffff00"}],"attachment":[{"name":null},{"time":0.3333,"name":"图层 2"}]},"图层 4":{"color":[{"time":0.3333,"color":"ffffff00"},{"time":0.5333,"color":"ffffffff"},{"time":1.6,"color":"ffffffda"},{"time":1.8,"color":"ffffff00"}],"attachment":[{"name":null},{"time":0.3333,"name":"图层 2"}]},"图层 5":{"color":[{"color":"ffffff00"},{"time":0.1333,"color":"ffffffff"},{"time":0.8333,"color":"ffffff00"}]},"图层 6":{"color":[{"color":"ffffff00"},{"time":0.1,"color":"ffffffff"},{"time":0.4,"color":"ffffff00"}],"attachment":[{"time":0.4,"name":null}]},"图层 7":{"color":[{"color":"ffffff00"},{"time":0.2333,"color":"ffffffff"},{"time":0.9667,"color":"ffffff00"}]},"组 1":{"color":[{"color":"ffffff00"},{"time":0.4667,"color":"ffffff46"},{"time":1.0333,"color":"ffffff62"},{"time":1.4333,"color":"ffffff72"},{"time":1.8,"color":"ffffff00"}],"attachment":[{"name":"组 1"}]}},"bones":{"bone31":{"scale":[{},{"time":0.4667,"x":0.5,"y":0.5},{"time":1.6667}]},"bone23":{"scale":[{},{"time":0.6333,"x":0.5,"y":0.5},{"time":1.8}]},"bone30":{"rotate":[{},{"time":1.6667,"angle":180}],"scale":[{"x":0.8,"y":0.8}]},"bone22":{"translate":[{"time":0.6667,"y":-33.65},{"time":1.5333,"y":12.62}],"scale":[{"time":0.6667,"x":0,"y":0},{"time":0.9},{"time":1.1667,"x":0.4,"y":0.4},{"time":1.5333,"x":0.6,"y":0.6},{"time":1.6333,"x":0,"y":0}]},"bone32":{"translate":[{"time":0.9667,"y":-33.65},{"time":1.5,"y":-9.61}],"scale":[{"time":0.9667,"x":0.3,"y":0.3},{"time":1.2333},{"time":1.5,"x":0.2,"y":0.2},{"time":1.6333,"x":0,"y":0}]},"bone33":{"translate":[{"time":1.1333,"y":-33.65},{"time":1.8,"y":-9.61}],"scale":[{"time":1.1333,"x":0.3,"y":0.3},{"time":1.3,"x":0.5,"y":0.5},{"time":1.5333,"x":0.2,"y":0.2},{"time":1.8,"x":0,"y":0}]},"bone34":{"translate":[{"time":1.1333,"y":-8.15},{"time":1.7,"y":15.88}],"scale":[{"time":1.1333,"x":0.3,"y":0.3},{"time":1.3,"x":0.25,"y":0.25},{"time":1.5333,"x":0.2,"y":0.2},{"time":1.7,"x":0,"y":0}]},"bone35":{"scale":[{},{"time":0.4667,"x":1.143,"y":1.143},{"time":1.0333},{"time":1.4333,"x":1.143,"y":1.143},{"time":1.8}]}}},"4":{"slots":{"dd3":{"attachment":[{"time":0.4333,"name":"dd"}]},"dd4":{"attachment":[{"time":0.5667,"name":"dd"}]},"dd5":{"attachment":[{"time":0.9333,"name":"dd"}]},"dd6":{"attachment":[{"time":0.8,"name":"dd"}]},"FDAD":{"color":[{"color":"feff39ff"},{"time":1.6667,"color":"feff3900"}]},"qqq":{"attachment":[{"name":null}]},"图层 2":{"color":[{"time":0.3333,"color":"ffffff00"},{"time":0.5333,"color":"ffffffff"},{"time":1.6667,"color":"ffffff00"}],"attachment":[{"name":null},{"time":0.3333,"name":"图层 2"}]},"图层 3":{"color":[{"time":0.3333,"color":"ffffff00"},{"time":0.5,"color":"ffffffff"},{"time":1.6667,"color":"ffffff00"}],"attachment":[{"name":null},{"time":0.3333,"name":"图层 2"}]},"图层 4":{"color":[{"time":0.3333,"color":"ffffff00"},{"time":0.5333,"color":"ffffffff"},{"time":1.6667,"color":"ffffff00"}],"attachment":[{"name":null},{"time":0.3333,"name":"图层 2"}]},"图层 5":{"color":[{"color":"ffffffff"},{"time":0.8333,"color":"ffffff00"}],"attachment":[{"name":null},{"time":0.0333,"name":"图层 2"}]},"图层 6":{"color":[{"color":"ffffffff"},{"time":0.4,"color":"ffffff00"}],"attachment":[{"name":null},{"time":0.0333,"name":"图层 2"},{"time":0.4,"name":null}]},"图层 7":{"color":[{"color":"ffffffff"},{"time":0.9667,"color":"ffffff00"}],"attachment":[{"name":null},{"time":0.0333,"name":"图层 2"}]},"组 1":{"color":[{"color":"ffffffd5"},{"time":0.4667,"color":"ffffffb6"},{"time":1.0667,"color":"ffffffe4"},{"time":1.5333,"color":"ffffff00"},{"time":1.8,"color":"ffffffff"}]}},"bones":{"bone31":{"scale":[{},{"time":0.4667,"x":0.5,"y":0.5},{"time":1.6667}]},"bone23":{"scale":[{},{"time":0.6333,"x":0.5,"y":0.5},{"time":1.6667}]},"bone30":{"rotate":[{},{"time":1.6667,"angle":180}],"scale":[{"x":0.8,"y":0.8}]},"bone22":{"translate":[{"time":0.4333,"y":-33.65},{"time":1.0667,"y":12.62}],"scale":[{"time":0.4333,"x":0.6,"y":0.6},{"time":0.7,"x":0.4,"y":0.4},{"time":1.0667,"x":0.6,"y":0.6},{"time":1.1667,"x":0,"y":0}]},"bone32":{"translate":[{"time":0.5667,"y":-33.65},{"time":1.1,"y":-9.61}],"scale":[{"time":0.5667,"x":0.3,"y":0.3},{"time":0.8333,"x":0.5,"y":0.5},{"time":1.1,"x":0.2,"y":0.2},{"time":1.2333,"x":0,"y":0}]},"bone33":{"translate":[{"time":0.9333,"x":37.61,"y":-25.55},{"time":1.6,"x":37.61,"y":7.43}],"scale":[{"time":0.9333,"x":0.3,"y":0.3},{"time":1.1,"x":0.5,"y":0.5},{"time":1.3333,"x":0.2,"y":0.2},{"time":1.6,"x":0,"y":0}]},"bone34":{"translate":[{"time":0.8,"y":-8.15},{"time":1.3667,"y":15.88}],"scale":[{"time":0.8,"x":0.3,"y":0.3},{"time":0.9667,"x":0.25,"y":0.25},{"time":1.2,"x":0.2,"y":0.2},{"time":1.3667,"x":0,"y":0}]},"bone35":{"scale":[{},{"time":0.5333,"x":0.9,"y":0.9},{"time":1.0333},{"time":1.4333,"x":0.9,"y":0.9},{"time":1.8}]}}},"5":{"slots":{"FDAD":{"color":[{"color":"ffffffff","curve":"stepped"},{"time":5,"color":"ffffffff"},{"time":5.7,"color":"ffffff00"}]},"qqq":{"color":[{"time":5,"color":"ffffffff"},{"time":5.7,"color":"ffffff00"}]},"图层 2":{"color":[{"color":"ffffffff"},{"time":0.8333,"color":"ffffff00","curve":"stepped"},{"time":1.7333,"color":"ffffff00"},{"time":2.8667,"color":"ffffffff"},{"time":3.9,"color":"ffffff00"},{"time":5,"color":"ffffffff"},{"time":5.7,"color":"ffffff00"}]},"图层 3":{"color":[{"color":"ffffffff"},{"time":0.8333,"color":"ffffff00","curve":"stepped"},{"time":1.7333,"color":"ffffff00"},{"time":2.8667,"color":"ffffffff"},{"time":3.9,"color":"ffffff00"},{"time":5,"color":"ffffffff"},{"time":5.7,"color":"ffffff00"}]},"图层 4":{"color":[{"color":"ffffffff"},{"time":0.8333,"color":"ffffff00","curve":"stepped"},{"time":1.7333,"color":"ffffff00"},{"time":2.8667,"color":"ffffffff"},{"time":3.9,"color":"ffffff00"},{"time":5,"color":"ffffffff"},{"time":5.7,"color":"ffffff00"}]},"图层 5":{"color":[{"color":"ffffff00","curve":"stepped"},{"time":0.8,"color":"ffffff00"},{"time":1.7667,"color":"ffffffff"},{"time":2.6667,"color":"ffffff00"},{"time":3.7667,"color":"ffffffff"},{"time":5,"color":"ffffff00"}]},"图层 6":{"color":[{"color":"ffffff00","curve":"stepped"},{"time":0.8,"color":"ffffff00"},{"time":1.7667,"color":"ffffffff"},{"time":2.6667,"color":"ffffff00"},{"time":3.7667,"color":"ffffffff"},{"time":5,"color":"ffffff00"}]},"图层 7":{"color":[{"color":"ffffff00","curve":"stepped"},{"time":0.8,"color":"ffffff00"},{"time":1.7667,"color":"ffffffff"},{"time":2.6667,"color":"ffffff00"},{"time":3.7667,"color":"ffffffff"},{"time":5,"color":"ffffff00"}]}},"bones":{"bone30":{"rotate":[{},{"time":1,"angle":72},{"time":2,"angle":144},{"time":3,"angle":216},{"time":3.6667,"angle":264},{"time":4.3333,"angle":312},{"time":5,"angle":360}]},"bone23":{"rotate":[{},{"time":5,"angle":360}],"scale":[{"x":0.8,"y":0.8},{"time":1,"x":1.2,"y":1.2},{"time":5,"x":0.8,"y":0.8},{"time":5.7,"x":2,"y":2}]},"bone31":{"rotate":[{},{"time":5,"angle":360}],"scale":[{"x":1.2,"y":1.2},{"time":0.7667},{"time":1.6667,"x":1.2,"y":1.2},{"time":2.5},{"time":3.5667,"x":1.2,"y":1.2},{"time":4.3333},{"time":5,"x":1.2,"y":1.2},{"time":5.7,"x":2,"y":2}]}}}}}