{"skeleton":{"hash":"5HieLVkZQGI","spine":"3.8-from-4.0-from-4.1.17","x":-68.32,"y":-40.71,"width":106,"height":80,"images":"","audio":""},"bones":[{"name":"root"},{"name":"bone","parent":"root","x":-9.66,"y":-2.79},{"name":"bone2","parent":"root","x":34,"y":-7,"scaleX":1.1,"scaleY":1.1},{"name":"bone3","parent":"root","x":-1.31,"y":-3.35},{"name":"bone4","parent":"bone","x":20.03,"y":-32.48},{"name":"bone5","parent":"root","x":-3.98,"y":-10.89},{"name":"bone6","parent":"bone5","x":-11.72,"y":7.83},{"name":"bone7","parent":"bone5","x":-20.26,"y":-10.39},{"name":"bone8","parent":"bone5","x":-10.29,"y":-20.07},{"name":"bone10","parent":"bone5","x":12.77,"y":-16.37},{"name":"bone11","parent":"bone5","x":28.71,"y":-19.5},{"name":"bone12","parent":"bone5","x":34.69,"y":6.12},{"name":"bone13","parent":"bone5","x":8.21,"y":-8.4},{"name":"bone14","parent":"bone5","x":13.05,"y":28.62},{"name":"bone15","parent":"bone5","x":17.89,"y":11.82},{"name":"bone16","parent":"bone5","x":32.98,"y":24.91},{"name":"bone17","parent":"bone5","x":-2.32,"y":28.33}],"slots":[{"name":"图层 3","bone":"bone2"},{"name":"sas2","bone":"bone","attachment":"sas2"},{"name":"sssas","bone":"bone4","attachment":"sssas"},{"name":"f1","bone":"bone11"},{"name":"f2","bone":"bone6"},{"name":"f3","bone":"bone16"},{"name":"f4","bone":"bone13"},{"name":"f5","bone":"bone8"},{"name":"f6","bone":"bone15"},{"name":"f7","bone":"bone17"},{"name":"f8","bone":"bone12"},{"name":"f9","bone":"bone10"},{"name":"f10","bone":"bone7"},{"name":"ds4","bone":"bone3"}],"skins":[{"name":"default","attachments":{"ds4":{"fggbc01":{"x":0.5,"width":215,"height":184},"fggbc03":{"x":0.5,"y":0.5,"width":215,"height":184},"fggbc05":{"x":0.5,"y":0.5,"width":215,"height":184},"fggbc07":{"y":0.5,"width":215,"height":184},"fggbc09":{"y":0.5,"width":215,"height":184},"fggbc11":{"width":215,"height":184},"fggbc13":{"width":215,"height":184}},"f1":{"f1":{"x":-4.19,"y":4.92,"width":20,"height":24}},"f2":{"f2":{"x":1.11,"y":-1.87,"width":32,"height":37}},"f3":{"f3":{"x":-3.24,"y":-0.47,"width":33,"height":12}},"f4":{"f4":{"x":3.72,"y":0.44,"width":31,"height":13}},"f5":{"f5":{"x":1.68,"y":0.85,"width":18,"height":11}},"f6":{"f6":{"y":-0.55,"width":20,"height":13}},"f7":{"f7":{"x":7.62,"y":-1.82,"width":30,"height":17}},"f8":{"f8":{"x":-0.1,"y":-1.11,"width":17,"height":19}},"f9":{"f9":{"x":-2.16,"y":-0.86,"width":12,"height":9}},"f10":{"f10":{"x":1.04,"y":0.45,"width":12,"height":11}},"sas2":{"sas2":{"x":-9,"y":2.48,"width":62,"height":79}},"sssas":{"sssas":{"x":-25.69,"y":34.55,"width":106,"height":80}}}}],"animations":{"animation":{"slots":{"ds4":{"color":[{"color":"454545a7"}],"attachment":[{"name":"fggbc01"},{"time":0.1,"name":"fggbc05"},{"time":0.2,"name":"fggbc07"},{"time":0.3,"name":"fggbc09"},{"time":0.5,"name":"fggbc11"},{"time":0.6,"name":"fggbc13"},{"time":0.7,"name":null}]},"f1":{"color":[{"time":0.1,"color":"ffffffff"},{"time":0.7667,"color":"ffffffd9"},{"time":0.8667,"color":"ffffff00"}],"attachment":[{"name":"f1"}]},"f2":{"color":[{"time":0.1,"color":"ffffffff"},{"time":0.7,"color":"ffffffd9"},{"time":0.8667,"color":"ffffff00"}],"attachment":[{"name":"f2"}]},"f3":{"color":[{"time":0.1,"color":"ffffffff"},{"time":0.5,"color":"ffffffd9"},{"time":0.6,"color":"ffffff00"}],"attachment":[{"name":"f3"}]},"f4":{"color":[{"time":0.1667,"color":"ffffffff"},{"time":0.5333,"color":"ffffffd9"},{"time":0.6667,"color":"ffffff00"}],"attachment":[{"time":0.1667,"name":"f4"}]},"f5":{"color":[{"time":0.1,"color":"ffffffff"},{"time":0.6,"color":"ffffffd9"},{"time":0.7,"color":"ffffff00"}]},"f6":{"color":[{"time":0.1667,"color":"ffffffff"},{"time":0.6667,"color":"ffffffd9"},{"time":0.7667,"color":"ffffff00"}],"attachment":[{"name":"f6"}]},"f7":{"color":[{"time":0.1,"color":"ffffffff"},{"time":0.6667,"color":"ffffffd9"},{"time":0.7667,"color":"ffffff00"}],"attachment":[{"name":"f7"}]},"f8":{"color":[{"time":0.1,"color":"ffffffff"},{"time":0.5,"color":"ffffffd9"},{"time":0.6,"color":"ffffff00"}],"attachment":[{"name":"f8"}]},"f9":{"color":[{"time":0.1,"color":"ffffffff"},{"time":0.5,"color":"ffffffd9"},{"time":0.6,"color":"ffffff00"}],"attachment":[{"name":"f9"}]},"f10":{"color":[{"time":0.1,"color":"ffffffff"},{"time":0.5,"color":"ffffffd9"},{"time":0.6,"color":"ffffff00"}],"attachment":[{"name":"f10"}]},"sas2":{"color":[{"time":0.1667,"color":"ffffffff"},{"time":0.3333,"color":"ffffff00"}],"attachment":[{"name":null}]},"sssas":{"color":[{"time":0.5,"color":"ffffff00"}],"attachment":[{"name":null}]}},"bones":{"bone17":{"rotate":[{},{"time":0.7667,"angle":-50}],"translate":[{},{"time":0.1,"y":-11.13},{"time":0.3,"x":-11.6,"y":27},{"time":0.7667,"x":-15.31,"y":13.92}],"scale":[{"x":0,"y":0,"curve":"stepped"},{"time":0.1,"x":0,"y":0},{"time":0.3},{"time":0.7667,"x":0.6,"y":0.6}]},"bone":{"scale":[{},{"time":0.0333,"x":0.5,"y":0.4},{"time":0.1667,"x":1.1,"y":1.1},{"time":0.3333,"x":0.3,"y":0.3}]},"bone6":{"rotate":[{},{"time":0.8667,"angle":130}],"translate":[{},{"time":0.1,"y":-11.13},{"time":0.2333,"x":-4.45,"y":17.39},{"time":0.8667,"x":-16.7,"y":-24.22}],"scale":[{"x":0,"y":0,"curve":"stepped"},{"time":0.1,"x":0,"y":0},{"time":0.2333},{"time":0.8667,"x":0.6,"y":0.6}]},"bone16":{"rotate":[{},{"time":0.6,"angle":-60}],"translate":[{},{"time":0.1,"x":-20.32,"y":-11.13},{"time":0.3,"x":-1.86,"y":23.1},{"time":0.6,"x":3.62,"y":13.92}],"scale":[{"x":0,"y":0,"curve":"stepped"},{"time":0.1,"x":0,"y":0},{"time":0.3},{"time":0.6,"x":0.6,"y":0.6}]},"bone7":{"translate":[{"x":11.13,"y":13.08},{"time":0.1,"x":18.93,"y":8.63},{"time":0.3,"x":-6.59,"y":51.22},{"time":0.6,"x":-15.31,"y":13.92}],"scale":[{"x":0,"y":0,"curve":"stepped"},{"time":0.1,"x":0,"y":0},{"time":0.3},{"time":0.6,"x":0.6,"y":0.6}]},"bone12":{"translate":[{},{"time":0.1,"x":-24.77,"y":3.9},{"time":0.3,"x":2.88,"y":21.43},{"time":0.6,"x":8.63,"y":-11.69}],"scale":[{"x":0,"y":0,"curve":"stepped"},{"time":0.1,"x":0,"y":0},{"time":0.3},{"time":0.6,"x":0.6,"y":0.6}]},"bone11":{"translate":[{},{"time":0.1,"x":-20.09,"y":29.47},{"time":0.3,"x":-1.77,"y":28.28},{"time":0.8667,"x":6.91,"y":5.37}],"scale":[{"x":0,"y":0,"curve":"stepped"},{"time":0.1,"x":0,"y":0},{"time":0.3},{"time":0.8667,"x":0.6,"y":0.6}]},"bone10":{"translate":[{},{"time":0.1,"y":26.05},{"time":0.3,"x":3.36,"y":47.09},{"time":0.6,"x":21.87,"y":-1.04}],"scale":[{"x":0,"y":0,"curve":"stepped"},{"time":0.1,"x":0,"y":0},{"time":0.3},{"time":0.6,"x":0.6,"y":0.6}]},"bone13":{"rotate":[{},{"time":0.8333,"angle":-90}],"translate":[{},{"time":0.1667,"y":38.11},{"time":0.5,"x":14.12,"y":45.31},{"time":0.8333,"x":39.47,"y":30.85}],"scale":[{"x":0,"y":0,"curve":"stepped"},{"time":0.1667,"x":0,"y":0},{"time":0.5},{"time":0.8333,"x":0.6,"y":0.6}]},"bone14":{"rotate":[{"time":0.6,"angle":120}]},"bone15":{"rotate":[{},{"time":0.7667,"angle":90}],"translate":[{},{"time":0.1667,"y":-11.13},{"time":0.3667,"x":-37.41,"y":27},{"time":0.7667,"x":-59.95,"y":18.27}],"scale":[{"x":0,"y":0,"curve":"stepped"},{"time":0.1667,"x":0,"y":0},{"time":0.3667},{"time":0.7667,"x":0.6,"y":0.6}]},"bone8":{"translate":[{},{"time":0.1,"x":15.07,"y":25.4},{"time":0.3,"x":-25.75,"y":41.16},{"time":0.7,"x":-29.01,"y":13.92}],"scale":[{"x":0,"y":0,"curve":"stepped"},{"time":0.1,"x":0,"y":0},{"time":0.3},{"time":0.7,"x":0.6,"y":0.6}]},"bone3":{"translate":[{"x":3.01,"y":7.23}],"scale":[{"x":0.7,"y":0.8}]}}}}}