{"skeleton":{"hash":"Vi8sLTrfjwo","spine":"3.8-from-4.0-from-4.1.17","x":-85.1,"y":-1.23,"width":162.81,"height":157.08,"images":"./images/","audio":"E:/游戏项目/健身房/spine"},"bones":[{"name":"root","scaleX":0.6,"scaleY":0.6},{"name":"z1","parent":"root","x":2.29,"y":37.62},{"name":"5465","parent":"z1","length":53.69,"rotation":91.82,"x":-0.87,"y":5.1},{"name":"bone2","parent":"5465","length":82.2,"rotation":-1.22,"x":58.82,"y":0.69},{"name":"bone13","parent":"bone2","x":25.58,"y":42.84},{"name":"bone3","parent":"bone13","length":8.14,"rotation":-6.6,"x":-9.43,"y":-5.1},{"name":"bone4","parent":"5465","length":36.26,"rotation":-148.31,"x":45.01,"y":-45.32},{"name":"bone5","parent":"5465","length":17.04,"rotation":-54.95,"x":30.01,"y":-74.67},{"name":"bone6","parent":"bone5","length":10.54,"rotation":6.49,"x":20.27,"y":0.77},{"name":"bone7","parent":"bone6","length":12.88,"rotation":-9.15,"x":12.64,"y":0.36},{"name":"bone8","parent":"5465","length":33.23,"rotation":179.65,"x":-1.05,"y":-19.57},{"name":"target2","parent":"root","x":13.3,"y":11.69,"color":"ff3f00ff"},{"name":"bone9","parent":"target2","length":12.38,"rotation":-150.78,"x":0.25,"y":1.8},{"name":"bone11","parent":"5465","length":27.74,"rotation":-179.7,"x":9.35,"y":24.74},{"name":"target","parent":"root","x":1.72,"y":19.01,"color":"ff3f00ff"},{"name":"bone12","parent":"target","length":12.88,"rotation":-140.45,"x":-0.27,"y":5.81},{"name":"bone14","parent":"bone13","length":15.74,"rotation":56.29,"x":56.34,"y":-23.58},{"name":"bone15","parent":"bone14","length":18.38,"rotation":-36.19,"x":16.11,"y":-0.22},{"name":"bone16","parent":"bone15","length":17.77,"rotation":-19.46,"x":20.17,"y":-0.68},{"name":"bone17","parent":"bone16","length":17.35,"rotation":-21.86,"x":18.71,"y":-0.98},{"name":"bone10","parent":"z1","x":-0.01,"y":-22.97},{"name":"bone18","parent":"bone2","x":62.92,"y":-44.26},{"name":"bone","parent":"root","x":5.95,"y":28.81,"color":"2a24ffff"},{"name":"b1","parent":"bone","length":66.96,"rotation":91.79,"x":-0.33,"y":4.23,"color":"2a24ffff"},{"name":"bone20","parent":"b1","length":72.15,"rotation":-2.21,"x":70.09,"y":-0.1,"color":"2a24ffff"},{"name":"bone21","parent":"bone20","length":20.46,"rotation":-30.88,"x":82.34,"y":-29.68,"color":"2a24ffff"},{"name":"bone22","parent":"bone21","length":16.4,"rotation":20.45,"x":20.75,"y":0.18,"color":"2a24ffff"},{"name":"bone23","parent":"bone22","length":15.83,"rotation":15.81,"x":16.4,"color":"2a24ffff"},{"name":"bone24","parent":"bone23","length":13.05,"rotation":24.96,"x":16.88,"y":0.25,"color":"2a24ffff"},{"name":"bone25","parent":"b1","length":33.61,"rotation":-102.29,"x":44.57,"y":-58.72,"color":"2a24ffff"},{"name":"bone32","parent":"b1","x":28.81,"y":52.5,"color":"2a24ffff"},{"name":"bone26","parent":"bone32","length":22.9,"rotation":34.24,"x":2.99,"y":0.98,"color":"2a24ffff"},{"name":"bone27","parent":"bone26","length":20.12,"rotation":1.32,"x":24.42,"y":-0.06,"color":"2a24ffff"},{"name":"bone28","parent":"b1","length":22.61,"rotation":-178.17,"x":0.63,"y":-18.34,"color":"2a24ffff"},{"name":"bone30","parent":"b1","length":22.3,"rotation":170.85,"x":4.15,"y":20.28,"color":"2a24ffff"},{"name":"23e","parent":"root","x":15.94,"y":5.99,"color":"2a24ffff"},{"name":"bone29","parent":"23e","length":14.5,"rotation":-4.26,"x":0.5,"y":1.31,"color":"2a24ffff"},{"name":"21","parent":"root","x":-6.58,"y":11.47,"color":"2a24ffff"},{"name":"bone31","parent":"21","length":14.97,"rotation":-7.23,"x":1.82,"y":2.44,"color":"2a24ffff"},{"name":"bone33","parent":"5465","length":36.26,"rotation":105.72,"x":46.9,"y":58.23},{"name":"bone19","parent":"bone","x":-6.04,"y":-4.78,"color":"2a24ffff"},{"name":"b2","parent":"bone","length":23.58,"rotation":85.6,"x":-52.36,"y":-10.06,"scaleX":0.8,"scaleY":0.8,"color":"2a24ffff"},{"name":"mz","parent":"bone13","length":32.66,"rotation":-12.57,"x":63.74,"y":-55.31},{"name":"fmz","parent":"bone20","length":33.19,"rotation":-3.53,"x":89.97,"y":8.95,"color":"2a24ffff"},{"name":"bone35","parent":"bone25","length":57.43,"rotation":100.48,"x":46.25,"y":5.07,"color":"2a24ffff"},{"name":"mz2","parent":"mz","length":54.98,"rotation":-86.43,"x":7.5,"y":-33.03},{"name":"mz3","parent":"mz","length":54.03,"rotation":72.04,"x":7.64,"y":17.13},{"name":"bone34","parent":"z1","length":18.43,"rotation":106.93,"x":-102.78,"y":45.63},{"name":"bone36","parent":"bone4","x":43.71,"y":-2.88},{"name":"bone37","parent":"bone13","x":21.82,"y":-9.92},{"name":"bone38","parent":"bone4","x":43.71,"y":-2.88},{"name":"fmz2","parent":"fmz","length":50.13,"rotation":-76.94,"x":6.8,"y":-16.77,"color":"2a24ffff"},{"name":"fmz3","parent":"fmz","length":30.95,"rotation":99.14,"x":4.92,"y":30.84,"color":"2a24ffff"},{"name":"bone39","parent":"b1","rotation":-91.79,"x":73.14,"y":-111.23,"color":"2a24ffff"},{"name":"bone40","parent":"b1","rotation":-91.79,"x":73.14,"y":-111.23,"color":"2a24ffff"},{"name":"bone41","parent":"b1","rotation":-91.79,"x":73.14,"y":-111.23,"color":"2a24ffff"},{"name":"bone42","parent":"z1","x":3.38,"y":-25.56,"color":"27ff61ff"},{"name":"z2","parent":"bone42","x":-0.55,"y":3.96,"color":"23ff5bff"},{"name":"z3","parent":"bone42","length":18.26,"rotation":50.77,"x":66.84,"y":1.42,"color":"18ff1bff"},{"name":"z4","parent":"bone42","length":18.26,"rotation":105.26,"x":-73.57,"y":9.34,"color":"18ff1bff"},{"name":"z5","parent":"bone42","length":18.26,"rotation":87.89,"x":-1.17,"y":-20.88,"color":"18ff1bff"},{"name":"z6","parent":"bone42","length":18.26,"rotation":93.69,"x":-34.85,"y":-13.95,"color":"18ff1bff"},{"name":"z7","parent":"bone42","length":18.26,"rotation":73.71,"x":41.55,"y":-13.15,"color":"18ff1bff"},{"name":"bone43","parent":"bone42","x":58.53,"y":15.33,"color":"27ff61ff"},{"name":"bone44","parent":"bone42","x":-27.08,"y":15.33,"color":"27ff61ff"},{"name":"bone45","parent":"bone42","x":-64.24,"y":30.59,"color":"27ff61ff"},{"name":"z8","parent":"bone42","length":18.26,"rotation":93.69,"x":-34.85,"y":-13.95,"color":"18ff1bff"}],"slots":[{"name":"dy","bone":"z2"},{"name":"图层492(3)2","bone":"bone19"},{"name":"sad3","bone":"b2"},{"name":"bj1","bone":"bone30"},{"name":"bj2","bone":"bone28"},{"name":"图层492(3)","bone":"bone10"},{"name":"bbody","bone":"b1"},{"name":"f衣服","bone":"b1"},{"name":"衣服fff","bone":"b1"},{"name":"bdm","bone":"bone21"},{"name":"bhead","bone":"bone20"},{"name":"bw","bone":"bone26"},{"name":"sad2","bone":"b2"},{"name":"sad1","bone":"b2"},{"name":"zj1","bone":"bone11","attachment":"zj1"},{"name":"zj2","bone":"bone8","attachment":"zj2"},{"name":"zw","bone":"bone5","attachment":"zw"},{"name":"zbody","bone":"5465","attachment":"zbody"},{"name":"m3","bone":"mz3","attachment":"m3"},{"name":"手fff","bone":"bone33","attachment":"手fff"},{"name":"zhead","bone":"bone2","attachment":"zhead"},{"name":"zbq","bone":"bone3","attachment":"zbq"},{"name":"yfds","bone":"5465","attachment":"yfds"},{"name":"m2","bone":"mz2","attachment":"m2"},{"name":"m1","bone":"mz","attachment":"m1"},{"name":"zdm","bone":"bone14","attachment":"zdm"},{"name":"z针管2","bone":"bone35"},{"name":"f手","bone":"bone25"},{"name":"手ddd","bone":"bone4","attachment":"手ddd"},{"name":"z1","bone":"z1"},{"name":"元宝2","bone":"bone36"},{"name":"元宝3","bone":"bone38"},{"name":"元宝","bone":"bone34","attachment":"元宝"},{"name":"ddddd","bone":"bone37","attachment":"ddddd"},{"name":"m5","bone":"fmz3"},{"name":"mm2","bone":"fmz"},{"name":"m4","bone":"fmz2"},{"name":"手ffff","bone":"bone25"},{"name":"元宝4","bone":"bone39"},{"name":"元宝5","bone":"bone40"},{"name":"元宝6","bone":"bone41"},{"name":"ty","bone":"z3"},{"name":"ty2","bone":"z4"},{"name":"ty4","bone":"z6"},{"name":"ty6","bone":"z8"},{"name":"ty3","bone":"z5"},{"name":"ty5","bone":"z7"},{"name":"xxa","bone":"bone43"},{"name":"xxa2","bone":"bone44"},{"name":"xxa3","bone":"bone45"}],"ik":[{"name":"21","order":2,"bones":["bone30"],"target":"21"},{"name":"23e","order":3,"bones":["bone28"],"target":"23e"},{"name":"target","bones":["bone11"],"target":"target"},{"name":"target2","order":1,"bones":["bone8"],"target":"target2"}],"skins":[{"name":"default","attachments":{"bbody":{"bbody":{"type":"mesh","uvs":[0.50903,0,0.376,0,0.27672,0.0289,0.16155,0.09413,0.08015,0.1648,0.02256,0.28167,0,0.43116,7.2E-4,0.58608,0.04639,0.74133,0.1417,0.85005,0.2509,0.92343,0.37202,0.98051,0.50109,0.99953,0.62022,0.98594,0.74134,0.94246,0.87437,0.84189,0.94188,0.74405,0.98954,0.57553,1,0.46681,0.99549,0.27656,0.8843,0.10804,0.7334,0.01835],"triangles":[20,18,21,18,20,19,4,7,6,5,4,6,3,8,7,21,18,17,17,15,21,16,15,17,4,3,7,9,8,3,10,3,2,9,3,10,1,10,2,11,10,1,15,0,21,0,11,1,15,14,0,11,0,12,14,13,0,13,12,0],"vertices":[105.94,-0.57,106.64,21.63,103.63,38.31,96.28,57.79,88.08,71.64,74.13,81.7,56.02,86.04,37.13,86.51,17.96,79.48,4.2,63.98,-5.32,46.03,-12.91,26.03,-15.9,4.56,-14.86,-15.38,-10.19,-35.76,1.38,-58.35,12.95,-69.99,33.25,-78.59,46.46,-80.75,69.68,-80.72,90.81,-62.8,102.53,-37.95],"hull":22,"edges":[0,2,2,4,4,6,6,8,8,10,10,12,12,14,14,16,16,18,18,20,20,22,22,24,24,26,26,28,28,30,30,32,32,34,34,36,36,38,38,40,40,42,0,42],"width":167,"height":122}},"bdm":{"bdm":{"type":"mesh","uvs":[0.03416,0.91159,0.03416,0.9563,0.12488,0.98082,0.29296,0.97938,0.47172,0.95053,0.66115,0.864,0.81323,0.74847,0.91195,0.6403,0.96531,0.49608,0.96531,0.34321,0.91195,0.20621,0.79455,0.10237,0.64514,0.02016,0.54109,0.0043,0.41569,0.0144,0.29563,0.07785,0.29296,0.12977,0.30097,0.26245,0.33298,0.40234,0.37834,0.58117,0.38367,0.74414,0.30897,0.83211,0.18624,0.88547],"triangles":[11,10,17,11,17,12,16,13,12,16,14,13,12,17,16,14,16,15,18,9,19,9,18,10,18,17,10,7,19,8,8,19,9,3,2,22,22,2,0,4,3,21,2,1,0,3,22,21,4,21,5,21,20,5,5,20,6,7,6,19,6,20,19],"vertices":[1,25,-8.92,11.55,1,1,25,-11.75,9.83,1,1,25,-11.41,5.79,1,1,25,-7.83,0.1,1,1,25,-2.29,-4.91,1,1,25,7.12,-8.05,1,2,25,17.58,-8.81,0.99724,26,-6.11,-7.32,0.00276,2,25,26.47,-8.03,0.44325,26,2.49,-9.69,0.55675,3,25,36.7,-4.31,0.01575,26,13.38,-9.78,0.83521,27,-5.57,-8.58,0.14904,3,26,24.49,-7.65,0.06094,27,5.7,-9.56,0.93265,28,-14.28,-4.18,0.00641,2,27,15.98,-8.32,0.53925,28,-4.43,-7.39,0.46075,2,27,24.04,-4.3,3.4E-4,28,4.57,-7.15,0.99966,1,28,12.82,-5.01,1,1,28,15.92,-1.99,1,2,27,31.84,10.23,0.00473,28,17.77,2.73,0.99527,2,27,27.58,15.42,0.05547,28,16.1,9.24,0.94453,3,26,34.94,21.73,7.9E-4,27,23.76,15.86,0.12079,28,12.82,11.25,0.87842,3,26,25.36,19.57,0.05515,27,13.95,16.39,0.4899,28,4.15,15.87,0.45495,3,26,15.43,16.37,0.37707,27,3.53,16.01,0.53749,28,-5.46,19.92,0.08544,4,25,19.13,12.48,0.04473,26,2.78,12.1,0.88109,27,-9.81,15.35,0.07399,28,-17.83,24.95,1.9E-4,3,25,8.93,6.04,0.88902,26,-9.03,9.62,0.11098,27,-21.85,16.18,1.0E-5,2,25,1.82,5.21,0.99953,26,-15.98,11.33,4.7E-4,1,25,-4.11,7.35,1],"hull":23,"edges":[0,2,2,4,4,6,6,8,8,10,10,12,12,14,14,16,16,18,18,20,20,22,22,24,24,26,26,28,28,30,30,32,32,34,34,36,36,38,38,40,40,42,42,44,0,44],"width":40,"height":74}},"bhead":{"bhead":{"type":"mesh","uvs":[0.4757,0.00163,0.38484,0.01203,0.2601,0.04528,0.15691,0.12842,0.07529,0.24481,0.01677,0.37991,0.00137,0.49838,0.00137,0.64802,0.02909,0.77273,0.07683,0.85794,0.14613,0.91614,0.28936,0.97225,0.4141,0.99927,0.55886,0.9972,0.67591,0.98265,0.83299,0.93069,0.92693,0.86626,0.97621,0.79559,1,0.71453,0.99469,0.61061,0.96543,0.55241,0.92539,0.52124,0.90845,0.42355,0.87611,0.29053,0.80527,0.16583,0.72519,0.07438,0.5989,0.0141,0.08275,0.76984,0.14453,0.84778,0.26944,0.91303,0.45478,0.93841,0.64684,0.93116,0.82547,0.85503,0.91143,0.80246,0.94903,0.69371,0.92889,0.60127,0.88456,0.55595,0.86308,0.45082,0.82413,0.32938,0.76772,0.21881,0.70191,0.14812,0.60924,0.0883,0.4521,0.06655,0.31913,0.10099,0.19154,0.19162,0.11096,0.30219,0.07201,0.42182,0.06395,0.57045,0.07201,0.67921,0.82413,0.65564,0.77309,0.78615,0.60924,0.83509,0.393,0.83509,0.22109,0.73358,0.17945,0.55233,0.209,0.35838,0.33525,0.23693,0.62938,0.20431,0.74757,0.40007,0.66967,0.57589,0.44135,0.52151],"triangles":[42,1,0,41,26,25,43,2,1,40,41,25,40,25,24,44,3,2,44,2,43,57,41,40,39,40,24,42,56,43,42,43,1,44,43,56,4,3,44,39,24,23,45,4,44,38,39,23,55,44,56,45,44,55,5,4,45,39,57,40,58,39,38,58,57,39,46,5,45,38,23,22,37,38,22,58,38,37,6,5,46,37,22,21,57,60,56,55,56,60,55,46,45,54,55,60,54,46,55,36,37,21,47,6,46,47,46,54,59,57,58,35,21,20,36,21,35,35,20,19,7,6,47,49,58,37,49,37,36,59,58,49,48,47,54,7,47,48,34,35,19,34,19,18,53,54,60,48,54,53,41,42,0,41,0,26,42,57,56,57,42,41,27,48,53,8,7,48,8,48,27,50,59,49,17,34,18,49,35,34,35,49,36,33,34,17,33,49,34,50,49,33,59,51,60,59,60,57,51,59,50,52,53,60,52,60,51,28,27,53,32,50,33,9,8,27,9,27,28,16,33,17,32,33,16,29,53,52,28,53,29,10,28,29,9,28,10,15,32,16,31,51,50,30,52,51,11,29,52,12,11,52,10,29,11,14,31,50,14,50,32,14,32,15,13,30,51,13,51,31,13,31,14,30,12,52,12,30,13],"vertices":[101.75,1.37,100.36,16.44,96.12,37.12,85.77,54.17,71.36,67.61,54.67,77.21,40.08,79.66,21.68,79.53,6.37,74.81,-4.05,66.81,-11.13,55.26,-17.86,31.43,-21.03,10.7,-20.6,-13.33,-18.67,-32.74,-12.09,-58.77,-4.05,-74.31,4.7,-82.43,14.7,-86.3,27.47,-85.33,34.59,-80.42,38.38,-73.74,50.38,-70.85,66.7,-65.36,81.95,-53.49,93.1,-40.11,100.36,-19.1,6.79,65.91,-2.72,55.58,-10.6,34.79,-13.5,4,-12.37,-27.87,-2.79,-57.46,3.77,-71.68,17.2,-77.82,28.54,-74.4,34.06,-67,46.97,-63.34,61.86,-56.76,75.39,-47.3,84,-36.31,91.25,-20.88,93.74,5.23,89.34,27.27,78.04,48.37,64.34,61.64,49.58,68,31.29,69.21,17.92,67.77,21.73,-57.05,5.61,-48.7,-0.6,-21.54,-0.86,14.35,11.42,42.98,33.66,50.05,57.55,45.32,72.64,24.47,77.01,-24.33,53.07,-44.12,31.35,-31.35,37.77,6.6],"hull":27,"edges":[0,2,2,4,4,6,6,8,8,10,10,12,12,14,14,16,16,18,18,20,20,22,22,24,24,26,26,28,28,30,30,32,32,34,34,36,36,38,38,40,40,42,42,44,44,46,46,48,48,50,50,52,0,52],"width":166,"height":123}},"bj1":{"bj1":{"type":"mesh","uvs":[0.32911,0.01393,0.16428,0.02442,0.04534,0.10381,0.037,0.20898,0.037,0.70183,0.08708,0.82766,0.22061,0.952,0.45222,0.96698,0.688,0.952,0.87579,0.82317,0.94464,0.71681,0.93212,0.55802,0.80693,0.45315,0.7026,0.40672,0.56281,0.40222,0.55029,0.06666,0.42718,0.00974],"triangles":[8,7,5,14,9,8,10,9,14,10,12,11,12,10,14,8,5,14,6,5,7,5,4,14,15,14,0,3,2,14,0,14,2,2,1,0,0,16,15,14,4,3,12,14,13],"vertices":[1,34,-5.87,1.39,1,1,34,-5.82,-3.25,1,1,34,-2.99,-6.81,1,1,34,1.08,-7.36,1,1,34,20.24,-8.86,1,2,34,25.24,-7.85,0.96717,38,-9.35,-2.6,0.03283,2,34,30.37,-4.5,0.67529,38,-5.88,-7.65,0.32471,2,34,31.46,1.92,0.1823,38,0.56,-8.59,0.8177,2,34,31.39,8.55,0.00118,38,7.19,-8.37,0.99882,1,38,12.71,-3.65,1,2,34,22.81,16.43,9.9E-4,38,14.87,0.39,0.99901,2,34,16.61,16.56,0.11212,38,14.86,6.59,0.88788,2,34,12.26,13.39,0.32281,38,11.58,10.87,0.67719,2,34,10.22,10.62,0.49364,38,8.77,12.84,0.50636,2,34,9.74,6.73,0.79949,38,4.87,13.23,0.20051,1,34,-3.33,7.4,1,1,34,-5.81,4.14,1],"hull":17,"edges":[0,2,2,4,4,6,6,8,8,10,10,12,12,14,14,16,16,18,18,20,20,22,22,24,24,26,26,28,28,30,30,32,0,32],"width":28,"height":39}},"bj2":{"bj2":{"type":"mesh","uvs":[0.04898,0.12056,0.03824,0.3556,0.05434,0.71586,0.11069,0.86806,0.24755,0.93741,0.4971,0.95283,0.71714,0.92393,0.89424,0.80448,0.92108,0.55596,0.83252,0.49046,0.72251,0.43459,0.63932,0.42688,0.5454,0.45193,0.54412,0.26169,0.54272,0.05506,0.43538,0.02038,0.21535,0.01268,0.07849,0.07818],"triangles":[10,9,12,4,3,2,7,9,8,6,12,7,12,5,4,6,5,12,7,12,9,0,13,1,1,12,2,16,0,17,15,13,16,13,15,14,0,16,13,12,1,13,12,4,2,10,12,11],"vertices":[1,33,3.46,-6.85,1,1,33,12.59,-7.73,1,2,33,26.64,-8.17,0.72354,36,-8.85,1.76,0.27646,2,33,32.66,-6.97,0.41796,36,-7.17,-4.15,0.58204,2,33,35.6,-3.32,0.29903,36,-3.29,-6.78,0.70097,2,33,36.64,3.62,0.00117,36,3.71,-7.26,0.99883,2,33,35.91,9.84,0,36,9.85,-6.03,1,2,33,31.57,15.08,0,36,14.72,-1.29,1,2,33,22.62,16.4,0.13859,36,15.32,7.74,0.86141,2,33,19.68,14.23,0.24297,36,12.92,10.5,0.75703,2,33,17.8,11.38,0.39052,36,9.93,12.14,0.60948,2,33,17.3,9.08,0.52096,36,7.59,12.46,0.47904,2,33,17.23,6.2,0.78987,36,4.72,12.29,0.21013,2,33,9.83,6.64,0.99891,36,4.56,19.71,0.00109,1,33,1.78,7.11,1,1,33,0.24,4.19,1,1,33,-0.45,-1.94,1,1,33,1.86,-5.92,1],"hull":18,"edges":[0,2,2,4,4,6,6,8,8,10,10,12,12,14,14,16,16,18,18,20,20,22,22,24,28,30,30,32,32,34,0,34,24,26,26,28],"width":28,"height":39}},"bw":{"bw":{"type":"mesh","uvs":[0.66293,0.97963,0.57672,0.95979,0.43053,0.83278,0.25435,0.63037,0.1419,0.43986,0.05569,0.29301,0.00696,0.14616,0.04444,0,0.16814,0,0.38555,0.04694,0.58047,0.1025,0.72291,0.19379,0.80912,0.32079,0.87284,0.57083,0.96656,0.78516,1,0.95979,0.94406,1],"triangles":[8,6,7,5,6,8,9,4,5,9,5,8,10,3,4,10,4,9,3,12,2,11,3,10,12,3,11,2,12,13,1,2,13,14,0,13,13,0,1,15,16,14,14,16,0],"vertices":[1,30,-2.8,9.61,1,1,30,-1.64,14.23,1,3,30,5.08,21.92,0.00944,31,13.5,16.13,0.82858,32,-10.54,16.44,0.16198,2,31,27.45,17.76,0.254,32,3.44,17.74,0.746,2,31,38.88,16.95,0.01746,32,14.84,16.68,0.98254,1,32,23.62,15.83,1,1,32,31.17,13.38,1,1,32,35.87,7.25,1,1,32,31.82,1.94,1,1,32,22.79,-5.94,1,1,32,14.15,-12.59,1,2,31,30.57,-15.8,0.06,32,5.79,-15.88,0.94,2,31,22.6,-15.76,0.32393,32,-2.19,-15.65,0.67607,2,31,10.26,-11.04,0.93255,32,-14.41,-10.65,0.06745,2,30,6.6,-7.09,0.14596,31,-1.56,-8.7,0.85404,1,30,-2.36,-8.62,1,1,30,-4.31,-5.53,1],"hull":17,"edges":[0,2,2,4,4,6,6,8,8,10,10,12,12,14,14,16,16,18,18,20,20,22,22,24,24,26,26,28,28,30,30,32,0,32],"width":54,"height":51}},"ddddd":{"ddddd":{"x":-0.3,"y":-0.58,"width":8,"height":8}},"dy":{"dy":{"x":-0.88,"y":-0.26,"width":167,"height":86}},"m1":{"m1":{"x":27.14,"y":-3.51,"rotation":-78.02,"width":103,"height":80}},"m2":{"m2":{"x":39.25,"y":2.93,"rotation":8.41,"width":92,"height":59}},"m3":{"m3":{"x":35.62,"y":-4.05,"rotation":-150.07,"width":78,"height":73}},"m4":{"m2":{"x":37.61,"y":1.54,"rotation":5.87,"width":92,"height":59}},"m5":{"m3":{"x":44.81,"y":-2.2,"rotation":-141.18,"width":78,"height":73}},"mm2":{"mm2":{"x":17.83,"y":6.46,"rotation":-86.05,"width":105,"height":78}},"sad1":{"sad1":{"x":21.67,"y":-122.89,"rotation":-85.6,"width":159,"height":147}},"sad2":{"sad2":{"x":43.65,"y":-31.1,"rotation":-85.6,"width":344,"height":317}},"sad3":{"sad3":{"x":42.61,"y":-102.79,"rotation":-85.6,"width":124,"height":133}},"ty":{"ty":{"path":"ty2","x":15.37,"y":0.07,"rotation":-84.99,"width":59,"height":59}},"ty2":{"ty":{"path":"ty2","x":15.37,"y":0.07,"rotation":-84.99,"width":59,"height":59}},"ty3":{"ty":{"path":"ty2","x":15.37,"y":0.07,"rotation":-84.99,"width":59,"height":59}},"ty4":{"ty":{"path":"ty2","x":15.37,"y":0.07,"rotation":-84.99,"width":59,"height":59}},"ty5":{"ty":{"path":"ty2","x":15.37,"y":0.07,"rotation":-84.99,"width":59,"height":59}},"ty6":{"ty":{"path":"ty2","x":15.37,"y":0.07,"rotation":-84.99,"width":59,"height":59}},"xxa":{"xxa":{"y":1.33,"width":33,"height":33}},"xxa2":{"xxa":{"y":1.33,"width":33,"height":33}},"xxa3":{"xxa":{"y":1.33,"width":33,"height":33}},"yfds":{"yfds":{"x":22.49,"y":-2.66,"rotation":-91.82,"width":176,"height":100}},"zbody":{"zbody":{"type":"mesh","uvs":[0.50774,0,0.39901,0,0.30017,0.01479,0.20838,0.04987,0.12648,0.11224,0.05165,0.20188,0,0.33636,0,0.50591,0.02764,0.67936,0.09259,0.81578,0.22005,0.93571,0.37679,1,0.52364,1,0.64367,0.98054,0.74675,0.92597,0.84983,0.85386,0.9755,0.67067,1,0.52645,1,0.35885,0.94443,0.21073,0.84841,0.09185,0.72133,0.02364,0.60554,0,0.08025,0.6161,0.12826,0.72134,0.22711,0.82463,0.32454,0.88114,0.41915,0.91622,0.56177,0.90063,0.71709,0.85386,0.83853,0.74667,0.92608,0.56543,0.95008,0.43095,0.89642,0.23607,0.69168,0.0938,0.51376,0.07041,0.35984,0.07041,0.2031,0.12108,0.11556,0.26335,0.05907,0.37054,0.21722,0.64143,0.40503,0.77006,0.68462,0.75642,0.79758,0.58102,0.8004,0.39393,0.74957,0.2653,0.53635,0.18929,0.35561,0.23607,0.24546,0.3452,0.4135,0.5167,0.61401,0.46409],"triangles":[11,27,12,12,28,13,12,27,28,10,26,11,11,26,27,13,29,14,13,28,29,10,25,26,10,9,25,14,29,15,26,41,27,27,41,28,28,41,42,28,42,29,50,41,49,41,50,42,26,25,41,29,30,15,15,30,16,29,42,30,9,24,25,24,40,25,25,40,41,9,8,24,41,40,49,42,43,30,42,50,43,30,31,16,30,43,31,8,23,24,24,23,40,8,7,23,16,31,17,40,48,49,40,23,48,7,39,23,48,39,38,48,23,39,43,44,31,43,50,44,31,32,17,31,44,32,32,18,17,48,47,49,49,47,46,46,47,36,49,46,50,35,36,1,35,1,0,46,36,35,7,6,39,50,45,44,45,46,34,45,50,46,44,33,32,32,33,18,18,33,19,44,45,33,38,39,5,38,37,48,48,37,47,2,37,3,47,37,36,39,6,5,45,34,20,45,20,33,20,34,21,38,4,37,38,5,4,36,37,2,33,20,19,46,22,34,46,35,22,37,4,3,34,22,21,35,0,22,36,2,1],"vertices":[95,-6.18,95.57,11.97,94.31,28.53,90.55,43.98,83.44,57.89,73,70.73,57.01,79.87,36.5,80.52,15.38,76.57,-1.46,66.25,-16.64,45.44,-25.25,19.52,-26.03,-4.99,-24.31,-25.1,-18.26,-42.51,-10.08,-60,11.41,-81.68,28.72,-86.32,48.99,-86.96,67.2,-78.26,82.08,-62.69,91.01,-41.74,94.48,-22.5,22.75,67.54,9.77,59.93,-3.25,43.83,-10.6,27.79,-15.34,12.13,-14.21,-11.74,-9.38,-37.84,2.94,-58.52,24.4,-73.83,40.53,-78.35,64.39,-70.15,82.68,-36.52,86.45,-6.91,87.27,18.78,81.97,45.14,65.23,60.3,52.56,70.14,18.96,44.78,2.41,13.93,2.58,-32.79,23.19,-52.32,45.81,-53.51,61.63,-45.52,71.95,-10.22,67.25,20.12,54.64,38.93,33.01,11.54,38.31,-22.13],"hull":23,"edges":[0,2,2,4,4,6,6,8,8,10,10,12,12,14,14,16,16,18,18,20,20,22,22,24,24,26,26,28,28,30,30,32,32,34,34,36,36,38,38,40,40,42,42,44,0,44],"width":167,"height":121}},"zbq":{"zbq":{"x":9.15,"y":0.13,"rotation":-83.99,"width":46,"height":29}},"zdm":{"zdm":{"type":"mesh","uvs":[0.50314,0.00801,0.37863,0.0171,0.25075,0.05894,0.14643,0.1408,0.06903,0.24812,0.02191,0.37546,0.02191,0.5137,0.07912,0.65923,0.19691,0.78656,0.3719,0.88661,0.60747,0.97393,0.83967,0.99575,0.96082,0.97938,1,0.91572,0.95409,0.89753,0.7791,0.88661,0.66804,0.83022,0.64022,0.76361,0.62093,0.71744,0.61271,0.59757,0.62973,0.52215,0.65458,0.43003,0.67636,0.34882,0.6931,0.25863,0.68991,0.16155,0.63878,0.06094,0.57381,0.02074],"triangles":[23,2,24,25,24,1,25,1,0,1,24,2,26,25,0,23,22,3,23,3,2,22,4,3,21,6,5,22,5,4,5,22,21,20,6,21,19,6,20,7,6,19,7,19,18,8,7,18,8,18,17,9,8,17,9,17,16,10,9,16,10,16,15,12,14,13,11,15,14,11,14,12,10,15,11],"vertices":[1,19,23.22,0.78,1,1,19,20.84,5.21,1,2,18,37,1.28,0.00516,19,16.14,8.9,0.99484,2,18,31.03,5.58,0.10952,19,9,10.68,0.89048,2,18,23.16,8.85,0.60585,19,0.47,10.78,0.39415,3,17,36.8,5.04,0.00198,18,13.78,10.94,0.9955,19,-9.01,9.22,0.00252,2,17,27.23,8.66,0.204,18,3.55,11.16,0.796,3,16,35.4,-1.54,2.2E-4,17,16.35,10.32,0.92192,18,-7.26,9.1,0.07786,2,16,26.31,3.78,0.11866,17,5.87,9.25,0.88134,2,16,16.4,6.16,0.96575,17,-3.53,5.32,0.03425,1,16,4.98,6.42,1,1,16,-3.68,2.7,1,1,16,-7.08,-0.96,1,1,16,-5.82,-5.76,1,1,16,-3.55,-5.89,1,1,16,2.76,-2.74,1,2,16,8.76,-3.81,0.86751,17,-3.81,-7.24,0.13249,4,16,12.38,-7.33,0.3848,17,1.19,-7.94,0.59442,18,-15.47,-13.17,0.0207,19,-27.18,-24.05,8.0E-5,4,16,14.9,-9.77,0.05017,17,4.66,-8.43,0.91465,18,-12.04,-12.48,0.03505,19,-24.25,-22.12,1.3E-4,3,17,13.08,-11.25,0.61124,18,-3.16,-12.34,0.36488,19,-16.07,-18.69,0.02388,3,17,18.06,-13.86,0.33106,18,2.4,-13.14,0.46685,19,-10.6,-17.36,0.2021,3,17,24.08,-17.2,0.0182,18,9.2,-14.28,0.58071,19,-3.87,-15.89,0.40109,3,17,29.4,-20.14,0.00981,18,15.19,-15.28,0.33517,19,2.06,-14.59,0.65502,2,18,21.84,-16.09,0.04818,19,8.54,-12.86,0.95182,2,18,29.03,-16.12,0.02375,19,15.22,-10.21,0.97625,1,19,21.47,-5.67,1,1,19,23.33,-2.19,1],"hull":27,"edges":[0,2,2,4,4,6,6,8,8,10,10,12,12,14,14,16,16,18,18,20,20,22,22,24,24,26,26,28,28,30,30,32,36,38,50,52,0,52,42,44,44,46,46,48,48,50,38,40,40,42,32,34,34,36],"width":40,"height":74}},"zhead":{"zhead":{"type":"mesh","uvs":[0.56616,0.01062,0.44604,0.00555,0.35971,0.02919,0.27714,0.08491,0.21708,0.14064,0.15577,0.23688,0.10698,0.3534,0.0782,0.45809,0.06819,0.52394,0.02123,0.5803,0,0.66304,0.00246,0.75591,0.03499,0.82177,0.11507,0.89269,0.19014,0.93997,0.3065,0.98556,0.44162,0.99907,0.58175,1,0.70687,0.97205,0.83198,0.91464,0.92707,0.83865,0.96961,0.77955,1,0.64785,1,0.51614,0.98588,0.39118,0.92958,0.23921,0.81697,0.10244,0.70186,0.03152,0.60928,0.00619,0.12133,0.57524,0.08254,0.61914,0.07253,0.68668,0.07878,0.76773,0.1501,0.8471,0.27522,0.89944,0.39408,0.93997,0.55298,0.93997,0.70562,0.92139,0.82948,0.84372,0.93208,0.75085,0.94334,0.59888,0.92832,0.42833,0.86452,0.26285,0.77443,0.16154,0.68685,0.10413,0.58425,0.08218,0.45288,0.08555,0.3653,0.10919,0.29273,0.15647,0.23143,0.2409,0.17638,0.32871,0.14134,0.4773,0.26771,0.58875,0.2014,0.50601,0.19264,0.69006,0.37906,0.77449,0.4729,0.63265,0.4166,0.47899,0.26271,0.36586,0.34904,0.24428,0.53671,0.23415,0.62429,0.40976,0.6343,0.60563,0.61804,0.78631,0.63805,0.8606,0.80696,0.68668,0.80196,0.49081,0.79945,0.4621,0.78319,0.38443,0.68185,0.24934],"triangles":[33,54,34,7,6,51,8,7,51,14,34,15,9,8,30,11,10,31,12,11,32,12,32,13,13,33,14,45,0,28,46,1,0,46,0,45,2,1,46,44,28,27,43,44,27,45,28,44,47,2,46,26,43,27,60,46,45,69,45,44,69,44,43,60,45,69,42,26,25,43,26,42,68,43,42,69,43,68,61,60,69,61,69,68,41,42,25,41,25,24,68,42,41,67,68,41,59,46,60,57,60,61,66,67,41,41,24,23,40,41,23,66,41,40,61,66,62,67,61,68,66,61,67,62,56,61,40,23,22,65,66,40,62,66,65,39,65,40,39,40,22,21,39,22,63,56,62,63,62,65,39,38,65,20,39,21,20,38,39,64,63,65,65,37,64,19,38,20,38,37,65,19,37,38,36,63,64,18,37,19,18,17,64,18,64,37,29,8,51,30,8,29,11,31,32,13,32,33,15,34,35,15,35,16,14,33,34,16,35,36,16,36,17,10,9,30,30,29,54,3,2,47,48,3,47,4,3,48,49,4,48,5,4,49,59,48,47,49,48,59,50,5,49,6,5,50,58,49,59,50,49,58,51,6,50,53,51,50,46,59,47,57,59,60,58,59,57,58,53,50,29,51,53,52,58,57,53,58,52,56,57,61,52,57,56,54,29,53,54,53,52,55,52,56,54,52,55,34,54,55,63,55,56,36,55,63,35,55,36,34,55,35,17,36,64,31,30,54,32,31,54,33,32,54,31,10,30],"vertices":[2,4,77.38,-53.81,0.23722,21,40.04,33.29,0.76278,2,4,78.21,-33.88,0.41452,21,40.87,53.22,0.58548,2,4,75.45,-19.52,0.53057,21,38.11,67.58,0.46943,2,4,68.74,-5.74,0.64958,21,31.4,81.36,0.35042,2,4,61.99,4.3,0.58166,21,24.65,91.4,0.41834,2,4,50.26,14.6,0.53647,21,12.92,101.7,0.46353,2,4,36.01,22.85,0.51091,21,-1.33,109.94,0.48909,2,4,23.18,27.76,0.48018,21,-14.16,114.85,0.51982,2,4,15.1,29.5,0.35143,21,-22.24,116.6,0.64857,2,4,8.25,37.37,0.48571,21,-29.09,124.47,0.51429,2,4,-1.89,41,0.51429,21,-39.23,128.1,0.48571,2,4,-13.32,40.71,0.42,21,-50.66,127.81,0.58,2,4,-21.47,35.39,0.27143,21,-58.81,122.49,0.72857,2,4,-30.33,22.19,0.12,21,-67.67,109.29,0.88,2,4,-36.28,9.79,0.18857,21,-73.62,96.89,0.81143,2,4,-42.09,-9.47,0.14857,21,-79.42,77.63,0.85143,2,4,-43.98,-31.88,0.1676,21,-81.32,55.22,0.8324,2,4,-44.34,-55.14,0.54745,21,-81.67,31.96,0.45255,2,4,-41.11,-75.94,0.36229,21,-78.45,11.16,0.63771,2,4,-34.27,-96.78,0.20317,21,-71.61,-9.68,0.79683,2,4,-25.08,-112.66,0.11237,21,-62.42,-25.57,0.88763,2,4,-17.89,-119.8,0.082,21,-55.23,-32.7,0.918,2,4,-1.74,-125.01,0.04098,21,-39.08,-37.91,0.95902,2,4,14.46,-125.18,0.01296,21,-22.88,-38.08,0.98704,2,4,29.85,-122.99,0.03219,21,-7.49,-35.9,0.96781,2,4,48.64,-113.84,0.04,21,11.3,-26.74,0.96,2,4,65.65,-95.33,0.07714,21,28.31,-8.23,0.92286,2,4,74.57,-76.31,0.08356,21,37.24,10.79,0.91644,2,4,77.85,-60.97,0.18086,21,40.51,26.13,0.81914,2,4,8.7,20.75,0.58857,21,-28.64,107.85,0.41143,2,4,3.37,27.24,0.52,21,-33.97,114.34,0.48,2,4,-4.92,28.99,0.50571,21,-42.26,116.09,0.49429,2,4,-14.9,28.05,0.43143,21,-52.24,115.15,0.56857,2,4,-24.79,16.32,0.36286,21,-62.13,103.42,0.63714,2,4,-31.44,-4.38,0.26022,21,-68.78,82.71,0.73978,2,4,-36.63,-24.06,0.53309,21,-73.97,63.04,0.46691,2,4,-36.9,-50.44,0.58588,21,-74.24,36.66,0.41412,2,4,-34.88,-75.8,0.35041,21,-72.22,11.3,0.64959,2,4,-25.54,-96.46,0.18198,21,-62.88,-9.36,0.81802,2,4,-14.29,-113.61,0.08461,21,-51.63,-26.51,0.91539,2,4,4.38,-115.67,0.03507,21,-32.96,-28.57,0.96493,2,4,25.38,-113.39,0.10631,21,-11.96,-26.3,0.89369,2,4,45.84,-103.01,0.09143,21,8.5,-15.92,0.90857,2,4,58.46,-88.19,0.11021,21,21.12,-1.09,0.88979,2,4,65.67,-73.72,0.08559,21,28.33,13.37,0.91441,2,4,68.55,-56.72,0.21273,21,31.21,30.38,0.78727,2,4,68.36,-34.91,0.41642,21,31.02,52.19,0.58358,2,4,65.6,-20.34,0.55154,21,28.26,66.75,0.44846,2,4,59.91,-8.24,0.66778,21,22.57,78.86,0.33222,2,4,49.63,2.05,0.63353,21,12.29,89.14,0.36647,2,4,38.93,11.3,0.61092,21,1.59,98.39,0.38908,2,4,20.71,17.3,0.48286,21,-16.63,104.4,0.51714,1,4,6.79,-3.53,1,2,4,17.08,7.37,0.96216,21,-20.26,94.47,0.03784,2,4,-5.55,9.06,0.81429,21,-42.88,96.15,0.18571,2,4,-16.25,-21.78,0.85093,21,-53.59,65.32,0.14907,2,4,1.03,-37.54,0.6453,21,-36.31,49.56,0.3547,2,4,20.03,-28.39,0.6733,21,-17.31,58.71,0.3267,2,4,34.21,-2.99,0.83105,21,-3.13,84.11,0.16895,2,4,49.01,-17.47,0.64117,21,11.67,69.63,0.35883,2,4,49.94,-48.64,0.31399,21,12.6,38.46,0.68601,2,4,28.19,-62.95,0.2205,21,-9.15,24.15,0.7795,2,4,4.08,-64.36,0.31893,21,-33.26,22.74,0.68107,2,4,-18.11,-61.43,0.43762,21,-55.45,25.67,0.56238,2,4,-27.29,-64.66,0.43116,21,-64.63,22.44,0.56884,2,4,-6.19,-92.92,0.13777,21,-43.53,-5.82,0.86223,2,4,17.91,-92.34,0.17853,21,-19.43,-5.24,0.82147,2,4,21.45,-91.96,0.06992,21,-15.89,-4.86,0.93008,2,4,31.03,-89.36,0.11675,21,-6.31,-2.26,0.88325,2,4,47.82,-72.71,0.08216,21,10.48,14.39,0.91784],"hull":29,"edges":[0,2,2,4,4,6,6,8,8,10,10,12,12,14,14,16,16,18,18,20,20,22,22,24,24,26,26,28,28,30,30,32,32,34,34,36,36,38,38,40,40,42,42,44,44,46,46,48,48,50,50,52,52,54,54,56,0,56,132,134],"width":166,"height":123}},"zj1":{"zj1":{"type":"mesh","uvs":[0.75167,0.00294,0.56322,0,0.43079,0.06667,0.41042,0.48594,0.23215,0.51948,0.03351,0.67377,0,0.85489,0.18631,0.96894,0.51228,0.97564,0.71092,0.95887,0.90447,0.84148,0.96559,0.71737,0.96559,0.11028],"triangles":[3,12,11,10,9,8,4,3,8,4,8,5,6,5,7,8,7,5,10,8,3,10,3,11,3,2,12,2,0,12,2,1,0],"vertices":[1,13,5.87,2.46,1,1,13,5.57,-2.62,1,1,13,8.16,-6.29,1,2,13,25.32,-7.48,0.26835,15,3.37,-7.79,0.73165,2,13,26.52,-12.34,0.16195,15,7.95,-9.8,0.83805,2,13,32.64,-17.93,0.02079,15,16.12,-8.34,0.97921,1,15,21.55,-3.2,1,1,15,20.66,3.61,1,1,15,14.05,9.43,1,1,15,9.48,12.32,1,1,15,2.39,11.95,1,2,13,35.36,7.15,0.02131,15,-2.13,9.08,0.97869,1,13,10.49,8.07,1],"hull":13,"edges":[0,2,2,4,4,6,6,8,8,10,10,12,12,14,14,16,16,18,18,20,20,22,22,24,0,24],"width":27,"height":41}},"zj2":{"zj2":{"type":"mesh","uvs":[0.69819,0.01993,0.56495,0.02301,0.45743,0.07381,0.43406,0.12153,0.42704,0.4848,0.29147,0.50327,0.09045,0.59717,0.00864,0.73109,0.04838,0.87117,0.19814,0.93581,0.3828,0.98968,0.68667,0.95428,0.91106,0.81112,0.96483,0.66181,0.9508,0.1169,0.78718,0.01838],"triangles":[4,14,13,12,4,13,9,8,7,9,6,5,9,7,6,11,4,12,4,9,5,10,4,11,10,9,4,0,15,14,3,2,1,1,0,3,14,3,0,4,3,14],"vertices":[1,10,10.23,-0.64,1,1,10,10.27,-4.24,1,1,10,12.27,-7.19,1,1,10,14.21,-7.87,1,2,10,29.1,-8.44,0.24867,12,5.51,-9.04,0.75133,2,10,29.76,-12.12,0.17578,12,9.13,-10,0.82422,2,10,33.47,-17.65,0.04801,12,15.7,-8.98,0.95199,2,10,38.9,-20,0.00269,12,20.13,-5.06,0.99731,1,12,21.74,0.56,1,1,12,19.31,4.74,1,1,12,15.84,8.94,1,1,12,7.85,11.31,1,1,12,-0.19,8.77,1,2,10,36.73,5.89,0.13282,12,-4.23,3.95,0.86718,1,10,14.38,6.08,1,1,10,10.23,1.77,1],"hull":16,"edges":[0,2,2,4,4,6,6,8,8,10,10,12,12,14,14,16,16,18,18,20,20,22,22,24,24,26,26,28,28,30,0,30],"width":27,"height":41}},"zw":{"zw":{"type":"mesh","uvs":[0.52086,0.00396,0.42542,0.06877,0.31983,0.17876,0.22236,0.31625,0.12082,0.50676,0.05178,0.67175,0.00508,0.84262,0.03554,0.94083,0.09443,0.99975,0.20002,0.92119,0.4173,0.77781,0.64551,0.658,0.86279,0.53033,0.98463,0.42624,0.99072,0.28286,0.90137,0.16305,0.77344,0.03538,0.63738,0.00789],"triangles":[14,12,15,15,17,16,13,12,14,17,12,1,15,12,17,1,0,17,12,2,1,11,2,12,11,3,2,10,3,11,4,3,10,5,4,10,9,6,5,10,9,5,7,6,9,8,7,9],"vertices":[2,8,22.96,17.53,0.07452,9,7.46,18.59,0.92548,3,7,34.23,21,8.0E-5,8,16.16,18.52,0.21341,9,0.58,18.49,0.78651,3,7,25.22,19.37,0.04093,8,7.02,17.92,0.5162,9,-8.34,16.44,0.44287,3,7,15.59,16.11,0.35209,8,-2.92,15.77,0.53382,9,-17.82,12.74,0.11408,3,7,3.82,10.41,0.92601,8,-15.25,11.44,0.07269,9,-29.3,6.5,0.0013,2,7,-5.48,4.8,0.9999,8,-25.13,6.92,1.0E-4,1,7,-13.93,-1.89,1,1,7,-16.09,-7.76,1,1,7,-15.47,-12.72,1,1,7,-7.61,-12.62,1,2,7,7.9,-13.32,0.98025,8,-13.89,-12.59,0.01975,3,7,23.05,-15.55,0.41072,8,0.92,-16.53,0.55563,9,-8.89,-18.54,0.03364,3,7,37.98,-17.01,0.03507,8,15.58,-19.67,0.45034,9,6.09,-19.3,0.51459,3,7,47.54,-16.24,0.00126,8,25.17,-19.99,0.2134,9,15.6,-18.1,0.78534,2,8,31.44,-13.87,0.089,9,20.82,-11.07,0.911,2,8,32.62,-4.94,0.01092,9,20.57,-2.06,0.98908,1,9,18.7,8.63,1,2,8,27.8,12.63,0.01366,9,13.01,14.53,0.98634],"hull":18,"edges":[0,2,2,4,4,6,6,8,8,10,10,12,12,14,14,16,16,18,18,20,20,22,22,24,24,26,26,28,28,30,30,32,32,34,0,34],"width":59,"height":61}},"元宝":{"元宝":{"x":23.12,"y":-3.03,"rotation":-106.93,"width":75,"height":56}},"元宝2":{"元宝":{"x":-2.54,"y":3.1,"rotation":56.5,"width":75,"height":56}},"元宝3":{"元宝":{"x":-2.54,"y":3.1,"rotation":56.5,"width":75,"height":56}},"元宝4":{"元宝":{"x":1.31,"y":7.18,"width":75,"height":56}},"元宝5":{"元宝":{"x":1.31,"y":7.18,"width":75,"height":56}},"元宝6":{"元宝":{"x":1.31,"y":7.18,"width":75,"height":56}},"图层492(3)":{"图层492(3)":{"x":1.51,"y":-4.79,"width":118,"height":60}},"图层492(3)2":{"图层492(3)":{"x":1.51,"y":-4.79,"width":118,"height":60}},"手ddd":{"手ddd":{"x":19.48,"y":-1.35,"rotation":56.5,"width":46,"height":40}},"手fff":{"手fff":{"x":19.35,"y":-2.43,"rotation":-155.71,"width":45,"height":46}},"手ffff":{"手ffff":{"x":14.5,"y":-0.33,"width":50,"height":44}},"衣服fff":{"衣服fff":{"x":34.95,"y":2.05,"rotation":-91.79,"width":176,"height":100}}}},{"name":"skin1"}],"animations":{"idle1":{"slots":{"dy":{"color":[{"color":"ffffffff"},{"time":0.3667,"color":"ffffffcf"},{"time":0.6,"color":"ffffff00"}],"attachment":[{"name":"dy"}]},"ty3":{"attachment":[{"time":0.2667,"name":"ty"}]},"ty4":{"attachment":[{"name":"ty"}]},"ty5":{"attachment":[{"name":"ty"}]},"ty6":{"attachment":[{"time":0.2,"name":"ty"}]},"xxa":{"attachment":[{"time":0.1667,"name":"xxa"}]},"xxa2":{"attachment":[{"name":"xxa"}]}},"bones":{"5465":{"translate":[{},{"time":0.3333,"y":-6.14},{"time":0.7333}],"scale":[{},{"time":0.3333,"x":0.97,"y":1.05},{"time":0.7333}]},"bone2":{"rotate":[{},{"time":0.3333,"angle":-0.27},{"time":0.7333}]},"bone4":{"rotate":[{},{"time":0.3,"angle":-44.28},{"time":0.7333}]},"bone5":{"rotate":[{},{"time":0.2,"angle":20.44},{"time":0.3667,"angle":-0.26},{"time":0.5,"angle":19.02},{"time":0.7333}]},"bone14":{"rotate":[{},{"time":0.2667,"angle":-16.94},{"time":0.7333}]},"bone15":{"rotate":[{"angle":-2.42},{"time":0.0667},{"time":0.3333,"angle":-20.98},{"time":0.7333,"angle":-2.42}]},"bone16":{"rotate":[{"angle":-4.84},{"time":0.1333},{"time":0.4,"angle":-24.66},{"time":0.7333,"angle":-4.84}]},"bone17":{"rotate":[{"angle":-7.26},{"time":0.2},{"time":0.4667,"angle":-28.01},{"time":0.7333,"angle":-7.26}]},"target":{"translate":[{"x":-19.23,"y":-7.89}]},"target2":{"translate":[{"x":18.13,"y":0.73}]},"bone10":{"scale":[{},{"time":0.3333,"x":1.2,"y":1.1},{"time":0.7333}]},"bone13":{"translate":[{},{"time":0.3333,"x":9.44,"y":-10.86},{"time":0.4667,"x":6.29,"y":-8.73},{"time":0.7333}]},"bone33":{"rotate":[{"angle":0.09},{"time":0.4,"angle":16.01},{"time":0.7333,"angle":0.09}]},"mz":{"rotate":[{},{"time":0.3333,"angle":1.48},{"time":0.7333}],"translate":[{},{"time":0.3333,"x":-3.03,"y":10.89},{"time":0.7333}]},"mz2":{"rotate":[{},{"time":0.3,"angle":10.62},{"time":0.5333,"angle":-14.5},{"time":0.7333}]},"mz3":{"rotate":[{},{"time":0.3,"angle":16.96},{"time":0.5333,"angle":-5.1},{"time":0.7333}]},"bone34":{"translate":[{},{"time":0.4,"x":7.2,"y":-14.39},{"time":0.7333}]},"z2":{"scale":[{"x":0,"y":0},{"time":0.6,"x":1.2,"y":1.1}]},"z6":{"rotate":[{},{"time":0.5667,"angle":18.64}],"translate":[{},{"time":0.5667,"x":-88.08,"y":84.35}],"scale":[{"x":0,"y":0},{"time":0.3333},{"time":0.5667,"x":0.5,"y":0}]},"z5":{"rotate":[{"time":0.2667,"angle":-23.28}],"translate":[{"time":0.2667},{"time":0.7333,"x":65.47,"y":79.59}],"scale":[{"time":0.2667,"x":0,"y":0},{"time":0.5333},{"time":0.7333,"x":0.5,"y":0}]},"z7":{"rotate":[{"time":0.5667,"angle":-23.16}],"translate":[{},{"time":0.5667,"x":58.59,"y":65.96}],"scale":[{"x":0,"y":0},{"time":0.4},{"time":0.5667,"x":0.5,"y":0}]},"z8":{"translate":[{"time":0.2},{"time":0.7,"x":4.49,"y":58.43}],"scale":[{"time":0.2,"x":0,"y":0},{"time":0.4667},{"time":0.7,"x":0.5,"y":0}]},"z3":{"translate":[{"time":0.3},{"time":0.7333,"x":4.49,"y":84.35}],"scale":[{"time":0.3,"x":0,"y":0},{"time":0.5667,"x":0.6,"y":0.6},{"time":0.7333,"x":0.5,"y":0}]},"bone44":{"translate":[{},{"time":0.5,"y":90.55}],"scale":[{},{"time":0.1333,"x":0.5,"y":0.5},{"time":0.3},{"time":0.4,"x":0.5,"y":0.5},{"time":0.5,"x":0,"y":0}]},"bone43":{"translate":[{"time":0.1667},{"time":0.6667,"y":90.55}],"scale":[{"time":0.1667},{"time":0.3,"x":0.5,"y":0.5},{"time":0.4667},{"time":0.5667,"x":0.5,"y":0.5},{"time":0.6667,"x":0,"y":0}]},"bone45":{"translate":[{"time":0.2333},{"time":0.7333,"y":90.55}],"scale":[{"time":0.2333},{"time":0.3667,"x":0.5,"y":0.5},{"time":0.5333},{"time":0.6333,"x":0.5,"y":0.5},{"time":0.7333,"x":0,"y":0}]}},"deform":{"default":{"zbody":{"zbody":[{},{"time":0.3333,"offset":10,"vertices":[-0.08926,-4.04132,-0.08926,-4.04134,1.0E-5,-1.45252,0,0.5857,0,0,0,0,0,0,0,0,0,0,0,0,0,0,2.0E-5,-0.78404,2.0E-5,-0.78403,2.0E-5,1.17149,1.0E-5,1.98212,0,0,0,0,0,0,2.0E-5,0.58573,0,0,0,0,0,0,0,0,0,0,0,0,0,0,2.0E-5,-0.78403,0,0.58576,1.0E-5,1.98212,0,0,0,0,0,0,0,0,-0.08926,-2.598,-0.08926,-2.598]},{"time":0.7333}]}}}},"idle2":{"slots":{"bbody":{"attachment":[{"name":"bbody"}]},"bdm":{"attachment":[{"name":"bdm"}]},"bhead":{"attachment":[{"name":"bhead"}]},"bj1":{"attachment":[{"name":"bj1"}]},"bj2":{"attachment":[{"name":"bj2"}]},"bw":{"attachment":[{"name":"bw"}]},"ddddd":{"attachment":[{"name":null}]},"dy":{"color":[{"color":"ffffffff"},{"time":0.3667,"color":"ffffffcf"},{"time":0.6,"color":"ffffff00"}],"attachment":[{"name":"dy"}]},"m1":{"attachment":[{"name":null}]},"m2":{"attachment":[{"name":null}]},"m3":{"attachment":[{"name":null}]},"m4":{"attachment":[{"name":"m2"}]},"m5":{"attachment":[{"name":"m3"}]},"mm2":{"attachment":[{"name":"mm2"}]},"ty3":{"attachment":[{"time":0.2667,"name":"ty"}]},"ty4":{"attachment":[{"name":"ty"}]},"ty5":{"attachment":[{"name":"ty"}]},"ty6":{"attachment":[{"time":0.2,"name":"ty"}]},"xxa":{"attachment":[{"time":0.1667,"name":"xxa"}]},"xxa2":{"attachment":[{"name":"xxa"}]},"yfds":{"attachment":[{"name":null}]},"zbody":{"attachment":[{"name":null}]},"zbq":{"attachment":[{"name":null}]},"zdm":{"attachment":[{"name":null}]},"zhead":{"attachment":[{"name":null}]},"zj1":{"attachment":[{"name":null}]},"zj2":{"attachment":[{"name":null}]},"zw":{"attachment":[{"name":null}]},"元宝":{"attachment":[{"name":null}]},"元宝6":{"attachment":[{"name":"元宝"}]},"手ddd":{"attachment":[{"name":null}]},"手fff":{"attachment":[{"name":null}]},"手ffff":{"attachment":[{"name":"手ffff"}]},"衣服fff":{"attachment":[{"name":"衣服fff"}]}},"bones":{"b1":{"translate":[{},{"time":0.3333,"y":-5.28},{"time":0.7333}],"scale":[{},{"time":0.3333,"x":0.97,"y":1.05},{"time":0.7333}]},"bone20":{"rotate":[{},{"time":0.3333,"angle":4.31},{"time":0.7333}]},"bone21":{"rotate":[{},{"time":0.3333,"angle":19.47},{"time":0.7333}]},"bone22":{"rotate":[{"angle":4.11},{"time":0.0667},{"time":0.4,"angle":24.68},{"time":0.7333,"angle":4.11}]},"bone23":{"rotate":[{"angle":7.51},{"time":0.1333},{"time":0.4667,"angle":22.54},{"time":0.7333,"angle":7.51}]},"bone24":{"rotate":[{"angle":13.12},{"time":0.2},{"time":0.5333,"angle":26.25},{"time":0.7333,"angle":13.12}]},"bone25":{"rotate":[{},{"time":0.3667,"angle":-16.74},{"time":0.7333}]},"bone26":{"rotate":[{},{"time":0.2,"angle":13.03},{"time":0.3667,"angle":-3.53},{"time":0.5667,"angle":6.35},{"time":0.7333}]},"bone28":{"rotate":[{"angle":-30.6}]},"bone30":{"rotate":[{"angle":19.84}]},"21":{"translate":[{"x":-11.58,"y":-2.53}]},"bone19":{"scale":[{},{"time":0.3333,"x":1.2,"y":1.1},{"time":0.7333}]},"bone39":{"rotate":[{},{"time":0.3333,"angle":-12.53},{"time":0.7333}],"translate":[{"x":-12.65,"y":13.13},{"time":0.3333,"x":51.79,"y":12.37},{"time":0.7333,"x":-12.65,"y":13.13}]},"fmz3":{"rotate":[{},{"time":0.3333,"angle":-18.96},{"time":0.7333}]},"fmz2":{"rotate":[{},{"time":0.3333,"angle":-18.96},{"time":0.7333}]},"bone40":{"rotate":[{},{"time":0.3333,"angle":-12.53},{"time":0.7333}],"translate":[{"x":-12.65,"y":13.13},{"time":0.3333,"x":51.79,"y":12.37},{"time":0.7333,"x":-12.65,"y":13.13}]},"bone41":{"translate":[{"x":-12.65,"y":13.13},{"time":0.3667,"x":-19.98,"y":13.13},{"time":0.7333,"x":-12.65,"y":13.13}]},"z5":{"rotate":[{"time":0.2667,"angle":-23.28}],"translate":[{"time":0.2667},{"time":0.7333,"x":65.47,"y":79.59}],"scale":[{"time":0.2667,"x":0,"y":0},{"time":0.5333},{"time":0.7333,"x":0.5,"y":0}]},"z6":{"rotate":[{},{"time":0.5667,"angle":18.64}],"translate":[{},{"time":0.5667,"x":-88.08,"y":84.35}],"scale":[{"x":0,"y":0},{"time":0.3333},{"time":0.5667,"x":0.5,"y":0}]},"z7":{"rotate":[{"time":0.5667,"angle":-23.16}],"translate":[{},{"time":0.5667,"x":58.59,"y":65.96}],"scale":[{"x":0,"y":0},{"time":0.4},{"time":0.5667,"x":0.5,"y":0}]},"z2":{"scale":[{"x":0,"y":0},{"time":0.6,"x":1.2,"y":1.1}]},"bone44":{"translate":[{},{"time":0.5,"y":90.55}],"scale":[{},{"time":0.1333,"x":0.5,"y":0.5},{"time":0.3},{"time":0.4,"x":0.5,"y":0.5},{"time":0.5,"x":0,"y":0}]},"bone43":{"translate":[{"time":0.1667},{"time":0.6667,"y":90.55}],"scale":[{"time":0.1667},{"time":0.3,"x":0.5,"y":0.5},{"time":0.4667},{"time":0.5667,"x":0.5,"y":0.5},{"time":0.6667,"x":0,"y":0}]},"z8":{"translate":[{"time":0.2},{"time":0.7,"x":4.49,"y":58.43}],"scale":[{"time":0.2,"x":0,"y":0},{"time":0.4667},{"time":0.7,"x":0.5,"y":0}]},"bone45":{"translate":[{"time":0.2333},{"time":0.7333,"y":90.55}],"scale":[{"time":0.2333},{"time":0.3667,"x":0.5,"y":0.5},{"time":0.5333},{"time":0.6333,"x":0.5,"y":0.5},{"time":0.7333,"x":0,"y":0}]},"z3":{"translate":[{"time":0.3},{"time":0.7333,"x":4.49,"y":84.35}],"scale":[{"time":0.3,"x":0,"y":0},{"time":0.5667,"x":0.6,"y":0.6},{"time":0.7333,"x":0.5,"y":0}]}}},"pose1":{"slots":{"dy":{"color":[{"time":0.4333,"color":"fffffffe"},{"time":0.7667,"color":"ffffff00","curve":"stepped"},{"time":1.1,"color":"ffffffff","curve":"stepped"},{"time":1.6667,"color":"ffffffff"},{"time":2,"color":"ffffff00"}],"attachment":[{"name":"dy"}]},"ty":{"color":[{"color":"ffffff00"},{"time":0.4,"color":"ffffffff"},{"time":0.7,"color":"ffffff00"}],"attachment":[{"name":"ty"}]},"ty2":{"color":[{"color":"ffffff00","curve":"stepped"},{"time":0.2333,"color":"ffffff00"},{"time":0.6333,"color":"ffffffff"},{"time":0.9333,"color":"ffffff00"}],"attachment":[{"time":0.2333,"name":"ty"}]},"ty3":{"color":[{"color":"ffffff00","curve":"stepped"},{"time":0.4333,"color":"ffffff00"},{"time":0.8333,"color":"ffffffff"},{"time":1.1333,"color":"ffffff00"}],"attachment":[{"time":0.4333,"name":"ty"}]},"ty4":{"color":[{"color":"ffffff00","curve":"stepped"},{"time":0.7333,"color":"ffffff00"},{"time":1.1333,"color":"ffffffff"},{"time":1.4333,"color":"ffffff00"}],"attachment":[{"time":0.7333,"name":"ty"}]},"ty5":{"color":[{"color":"ffffff00","curve":"stepped"},{"time":0.9667,"color":"ffffff00"},{"time":1.3667,"color":"ffffffff"},{"time":1.6667,"color":"ffffff00"}],"attachment":[{"time":0.9667,"name":"ty"}]},"xxa":{"color":[{"time":0.5667,"color":"ffffff00"},{"time":0.7333,"color":"ffffffff","curve":"stepped"},{"time":1.3,"color":"ffffffff"},{"time":1.4667,"color":"ffffff00"}],"attachment":[{"time":0.7667,"name":"xxa"}]},"xxa2":{"color":[{"time":0.8667,"color":"ffffff00"},{"time":1.0333,"color":"ffffffff","curve":"stepped"},{"time":1.6,"color":"ffffffff"},{"time":1.7667,"color":"ffffff00"}],"attachment":[{"time":1.0667,"name":"xxa"}]},"xxa3":{"color":[{"time":0.1333,"color":"ffffff00"},{"time":0.3,"color":"ffffffff","curve":"stepped"},{"time":0.8667,"color":"ffffffff"},{"time":1.0333,"color":"ffffff00"}],"attachment":[{"time":0.3333,"name":"xxa"}]},"元宝2":{"attachment":[{"time":0.4667,"name":"元宝"}]},"元宝3":{"attachment":[{"time":0.4667,"name":"元宝"}]}},"bones":{"target":{"translate":[{"x":-20.34,"y":-8.2}]},"target2":{"translate":[{"x":14.76,"y":1.31}]},"5465":{"translate":[{},{"time":0.2667,"y":-6.89},{"time":0.4,"y":2.3},{"time":0.6333,"y":-0.99},{"time":0.8333,"y":2.3},{"time":0.9667,"y":-4.65},{"time":1.1333,"y":-0.91},{"time":1.2333,"y":-5.86},{"time":1.4333},{"time":1.6,"y":-3.28},{"time":2}],"scale":[{},{"time":0.2,"x":0.95,"y":1.03},{"time":0.5,"x":1.02,"y":0.98},{"time":0.8,"x":0.95,"y":1.05},{"time":1.2,"x":1.05,"y":0.95},{"time":1.4333},{"time":1.7,"x":0.98,"y":1.02},{"time":2}]},"bone33":{"rotate":[{},{"time":0.2667,"angle":40.37},{"time":0.3667,"angle":-22.05},{"time":0.5333,"angle":-27.42},{"time":0.7667,"angle":1.02},{"time":0.9,"angle":-43.41},{"time":1,"angle":-22.05},{"time":1.1,"angle":3},{"time":1.1667,"angle":-46.77},{"time":1.2333}]},"bone14":{"rotate":[{},{"time":0.5,"angle":-21.01},{"time":0.9333,"angle":26.21},{"time":1.3333,"angle":-22.77},{"time":2}]},"bone16":{"rotate":[{"angle":-11.78},{"time":0.1333,"angle":-5.27},{"time":0.6333,"angle":-26.28},{"time":1.0667,"angle":20.93},{"time":1.4667,"angle":-28.04},{"time":2,"angle":-11.78}]},"bone17":{"rotate":[{"angle":-17.67},{"time":0.2,"angle":-7.91},{"time":0.7,"angle":-28.92},{"time":1.1333,"angle":18.3},{"time":1.5333,"angle":-30.68},{"time":2,"angle":-17.67}]},"bone15":{"rotate":[{"angle":-5.89},{"time":0.0667,"angle":-2.64},{"time":0.5667,"angle":-23.64},{"time":1,"angle":23.57},{"time":1.4,"angle":-25.41},{"time":2,"angle":-5.89}]},"bone4":{"rotate":[{},{"time":0.3667,"angle":-29.67},{"time":0.6333,"angle":-22.41},{"time":0.8667,"angle":26.33},{"time":1.0667,"angle":-11.82},{"time":1.4333,"angle":-10.26},{"time":2}]},"bone34":{"rotate":[{"time":0.3333},{"time":0.6,"angle":21.6},{"time":1.5,"angle":-21.07},{"time":1.7,"angle":0.71},{"time":2,"angle":-10.5}],"translate":[{},{"time":0.3333,"x":18.39,"y":-26.27},{"time":0.4,"x":15.71,"y":-5.54},{"time":0.6,"x":84.07,"y":75.17},{"time":0.8667,"x":181.69,"y":-4.87},{"time":1.0667,"x":23.51,"y":-12.59},{"time":1.2,"x":104.29,"y":77.38},{"time":1.3,"x":174.56,"y":70.16}]},"bone36":{"rotate":[{"time":0.4667},{"time":0.7667,"angle":-31.82},{"time":0.9,"angle":-37.04},{"time":1.3,"angle":-2.67},{"time":1.4333,"angle":-37.04},{"time":2,"angle":1.69}],"translate":[{"time":0.4667},{"time":0.7667,"x":-123.36,"y":-95.48},{"time":0.9,"x":-133.51,"y":49.36},{"time":1.2,"x":-35.3,"y":16.28}]},"bone38":{"rotate":[{"time":0.4667},{"time":0.7667,"angle":-31.82},{"time":0.9,"angle":-37.04},{"time":1.2,"angle":40.16},{"time":1.4333,"angle":-37.04},{"time":2,"angle":-22.13}],"translate":[{"time":0.4667},{"time":0.6667,"x":-30.66,"y":-30.92},{"time":0.7667,"x":-134.27,"y":-14.73},{"time":0.9,"x":-157.78,"y":-33.56},{"time":1.2,"x":-73.19,"y":33.91},{"time":1.4333,"x":-67.82,"y":34.79}]},"mz":{"rotate":[{},{"time":0.5,"angle":6.03},{"time":0.9667,"angle":-2.17},{"time":1.3667,"angle":5.37},{"time":2}]},"mz3":{"rotate":[{},{"time":0.5333,"angle":5.7},{"time":1.0667,"angle":-3.5},{"time":1.5,"angle":8.68},{"time":2}]},"mz2":{"rotate":[{},{"time":0.5333,"angle":5.7},{"time":1.0667,"angle":-3.5},{"time":1.5,"angle":8.68},{"time":2}]},"z2":{"scale":[{"x":0,"y":0},{"time":0.7667,"x":1.5,"y":1.5,"curve":"stepped"},{"time":1.1,"x":0,"y":0},{"time":2,"x":1.5,"y":1.5}]},"z3":{"translate":[{"x":-28.65},{"time":0.7,"x":97.79,"y":111.31}],"scale":[{"x":0,"y":0},{"time":0.3333},{"time":0.7,"x":0.5,"y":0}]},"z4":{"rotate":[{"angle":17.42},{"time":0.9333,"angle":15.62}],"translate":[{"time":0.2333,"x":30.85,"y":-7.24},{"time":0.9333,"x":-84.51,"y":127.16}],"scale":[{"time":0.2333,"x":0,"y":0},{"time":0.5667},{"time":0.9333,"x":0.5,"y":0}]},"z5":{"translate":[{"time":0.4333},{"time":1.1333,"x":5.52,"y":103.24}],"scale":[{"time":0.4333,"x":0,"y":0},{"time":0.7667},{"time":1.1333,"x":0.5,"y":0}]},"z6":{"rotate":[{"angle":17.42},{"time":1.4333,"angle":8.02}],"translate":[{"time":0.7333,"x":30.85,"y":-7.24},{"time":1.4333,"x":-57.75,"y":127.16}],"scale":[{"time":0.7333,"x":0,"y":0},{"time":1.0667},{"time":1.4333,"x":0.5,"y":0}]},"z7":{"translate":[{"time":0.9667},{"time":1.6667,"x":44.6,"y":103.24}],"scale":[{"time":0.9667,"x":0,"y":0},{"time":1.3},{"time":1.6667,"x":0.5,"y":0}]},"bone43":{"translate":[{"time":0.5667},{"time":1.4667,"y":118.12}],"scale":[{"time":0.5667,"x":0,"y":0},{"time":0.7667},{"time":0.9333,"x":0.5,"y":0.5},{"time":1.1},{"time":1.3,"x":0.3,"y":0.3},{"time":1.4667}]},"bone44":{"translate":[{"time":0.8667},{"time":1.7667,"y":118.12}],"scale":[{"time":0.8667,"x":0,"y":0},{"time":1.0667},{"time":1.2333,"x":0.5,"y":0.5},{"time":1.4},{"time":1.6,"x":0.3,"y":0.3},{"time":1.7667}]},"bone45":{"translate":[{"time":0.1333},{"time":1.0333,"y":118.12}],"scale":[{"time":0.1333,"x":0,"y":0},{"time":0.3333},{"time":0.5,"x":0.5,"y":0.5},{"time":0.6667},{"time":0.8667,"x":0.3,"y":0.3},{"time":1.0333}]}}},"pose2":{"slots":{"bbody":{"attachment":[{"name":"bbody"}]},"bdm":{"attachment":[{"name":"bdm"}]},"bhead":{"attachment":[{"name":"bhead"}]},"bj1":{"attachment":[{"name":"bj1"}]},"bj2":{"attachment":[{"name":"bj2"}]},"bw":{"attachment":[{"name":"bw"}]},"ddddd":{"attachment":[{"name":null}]},"dy":{"color":[{"time":0.4333,"color":"fffffffe"},{"time":0.7667,"color":"ffffff00","curve":"stepped"},{"time":1.1,"color":"ffffffff","curve":"stepped"},{"time":1.5,"color":"ffffffff"},{"time":1.7,"color":"ffffff00"}],"attachment":[{"name":"dy"}]},"m1":{"attachment":[{"name":null}]},"m2":{"attachment":[{"name":null}]},"m3":{"attachment":[{"name":null}]},"m4":{"attachment":[{"name":"m2"}]},"m5":{"attachment":[{"name":"m3"}]},"mm2":{"attachment":[{"name":"mm2"}]},"ty":{"color":[{"color":"ffffff00"},{"time":0.4,"color":"ffffffff"},{"time":0.7,"color":"ffffff00"}],"attachment":[{"name":"ty"}]},"ty2":{"color":[{"color":"ffffff00","curve":"stepped"},{"time":0.2333,"color":"ffffff00"},{"time":0.6333,"color":"ffffffff"},{"time":0.9333,"color":"ffffff00"}],"attachment":[{"time":0.2333,"name":"ty"}]},"ty3":{"color":[{"color":"ffffff00","curve":"stepped"},{"time":0.4333,"color":"ffffff00"},{"time":0.8333,"color":"ffffffff"},{"time":1.1333,"color":"ffffff00"}],"attachment":[{"time":0.4333,"name":"ty"}]},"ty4":{"color":[{"color":"ffffff00","curve":"stepped"},{"time":0.7333,"color":"ffffff00"},{"time":1.1333,"color":"ffffffff"},{"time":1.2667,"color":"ffffff00"}],"attachment":[{"time":0.7333,"name":"ty"}]},"ty5":{"color":[{"color":"ffffff00","curve":"stepped"},{"time":0.9667,"color":"ffffff00"},{"time":1.2,"color":"ffffffff"},{"time":1.5,"color":"ffffff00"}],"attachment":[{"time":0.9667,"name":"ty"}]},"xxa":{"color":[{"time":0.5667,"color":"ffffff00"},{"time":0.7333,"color":"ffffffff","curve":"stepped"},{"time":1.2333,"color":"ffffffff"},{"time":1.3,"color":"ffffff00"}],"attachment":[{"time":0.7667,"name":"xxa"}]},"xxa2":{"color":[{"time":0.8667,"color":"ffffff00"},{"time":1.0333,"color":"ffffffff","curve":"stepped"},{"time":1.4333,"color":"ffffffff"},{"time":1.6,"color":"ffffff00"}],"attachment":[{"time":1.0667,"name":"xxa"}]},"xxa3":{"color":[{"time":0.1333,"color":"ffffff00"},{"time":0.3,"color":"ffffffff","curve":"stepped"},{"time":0.8667,"color":"ffffffff"},{"time":1.0333,"color":"ffffff00"}],"attachment":[{"time":0.3333,"name":"xxa"}]},"yfds":{"attachment":[{"name":null}]},"zbody":{"attachment":[{"name":null}]},"zbq":{"attachment":[{"name":null}]},"zdm":{"attachment":[{"name":null}]},"zhead":{"attachment":[{"name":null}]},"zj1":{"attachment":[{"name":null}]},"zj2":{"attachment":[{"name":null}]},"zw":{"attachment":[{"name":null}]},"元宝":{"attachment":[{"name":null}]},"元宝4":{"attachment":[{"name":"元宝"},{"time":0.3,"name":null},{"time":0.6,"name":"元宝"}]},"元宝5":{"attachment":[{"name":"元宝"},{"time":0.4333,"name":null},{"time":0.7333,"name":"元宝"}]},"元宝6":{"attachment":[{"name":"元宝"},{"time":0.4333,"name":null},{"time":0.5,"name":"元宝"},{"time":0.6667,"name":null},{"time":0.8667,"name":"元宝"}]},"手ddd":{"attachment":[{"name":null}]},"手fff":{"attachment":[{"name":null}]},"手ffff":{"attachment":[{"name":"手ffff"}]},"衣服fff":{"attachment":[{"name":"衣服fff"}]}},"bones":{"b1":{"translate":[{},{"time":0.1667,"y":-5.89},{"time":0.2667,"y":1.18},{"time":0.4333,"y":-5.72},{"time":0.5667,"y":2.16},{"time":0.7333,"y":-3.75},{"time":0.8667,"y":1.18},{"time":0.9333,"y":-3.75},{"time":1.2,"y":-8.67},{"time":1.4,"y":-9.39},{"time":1.6333,"y":-2.76},{"time":1.8333,"y":-6.7}],"scale":[{},{"time":0.1667,"x":0.95,"y":1.05},{"time":0.3333,"x":1.05,"y":0.95},{"time":0.5667,"x":0.98,"y":1.03},{"time":0.8667,"x":1.03,"y":0.98},{"time":1.1667,"x":0.98,"y":1.03},{"time":1.4667,"x":1.03,"y":0.98},{"time":1.8333}]},"bone21":{"rotate":[{},{"time":0.4667,"angle":-19.55},{"time":0.9667,"angle":6.88},{"time":1.4667,"angle":-26.09},{"time":1.8333}]},"bone22":{"rotate":[{"angle":-0.63},{"time":0.0667,"angle":4.11},{"time":0.5333,"angle":-15.44},{"time":1.0333,"angle":10.99},{"time":1.5333,"angle":-21.98},{"time":1.8333,"angle":-0.63}]},"bone23":{"rotate":[{"angle":-1.98},{"time":0.1333,"angle":7.51},{"time":0.6,"angle":-12.04},{"time":1.1,"angle":14.39},{"time":1.6,"angle":-18.58},{"time":1.8333,"angle":-1.98}]},"bone24":{"rotate":[{"angle":-1.11},{"time":0.2,"angle":13.12},{"time":0.6667,"angle":-6.43},{"time":1.1667,"angle":20},{"time":1.6667,"angle":-12.97},{"time":1.8333,"angle":-1.11}]},"bone25":{"rotate":[{},{"time":0.2,"angle":-11.05},{"time":0.2667,"angle":30.33},{"time":0.3667,"angle":-9.74},{"time":0.4333,"angle":36.96},{"time":0.5,"angle":0.1},{"time":0.6,"angle":38.43},{"time":0.7333,"angle":22.31},{"time":0.7667,"angle":27.45}]},"bone26":{"rotate":[{},{"time":0.2333,"angle":11.4},{"time":0.4667,"angle":-8.11},{"time":0.7333,"angle":24.18},{"time":1.0333,"angle":-4.42},{"time":1.2667,"angle":6.38},{"time":1.5,"angle":-8.94},{"time":1.8333}]},"bone28":{"rotate":[{"angle":-30.6}]},"bone30":{"rotate":[{"angle":19.84}]},"21":{"translate":[{"x":-19.26}]},"bone39":{"rotate":[{},{"time":0.9,"angle":-7.24},{"time":1.2,"angle":2.59},{"time":1.5667,"angle":-7.23},{"time":1.8333,"angle":10.07}],"translate":[{"x":-12.65,"y":13.13},{"time":0.2,"x":-26.61,"y":18.86},{"time":0.2667,"x":148.87,"y":54.03},{"time":0.4333,"x":33.44,"y":135.29},{"time":0.6,"x":61.58,"y":43.64},{"time":0.7667,"x":7.54,"y":37.42}]},"fmz3":{"rotate":[{},{"time":0.4333,"angle":-8.46},{"time":0.8667,"angle":5.51},{"time":1.2333,"angle":-11.8},{"time":1.5667,"angle":3.93},{"time":1.8333,"angle":-0.23}]},"fmz2":{"rotate":[{},{"time":0.4333,"angle":-8.46},{"time":0.8667,"angle":5.51},{"time":1.2333,"angle":-11.8},{"time":1.5667,"angle":3.93},{"time":1.8333,"angle":-0.23}]},"bone40":{"rotate":[{},{"time":0.9,"angle":11.19},{"time":1.2,"angle":-17.83},{"time":1.5667,"angle":21.05},{"time":1.8333,"angle":-6.56}],"translate":[{"x":-12.65,"y":13.13},{"time":0.3333,"x":-26.61,"y":18.86},{"time":0.4,"x":148.87,"y":54.03},{"time":0.5,"x":47.31,"y":140.86},{"time":0.7333,"x":76.79,"y":47.77},{"time":0.8667,"x":47.31,"y":30.62}]},"bone41":{"rotate":[{},{"time":1.2,"angle":-12.25},{"time":1.5667,"angle":14.53},{"time":1.8333,"angle":-11.37}],"translate":[{"x":-12.65,"y":13.13},{"time":0.3333,"x":-26.61,"y":18.86},{"time":0.4,"x":148.87,"y":54.03},{"time":0.5,"x":-19.36,"y":23.64},{"time":0.6,"x":140.29,"y":55.11},{"time":0.6667,"x":130.38,"y":84.99},{"time":0.8,"x":110.81,"y":58},{"time":0.8667,"x":101.03,"y":44.51},{"time":0.9667,"x":91.25,"y":31.02}]},"z2":{"scale":[{"x":0,"y":0},{"time":0.7667,"x":1.5,"y":1.5,"curve":"stepped"},{"time":1.1,"x":0,"y":0},{"time":1.7,"x":1.5,"y":1.5}]},"bone45":{"translate":[{"time":0.1333},{"time":1.0333,"y":118.12}],"scale":[{"time":0.1333,"x":0,"y":0},{"time":0.3333},{"time":0.5,"x":0.5,"y":0.5},{"time":0.6667},{"time":0.8667,"x":0.3,"y":0.3},{"time":1.0333}]},"bone44":{"translate":[{"time":0.8667},{"time":1.6,"y":118.12}],"scale":[{"time":0.8667,"x":0,"y":0},{"time":1.0667},{"time":1.1667,"x":0.5,"y":0.5},{"time":1.2333},{"time":1.4333,"x":0.3,"y":0.3},{"time":1.6}]},"bone43":{"translate":[{"time":0.5667},{"time":1.3,"y":118.12}],"scale":[{"time":0.5667,"x":0,"y":0},{"time":0.7667},{"time":0.9333,"x":0.5,"y":0.5},{"time":1.1},{"time":1.2333,"x":0.3,"y":0.3},{"time":1.3}]},"z3":{"translate":[{"x":-28.65},{"time":0.7,"x":97.79,"y":111.31}],"scale":[{"x":0,"y":0},{"time":0.3333},{"time":0.7,"x":0.5,"y":0}]},"z4":{"rotate":[{"angle":17.42},{"time":0.9333,"angle":15.62}],"translate":[{"time":0.2333,"x":30.85,"y":-7.24},{"time":0.9333,"x":-84.51,"y":127.16}],"scale":[{"time":0.2333,"x":0,"y":0},{"time":0.5667},{"time":0.9333,"x":0.5,"y":0}]},"z5":{"translate":[{"time":0.4333},{"time":1.1333,"x":5.52,"y":103.24}],"scale":[{"time":0.4333,"x":0,"y":0},{"time":0.7667},{"time":1.1333,"x":0.5,"y":0}]},"z6":{"rotate":[{"angle":17.42},{"time":1.2667,"angle":8.02}],"translate":[{"time":0.7333,"x":30.85,"y":-7.24},{"time":1.2667,"x":-57.75,"y":127.16}],"scale":[{"time":0.7333,"x":0,"y":0},{"time":1.0667},{"time":1.2667,"x":0.5,"y":0}]},"z7":{"translate":[{"time":0.9667},{"time":1.5,"x":44.6,"y":103.24}],"scale":[{"time":0.9667,"x":0,"y":0},{"time":1.2333},{"time":1.5,"x":0.5,"y":0}]}}},"walk1":{"slots":{"dy":{"color":[{"color":"ffffffff"},{"time":0.3667,"color":"ffffffcf"},{"time":0.8667,"color":"ffffff00"}],"attachment":[{"name":"dy"}]},"ty":{"attachment":[{"time":0.4333,"name":"ty"}]},"ty2":{"color":[{"color":"ffffff00","curve":"stepped"},{"time":0.1333,"color":"ffffff00"},{"time":0.5333,"color":"ffffffff"},{"time":0.8333,"color":"ffffff00"}],"attachment":[{"time":0.1333,"name":"ty"}]},"ty3":{"attachment":[{"time":0.2667,"name":"ty"}]},"ty4":{"attachment":[{"name":"ty"}]},"ty5":{"attachment":[{"name":"ty"}]},"ty6":{"attachment":[{"time":0.2,"name":"ty"}]},"xxa":{"attachment":[{"time":0.1667,"name":"xxa"}]},"xxa2":{"attachment":[{"name":"xxa"}]}},"bones":{"5465":{"translate":[{},{"time":0.2667,"y":12.18},{"time":0.5333},{"time":0.8333,"y":12.18},{"time":1.1}],"scale":[{},{"time":0.2667,"x":0.95,"y":1.05},{"time":0.5333},{"time":0.8333,"x":0.95,"y":1.05},{"time":1.1}]},"bone4":{"rotate":[{},{"time":0.5333,"angle":-53.32},{"time":1.1}],"translate":[{},{"time":0.5333,"x":-7.33},{"time":1.1}]},"bone5":{"rotate":[{},{"time":0.4,"angle":19.77},{"time":0.7667,"angle":-22.95},{"time":1.1}]},"bone14":{"rotate":[{},{"time":0.5667,"angle":-26.27},{"time":1.1}]},"bone15":{"rotate":[{"angle":-5.7},{"time":0.0667,"angle":-2.42},{"time":0.6333,"angle":-28.69},{"time":1.1,"angle":-5.7}]},"bone16":{"rotate":[{"angle":-11.41},{"time":0.1333,"angle":-4.84},{"time":0.7,"angle":-31.11},{"time":1.1,"angle":-11.41}]},"bone17":{"rotate":[{"angle":-17.11},{"time":0.2,"angle":-7.26},{"time":0.7667,"angle":-33.53},{"time":1.1,"angle":-17.11}]},"target":{"rotate":[{},{"time":0.5333,"angle":-13.45},{"time":1.1}],"translate":[{"x":12.81,"y":14.24},{"time":0.2667,"x":-6.62,"y":18.42},{"time":0.5333,"x":-29.86,"y":1.79},{"time":1.1,"x":12.81,"y":14.24}]},"target2":{"rotate":[{},{"time":0.5333,"angle":8.72},{"time":1.1}],"translate":[{"x":-8.7,"y":-2.55},{"time":0.5333,"x":38.81,"y":21.85},{"time":0.8333,"x":13.66,"y":21.43},{"time":1.1,"x":-8.7,"y":-2.55}]},"bone33":{"rotate":[{"angle":0.09},{"time":0.0667,"angle":6.59},{"time":0.2667,"angle":-19.74},{"time":0.5333,"angle":-3.7},{"time":0.6,"angle":5.96},{"time":0.8333,"angle":-25.4},{"time":1.1,"angle":0.09}]},"mz":{"rotate":[{},{"time":0.5333,"angle":6.21},{"time":1.1}]},"bone8":{"translate":[{"x":-4.58,"y":2.69}]},"bone11":{"translate":[{"x":-12.13,"y":-10.43}]},"mz2":{"rotate":[{},{"time":0.5333,"angle":9.84},{"time":1.1}]},"mz3":{"rotate":[{},{"time":0.5333,"angle":9.84},{"time":1.1}]},"bone34":{"translate":[{},{"time":0.0667,"x":2.11,"y":-3.06},{"time":0.2667,"y":63.7},{"time":0.5333,"y":-2.18},{"time":0.6,"y":-3.54},{"time":0.8333,"y":74.81},{"time":1.1}]},"z2":{"scale":[{"x":0,"y":0},{"time":0.8667,"x":1.2,"y":1.1},{"time":1.1,"x":0,"y":0}]},"z6":{"scale":[{"x":0,"y":0}]},"z7":{"scale":[{"x":0,"y":0}]},"bone12":{"rotate":[{"angle":14.08}],"translate":[{"x":2.29,"y":-7.2}]},"bone44":{"translate":[{},{"time":0.5,"y":90.55}],"scale":[{},{"time":0.1333,"x":0.5,"y":0.5},{"time":0.3},{"time":0.4,"x":0.5,"y":0.5},{"time":0.5,"x":0,"y":0}]},"bone43":{"translate":[{"time":0.1667},{"time":0.6667,"y":90.55}],"scale":[{"time":0.1667},{"time":0.3,"x":0.5,"y":0.5},{"time":0.4667},{"time":0.5667,"x":0.5,"y":0.5},{"time":0.6667,"x":0,"y":0}]},"z8":{"translate":[{"time":0.2},{"time":0.7,"x":4.49,"y":58.43}],"scale":[{"time":0.2,"x":0,"y":0},{"time":0.4667},{"time":0.7,"x":0.5,"y":0}]},"z3":{"translate":[{"time":0.4333},{"time":0.8667,"x":26.09,"y":89.57}],"scale":[{"time":0.4333,"x":0,"y":0},{"time":0.7,"x":0.6,"y":0.6},{"time":0.8667,"x":0.5,"y":0}]},"z5":{"rotate":[{"time":0.2667,"angle":-23.28}],"translate":[{"time":0.2667},{"time":0.7333,"x":37.26,"y":79.59}],"scale":[{"time":0.2667,"x":0,"y":0},{"time":0.5333},{"time":0.7333,"x":0.5,"y":0}]},"z4":{"rotate":[{"angle":17.42},{"time":0.8333,"angle":15.62}],"translate":[{"time":0.1333,"x":30.85,"y":-7.24},{"time":0.8333,"x":-61.62,"y":81.37}],"scale":[{"time":0.1333,"x":0,"y":0},{"time":0.4667},{"time":0.8333,"x":0.5,"y":0}]}}},"walk2":{"slots":{"bbody":{"attachment":[{"name":"bbody"}]},"bdm":{"attachment":[{"name":"bdm"}]},"bhead":{"attachment":[{"name":"bhead"}]},"bj1":{"attachment":[{"name":"bj1"}]},"bj2":{"attachment":[{"name":"bj2"}]},"bw":{"attachment":[{"name":"bw"}]},"ddddd":{"attachment":[{"name":null}]},"dy":{"color":[{"color":"ffffffff"},{"time":0.3667,"color":"ffffffcf"},{"time":0.8667,"color":"ffffff00"}],"attachment":[{"name":"dy"}]},"m1":{"attachment":[{"name":null}]},"m2":{"attachment":[{"name":null}]},"m3":{"attachment":[{"name":null}]},"m4":{"attachment":[{"name":"m2"}]},"m5":{"attachment":[{"name":"m3"}]},"mm2":{"attachment":[{"name":"mm2"}]},"ty":{"attachment":[{"time":0.4333,"name":"ty"}]},"ty2":{"color":[{"color":"ffffff00","curve":"stepped"},{"time":0.1333,"color":"ffffff00"},{"time":0.5333,"color":"ffffffff"},{"time":0.8333,"color":"ffffff00"}],"attachment":[{"time":0.1333,"name":"ty"}]},"ty3":{"attachment":[{"time":0.2667,"name":"ty"},{"time":1.1,"name":null}]},"ty4":{"attachment":[{"name":"ty"}]},"ty5":{"attachment":[{"name":"ty"}]},"ty6":{"attachment":[{"time":0.2,"name":"ty"}]},"xxa":{"color":[{"time":0.1667,"color":"ffffffff"},{"time":0.6,"color":"ffffffcb"},{"time":0.6667,"color":"ffffff00"}],"attachment":[{"time":0.1667,"name":"xxa"}]},"xxa2":{"color":[{"color":"ffffffff"},{"time":0.3667,"color":"ffffffe5"},{"time":0.5,"color":"ffffff00"}],"attachment":[{"name":"xxa"}]},"yfds":{"attachment":[{"name":null}]},"zbody":{"attachment":[{"name":null}]},"zbq":{"attachment":[{"name":null}]},"zdm":{"attachment":[{"name":null}]},"zhead":{"attachment":[{"name":null}]},"zj1":{"attachment":[{"name":null}]},"zj2":{"attachment":[{"name":null}]},"zw":{"attachment":[{"name":null}]},"元宝":{"attachment":[{"name":null}]},"元宝6":{"attachment":[{"name":"元宝"}]},"手ddd":{"attachment":[{"name":null}]},"手fff":{"attachment":[{"name":null}]},"手ffff":{"attachment":[{"name":"手ffff"}]},"衣服fff":{"attachment":[{"name":"衣服fff"}]}},"bones":{"b1":{"translate":[{},{"time":0.2667,"y":6.98},{"time":0.5667},{"time":0.8667,"y":6.98},{"time":1.1}],"scale":[{},{"time":0.2667,"x":0.95,"y":1.05},{"time":0.5667,"x":1.05,"y":0.95},{"time":0.8667,"x":0.95,"y":1.05},{"time":1.1}]},"bone20":{"rotate":[{},{"time":0.5,"angle":-3.44},{"time":1.1}]},"bone21":{"rotate":[{},{"time":0.6,"angle":26.27},{"time":1.1}]},"bone22":{"rotate":[{"angle":7.62},{"time":0.0667,"angle":4.11},{"time":0.6667,"angle":30.39},{"time":1.1,"angle":7.62}]},"bone23":{"rotate":[{"angle":14.52},{"time":0.1333,"angle":7.51},{"time":0.7333,"angle":33.78},{"time":1.1,"angle":14.52}]},"bone24":{"rotate":[{"angle":23.63},{"time":0.2,"angle":13.12},{"time":0.8,"angle":39.39},{"time":1.1,"angle":23.63}]},"bone25":{"rotate":[{},{"time":0.0667,"angle":-20.05},{"time":0.2,"angle":13.48},{"time":0.5667,"angle":15.21},{"time":0.6333,"angle":-3.27},{"time":0.7667,"angle":28.8},{"time":1.1}]},"bone26":{"rotate":[{},{"time":0.3333,"angle":13.5},{"time":0.7333,"angle":-9.76},{"time":1.1}]},"bone28":{"rotate":[{"angle":-30.6}],"translate":[{"x":-4.9,"y":6.34},{"time":0.2667,"x":6.72,"y":5.51},{"time":0.5667,"x":1.35,"y":6.34},{"time":1.1,"x":-4.9,"y":6.34}]},"bone30":{"rotate":[{"angle":19.84}],"translate":[{},{"time":0.5667,"x":-10.1,"y":3.23},{"time":0.8667,"x":3.69,"y":0.32},{"time":1.1}]},"23e":{"rotate":[{},{"time":0.5667,"angle":85.36},{"time":1.1}],"translate":[{"x":-6.55,"y":-1.82},{"time":0.2667,"x":6.3,"y":17.38},{"time":0.5667,"x":20.75,"y":19.29},{"time":1.1,"x":-6.55,"y":-1.82}]},"21":{"rotate":[{},{"time":0.5667,"angle":-65.68},{"time":1.1}],"translate":[{"x":14.42,"y":16.95},{"time":0.5667,"x":-23.12,"y":-4.12},{"time":0.8667,"x":-2,"y":15.87},{"time":1.1,"x":14.42,"y":16.95}]},"bone39":{"translate":[{"x":-12.65,"y":13.13}]},"fmz3":{"rotate":[{},{"time":0.5667,"angle":-4.7},{"time":1.1}]},"fmz":{"rotate":[{},{"time":0.5667,"angle":-7.41},{"time":1.1}]},"fmz2":{"rotate":[{},{"time":0.5667,"angle":-4.7},{"time":1.1}]},"bone40":{"translate":[{"x":-12.65,"y":13.13}]},"bone41":{"translate":[{"x":-12.65,"y":13.13},{"time":0.0667,"x":-29.34,"y":13.16},{"time":0.3333,"x":56.79,"y":13.21},{"time":0.5667,"x":-0.71,"y":13.19},{"time":0.6333,"x":-21.37,"y":13.17},{"time":0.8667,"x":58.31,"y":13.15},{"time":1.1,"x":-12.65,"y":13.13}]},"z5":{"rotate":[{"time":0.2667,"angle":-23.28}],"translate":[{"time":0.2667},{"time":0.7333,"x":37.26,"y":79.59}],"scale":[{"time":0.2667,"x":0,"y":0},{"time":0.5333},{"time":0.7333,"x":0.5,"y":0}]},"z6":{"scale":[{"x":0,"y":0}]},"z7":{"scale":[{"x":0,"y":0}]},"z2":{"scale":[{"x":0,"y":0},{"time":0.8667,"x":1.2,"y":1.1},{"time":1.1,"x":0,"y":0}]},"bone44":{"translate":[{},{"time":0.5,"y":90.55},{"time":1.1}],"scale":[{},{"time":0.1333,"x":0.5,"y":0.5},{"time":0.3},{"time":0.4,"x":0.5,"y":0.5},{"time":0.5,"x":0,"y":0},{"time":1.1}]},"bone31":{"rotate":[{"angle":59.88},{"time":0.5667,"angle":63.38},{"time":1.1,"angle":59.88}]},"bone29":{"rotate":[{"angle":-16.62},{"time":0.5667,"angle":-41.95},{"time":1.1,"angle":-16.62}],"translate":[{},{"time":0.5667,"y":-6.56},{"time":1.1}]},"z4":{"rotate":[{"angle":17.42},{"time":0.8333,"angle":15.62}],"translate":[{"time":0.1333,"x":30.85,"y":-7.24},{"time":0.8333,"x":-61.62,"y":81.37}],"scale":[{"time":0.1333,"x":0,"y":0},{"time":0.4667},{"time":0.8333,"x":0.5,"y":0}]},"bone43":{"translate":[{"time":0.1667},{"time":0.6667,"y":90.55}],"scale":[{"time":0.1667},{"time":0.3,"x":0.5,"y":0.5},{"time":0.4667},{"time":0.5667,"x":0.5,"y":0.5},{"time":0.6667,"x":0,"y":0}]},"z8":{"translate":[{"time":0.2},{"time":0.7,"x":4.49,"y":58.43}],"scale":[{"time":0.2,"x":0,"y":0},{"time":0.4667},{"time":0.7,"x":0.5,"y":0}]},"z3":{"translate":[{"time":0.4333},{"time":0.8667,"x":26.09,"y":89.57}],"scale":[{"time":0.4333,"x":0,"y":0},{"time":0.7,"x":0.6,"y":0.6},{"time":0.8667,"x":0.5,"y":0}]}}}}}