{"skeleton":{"hash":"q2/XHDPl2FI","spine":"3.8-from-4.0-from-4.1.17","x":-103.21,"y":-13.14,"width":212.84,"height":173.55,"images":"./images/","audio":"E:/游戏项目/健身房/spine"},"bones":[{"name":"root","scaleX":0.6,"scaleY":0.6},{"name":"z1","parent":"root","x":2.29,"y":37.62},{"name":"5465","parent":"z1","length":53.69,"rotation":91.82,"x":-0.87,"y":5.1},{"name":"bone2","parent":"5465","length":82.2,"rotation":-1.22,"x":58.82,"y":0.69},{"name":"bone13","parent":"bone2","x":25.58,"y":42.84},{"name":"bone3","parent":"bone13","length":8.14,"rotation":-6.6,"x":-9.43,"y":-5.1},{"name":"bone4","parent":"5465","length":36.26,"rotation":-148.31,"x":37.72,"y":-45.32},{"name":"bone5","parent":"5465","length":17.04,"rotation":-54.95,"x":30.01,"y":-74.67},{"name":"bone6","parent":"bone5","length":10.54,"rotation":6.49,"x":20.27,"y":0.77},{"name":"bone7","parent":"bone6","length":12.88,"rotation":-9.15,"x":12.64,"y":0.36},{"name":"bone8","parent":"5465","length":33.23,"rotation":179.65,"x":-1.05,"y":-19.57},{"name":"target2","parent":"root","x":13.3,"y":11.69,"color":"ff3f00ff"},{"name":"bone9","parent":"target2","length":12.38,"rotation":-150.78,"x":0.25,"y":1.8},{"name":"bone11","parent":"5465","length":27.74,"rotation":-179.7,"x":9.35,"y":24.74},{"name":"target","parent":"root","x":1.72,"y":19.01,"color":"ff3f00ff"},{"name":"bone12","parent":"target","length":12.88,"rotation":-140.45,"x":-0.27,"y":5.81},{"name":"bone14","parent":"bone2","length":15.74,"rotation":56.29,"x":81.92,"y":19.26},{"name":"bone15","parent":"bone14","length":18.38,"rotation":-36.19,"x":16.11,"y":-0.22},{"name":"bone16","parent":"bone15","length":17.77,"rotation":-19.46,"x":20.17,"y":-0.68},{"name":"bone17","parent":"bone16","length":17.35,"rotation":-21.86,"x":18.71,"y":-0.98},{"name":"bone10","parent":"z1","x":-0.01,"y":-22.97},{"name":"bone18","parent":"bone2","x":62.92,"y":-44.26},{"name":"bone","parent":"root","x":8.1,"y":28.81,"color":"2a24ffff"},{"name":"b1","parent":"bone","length":66.96,"rotation":91.79,"x":-0.33,"y":4.23,"color":"2a24ffff"},{"name":"bone20","parent":"b1","length":72.15,"rotation":-2.21,"x":70.09,"y":-0.1,"color":"2a24ffff"},{"name":"bone21","parent":"bone20","length":20.46,"rotation":-30.88,"x":82.34,"y":-29.68,"color":"2a24ffff"},{"name":"bone22","parent":"bone21","length":16.4,"rotation":20.45,"x":20.75,"y":0.18,"color":"2a24ffff"},{"name":"bone23","parent":"bone22","length":15.83,"rotation":15.81,"x":16.4,"color":"2a24ffff"},{"name":"bone24","parent":"bone23","length":13.05,"rotation":24.96,"x":16.88,"y":0.25,"color":"2a24ffff"},{"name":"bone25","parent":"b1","length":33.61,"rotation":-137.01,"x":45.2,"y":-49.02,"color":"2a24ffff"},{"name":"b2","parent":"b1","x":17.17,"y":38.56,"color":"2a24ffff"},{"name":"bone32","parent":"b2","x":11.64,"y":13.94,"color":"2a24ffff"},{"name":"bone26","parent":"bone32","length":22.9,"rotation":34.24,"x":2.99,"y":0.98,"color":"2a24ffff"},{"name":"bone27","parent":"bone26","length":20.12,"rotation":1.32,"x":24.42,"y":-0.06,"color":"2a24ffff"},{"name":"bone28","parent":"b1","length":22.61,"rotation":-178.17,"x":0.63,"y":-18.34,"color":"2a24ffff"},{"name":"bone30","parent":"b1","length":22.3,"rotation":170.85,"x":4.15,"y":20.28,"color":"2a24ffff"},{"name":"23e","parent":"root","x":18.1,"y":5.99,"color":"2a24ffff"},{"name":"bone29","parent":"23e","length":14.5,"rotation":-4.26,"x":0.5,"y":1.31,"color":"2a24ffff"},{"name":"21","parent":"root","x":-4.42,"y":11.47,"color":"2a24ffff"},{"name":"bone31","parent":"21","length":14.97,"rotation":-7.23,"x":1.82,"y":2.44,"color":"2a24ffff"},{"name":"bone33","parent":"5465","length":36.26,"rotation":136.66,"x":46.9,"y":58.23},{"name":"yingzi","parent":"bone","x":-6.04,"y":-15.93,"color":"2a24ffff"},{"name":"z2","parent":"z1","length":19.09,"rotation":70.35,"x":20.31,"y":37.39,"scaleX":2,"scaleY":2},{"name":"z3","parent":"z2","x":23.67,"y":52.09},{"name":"z4","parent":"z3","x":-22.82,"y":-93.75},{"name":"yizi","parent":"bone","length":23.58,"rotation":85.6,"x":-131.44,"y":-61.34,"scaleX":2,"scaleY":2,"color":"ff19d2ff"},{"name":"z5","parent":"z1","x":-16.28,"y":-15.72,"scaleX":-1.7,"scaleY":1.7,"color":"16ff7aff"},{"name":"z6","parent":"z5","x":29.3,"y":20},{"name":"z7","parent":"z5","length":13.73,"rotation":145.71,"x":7.53,"y":-4.76,"color":"5eff00ff"},{"name":"paobu22","parent":"bone","rotation":88.03,"x":-70.51,"y":12.58,"scaleX":1.7,"scaleY":1.7,"color":"39ffd2ff"},{"name":"bone34","parent":"paobu22","rotation":-88.03,"x":6.27,"y":-86.12},{"name":"chengpifu1","parent":"z1","x":-1.75,"y":-29.52,"scaleX":1.7,"scaleY":1.7,"skin":true,"color":"f02fffff"},{"name":"cheng2","parent":"z1","length":28.78,"rotation":-89.3,"x":33.09,"y":148.23,"color":"f02fffff"},{"name":"cheng3","parent":"z1","length":21.76,"rotation":-90.92,"x":50.99,"y":142.86,"color":"f02fffff"},{"name":"chengf1","parent":"bone","x":6.86,"y":-13.82,"scaleX":1.7,"scaleY":1.7,"skin":true,"color":"f02fffff"},{"name":"cheng5","parent":"bone","length":28.78,"rotation":-89.3,"x":41.69,"y":157.86,"color":"f02fffff"},{"name":"cheng6","parent":"bone","length":21.76,"rotation":-90.92,"x":59.59,"y":152.49,"color":"f02fffff"},{"name":"bone19","parent":"bone2","length":32.6,"rotation":-1.94,"x":90.1,"y":-2.97},{"name":"5466","parent":"5465","x":10,"y":54.12,"color":"32bdffff"},{"name":"5467","parent":"5466","x":28.2,"y":-2.91},{"name":"5468","parent":"5467","length":5.43,"rotation":-154.7,"x":-4.82,"y":-6.81},{"name":"5469","parent":"5468","length":18.39,"rotation":-7.64,"x":6.07,"y":-0.06},{"name":"5470","parent":"5467","length":5.17,"rotation":131.33,"x":-1.04,"y":4.52},{"name":"5471","parent":"5470","length":16.45,"rotation":13.84,"x":6.09,"y":0.11},{"name":"bone35","parent":"bone33","length":33.47,"rotation":-38.53,"x":30.79,"y":12.65},{"name":"bone36","parent":"bone35","x":71.29,"y":-1.94},{"name":"bone37","parent":"bone35","x":72.92,"y":10.69},{"name":"5472","parent":"5465","x":35.59,"y":-41.57,"color":"32bdffff"},{"name":"bone38","parent":"bone20","length":35.13,"rotation":5.97,"x":86.06,"y":4.32,"color":"2a24ffff"},{"name":"bone40","parent":"bone25","length":25.44,"rotation":-132.43,"x":38.85,"y":3.06,"scaleX":-1,"color":"2a24ffff"},{"name":"bone41","parent":"bone40","x":54.33,"y":-0.84,"color":"2a24ffff"},{"name":"b3","parent":"b1","x":35.89,"y":-44.32,"color":"2a24ffff"},{"name":"chengpifu2","parent":"z1","x":-1.75,"y":-29.52,"scaleX":1.7,"scaleY":1.7,"skin":true,"color":"f02fffff"},{"name":"chengf2","parent":"bone","x":6.86,"y":-13.82,"scaleX":1.7,"scaleY":1.7,"skin":true,"color":"f02fffff"}],"slots":[{"name":"跑步机1","bone":"paobu22"},{"name":"p12","bone":"bone34"},{"name":"体重秤3","bone":"chengf1","attachment":"cheng1"},{"name":"体重秤5","bone":"chengf2"},{"name":"sad3","bone":"yizi"},{"name":"图层492(3)2","bone":"yingzi","attachment":"图层492(3)"},{"name":"bj1","bone":"bone30","attachment":"bj1"},{"name":"bj2","bone":"bone28","attachment":"bj2"},{"name":"bbody","bone":"b1","attachment":"bbody"},{"name":"bdm","bone":"bone21","attachment":"bdm"},{"name":"bhead","bone":"bone20","attachment":"bhead"},{"name":"衣服fm","bone":"b1","attachment":"衣服fm"},{"name":"bw","bone":"bone26","attachment":"bw"},{"name":"sad2","bone":"yizi"},{"name":"sad1","bone":"yizi"},{"name":"bhand","bone":"bone25"},{"name":"p66","bone":"z5"},{"name":"p22","bone":"z7"},{"name":"体重秤2","bone":"chengpifu1"},{"name":"体重秤4","bone":"chengpifu2"},{"name":"fs22","bone":"bone33","attachment":"fs22"},{"name":"图层492(3)","bone":"bone10","attachment":"图层492(3)"},{"name":"h1","bone":"bone35","attachment":"h1"},{"name":"荷包蛋","bone":"bone36","attachment":"荷包蛋"},{"name":"遮挡","bone":"bone35","attachment":"遮挡"},{"name":"yiz1","bone":"z2"},{"name":"zj1","bone":"bone11","attachment":"zj1"},{"name":"zj2","bone":"bone8","attachment":"zj2"},{"name":"zw","bone":"bone5","attachment":"zw"},{"name":"zbody","bone":"5465","attachment":"zbody"},{"name":"yf55","bone":"5465","attachment":"yf55"},{"name":"zhead","bone":"bone2","attachment":"zhead"},{"name":"yiz2","bone":"z4"},{"name":"帽子ww","bone":"bone19","attachment":"帽子ww"},{"name":"zbq","bone":"bone3","attachment":"zbq"},{"name":"zdm","bone":"bone14","attachment":"zdm"},{"name":"p55","bone":"z5"},{"name":"跑步机1背面","bone":"paobu22"},{"name":"xian1","bone":"cheng2"},{"name":"xian3","bone":"cheng5"},{"name":"xian2","bone":"cheng3"},{"name":"xian4","bone":"cheng6"},{"name":"h2","bone":"bone40","attachment":"h1"},{"name":"荷包蛋2","bone":"bone41","attachment":"荷包蛋"},{"name":"遮挡2","bone":"bone40","attachment":"遮挡"},{"name":"手2","bone":"bone4","attachment":"手2"},{"name":"lj22","bone":"5467","attachment":"lj22"},{"name":"mzff","bone":"bone38","attachment":"mzff"},{"name":"手3","bone":"bone25","attachment":"手2"}],"ik":[{"name":"21","order":2,"bones":["bone30"],"target":"21"},{"name":"23e","order":3,"bones":["bone28"],"target":"23e"},{"name":"target","bones":["bone11"],"target":"target"},{"name":"target2","order":1,"bones":["bone8"],"target":"target2"}],"skins":[{"name":"default","attachments":{"bbody":{"bbody":{"type":"mesh","uvs":[0.50903,0,0.376,0,0.27672,0.0289,0.16155,0.09413,0.08015,0.1648,0.02256,0.28167,0,0.43116,7.2E-4,0.58608,0.04639,0.74133,0.1417,0.85005,0.2509,0.92343,0.37202,0.98051,0.50109,0.99953,0.62022,0.98594,0.74134,0.94246,0.87437,0.84189,0.94188,0.74405,0.98954,0.57553,1,0.46681,0.99549,0.27656,0.8843,0.10804,0.7334,0.01835],"triangles":[20,18,21,18,20,19,4,7,6,5,4,6,3,8,7,21,18,17,17,15,21,16,15,17,4,3,7,9,8,3,10,3,2,9,3,10,1,10,2,11,10,1,15,0,21,0,11,1,15,14,0,11,0,12,14,13,0,13,12,0],"vertices":[104.05,-0.57,104.75,21.63,101.74,38.31,94.39,57.79,86.19,71.64,72.24,81.7,54.13,86.04,35.24,86.51,16.07,79.48,2.31,63.98,-7.21,46.03,-14.8,26.03,-17.79,4.56,-16.76,-15.38,-12.08,-35.76,-0.52,-58.35,11.06,-69.99,31.36,-78.59,44.57,-80.75,67.79,-80.72,88.92,-62.8,100.64,-37.95],"hull":22,"edges":[0,2,2,4,4,6,6,8,8,10,10,12,12,14,14,16,16,18,18,20,20,22,22,24,24,26,26,28,28,30,30,32,32,34,34,36,36,38,38,40,40,42,0,42],"width":167,"height":122}},"bdm":{"bdm":{"type":"mesh","uvs":[0.03416,0.91159,0.03416,0.9563,0.12488,0.98082,0.29296,0.97938,0.47172,0.95053,0.66115,0.864,0.81323,0.74847,0.91195,0.6403,0.96531,0.49608,0.96531,0.34321,0.91195,0.20621,0.79455,0.10237,0.64514,0.02016,0.54109,0.0043,0.41569,0.0144,0.29563,0.07785,0.29296,0.12977,0.30097,0.26245,0.33298,0.40234,0.37834,0.58117,0.38367,0.74414,0.30897,0.83211,0.18624,0.88547],"triangles":[11,10,17,11,17,12,16,13,12,16,14,13,12,17,16,14,16,15,18,9,19,9,18,10,18,17,10,7,19,8,8,19,9,3,2,22,22,2,0,4,3,21,2,1,0,3,22,21,4,21,5,21,20,5,5,20,6,7,6,19,6,20,19],"vertices":[1,25,-8.92,11.55,1,1,25,-11.75,9.83,1,1,25,-11.41,5.79,1,1,25,-7.83,0.1,1,1,25,-2.29,-4.91,1,1,25,7.12,-8.05,1,2,25,17.58,-8.81,0.99724,26,-6.11,-7.32,0.00276,2,25,26.47,-8.03,0.44325,26,2.49,-9.69,0.55675,3,25,36.7,-4.31,0.01575,26,13.38,-9.78,0.83521,27,-5.57,-8.58,0.14904,3,26,24.49,-7.65,0.06094,27,5.7,-9.56,0.93265,28,-14.28,-4.18,0.00641,2,27,15.98,-8.32,0.53925,28,-4.43,-7.39,0.46075,2,27,24.04,-4.3,3.4E-4,28,4.57,-7.15,0.99966,1,28,12.82,-5.01,1,1,28,15.92,-1.99,1,2,27,31.84,10.23,0.00473,28,17.77,2.73,0.99527,2,27,27.58,15.42,0.05547,28,16.1,9.24,0.94453,3,26,34.94,21.73,7.9E-4,27,23.76,15.86,0.12079,28,12.82,11.25,0.87842,3,26,25.36,19.57,0.05515,27,13.95,16.39,0.4899,28,4.15,15.87,0.45495,3,26,15.43,16.37,0.37707,27,3.53,16.01,0.53749,28,-5.46,19.92,0.08544,4,25,19.13,12.48,0.04473,26,2.78,12.1,0.88109,27,-9.81,15.35,0.07399,28,-17.83,24.95,1.9E-4,3,25,8.93,6.04,0.88902,26,-9.03,9.62,0.11098,27,-21.85,16.18,1.0E-5,2,25,1.82,5.21,0.99953,26,-15.98,11.33,4.7E-4,1,25,-4.11,7.35,1],"hull":23,"edges":[0,2,2,4,4,6,6,8,8,10,10,12,12,14,14,16,16,18,18,20,20,22,22,24,24,26,26,28,28,30,30,32,32,34,34,36,36,38,38,40,40,42,42,44,0,44],"width":40,"height":74}},"bhead":{"bhead":{"type":"mesh","uvs":[0.4757,0.00163,0.38484,0.01203,0.2601,0.04528,0.15691,0.12842,0.07529,0.24481,0.01677,0.37991,0.00137,0.49838,0.00137,0.64802,0.02909,0.77273,0.07683,0.85794,0.14613,0.91614,0.28936,0.97225,0.4141,0.99927,0.55886,0.9972,0.67591,0.98265,0.83299,0.93069,0.92693,0.86626,0.97621,0.79559,1,0.71453,0.99469,0.61061,0.96543,0.55241,0.92539,0.52124,0.90845,0.42355,0.87611,0.29053,0.80527,0.16583,0.72519,0.07438,0.5989,0.0141,0.08275,0.76984,0.14453,0.84778,0.26944,0.91303,0.45478,0.93841,0.64684,0.93116,0.82547,0.85503,0.91143,0.80246,0.94903,0.69371,0.92889,0.60127,0.88456,0.55595,0.86308,0.45082,0.82413,0.32938,0.76772,0.21881,0.70191,0.14812,0.60924,0.0883,0.4521,0.06655,0.31913,0.10099,0.19154,0.19162,0.11096,0.30219,0.07201,0.42182,0.06395,0.57045,0.07201,0.67921,0.82413,0.65564,0.77309,0.78615,0.60924,0.83509,0.393,0.83509,0.22109,0.73358,0.17945,0.55233,0.209,0.35838,0.33525,0.23693,0.62938,0.20431,0.74757,0.40007,0.66967,0.57589,0.44135,0.52151],"triangles":[42,1,0,41,26,25,43,2,1,40,41,25,40,25,24,44,3,2,44,2,43,57,41,40,39,40,24,42,56,43,42,43,1,44,43,56,4,3,44,39,24,23,45,4,44,38,39,23,55,44,56,45,44,55,5,4,45,39,57,40,58,39,38,58,57,39,46,5,45,38,23,22,37,38,22,58,38,37,6,5,46,37,22,21,57,60,56,55,56,60,55,46,45,54,55,60,54,46,55,36,37,21,47,6,46,47,46,54,59,57,58,35,21,20,36,21,35,35,20,19,7,6,47,49,58,37,49,37,36,59,58,49,48,47,54,7,47,48,34,35,19,34,19,18,53,54,60,48,54,53,41,42,0,41,0,26,42,57,56,57,42,41,27,48,53,8,7,48,8,48,27,50,59,49,17,34,18,49,35,34,35,49,36,33,34,17,33,49,34,50,49,33,59,51,60,59,60,57,51,59,50,52,53,60,52,60,51,28,27,53,32,50,33,9,8,27,9,27,28,16,33,17,32,33,16,29,53,52,28,53,29,10,28,29,9,28,10,15,32,16,31,51,50,30,52,51,11,29,52,12,11,52,10,29,11,14,31,50,14,50,32,14,32,15,13,30,51,13,51,31,13,31,14,30,12,52,12,30,13],"vertices":[101.75,1.37,100.36,16.44,96.12,37.12,85.77,54.17,71.36,67.61,54.67,77.21,40.08,79.66,21.68,79.53,6.37,74.81,-4.05,66.81,-11.13,55.26,-17.86,31.43,-21.03,10.7,-20.6,-13.33,-18.67,-32.74,-12.09,-58.77,-4.05,-74.31,4.7,-82.43,14.7,-86.3,27.47,-85.33,34.59,-80.42,38.38,-73.74,50.38,-70.85,66.7,-65.36,81.95,-53.49,93.1,-40.11,100.36,-19.1,6.79,65.91,-2.72,55.58,-10.6,34.79,-13.5,4,-12.37,-27.87,-2.79,-57.46,3.77,-71.68,17.2,-77.82,28.54,-74.4,34.06,-67,46.97,-63.34,61.86,-56.76,75.39,-47.3,84,-36.31,91.25,-20.88,93.74,5.23,89.34,27.27,78.04,48.37,64.34,61.64,49.58,68,31.29,69.21,17.92,67.77,21.73,-57.05,5.61,-48.7,-0.6,-21.54,-0.86,14.35,11.42,42.98,33.66,50.05,57.55,45.32,72.64,24.47,77.01,-24.33,53.07,-44.12,31.35,-31.35,37.77,6.6],"hull":27,"edges":[0,2,2,4,4,6,6,8,8,10,10,12,12,14,14,16,16,18,18,20,20,22,22,24,24,26,26,28,28,30,30,32,32,34,34,36,36,38,38,40,40,42,42,44,44,46,46,48,48,50,50,52,0,52],"width":166,"height":123}},"bj1":{"bj1":{"type":"mesh","uvs":[0.32911,0.01393,0.16428,0.02442,0.04534,0.10381,0.037,0.20898,0.037,0.70183,0.08708,0.82766,0.22061,0.952,0.45222,0.96698,0.688,0.952,0.87579,0.82317,0.94464,0.71681,0.93212,0.55802,0.80693,0.45315,0.7026,0.40672,0.56281,0.40222,0.55029,0.06666,0.42718,0.00974],"triangles":[8,7,5,14,9,8,10,9,14,10,12,11,12,10,14,8,5,14,6,5,7,5,4,14,15,14,0,3,2,14,0,14,2,2,1,0,0,16,15,14,4,3,12,14,13],"vertices":[1,35,-5.87,1.39,1,1,35,-5.82,-3.25,1,1,35,-2.99,-6.81,1,1,35,1.08,-7.36,1,1,35,20.24,-8.86,1,2,35,25.24,-7.85,0.96717,39,-9.35,-2.6,0.03283,2,35,30.37,-4.5,0.67529,39,-5.88,-7.65,0.32471,2,35,31.46,1.92,0.1823,39,0.56,-8.59,0.8177,2,35,31.39,8.55,0.00118,39,7.19,-8.37,0.99882,1,39,12.71,-3.65,1,2,35,22.81,16.43,9.9E-4,39,14.87,0.39,0.99901,2,35,16.61,16.56,0.11212,39,14.86,6.59,0.88788,2,35,12.26,13.39,0.32281,39,11.58,10.87,0.67719,2,35,10.22,10.62,0.49364,39,8.77,12.84,0.50636,2,35,9.74,6.73,0.79949,39,4.87,13.23,0.20051,1,35,-3.33,7.4,1,1,35,-5.81,4.14,1],"hull":17,"edges":[0,2,2,4,4,6,6,8,8,10,10,12,12,14,14,16,16,18,18,20,20,22,22,24,24,26,26,28,28,30,30,32,0,32],"width":28,"height":39}},"bj2":{"bj2":{"type":"mesh","uvs":[0.04898,0.12056,0.03824,0.3556,0.05434,0.71586,0.11069,0.86806,0.24755,0.93741,0.4971,0.95283,0.71714,0.92393,0.89424,0.80448,0.92108,0.55596,0.83252,0.49046,0.72251,0.43459,0.63932,0.42688,0.5454,0.45193,0.54412,0.26169,0.54272,0.05506,0.43538,0.02038,0.21535,0.01268,0.07849,0.07818],"triangles":[10,9,12,4,3,2,7,9,8,6,12,7,12,5,4,6,5,12,7,12,9,0,13,1,1,12,2,16,0,17,15,13,16,13,15,14,0,16,13,12,1,13,12,4,2,10,12,11],"vertices":[1,34,3.46,-6.85,1,1,34,12.59,-7.73,1,2,34,26.64,-8.17,0.72354,37,-8.85,1.76,0.27646,2,34,32.66,-6.97,0.41796,37,-7.17,-4.15,0.58204,2,34,35.6,-3.32,0.29903,37,-3.29,-6.78,0.70097,2,34,36.64,3.62,0.00117,37,3.71,-7.26,0.99883,2,34,35.91,9.84,0,37,9.85,-6.03,1,2,34,31.57,15.08,0,37,14.72,-1.29,1,2,34,22.62,16.4,0.13859,37,15.32,7.74,0.86141,2,34,19.68,14.23,0.24297,37,12.92,10.5,0.75703,2,34,17.8,11.38,0.39052,37,9.93,12.14,0.60948,2,34,17.3,9.08,0.52096,37,7.59,12.46,0.47904,2,34,17.23,6.2,0.78987,37,4.72,12.29,0.21013,2,34,9.83,6.64,0.99891,37,4.56,19.71,0.00109,1,34,1.78,7.11,1,1,34,0.24,4.19,1,1,34,-0.45,-1.94,1,1,34,1.86,-5.92,1],"hull":18,"edges":[0,2,2,4,4,6,6,8,8,10,10,12,12,14,14,16,16,18,18,20,20,22,22,24,28,30,30,32,32,34,0,34,24,26,26,28],"width":28,"height":39}},"bw":{"bw":{"type":"mesh","uvs":[0.66293,0.97963,0.57672,0.95979,0.43053,0.83278,0.25435,0.63037,0.1419,0.43986,0.05569,0.29301,0.00696,0.14616,0.04444,0,0.16814,0,0.38555,0.04694,0.58047,0.1025,0.72291,0.19379,0.80912,0.32079,0.87284,0.57083,0.96656,0.78516,1,0.95979,0.94406,1],"triangles":[8,6,7,5,6,8,9,4,5,9,5,8,10,3,4,10,4,9,3,12,2,11,3,10,12,3,11,2,12,13,1,2,13,14,0,13,13,0,1,15,16,14,14,16,0],"vertices":[1,31,-2.8,9.61,1,1,31,-1.64,14.23,1,3,31,5.08,21.92,0.00944,32,13.5,16.13,0.82858,33,-10.54,16.44,0.16198,2,32,27.45,17.76,0.254,33,3.44,17.74,0.746,2,32,38.88,16.95,0.01746,33,14.84,16.68,0.98254,1,33,23.62,15.83,1,1,33,31.17,13.38,1,1,33,35.87,7.25,1,1,33,31.82,1.94,1,1,33,22.79,-5.94,1,1,33,14.15,-12.59,1,2,32,30.57,-15.8,0.06,33,5.79,-15.88,0.94,2,32,22.6,-15.76,0.32393,33,-2.19,-15.65,0.67607,2,32,10.26,-11.04,0.93255,33,-14.41,-10.65,0.06745,2,31,6.6,-7.09,0.14596,32,-1.56,-8.7,0.85404,1,31,-2.36,-8.62,1,1,31,-4.31,-5.53,1],"hull":17,"edges":[0,2,2,4,4,6,6,8,8,10,10,12,12,14,14,16,16,18,18,20,20,22,22,24,24,26,26,28,28,30,30,32,0,32],"width":54,"height":51}},"fs22":{"fs22":{"x":20.53,"y":0.17,"rotation":131.52,"width":43,"height":49}},"h1":{"h1":{"x":51.66,"y":3.27,"rotation":170.05,"width":105,"height":52}},"h2":{"h1":{"x":41.67,"y":4.91,"rotation":173.21,"width":105,"height":52}},"lj22":{"lj22":{"type":"mesh","uvs":[0.44752,0.42319,0.50181,0.43578,0.51662,0.50052,0.54788,0.62281,0.60218,0.76847,0.67292,0.89795,0.7519,1,0.81606,1,0.90162,0.90155,0.96085,0.76847,0.99211,0.67676,1,0.57785,1,0.42859,0.9411,0.31169,0.83252,0.21099,0.69102,0.12647,0.6647,0.04405,0.58408,0,0.41297,0,0.36525,0.04765,0.23034,0.06023,0.15137,0.10699,0.08062,0.2005,0.03126,0.32639,0,0.50622,0.00161,0.76518,0.05097,0.78496,0.1283,0.76877,0.27966,0.61771,0.38496,0.49722],"triangles":[8,7,5,7,6,5,8,5,9,5,4,9,9,4,10,4,3,10,10,3,11,11,3,12,13,3,2,3,13,12,13,2,14,14,1,15,14,2,1,1,0,15,0,19,15,26,25,27,28,27,24,27,25,24,29,28,23,28,24,23,23,22,29,29,22,0,0,22,21,0,21,20,0,20,19,15,17,16,18,17,19,19,17,15],"vertices":[5,59,-10.15,1.24,0.082,62,3.56,9.01,0.30252,63,-0.32,9.24,0.25447,60,1.38,-9.56,0.33186,61,-3.38,-10.04,0.02916,5,59,-10.77,-1.29,0.06077,62,2.07,11.15,0.14115,63,-1.26,11.67,0.06284,60,3.03,-7.53,0.54886,61,-2.02,-7.81,0.18637,5,59,-13.58,-1.9,0.01042,62,3.47,13.65,0.04441,63,0.7,13.77,0.01253,60,5.82,-8.18,0.38371,61,0.84,-8.09,0.54893,4,62,5.99,18.49,0.00377,63,4.3,17.87,7.0E-5,60,11.17,-9.27,0.05793,61,6.29,-8.45,0.93823,1,61,13.04,-8.14,1,1,61,19.4,-6.86,1,1,61,24.77,-4.82,1,1,61,25.78,-1.98,1,1,61,23.13,3.22,1,2,60,25.59,5.15,0.00468,61,18.66,7.76,0.99532,2,60,22.75,8.25,0.0305,61,15.44,10.46,0.9695,2,60,19.14,10.52,0.09835,61,11.55,12.22,0.90165,2,60,13.43,13.45,0.29091,61,5.5,14.36,0.70909,2,60,7.69,13.27,0.52645,61,-0.16,13.43,0.47355,3,59,-1.61,-17.13,0.01749,60,1.51,10.71,0.83829,61,-5.95,10.06,0.14422,3,59,2.24,-10.6,0.37717,60,-4.76,6.44,0.62265,61,-11.59,5.01,1.8E-4,2,59,5.82,-9.48,0.62008,60,-8.48,6.96,0.37992,3,59,7.83,-5.75,0.77468,62,-13.57,0.12,0.00194,60,-11.89,4.45,0.22338,3,59,8.09,2.29,0.7339,62,-7.7,-5.38,0.25932,60,-15.56,-2.71,0.00678,2,59,6.11,4.59,0.46149,62,-4.66,-5.42,0.53851,3,59,5.77,10.95,0.02521,62,0.33,-9.36,0.92687,63,-7.85,-7.82,0.04792,2,62,4.42,-10.43,0.79585,63,-4.14,-9.84,0.20415,2,62,9.59,-9.77,0.45463,63,1.04,-10.44,0.54537,2,62,14.99,-7.41,0.11191,63,6.84,-9.43,0.88809,1,63,14.13,-6.45,1,1,63,23.42,-0.32,1,1,63,22.87,2.08,1,1,63,20.31,4.75,1,3,62,15.04,9.71,0.00503,63,10.99,7.18,0.99005,60,5.23,-20.39,0.00492,5,59,-13.24,4.28,0.01367,62,7.88,9.32,0.17707,63,3.95,8.51,0.72157,60,2.87,-13.63,0.08751,61,-1.36,-13.87,1.8E-4],"hull":30,"edges":[0,2,2,4,4,6,6,8,8,10,10,12,12,14,14,16,16,18,18,20,20,22,22,24,24,26,26,28,28,30,30,32,32,34,34,36,36,38,38,40,40,42,42,44,44,46,46,48,48,50,50,52,52,54,54,56,56,58,0,58],"width":47,"height":43}},"mzff":{"mzff":{"x":32.5,"y":8.06,"rotation":-95.55,"width":114,"height":86}},"p12":{"p11":{"x":-12.43,"y":-7.7,"scaleX":-1,"width":52,"height":31}},"p22":{"p22":{"x":-3.64,"y":10.19,"scaleX":-1,"scaleY":-1,"rotation":34.29,"width":52,"height":29}},"p55":{"p55":{"x":81.62,"y":17.47,"scaleX":-1,"scaleY":-1,"rotation":180,"width":191,"height":134}},"p66":{"p66":{"x":-10.21,"y":0.55,"scaleX":-1,"scaleY":-1,"rotation":180,"width":270,"height":170}},"sad1":{"sad1":{"x":22.65,"y":-80.29,"rotation":-85.6,"width":75,"height":96}},"sad2":{"sad2":{"x":36.37,"y":-23.87,"rotation":-85.6,"width":79,"height":108}},"sad3":{"sad3":{"x":71.17,"y":-50.28,"rotation":-85.6,"width":90,"height":62}},"xian1":{"xian1":{"x":11.57,"y":8.64,"rotation":89.3,"width":62,"height":50}},"xian2":{"xian2":{"x":5.29,"y":-11.53,"rotation":90.92,"width":30,"height":28}},"xian3":{"xian1":{"x":11.57,"y":8.64,"rotation":89.3,"width":62,"height":50}},"xian4":{"xian2":{"x":5.29,"y":-11.53,"rotation":90.92,"width":30,"height":28}},"yf55":{"yf55":{"type":"mesh","uvs":[0.03275,0.05482,0.015,0.1208,0.00544,0.22546,0,0.40293,0.00681,0.58268,0.02182,0.76925,0.03548,0.83524,0.11739,0.9126,0.23069,0.97175,0.37131,1,0.47233,1,0.501,0.949,0.63205,0.9308,0.72898,0.88074,0.83,0.81476,0.89826,0.75105,0.91464,0.68507,0.93512,0.53945,0.93512,0.46209,0.97062,0.4894,1,0.45982,1,0.40066,0.97471,0.37791,1,0.32785,1,0.20499,0.96379,0.16403,0.93103,0.21409,0.91191,0.10942,0.87642,0,0.83273,0,0.81089,0.06392,0.76158,0.1208,0.68376,0.16631,0.56772,0.23001,0.42984,0.25049,0.3138,0.23911,0.1964,0.19361,0.09537,0.11852,0.05232,0.22286,0.04717,0.31455,0.04717,0.38045,0.04717,0.47787,0.05232,0.59248,0.06951,0.73287,0.0953,0.78158,0.16579,0.84461,0.27753,0.90192,0.4099,0.91911,0.51992,0.85607,0.65058,0.84461,0.78295,0.77298,0.85859,0.70422,0.87578,0.5495,0.88954,0.42056,0.8861,0.2773,0.86891,0.17989,0.86203,0.0968,0.80702,0.18848,0.73653,0.24005,0.66949,0.2773,0.58869,0.31169,0.50789,0.34034,0.4099,0.33747,0.35145,0.33747,0.3016,0.36899,0.24487,0.39764,0.1675,0.41483,0.11249,0.37472,0.07295,0.26871,0.12109,0.53231,0.24658,0.58388,0.3652,0.60394,0.45804,0.61253,0.51477,0.61253,0.59557,0.60107,0.71075,0.5495,0.81905,0.4836,0.51649,0.72427],"triangles":[39,2,38,4,41,42,5,42,43,6,43,44,56,29,28,30,29,56,56,28,27,55,56,27,57,31,30,57,30,56,57,56,55,55,27,26,58,32,31,58,31,57,59,33,32,59,32,58,54,55,26,60,33,59,26,25,24,23,26,24,61,34,33,61,33,60,62,34,61,22,26,23,54,26,22,53,54,22,22,21,20,18,53,22,19,18,22,54,76,57,54,57,55,76,54,53,58,57,76,20,19,22,52,53,18,52,76,53,17,52,18,75,59,58,75,58,76,60,59,75,74,60,75,61,60,74,72,62,61,73,72,61,74,73,61,16,52,17,51,76,52,51,52,16,75,76,51,77,73,74,15,51,16,50,75,51,14,50,51,14,51,15,49,74,75,49,75,50,77,74,49,48,77,49,13,49,50,13,50,14,72,73,77,47,77,48,12,48,49,12,49,13,11,48,12,6,44,7,2,1,38,3,2,39,4,3,41,6,5,43,5,4,42,3,39,40,41,3,40,7,44,45,1,0,37,38,1,37,68,38,37,68,37,36,39,38,68,63,35,34,62,63,34,35,65,36,64,35,63,67,68,36,36,66,67,39,68,67,40,39,67,35,64,65,65,66,36,69,67,66,41,40,67,69,41,67,70,65,64,66,65,70,69,66,70,42,41,69,71,63,62,64,63,71,70,64,71,71,62,72,43,42,69,44,43,69,44,69,70,45,44,70,46,70,71,45,70,46,47,71,72,46,71,47,47,72,77,11,47,48,8,45,46,7,45,8,9,46,47,8,46,9,10,47,11,9,47,10],"vertices":[2,58,60.47,21.55,0.30571,67,34.56,116.33,0.69429,2,58,53.44,24.97,0.30571,67,27.54,119.75,0.69429,2,58,42.2,27.05,0.30569,67,16.3,121.83,0.69431,2,58,23.07,28.64,0.30571,67,-2.83,123.42,0.69429,2,58,3.63,28.03,0.30571,67,-22.27,122.81,0.69429,2,58,-16.59,25.97,0.30571,67,-42.49,120.75,0.69429,2,58,-23.79,23.74,0.30547,67,-49.69,118.52,0.69453,2,58,-32.61,9.27,0.28938,67,-58.51,104.05,0.71062,2,58,-39.64,-10.92,0.46286,67,-65.55,83.86,0.53714,2,58,-43.5,-36.12,0.70179,67,-69.4,58.66,0.29821,2,58,-44.07,-54.29,0.5595,67,-69.98,40.49,0.4405,2,58,-38.73,-59.62,0.49006,67,-64.63,35.16,0.50994,2,58,-37.52,-83.27,0.23932,67,-63.42,11.51,0.76068,2,58,-32.67,-100.88,0.11584,67,-58.57,-6.09,0.88416,2,58,-26.12,-119.28,0.03513,67,-52.02,-24.5,0.96487,2,58,-19.63,-131.77,0.01147,67,-45.53,-36.99,0.98853,2,58,-12.6,-134.95,0.07143,67,-38.51,-40.17,0.92857,2,58,3,-139.13,0.07143,67,-22.9,-44.35,0.92857,2,58,11.35,-139.4,0.07143,67,-14.55,-44.62,0.92857,2,58,8.2,-145.69,0.07143,67,-17.7,-50.91,0.92857,2,58,11.22,-151.08,0.07143,67,-14.68,-56.3,0.92857,2,58,17.61,-151.28,0.07143,67,-8.29,-56.5,0.92857,2,58,20.21,-146.81,0.07143,67,-5.69,-52.03,0.92857,2,58,25.47,-151.53,0.07143,67,-0.43,-56.75,0.92857,2,58,38.73,-151.95,0.07143,67,12.83,-57.17,0.92857,2,58,43.36,-145.58,0.07143,67,17.46,-50.8,0.92857,2,58,38.14,-139.51,0.07143,67,12.24,-44.73,0.92857,2,58,49.55,-136.43,0.07143,67,23.65,-41.65,0.92857,2,58,61.56,-130.42,0.07143,67,35.66,-35.64,0.92857,2,58,61.81,-122.56,0.07143,67,35.91,-27.78,0.92857,2,58,55.04,-118.41,0.07143,67,29.14,-23.63,0.92857,2,58,49.18,-109.34,0.07143,67,23.28,-14.56,0.92857,2,58,44.71,-95.19,0.07143,67,18.81,-0.41,0.92857,2,58,38.5,-74.09,0.1346,67,12.6,20.69,0.8654,2,58,37.08,-49.22,0.48237,67,11.17,45.56,0.51763,2,58,38.97,-28.38,0.76818,67,13.06,66.4,0.23182,2,58,44.55,-7.41,0.94411,67,18.65,87.37,0.05589,2,58,53.23,10.5,0.99498,67,27.33,105.29,0.00502,2,58,42.21,18.61,0.38378,67,16.31,113.39,0.61622,2,58,32.35,19.85,0.3842,67,6.44,114.63,0.6158,2,58,25.23,20.08,0.42478,67,-0.67,114.86,0.57522,2,58,14.72,20.41,0.38563,67,-11.18,115.19,0.61437,2,58,2.32,19.87,0.38571,67,-23.59,114.65,0.61429,2,58,-12.94,17.26,0.38562,67,-38.84,112.04,0.61438,2,58,-18.34,12.79,0.38319,67,-44.24,107.57,0.61681,2,58,-25.55,0.33,0.80265,67,-51.45,95.11,0.19735,2,58,-32.37,-19.58,0.84924,67,-58.27,75.2,0.15076,2,58,-34.99,-43.34,0.63831,67,-60.89,51.44,0.36169,2,58,-28.81,-63.35,0.42007,67,-54.71,31.43,0.57993,2,58,-28.32,-86.89,0.19706,67,-54.22,7.89,0.80294,2,58,-21.34,-110.95,0.05322,67,-47.24,-16.17,0.94678,2,58,-14.35,-124.8,0.01428,67,-40.25,-30.02,0.98572,2,58,2.25,-128.42,0.10857,67,-23.65,-33.64,0.89143,2,58,16.09,-131.34,0.10857,67,-9.81,-36.56,0.89143,2,58,31.58,-131.21,0.10857,67,5.67,-36.43,0.89143,2,58,42.19,-128.45,0.10857,67,16.29,-33.67,0.89143,2,58,51.2,-127.5,0.10857,67,25.3,-32.72,0.89143,2,58,41.61,-117.29,0.10857,67,15.71,-22.51,0.89143,2,58,36.45,-104.43,0.10857,67,10.55,-9.65,0.89143,2,58,32.81,-92.24,0.12973,67,6.91,2.54,0.87027,2,58,29.56,-77.59,0.2017,67,3.66,17.2,0.7983,2,58,26.93,-62.95,0.29384,67,1.03,31.83,0.70616,2,58,27.8,-45.33,0.53948,67,1.9,49.45,0.46052,2,58,28.13,-34.82,0.68012,67,2.23,59.96,0.31988,2,58,25.02,-25.74,0.78632,67,-0.89,69.04,0.21368,2,58,22.25,-15.43,0.88372,67,-3.65,79.35,0.11628,2,58,20.83,-1.46,0.96689,67,-5.07,93.32,0.03311,2,58,25.48,8.3,0.92878,67,-0.42,103.08,0.07122,2,58,37.15,15.05,0.99539,67,11.25,109.83,0.00461,2,58,8.42,7.3,0.93797,67,-17.48,102.08,0.06203,2,58,2.13,-15.1,0.9075,67,-23.77,79.68,0.0925,2,58,-0.71,-36.38,0.6857,67,-26.61,58.4,0.3143,2,58,-2.17,-53.05,0.48231,67,-28.07,41.73,0.51769,2,58,-2.49,-63.26,0.35963,67,-28.39,31.53,0.64037,2,58,-1.71,-77.83,0.29082,67,-27.62,16.95,0.70918,2,58,3.19,-98.73,0.16721,67,-22.71,-3.95,0.83279,2,58,9.69,-118.44,0.10857,67,-16.21,-23.66,0.89143,2,58,-14.56,-63.18,0.39095,67,-40.46,31.6,0.60905],"hull":38,"edges":[0,2,2,4,4,6,6,8,8,10,10,12,12,14,14,16,16,18,18,20,20,22,22,24,24,26,26,28,28,30,30,32,32,34,34,36,36,38,38,40,40,42,42,44,44,46,46,48,48,50,50,52,52,54,54,56,56,58,58,60,60,62,62,64,64,66,66,68,68,70,70,72,72,74,0,74],"width":180,"height":108}},"yiz1":{"yiz1":{"x":10.83,"y":3.67,"rotation":-70.35,"width":135,"height":137}},"yiz2":{"yiz2":{"x":-3.34,"y":3.14,"rotation":-70.35,"width":72,"height":83}},"zbody":{"zbody":{"type":"mesh","uvs":[0.50774,0,0.39901,0,0.30017,0.01479,0.20838,0.04987,0.12648,0.11224,0.05165,0.20188,0,0.33636,0,0.50591,0.02764,0.67936,0.09259,0.81578,0.22005,0.93571,0.37679,1,0.52364,1,0.64367,0.98054,0.74675,0.92597,0.84983,0.85386,0.9755,0.67067,1,0.52645,1,0.35885,0.94443,0.21073,0.84841,0.09185,0.72133,0.02364,0.60554,0,0.08025,0.6161,0.12826,0.72134,0.22711,0.82463,0.32454,0.88114,0.41915,0.91622,0.56177,0.90063,0.71709,0.85386,0.83853,0.74667,0.92608,0.56543,0.95008,0.43095,0.89642,0.23607,0.69168,0.0938,0.51376,0.07041,0.35984,0.07041,0.2031,0.12108,0.11556,0.26335,0.05907,0.37054,0.21722,0.64143,0.40503,0.77006,0.68462,0.75642,0.79758,0.58102,0.8004,0.39393,0.74957,0.2653,0.53635,0.18929,0.35561,0.23607,0.24546,0.3452,0.4135,0.5167,0.61401,0.46409],"triangles":[11,27,12,12,28,13,12,27,28,10,26,11,11,26,27,13,29,14,13,28,29,10,25,26,10,9,25,14,29,15,26,41,27,27,41,28,28,41,42,28,42,29,50,41,49,41,50,42,26,25,41,29,30,15,15,30,16,29,42,30,9,24,25,24,40,25,25,40,41,9,8,24,41,40,49,42,43,30,42,50,43,30,31,16,30,43,31,8,23,24,24,23,40,8,7,23,16,31,17,40,48,49,40,23,48,7,39,23,48,39,38,48,23,39,43,44,31,43,50,44,31,32,17,31,44,32,32,18,17,48,47,49,49,47,46,46,47,36,49,46,50,35,36,1,35,1,0,46,36,35,7,6,39,50,45,44,45,46,34,45,50,46,44,33,32,32,33,18,18,33,19,44,45,33,38,39,5,38,37,48,48,37,47,2,37,3,47,37,36,39,6,5,45,34,20,45,20,33,20,34,21,38,4,37,38,5,4,36,37,2,33,20,19,46,22,34,46,35,22,37,4,3,34,22,21,35,0,22,36,2,1],"vertices":[95,-6.18,95.57,11.97,94.31,28.53,90.55,43.98,83.44,57.89,73,70.73,57.01,79.87,36.5,80.52,15.38,76.57,-1.46,66.25,-16.64,45.44,-25.25,19.52,-26.03,-4.99,-24.31,-25.1,-18.26,-42.51,-10.08,-60,11.41,-81.68,28.72,-86.32,48.99,-86.96,67.2,-78.26,82.08,-62.69,91.01,-41.74,94.48,-22.5,22.75,67.54,9.77,59.93,-3.25,43.83,-10.6,27.79,-15.34,12.13,-14.21,-11.74,-9.38,-37.84,2.94,-58.52,24.4,-73.83,40.53,-78.35,64.39,-70.15,82.68,-36.52,86.45,-6.91,87.27,18.78,81.97,45.14,65.23,60.3,52.56,70.14,18.96,44.78,2.41,13.93,2.58,-32.79,23.19,-52.32,45.81,-53.51,61.63,-45.52,71.95,-10.22,67.25,20.12,54.64,38.93,33.01,11.54,38.31,-22.13],"hull":23,"edges":[0,2,2,4,4,6,6,8,8,10,10,12,12,14,14,16,16,18,18,20,20,22,22,24,24,26,26,28,28,30,30,32,32,34,34,36,36,38,38,40,40,42,42,44,0,44],"width":167,"height":121}},"zbq":{"zbq":{"x":9.15,"y":0.13,"rotation":-83.99,"width":46,"height":29}},"zdm":{"zdm":{"type":"mesh","uvs":[0.50314,0.00801,0.37863,0.0171,0.25075,0.05894,0.14643,0.1408,0.06903,0.24812,0.02191,0.37546,0.02191,0.5137,0.07912,0.65923,0.19691,0.78656,0.3719,0.88661,0.60747,0.97393,0.83967,0.99575,0.96082,0.97938,1,0.91572,0.95409,0.89753,0.7791,0.88661,0.66804,0.83022,0.64022,0.76361,0.62093,0.71744,0.61271,0.59757,0.62973,0.52215,0.65458,0.43003,0.67636,0.34882,0.6931,0.25863,0.68991,0.16155,0.63878,0.06094,0.57381,0.02074],"triangles":[23,2,24,25,24,1,25,1,0,1,24,2,26,25,0,23,22,3,23,3,2,22,4,3,21,6,5,22,5,4,5,22,21,20,6,21,19,6,20,7,6,19,7,19,18,8,7,18,8,18,17,9,8,17,9,17,16,10,9,16,10,16,15,12,14,13,11,15,14,11,14,12,10,15,11],"vertices":[1,19,23.22,0.78,1,1,19,20.84,5.21,1,2,18,37,1.28,0.00516,19,16.14,8.9,0.99484,2,18,31.03,5.58,0.10952,19,9,10.68,0.89048,2,18,23.16,8.85,0.60585,19,0.47,10.78,0.39415,3,17,36.8,5.04,0.00198,18,13.78,10.94,0.9955,19,-9.01,9.22,0.00252,2,17,27.23,8.66,0.204,18,3.55,11.16,0.796,3,16,35.4,-1.54,2.2E-4,17,16.35,10.32,0.92192,18,-7.26,9.1,0.07786,2,16,26.31,3.78,0.11866,17,5.87,9.25,0.88134,2,16,16.4,6.16,0.96575,17,-3.53,5.32,0.03425,1,16,4.98,6.42,1,1,16,-3.68,2.7,1,1,16,-7.08,-0.96,1,1,16,-5.82,-5.76,1,1,16,-3.55,-5.89,1,1,16,2.76,-2.74,1,2,16,8.76,-3.81,0.86751,17,-3.81,-7.24,0.13249,4,16,12.38,-7.33,0.3848,17,1.19,-7.94,0.59442,18,-15.47,-13.17,0.0207,19,-27.18,-24.05,8.0E-5,4,16,14.9,-9.77,0.05017,17,4.66,-8.43,0.91465,18,-12.04,-12.48,0.03505,19,-24.25,-22.12,1.3E-4,3,17,13.08,-11.25,0.61124,18,-3.16,-12.34,0.36488,19,-16.07,-18.69,0.02388,3,17,18.06,-13.86,0.33106,18,2.4,-13.14,0.46685,19,-10.6,-17.36,0.2021,3,17,24.08,-17.2,0.0182,18,9.2,-14.28,0.58071,19,-3.87,-15.89,0.40109,3,17,29.4,-20.14,0.00981,18,15.19,-15.28,0.33517,19,2.06,-14.59,0.65502,2,18,21.84,-16.09,0.04818,19,8.54,-12.86,0.95182,2,18,29.03,-16.12,0.02375,19,15.22,-10.21,0.97625,1,19,21.47,-5.67,1,1,19,23.33,-2.19,1],"hull":27,"edges":[0,2,2,4,4,6,6,8,8,10,10,12,12,14,14,16,16,18,18,20,20,22,22,24,24,26,26,28,28,30,30,32,36,38,50,52,0,52,42,44,44,46,46,48,48,50,38,40,40,42,32,34,34,36],"width":40,"height":74}},"zhead":{"zhead":{"type":"mesh","uvs":[0.56616,0.01062,0.44604,0.00555,0.35971,0.02919,0.27714,0.08491,0.21708,0.14064,0.15577,0.23688,0.10698,0.3534,0.0782,0.45809,0.06819,0.52394,0.02123,0.5803,0,0.66304,0.00246,0.75591,0.03499,0.82177,0.11507,0.89269,0.19014,0.93997,0.3065,0.98556,0.44162,0.99907,0.58175,1,0.70687,0.97205,0.83198,0.91464,0.92707,0.83865,0.96961,0.77955,1,0.64785,1,0.51614,0.98588,0.39118,0.92958,0.23921,0.81697,0.10244,0.70186,0.03152,0.60928,0.00619,0.12133,0.57524,0.08254,0.61914,0.07253,0.68668,0.07878,0.76773,0.1501,0.8471,0.27522,0.89944,0.39408,0.93997,0.55298,0.93997,0.70562,0.92139,0.82948,0.84372,0.93208,0.75085,0.94334,0.59888,0.92832,0.42833,0.86452,0.26285,0.77443,0.16154,0.68685,0.10413,0.58425,0.08218,0.45288,0.08555,0.3653,0.10919,0.29273,0.15647,0.23143,0.2409,0.17638,0.32871,0.14134,0.4773,0.26771,0.58875,0.2014,0.50601,0.19264,0.69006,0.37906,0.77449,0.4729,0.63265,0.4166,0.47899,0.26271,0.36586,0.34904,0.24428,0.53671,0.23415,0.62429,0.40976,0.6343,0.60563,0.61804,0.78631,0.63805,0.8606,0.80696,0.68668,0.80196,0.49081,0.79945,0.4621,0.78319,0.38443,0.68185,0.24934],"triangles":[33,54,34,7,6,51,8,7,51,14,34,15,9,8,30,11,10,31,12,11,32,12,32,13,13,33,14,45,0,28,46,1,0,46,0,45,2,1,46,44,28,27,43,44,27,45,28,44,47,2,46,26,43,27,60,46,45,69,45,44,69,44,43,60,45,69,42,26,25,43,26,42,68,43,42,69,43,68,61,60,69,61,69,68,41,42,25,41,25,24,68,42,41,67,68,41,59,46,60,57,60,61,66,67,41,41,24,23,40,41,23,66,41,40,61,66,62,67,61,68,66,61,67,62,56,61,40,23,22,65,66,40,62,66,65,39,65,40,39,40,22,21,39,22,63,56,62,63,62,65,39,38,65,20,39,21,20,38,39,64,63,65,65,37,64,19,38,20,38,37,65,19,37,38,36,63,64,18,37,19,18,17,64,18,64,37,29,8,51,30,8,29,11,31,32,13,32,33,15,34,35,15,35,16,14,33,34,16,35,36,16,36,17,10,9,30,30,29,54,3,2,47,48,3,47,4,3,48,49,4,48,5,4,49,59,48,47,49,48,59,50,5,49,6,5,50,58,49,59,50,49,58,51,6,50,53,51,50,46,59,47,57,59,60,58,59,57,58,53,50,29,51,53,52,58,57,53,58,52,56,57,61,52,57,56,54,29,53,54,53,52,55,52,56,54,52,55,34,54,55,63,55,56,36,55,63,35,55,36,34,55,35,17,36,64,31,30,54,32,31,54,33,32,54,31,10,30],"vertices":[2,4,77.38,-53.81,0.23722,21,40.04,33.29,0.76278,2,4,78.21,-33.88,0.41452,21,40.87,53.22,0.58548,2,4,75.45,-19.52,0.53057,21,38.11,67.58,0.46943,2,4,68.74,-5.74,0.64958,21,31.4,81.36,0.35042,2,4,61.99,4.3,0.58166,21,24.65,91.4,0.41834,2,4,50.26,14.6,0.53647,21,12.92,101.7,0.46353,2,4,36.01,22.85,0.51091,21,-1.33,109.94,0.48909,2,4,23.18,27.76,0.48018,21,-14.16,114.85,0.51982,2,4,15.1,29.5,0.35143,21,-22.24,116.6,0.64857,2,4,8.25,37.37,0.48571,21,-29.09,124.47,0.51429,2,4,-1.89,41,0.51429,21,-39.23,128.1,0.48571,2,4,-13.32,40.71,0.42,21,-50.66,127.81,0.58,2,4,-21.47,35.39,0.27143,21,-58.81,122.49,0.72857,2,4,-30.33,22.19,0.12,21,-67.67,109.29,0.88,2,4,-36.28,9.79,0.18857,21,-73.62,96.89,0.81143,2,4,-42.09,-9.47,0.14857,21,-79.42,77.63,0.85143,2,4,-43.98,-31.88,0.1676,21,-81.32,55.22,0.8324,2,4,-44.34,-55.14,0.54745,21,-81.67,31.96,0.45255,2,4,-41.11,-75.94,0.36229,21,-78.45,11.16,0.63771,2,4,-34.27,-96.78,0.20317,21,-71.61,-9.68,0.79683,2,4,-25.08,-112.66,0.11237,21,-62.42,-25.57,0.88763,2,4,-17.89,-119.8,0.082,21,-55.23,-32.7,0.918,2,4,-1.74,-125.01,0.04098,21,-39.08,-37.91,0.95902,2,4,14.46,-125.18,0.01296,21,-22.88,-38.08,0.98704,2,4,29.85,-122.99,0.03219,21,-7.49,-35.9,0.96781,2,4,48.64,-113.84,0.04,21,11.3,-26.74,0.96,2,4,65.65,-95.33,0.07714,21,28.31,-8.23,0.92286,2,4,74.57,-76.31,0.08356,21,37.24,10.79,0.91644,2,4,77.85,-60.97,0.18086,21,40.51,26.13,0.81914,2,4,8.7,20.75,0.58857,21,-28.64,107.85,0.41143,2,4,3.37,27.24,0.52,21,-33.97,114.34,0.48,2,4,-4.92,28.99,0.50571,21,-42.26,116.09,0.49429,2,4,-14.9,28.05,0.43143,21,-52.24,115.15,0.56857,2,4,-24.79,16.32,0.36286,21,-62.13,103.42,0.63714,2,4,-31.44,-4.38,0.26022,21,-68.78,82.71,0.73978,2,4,-36.63,-24.06,0.53309,21,-73.97,63.04,0.46691,2,4,-36.9,-50.44,0.58588,21,-74.24,36.66,0.41412,2,4,-34.88,-75.8,0.35041,21,-72.22,11.3,0.64959,2,4,-25.54,-96.46,0.18198,21,-62.88,-9.36,0.81802,2,4,-14.29,-113.61,0.08461,21,-51.63,-26.51,0.91539,2,4,4.38,-115.67,0.03507,21,-32.96,-28.57,0.96493,2,4,25.38,-113.39,0.10631,21,-11.96,-26.3,0.89369,2,4,45.84,-103.01,0.09143,21,8.5,-15.92,0.90857,2,4,58.46,-88.19,0.11021,21,21.12,-1.09,0.88979,2,4,65.67,-73.72,0.08559,21,28.33,13.37,0.91441,2,4,68.55,-56.72,0.21273,21,31.21,30.38,0.78727,2,4,68.36,-34.91,0.41642,21,31.02,52.19,0.58358,2,4,65.6,-20.34,0.55154,21,28.26,66.75,0.44846,2,4,59.91,-8.24,0.66778,21,22.57,78.86,0.33222,2,4,49.63,2.05,0.63353,21,12.29,89.14,0.36647,2,4,38.93,11.3,0.61092,21,1.59,98.39,0.38908,2,4,20.71,17.3,0.48286,21,-16.63,104.4,0.51714,1,4,6.79,-3.53,1,2,4,17.08,7.37,0.96216,21,-20.26,94.47,0.03784,2,4,-5.55,9.06,0.81429,21,-42.88,96.15,0.18571,2,4,-16.25,-21.78,0.85093,21,-53.59,65.32,0.14907,2,4,1.03,-37.54,0.6453,21,-36.31,49.56,0.3547,2,4,20.03,-28.39,0.6733,21,-17.31,58.71,0.3267,2,4,34.21,-2.99,0.83105,21,-3.13,84.11,0.16895,2,4,49.01,-17.47,0.64117,21,11.67,69.63,0.35883,2,4,49.94,-48.64,0.31399,21,12.6,38.46,0.68601,2,4,28.19,-62.95,0.2205,21,-9.15,24.15,0.7795,2,4,4.08,-64.36,0.31893,21,-33.26,22.74,0.68107,2,4,-18.11,-61.43,0.43762,21,-55.45,25.67,0.56238,2,4,-27.29,-64.66,0.43116,21,-64.63,22.44,0.56884,2,4,-6.19,-92.92,0.13777,21,-43.53,-5.82,0.86223,2,4,17.91,-92.34,0.17853,21,-19.43,-5.24,0.82147,2,4,21.45,-91.96,0.06992,21,-15.89,-4.86,0.93008,2,4,31.03,-89.36,0.11675,21,-6.31,-2.26,0.88325,2,4,47.82,-72.71,0.08216,21,10.48,14.39,0.91784],"hull":29,"edges":[0,2,2,4,4,6,6,8,8,10,10,12,12,14,14,16,16,18,18,20,20,22,22,24,24,26,26,28,28,30,30,32,32,34,34,36,36,38,38,40,40,42,42,44,44,46,46,48,48,50,50,52,52,54,54,56,0,56,132,134],"width":166,"height":123}},"zj1":{"zj1":{"type":"mesh","uvs":[0.75167,0.00294,0.56322,0,0.43079,0.06667,0.41042,0.48594,0.23215,0.51948,0.03351,0.67377,0,0.85489,0.18631,0.96894,0.51228,0.97564,0.71092,0.95887,0.90447,0.84148,0.96559,0.71737,0.96559,0.11028],"triangles":[3,12,11,10,9,8,4,3,8,4,8,5,6,5,7,8,7,5,10,8,3,10,3,11,3,2,12,2,0,12,2,1,0],"vertices":[1,13,5.87,2.46,1,1,13,5.57,-2.62,1,1,13,8.16,-6.29,1,2,13,25.32,-7.48,0.26835,15,3.37,-7.79,0.73165,2,13,26.52,-12.34,0.16195,15,7.95,-9.8,0.83805,2,13,32.64,-17.93,0.02079,15,16.12,-8.34,0.97921,1,15,21.55,-3.2,1,1,15,20.66,3.61,1,1,15,14.05,9.43,1,1,15,9.48,12.32,1,1,15,2.39,11.95,1,2,13,35.36,7.15,0.02131,15,-2.13,9.08,0.97869,1,13,10.49,8.07,1],"hull":13,"edges":[0,2,2,4,4,6,6,8,8,10,10,12,12,14,14,16,16,18,18,20,20,22,22,24,0,24],"width":27,"height":41}},"zj2":{"zj2":{"type":"mesh","uvs":[0.69819,0.01993,0.56495,0.02301,0.45743,0.07381,0.43406,0.12153,0.42704,0.4848,0.29147,0.50327,0.09045,0.59717,0.00864,0.73109,0.04838,0.87117,0.19814,0.93581,0.3828,0.98968,0.68667,0.95428,0.91106,0.81112,0.96483,0.66181,0.9508,0.1169,0.78718,0.01838],"triangles":[4,14,13,12,4,13,9,8,7,9,6,5,9,7,6,11,4,12,4,9,5,10,4,11,10,9,4,0,15,14,3,2,1,1,0,3,14,3,0,4,3,14],"vertices":[1,10,10.23,-0.64,1,1,10,10.27,-4.24,1,1,10,12.27,-7.19,1,1,10,14.21,-7.87,1,2,10,29.1,-8.44,0.24867,12,5.51,-9.04,0.75133,2,10,29.76,-12.12,0.17578,12,9.13,-10,0.82422,2,10,33.47,-17.65,0.04801,12,15.7,-8.98,0.95199,2,10,38.9,-20,0.00269,12,20.13,-5.06,0.99731,1,12,21.74,0.56,1,1,12,19.31,4.74,1,1,12,15.84,8.94,1,1,12,7.85,11.31,1,1,12,-0.19,8.77,1,2,10,36.73,5.89,0.13282,12,-4.23,3.95,0.86718,1,10,14.38,6.08,1,1,10,10.23,1.77,1],"hull":16,"edges":[0,2,2,4,4,6,6,8,8,10,10,12,12,14,14,16,16,18,18,20,20,22,22,24,24,26,26,28,28,30,0,30],"width":27,"height":41}},"zw":{"zw":{"type":"mesh","uvs":[0.52086,0.00396,0.42542,0.06877,0.31983,0.17876,0.22236,0.31625,0.12082,0.50676,0.05178,0.67175,0.00508,0.84262,0.03554,0.94083,0.09443,0.99975,0.20002,0.92119,0.4173,0.77781,0.64551,0.658,0.86279,0.53033,0.98463,0.42624,0.99072,0.28286,0.90137,0.16305,0.77344,0.03538,0.63738,0.00789],"triangles":[14,12,15,15,17,16,13,12,14,17,12,1,15,12,17,1,0,17,12,2,1,11,2,12,11,3,2,10,3,11,4,3,10,5,4,10,9,6,5,10,9,5,7,6,9,8,7,9],"vertices":[2,8,22.96,17.53,0.07452,9,7.46,18.59,0.92548,3,7,34.23,21,8.0E-5,8,16.16,18.52,0.21341,9,0.58,18.49,0.78651,3,7,25.22,19.37,0.04093,8,7.02,17.92,0.5162,9,-8.34,16.44,0.44287,3,7,15.59,16.11,0.35209,8,-2.92,15.77,0.53382,9,-17.82,12.74,0.11408,3,7,3.82,10.41,0.92601,8,-15.25,11.44,0.07269,9,-29.3,6.5,0.0013,2,7,-5.48,4.8,0.9999,8,-25.13,6.92,1.0E-4,1,7,-13.93,-1.89,1,1,7,-16.09,-7.76,1,1,7,-15.47,-12.72,1,1,7,-7.61,-12.62,1,2,7,7.9,-13.32,0.98025,8,-13.89,-12.59,0.01975,3,7,23.05,-15.55,0.41072,8,0.92,-16.53,0.55563,9,-8.89,-18.54,0.03364,3,7,37.98,-17.01,0.03507,8,15.58,-19.67,0.45034,9,6.09,-19.3,0.51459,3,7,47.54,-16.24,0.00126,8,25.17,-19.99,0.2134,9,15.6,-18.1,0.78534,2,8,31.44,-13.87,0.089,9,20.82,-11.07,0.911,2,8,32.62,-4.94,0.01092,9,20.57,-2.06,0.98908,1,9,18.7,8.63,1,2,8,27.8,12.63,0.01366,9,13.01,14.53,0.98634],"hull":18,"edges":[0,2,2,4,4,6,6,8,8,10,10,12,12,14,14,16,16,18,18,20,20,22,22,24,24,26,26,28,28,30,30,32,32,34,0,34],"width":59,"height":61}},"体重秤2":{"体重秤2":{"path":"cheng2","x":1.12,"y":-0.84,"width":133,"height":91}},"体重秤3":{"cheng1":{"x":1.12,"y":-0.84,"scaleX":-1,"width":133,"height":91}},"体重秤4":{"TZC2":{"x":1.12,"y":-0.84,"scaleX":-1,"width":133,"height":91}},"体重秤5":{"TZC2F":{"x":1.12,"y":-0.84,"scaleX":-1,"width":133,"height":91}},"图层492(3)":{"图层492(3)":{"x":1.51,"y":-4.79,"width":118,"height":60}},"图层492(3)2":{"图层492(3)":{"x":1.51,"y":-4.79,"width":118,"height":60}},"帽子ww":{"帽子ww":{"x":32.61,"y":-16.49,"rotation":-88.65,"width":112,"height":87}},"手2":{"手2":{"x":18.38,"y":-0.55,"rotation":56.5,"width":46,"height":40}},"手3":{"手2":{"x":21.32,"y":-2.43,"rotation":57.01,"width":46,"height":40}},"荷包蛋":{"荷包蛋":{"x":-4.18,"y":-1.62,"rotation":170.05,"width":53,"height":30},"荷包蛋 反面":{"x":-3.78,"y":-2.46,"rotation":170.05,"width":53,"height":30}},"荷包蛋2":{"荷包蛋":{"x":3.84,"y":0.19,"rotation":177.65,"width":53,"height":30},"荷包蛋 反面":{"x":3.83,"y":-0.16,"rotation":177.65,"width":53,"height":30}},"衣服fm":{"衣服fm":{"type":"mesh","uvs":[0.0635,0,0.02488,0.11185,0,0.2416,9.8E-4,0.3868,0.00282,0.56597,0.02672,0.76986,0.04879,0.82856,0.11683,0.89035,0.23267,0.95522,0.35404,0.99229,0.49379,1,0.64642,1,0.78249,0.95213,0.91121,0.85945,0.96638,0.76986,0.9866,0.60304,1,0.2138,0.9627,0.03771,0.90569,0.0964,0.81559,0.17672,0.70158,0.25087,0.55631,0.25705,0.41104,0.25396,0.27129,0.19526,0.14809,0.09331,0.09844,0,0.07901,0.11243,0.0542,0.23261,0.04982,0.31355,0.04544,0.38467,0.04982,0.48768,0.04836,0.58088,0.07464,0.72313,0.09361,0.77219,0.14033,0.82124,0.21917,0.87029,0.3272,0.90953,0.44983,0.91199,0.60458,0.90463,0.76225,0.85803,0.88926,0.77709,0.94036,0.59805,0.95933,0.39939,0.95058,0.1811,0.88488,0.26204,0.78707,0.31354,0.67027,0.35033,0.5491,0.36505,0.41625,0.33807,0.31552,0.31845,0.22354,0.27921,0.15055,0.20318,0.08631,0.32826,0.09069,0.56126,0.23085,0.60786,0.3418,0.64465,0.50677,0.64465,0.76079,0.62258,0.84984,0.58333,0.78999,0.48768,0.45567,0.49994,0.5929,0.51957],"triangles":[10,38,11,11,39,12,11,38,39,12,40,13,12,39,40,56,61,38,38,57,39,38,61,57,13,40,14,40,57,58,40,39,57,40,41,14,40,58,41,14,41,15,61,46,57,57,59,58,59,46,45,59,57,46,41,42,15,15,42,16,41,58,42,58,59,42,46,20,45,61,47,46,59,44,42,59,45,44,44,43,42,42,43,16,47,21,46,46,21,20,45,19,44,45,20,19,44,18,43,44,19,18,43,17,16,43,18,17,51,24,23,26,25,24,9,37,10,10,37,38,8,36,9,9,36,37,8,7,35,7,34,35,8,35,36,36,55,37,37,56,38,37,55,56,36,35,55,6,33,7,7,33,34,35,54,55,35,34,54,33,5,32,33,6,5,34,33,54,33,32,54,5,31,32,5,4,31,32,53,54,32,31,53,54,49,55,55,60,56,60,49,48,60,55,49,56,60,61,53,50,54,54,50,49,53,31,30,31,4,30,30,3,29,30,4,3,30,52,53,50,52,51,50,53,52,60,47,61,60,48,47,30,29,52,29,3,28,29,28,52,28,3,2,47,48,21,49,22,48,48,22,21,28,27,52,52,27,51,50,23,49,49,23,22,28,2,27,50,51,23,2,1,27,27,26,51,27,1,26,26,24,51,1,0,26,26,0,25],"vertices":[2,30,61.68,35.7,0.49143,71,42.96,118.58,0.50857,2,30,50.71,42.54,0.49143,71,31.98,125.42,0.50857,2,30,37.87,47.12,0.49143,71,19.14,130,0.50857,2,30,23.35,47.41,0.49143,71,4.63,130.29,0.50857,2,30,5.43,47.66,0.49143,71,-13.29,130.54,0.50857,2,30,-15.07,44.28,0.49143,71,-33.8,127.16,0.50857,2,30,-21.06,40.76,0.49143,71,-39.78,123.64,0.50857,2,30,-27.59,29.53,0.49143,71,-46.31,112.41,0.50857,2,30,-34.68,10.28,0.49143,71,-53.4,93.16,0.50857,2,30,-39.02,-9.98,0.88474,71,-57.75,72.89,0.11526,2,30,-40.53,-33.43,0.65422,71,-59.25,49.45,0.34578,2,30,-41.33,-59.05,0.3637,71,-60.05,23.82,0.6363,2,30,-37.26,-82.05,0.1594,71,-55.98,0.82,0.8406,2,30,-28.67,-103.96,0.17889,71,-47.39,-21.08,0.82111,2,30,-20,-113.5,0.15343,71,-38.73,-30.62,0.84657,2,30,-3.44,-117.42,0.13876,71,-22.16,-34.54,0.86124,2,30,35.4,-120.88,0.13714,71,16.68,-38.01,0.86286,2,30,53.2,-115.17,0.13714,71,34.47,-32.29,0.86286,2,30,47.63,-105.41,0.13714,71,28.9,-22.54,0.86286,2,30,40.07,-90.03,0.13721,71,21.35,-7.16,0.86279,2,30,33.26,-70.66,0.07865,71,14.54,12.22,0.92135,2,30,33.4,-46.24,0.42647,71,14.68,36.63,0.57353,2,30,34.48,-21.86,0.79276,71,15.75,61.02,0.20724,2,30,41.08,1.42,0.49143,71,22.35,84.3,0.50857,2,30,51.91,21.79,0.50286,71,33.19,104.67,0.49714,2,30,61.5,29.84,0.49143,71,42.78,112.71,0.50857,2,30,50.36,33.45,0.61143,71,31.64,116.33,0.38857,2,30,38.48,37.99,0.61143,71,19.76,120.87,0.38857,2,30,30.42,38.98,0.61143,71,11.69,121.86,0.38857,2,30,23.33,39.94,0.61143,71,4.61,122.82,0.38857,2,30,13.01,39.53,0.61143,71,-5.71,122.4,0.38857,2,30,3.7,40.06,0.61143,71,-15.02,122.94,0.38857,2,30,-10.65,36.09,0.61143,71,-29.38,118.97,0.38857,2,30,-15.66,33.06,0.61143,71,-34.38,115.94,0.38857,2,30,-20.8,25.37,0.61143,71,-39.53,108.25,0.38857,2,30,-26.12,12.28,0.61143,71,-44.84,95.16,0.38857,2,30,-30.61,-5.73,0.92212,71,-49.33,77.14,0.07788,2,30,-31.5,-26.32,0.74014,71,-50.22,56.56,0.25986,2,30,-31.58,-52.33,0.4293,71,-50.3,30.55,0.5707,2,30,-27.74,-78.95,0.16207,71,-46.47,3.93,0.83793,2,30,-20.32,-100.53,0.13774,71,-39.04,-17.65,0.86226,2,30,-2.69,-109.67,0.12331,71,-21.42,-26.79,0.87669,2,30,17.06,-113.47,0.17714,71,-1.66,-30.6,0.82286,2,30,38.93,-112.69,0.12,71,20.2,-29.81,0.88,2,30,31.18,-101.4,0.17714,71,12.46,-18.52,0.82286,2,30,26.55,-84.82,0.24519,71,7.82,-1.94,0.75481,2,30,23.48,-65.09,0.15265,71,4.76,17.79,0.84735,2,30,22.65,-44.7,0.45255,71,3.92,38.18,0.54745,2,30,26.04,-22.47,0.77691,71,7.32,60.4,0.22309,2,30,28.53,-5.62,0.61143,71,9.81,77.26,0.38857,2,30,32.94,9.7,0.61143,71,14.21,92.58,0.38857,2,30,40.92,21.72,0.61143,71,22.2,104.6,0.38857,2,30,28.75,32.9,0.68,71,10.03,115.78,0.32,2,30,5.44,32.89,0.61143,71,-13.28,115.77,0.38857,1,30,0.05,9.5,1,2,30,-4.21,-9.01,0.9406,71,-22.93,73.86,0.0594,2,30,-5.08,-36.71,0.60605,71,-23.8,46.16,0.39395,2,30,-4.2,-79.44,0.26354,71,-22.93,3.44,0.73646,2,30,-0.75,-94.51,0.1901,71,-19.47,-11.64,0.8099,2,30,9.13,-84.76,0.1916,71,-9.6,-1.89,0.8084,2,30,9.65,-28.59,0.70632,71,-9.07,54.29,0.29368,2,30,6.97,-51.57,0.37013,71,-11.75,31.31,0.62987],"hull":26,"edges":[0,2,2,4,4,6,6,8,8,10,10,12,12,14,14,16,16,18,18,20,20,22,22,24,24,26,26,28,28,30,30,32,32,34,34,36,36,38,38,40,40,42,42,44,44,46,46,48,48,50,0,50],"width":168,"height":100}},"跑步机1":{"跑步机1":{"x":23.61,"y":-29.65,"scaleX":-1,"rotation":-88.03,"width":273,"height":260}},"遮挡":{"遮挡":{"x":68.88,"y":8.57,"rotation":170.05,"width":72,"height":36}},"遮挡2":{"遮挡":{"x":58.31,"y":11.2,"rotation":177.65,"width":72,"height":36}}}},{"name":"skin1","bones":["chengf1","chengpifu1"]},{"name":"skin2","bones":["chengf2","chengpifu2"]}],"animations":{"idle1":{"slots":{"bbody":{"attachment":[{"name":null}]},"bdm":{"attachment":[{"name":null}]},"bhead":{"attachment":[{"name":null}]},"bj1":{"attachment":[{"name":null}]},"bj2":{"attachment":[{"name":null}]},"bw":{"attachment":[{"name":null}]},"h2":{"attachment":[{"name":null}]},"mzff":{"attachment":[{"name":null}]},"体重秤3":{"attachment":[{"name":null}]},"图层492(3)2":{"attachment":[{"name":null}]},"手3":{"attachment":[{"name":null}]},"荷包蛋":{"attachment":[{"name":null}]},"荷包蛋2":{"attachment":[{"name":null}]},"衣服fm":{"attachment":[{"name":null}]},"遮挡2":{"attachment":[{"name":null}]}},"bones":{"5465":{"translate":[{},{"time":0.4,"y":-8.38},{"time":0.8}],"scale":[{},{"time":0.4,"x":0.95,"y":1.05},{"time":0.8}]},"bone4":{"rotate":[{},{"time":0.4,"angle":12.05},{"time":0.8}]},"bone5":{"rotate":[{},{"time":0.3,"angle":-18.77},{"time":0.6,"angle":6.4},{"time":0.8}]},"bone14":{"rotate":[{},{"time":0.4,"angle":-13.62},{"time":0.8}]},"bone15":{"rotate":[{"angle":-7.52},{"time":0.0667,"angle":-5.25},{"time":0.4667,"angle":-18.88},{"time":0.8,"angle":-7.52}]},"bone16":{"rotate":[{"angle":-15.05},{"time":0.1333,"angle":-10.51},{"time":0.5333,"angle":-24.13},{"time":0.8,"angle":-15.05}]},"bone17":{"rotate":[{"angle":-22.57},{"time":0.2,"angle":-15.76},{"time":0.6,"angle":-29.38},{"time":0.8,"angle":-22.57}]},"target":{"translate":[{"x":-13.42,"y":-10.33}]},"target2":{"translate":[{"x":15.62,"y":-0.78}]},"bone10":{"scale":[{},{"time":0.4333,"x":1.2,"y":1.2},{"time":0.8}]},"bone13":{"translate":[{},{"time":0.2667,"x":3.26,"y":6.44},{"time":0.5333,"x":6.52,"y":1.5},{"time":0.8}]},"bone33":{"rotate":[{},{"time":0.4,"angle":-11.75},{"time":0.8}]},"bone35":{"rotate":[{"angle":-57.88},{"time":0.4,"angle":-67.66},{"time":0.8,"angle":-57.88}]},"bone11":{"rotate":[{"angle":69.18}],"translate":[{"x":-14.53,"y":-17.3}]},"bone8":{"rotate":[{"angle":-42.86}],"translate":[{"x":-7.66,"y":8.56}]},"5470":{"rotate":[{},{"time":0.2667,"angle":-11.23},{"time":0.8}]},"5471":{"rotate":[{"angle":-0.71},{"time":0.1333,"angle":0.7},{"time":0.4,"angle":-20.11},{"time":0.8,"angle":-0.71}]},"5468":{"rotate":[{},{"time":0.2667,"angle":6.53},{"time":0.8}]},"5469":{"rotate":[{"angle":1.51},{"time":0.1667,"angle":0.7},{"time":0.4333,"angle":13.45},{"time":0.8,"angle":1.51}]},"bone19":{"rotate":[{},{"time":0.2667,"angle":-4.13},{"time":0.5,"angle":1.42},{"time":0.8}],"translate":[{},{"time":0.2667,"x":-1.42},{"time":0.5,"x":1.47},{"time":0.8}]},"5466":{"translate":[{},{"time":0.3,"y":3.15},{"time":0.5333,"x":3.4,"y":1.68},{"time":0.8}]}}},"idle2":{"slots":{"fs22":{"attachment":[{"name":null}]},"h1":{"attachment":[{"name":null}]},"lj22":{"attachment":[{"name":null}]},"yf55":{"attachment":[{"name":null}]},"zbody":{"attachment":[{"name":null}]},"zbq":{"attachment":[{"name":null}]},"zdm":{"attachment":[{"name":null}]},"zhead":{"attachment":[{"name":null}]},"zj1":{"attachment":[{"name":null}]},"zj2":{"attachment":[{"name":null}]},"zw":{"attachment":[{"name":null}]},"体重秤3":{"attachment":[{"name":null}]},"图层492(3)":{"attachment":[{"name":null}]},"帽子ww":{"attachment":[{"name":null}]},"手2":{"attachment":[{"name":null}]},"荷包蛋":{"attachment":[{"name":null}]},"荷包蛋2":{"attachment":[{"name":null}]},"遮挡":{"attachment":[{"name":null}]}},"bones":{"b1":{"translate":[{},{"time":0.4,"y":-4.99},{"time":0.8}],"scale":[{},{"time":0.4,"x":0.95,"y":1.05},{"time":0.8}]},"bone20":{"rotate":[{},{"time":0.4333,"angle":-3.19},{"time":0.8}]},"bone21":{"rotate":[{"angle":-19.83},{"time":0.4,"angle":1.52},{"time":0.8,"angle":-19.83}]},"bone22":{"rotate":[{"angle":9.67},{"time":0.0667,"angle":6.11},{"time":0.4667,"angle":27.46},{"time":0.8,"angle":9.67}]},"bone23":{"rotate":[{"angle":18.62},{"time":0.1333,"angle":11.5},{"time":0.5333,"angle":32.85},{"time":0.8,"angle":18.62}]},"bone24":{"rotate":[{"angle":29.78},{"time":0.2,"angle":19.1},{"time":0.6,"angle":40.45},{"time":0.8,"angle":29.78}]},"bone25":{"rotate":[{},{"time":0.4,"angle":-8.41},{"time":0.8}]},"bone26":{"rotate":[{"angle":9.54},{"time":0.2667,"angle":20.24},{"time":0.5667,"angle":-4.69},{"time":0.8,"angle":9.54}]},"bone28":{"rotate":[{"angle":-30.6}],"translate":[{"x":-6.21,"y":5.95}]},"bone30":{"rotate":[{"angle":19.84}],"translate":[{"x":-11.62,"y":6.63}]},"23e":{"rotate":[{"angle":-12.43}],"translate":[{"x":4.54,"y":-2.4}]},"21":{"translate":[{"x":-21.15,"y":-9.72}]},"yingzi":{"scale":[{},{"time":0.4,"x":1.2,"y":1.2},{"time":0.8}]},"bone31":{"rotate":[{"angle":2.48}]},"bone29":{"rotate":[{"angle":11.8}]},"b2":{"translate":[{},{"time":0.2333,"x":0.07,"y":2.36},{"time":0.5333,"x":-0.54,"y":-2.03},{"time":0.8}]},"bone38":{"rotate":[{},{"time":0.2333,"angle":5.17},{"time":0.5667,"angle":-2.4},{"time":0.8}],"translate":[{},{"time":0.2333,"x":3.16},{"time":0.5667,"x":0.51,"y":-0.39},{"time":0.8}]},"bone40":{"rotate":[{"angle":38.12},{"time":0.0667,"angle":38.99},{"time":0.4667,"angle":33.78},{"time":0.8,"angle":38.12}]}}},"pose1":{"slots":{"bbody":{"attachment":[{"name":null}]},"bdm":{"attachment":[{"name":null}]},"bhead":{"attachment":[{"name":null}]},"bj1":{"attachment":[{"name":null}]},"bj2":{"attachment":[{"name":null}]},"bw":{"attachment":[{"name":null}]},"h1":{"attachment":[{"time":0.1333,"name":null},{"time":0.1667,"name":"h1"}]},"h2":{"attachment":[{"name":null}]},"mzff":{"attachment":[{"name":null}]},"体重秤3":{"attachment":[{"name":null}]},"图层492(3)2":{"attachment":[{"name":null}]},"手3":{"attachment":[{"name":null}]},"荷包蛋":{"attachment":[{"name":null},{"time":0.1667,"name":"荷包蛋"},{"time":0.6333,"name":"荷包蛋 反面"},{"time":0.8333,"name":"荷包蛋"},{"time":1.3,"name":"荷包蛋 反面"},{"time":1.5,"name":"荷包蛋"},{"time":1.6333,"name":null}]},"荷包蛋2":{"attachment":[{"name":null}]},"衣服fm":{"attachment":[{"name":null}]},"遮挡":{"attachment":[{"time":0.1333,"name":null},{"time":0.1667,"name":"遮挡"}]},"遮挡2":{"attachment":[{"name":null}]}},"bones":{"5465":{"translate":[{},{"time":0.1333,"y":-2.45},{"time":0.2333,"y":0.93},{"time":1.6333}],"scale":[{},{"time":0.1333,"x":0.95,"y":1.05},{"time":0.2333,"x":1.02,"y":0.98},{"time":0.4},{"time":1,"x":1.02,"y":0.98},{"time":1.2,"x":0.98,"y":1.02},{"time":1.3667}]},"bone13":{"translate":[{},{"time":0.1333,"x":0.1,"y":2.38},{"time":0.4,"x":0.09,"y":-1.84},{"time":0.9667,"x":3.24,"y":1.5},{"time":1.6333}]},"bone4":{"rotate":[{},{"time":0.1333,"angle":-33.59},{"time":0.3,"angle":4.27},{"time":0.4667,"angle":-1.41},{"time":1.6333}]},"bone5":{"rotate":[{},{"time":0.4,"angle":-26.94},{"time":0.8333,"angle":17.8},{"time":1.1667,"angle":-43.79},{"time":1.4,"angle":0.74},{"time":1.6333}]},"bone8":{"rotate":[{"angle":-15.61}]},"target2":{"translate":[{"x":12.08,"y":1.58}]},"bone11":{"rotate":[{"angle":36}]},"target":{"translate":[{"x":-21.54,"y":-7.35}]},"bone14":{"rotate":[{},{"time":0.5333,"angle":-14.19},{"time":1.0333,"angle":4.47},{"time":1.6333}]},"bone15":{"rotate":[{"angle":-2.82},{"time":0.0667,"angle":-5.82},{"time":0.6,"angle":-20.01},{"time":1.1,"angle":21.18},{"time":1.6333,"angle":-2.82}]},"bone16":{"rotate":[{"angle":-2.11},{"time":0.1333,"angle":-11.61},{"time":0.6667,"angle":-25.8},{"time":1.1667,"angle":31.16},{"time":1.6333,"angle":-2.11}]},"bone17":{"rotate":[{"angle":-2.39},{"time":0.2,"angle":-19.37},{"time":0.7333,"angle":-33.56},{"time":1.2333,"angle":31.56},{"time":1.6333,"angle":-2.39}]},"bone10":{"scale":[{"time":0.2333},{"time":0.5,"x":1.1,"y":1.1},{"time":0.6667},{"time":0.9,"x":1.1},{"time":1.6333}]},"bone33":{"rotate":[{},{"time":0.1333,"angle":50.54},{"time":0.3333,"angle":-19.66},{"time":0.4,"angle":-17.45},{"time":0.5333,"angle":-53.22},{"time":1,"angle":6.49,"curve":"stepped"},{"time":1.0333,"angle":6.49},{"time":1.1667,"angle":-21.01},{"time":1.6333}],"translate":[{},{"time":1.1667,"x":-2.97,"y":9.23},{"time":1.6333}]},"bone36":{"rotate":[{"time":0.3333},{"time":0.4667,"angle":-72},{"time":0.5333,"angle":-108},{"time":0.6333,"angle":-162},{"time":0.8,"angle":-252},{"time":0.9,"angle":-306},{"time":1,"angle":-360},{"time":1.0333,"curve":"stepped"},{"time":1.1667},{"time":1.2333,"angle":51.43},{"time":1.3333,"angle":128.57},{"time":1.5,"angle":257.14},{"time":1.6333,"angle":360}],"translate":[{"time":0.3333},{"time":0.7,"x":24.78,"y":-79.82},{"time":1,"curve":"stepped"},{"time":1.1667},{"time":1.3667,"x":-10.64,"y":-49.59},{"time":1.6333}]},"bone35":{"rotate":[{},{"time":0.1333,"angle":32.1},{"time":0.4,"angle":-0.63},{"time":1}],"translate":[{},{"time":0.1333,"x":-24.04,"y":-28.18},{"time":0.4,"x":6.83,"y":-7.86},{"time":1.1667,"x":8.84,"y":-9.64},{"time":1.6333}],"scale":[{},{"time":0.1333,"x":0.1},{"time":0.4}]},"z1":{"translate":[{},{"time":0.1333,"y":-3.19},{"time":1.6333}]},"5466":{"translate":[{},{"time":0.1333,"x":0.01,"y":3.4},{"time":0.2667,"x":0.01,"y":-1.85},{"time":0.4,"x":-0.68,"y":-3.54},{"time":0.7333,"x":-0.36,"y":1.84},{"time":1.0333,"x":-0.32,"y":-1.3},{"time":1.3333,"x":-0.71,"y":1.9},{"time":1.6333}]},"5472":{"translate":[{},{"time":0.1667,"x":0.01,"y":0.38},{"time":1.6333}]},"5468":{"rotate":[{},{"time":0.4,"angle":10.15},{"time":1.6333}]},"5469":{"rotate":[{},{"time":0.4,"angle":31.5},{"time":0.7,"angle":-7.42},{"time":1.1,"angle":24.53},{"time":1.6333}]},"5470":{"rotate":[{},{"time":0.4,"angle":-13.29},{"time":1.6333}]},"5471":{"rotate":[{},{"time":0.4,"angle":-28.45},{"time":0.7,"angle":13.98},{"time":1.1,"angle":-17.3},{"time":1.6333}]},"bone19":{"rotate":[{},{"time":0.5333,"angle":-8.64},{"time":1.1,"angle":-2.37},{"time":1.6333}]}}},"pose2":{"slots":{"fs22":{"attachment":[{"name":null}]},"h1":{"attachment":[{"name":null}]},"lj22":{"attachment":[{"name":null}]},"yf55":{"attachment":[{"name":null}]},"zbody":{"attachment":[{"name":null}]},"zbq":{"attachment":[{"name":null}]},"zdm":{"attachment":[{"name":null}]},"zhead":{"attachment":[{"name":null}]},"zj1":{"attachment":[{"name":null}]},"zj2":{"attachment":[{"name":null}]},"zw":{"attachment":[{"name":null}]},"体重秤3":{"attachment":[{"name":null}]},"图层492(3)":{"attachment":[{"name":null}]},"图层492(3)2":{"attachment":[{"time":1.6333,"name":null}]},"帽子ww":{"attachment":[{"name":null}]},"手2":{"attachment":[{"name":null}]},"荷包蛋":{"attachment":[{"name":null}]},"荷包蛋2":{"attachment":[{"name":null},{"time":0.1333,"name":"荷包蛋"},{"time":0.7,"name":"荷包蛋 反面"},{"time":0.8333,"name":"荷包蛋"},{"time":1.3333,"name":"荷包蛋 反面"},{"time":1.4333,"name":"荷包蛋"},{"time":1.6333,"name":null}]},"遮挡":{"attachment":[{"name":null}]}},"bones":{"b1":{"rotate":[{},{"time":0.1667,"angle":1.13},{"time":0.3,"angle":-1.52},{"time":1.6333}],"translate":[{},{"time":0.1667,"y":-2.34},{"time":0.3,"y":-0.26},{"time":1.6333}],"scale":[{},{"time":0.1667,"x":0.95,"y":1.05},{"time":0.3,"x":1.05,"y":0.95},{"time":0.4,"curve":"stepped"},{"time":0.9667},{"time":1.0667,"x":0.95,"y":1.05},{"time":1.1667,"x":1.05,"y":0.95},{"time":1.2333}]},"bone20":{"rotate":[{},{"time":0.1333,"angle":-2.65},{"time":0.3333,"angle":1.57},{"time":1.6333}]},"bone21":{"rotate":[{},{"time":0.4,"angle":-31.2},{"time":0.8667,"angle":4.25},{"time":1.3667,"angle":-20.46},{"time":1.6333}]},"bone22":{"rotate":[{"angle":-5.86},{"time":0.0667,"angle":-0.75},{"time":0.4667,"angle":-31.94},{"time":0.9333,"angle":3.5},{"time":1.4333,"angle":-21.21},{"time":1.6333,"angle":-5.86}]},"bone23":{"rotate":[{"angle":-11.98},{"time":0.1333,"angle":-1.75},{"time":0.5333,"angle":-32.95},{"time":1,"angle":2.49},{"time":1.5,"angle":-22.21},{"time":1.6333,"angle":-11.98}]},"bone24":{"rotate":[{"angle":-18.1},{"time":0.2,"angle":-2.76},{"time":0.6,"angle":-33.95},{"time":1.0667,"angle":1.49},{"time":1.5667,"angle":-23.22},{"time":1.6333,"angle":-18.1}]},"bone25":{"rotate":[{},{"time":0.1333,"angle":-27.78},{"time":0.3,"angle":-14.72},{"time":0.4,"angle":57.39},{"time":1,"angle":-6.62,"curve":"stepped"},{"time":1.0333,"angle":-6.62},{"time":1.1333,"angle":30.03},{"time":1.6333}]},"bone26":{"rotate":[{},{"time":0.4,"angle":19.17},{"time":0.7333,"angle":-0.88},{"time":1.0333,"angle":8.98},{"time":1.3333,"angle":-7.37},{"time":1.6333}]},"bone28":{"rotate":[{"angle":-19.41}]},"bone30":{"rotate":[{"angle":25.45}]},"23e":{"translate":[{"x":10.13,"y":0.72}]},"21":{"translate":[{"x":-13.7,"y":-5.73}]},"yingzi":{"scale":[{},{"time":0.2333,"x":1.1,"y":1.1},{"time":0.5333}]},"bone41":{"rotate":[{"time":0.3},{"time":0.4333,"angle":-68.57},{"time":0.6333,"angle":-171.43},{"time":0.8667,"angle":-291.43},{"time":1,"angle":-360},{"time":1.0333},{"time":1.1333,"angle":63.53},{"time":1.2667,"angle":148.24},{"time":1.4,"angle":232.94},{"time":1.5333,"angle":317.65},{"time":1.6,"angle":360},{"time":1.6333}],"translate":[{"time":0.3},{"time":0.7,"x":60.62,"y":-66.6},{"time":1,"x":1.44,"y":-0.66,"curve":"stepped"},{"time":1.0333,"x":1.44,"y":-0.66},{"time":1.3333,"x":7.97,"y":-82.76},{"time":1.6,"x":1.4,"y":1.34},{"time":1.6333}]},"bone40":{"rotate":[{},{"time":0.1333,"angle":-67.91},{"time":0.3,"angle":-22.15},{"time":0.7,"angle":10.91},{"time":1,"angle":-40.56,"curve":"stepped"},{"time":1.0333,"angle":-40.56},{"time":1.6333}],"scale":[{},{"time":0.1333,"x":0.8},{"time":0.2333}]},"b2":{"translate":[{},{"time":0.1,"x":-1.9,"y":2.52},{"time":0.3333,"x":1.41,"y":-0.44},{"time":0.7,"x":0.38,"y":-0.92},{"time":1.6333}]}}},"walk1":{"slots":{"bbody":{"attachment":[{"name":null}]},"bdm":{"attachment":[{"name":null}]},"bhead":{"attachment":[{"name":null}]},"bj1":{"attachment":[{"name":null}]},"bj2":{"attachment":[{"name":null}]},"bw":{"attachment":[{"name":null}]},"h2":{"attachment":[{"name":null}]},"mzff":{"attachment":[{"name":null}]},"体重秤3":{"attachment":[{"name":null}]},"图层492(3)2":{"attachment":[{"name":null}]},"手3":{"attachment":[{"name":null}]},"荷包蛋":{"attachment":[{"name":null}]},"荷包蛋2":{"attachment":[{"name":null}]},"衣服fm":{"attachment":[{"name":null}]},"遮挡2":{"attachment":[{"name":null}]}},"bones":{"5465":{"translate":[{},{"time":0.2667,"y":13.23},{"time":0.5667},{"time":0.8667,"y":13.23},{"time":1.1}],"scale":[{},{"time":0.2667,"x":0.98,"y":1.02},{"time":0.5667,"x":1.02,"y":0.98},{"time":0.8667,"x":0.98,"y":1.02},{"time":1.1}]},"bone4":{"rotate":[{},{"time":0.5667,"angle":-60.41},{"time":1.1}]},"bone5":{"rotate":[{},{"time":0.2,"angle":9.95},{"time":0.4333,"angle":-5.05},{"time":0.6667,"angle":9.95},{"time":0.9,"angle":-10.05},{"time":1.1}]},"bone14":{"rotate":[{},{"time":0.5667,"angle":-22.66},{"time":1.1}]},"bone15":{"rotate":[{"angle":-5.25},{"time":0.0667,"angle":-2.42},{"time":0.6333,"angle":-25.08},{"time":1.1,"angle":-5.25}]},"bone16":{"rotate":[{"angle":-10.51},{"time":0.1333,"angle":-4.84},{"time":0.7,"angle":-27.5},{"time":1.1,"angle":-10.51}]},"bone17":{"rotate":[{"angle":-15.76},{"time":0.2,"angle":-7.26},{"time":0.7667,"angle":-29.92},{"time":1.1,"angle":-15.76}]},"target":{"rotate":[{},{"time":0.5667,"angle":-9.3},{"time":1.1}],"translate":[{"x":24.18,"y":7.55},{"time":0.2667,"x":3.02,"y":12.59},{"time":0.5667,"x":-20.78,"y":-9.07},{"time":1.1,"x":24.18,"y":7.55}]},"target2":{"rotate":[{},{"time":0.5667,"angle":11.69},{"time":1.1}],"translate":[{"x":-16.58,"y":4.55},{"time":0.5667,"x":24.07,"y":22.78},{"time":0.8667,"x":1.21,"y":26.51},{"time":1.1,"x":-16.58,"y":4.55}]},"bone10":{"scale":[{},{"time":0.2667,"x":0.8,"y":0.8},{"time":0.5667},{"time":0.8333,"x":0.8,"y":0.8},{"time":1.1}]},"bone13":{"translate":[{},{"time":0.4333,"x":0.03,"y":3.1},{"time":0.8,"x":-3.11,"y":1.39},{"time":1.1}]},"bone33":{"rotate":[{},{"time":0.4,"angle":-11.8},{"time":0.8333,"angle":7.38},{"time":1.1}]},"bone35":{"rotate":[{"angle":-57.88}]},"bone11":{"translate":[{"x":-14.53,"y":-17.3}]},"bone8":{"translate":[{"x":-7.66,"y":8.56}]},"5470":{"rotate":[{},{"time":0.4667,"angle":-10.43},{"time":0.7667,"angle":6.69},{"time":1.1}]},"5471":{"rotate":[{"angle":0.7},{"time":0.0667},{"time":0.5333,"angle":-10.43},{"time":0.8333,"angle":6.69},{"time":1.1,"angle":0.7}]},"5468":{"rotate":[{},{"time":0.4667,"angle":-10.43},{"time":0.7667,"angle":6.69},{"time":1.1}]},"5469":{"rotate":[{"angle":0.7},{"time":0.0667},{"time":0.5333,"angle":-10.43},{"time":0.8333,"angle":6.69},{"time":1.1,"angle":0.7}]},"bone19":{"rotate":[{},{"time":0.3,"angle":3.97},{"time":0.5667},{"time":0.8333,"angle":-3.88},{"time":1.1}]}}},"walk2":{"slots":{"fs22":{"attachment":[{"name":null}]},"h1":{"attachment":[{"name":null}]},"lj22":{"attachment":[{"name":null}]},"yf55":{"attachment":[{"name":null}]},"zbody":{"attachment":[{"name":null}]},"zbq":{"attachment":[{"name":null}]},"zdm":{"attachment":[{"name":null}]},"zhead":{"attachment":[{"name":null}]},"zj1":{"attachment":[{"name":null}]},"zj2":{"attachment":[{"name":null}]},"zw":{"attachment":[{"name":null}]},"体重秤3":{"attachment":[{"name":null}]},"图层492(3)":{"attachment":[{"name":null}]},"帽子ww":{"attachment":[{"name":null}]},"手2":{"attachment":[{"name":null}]},"荷包蛋":{"attachment":[{"name":null}]},"荷包蛋2":{"attachment":[{"name":null}]},"遮挡":{"attachment":[{"name":null}]}},"bones":{"b1":{"translate":[{},{"time":0.2667,"y":8.95},{"time":0.5667},{"time":0.8333,"y":6.92},{"time":1.1}],"scale":[{},{"time":0.2667,"x":0.98,"y":1.02},{"time":0.5667,"x":1.02,"y":0.98},{"time":0.8333,"x":0.98,"y":1.02},{"time":1.1}]},"bone21":{"rotate":[{"angle":-19.83},{"time":0.5333,"angle":16.95},{"time":1.1,"angle":-19.83}]},"bone22":{"rotate":[{"angle":6.11},{"time":0.0667,"angle":4.11},{"time":0.6,"angle":30.37},{"time":1.1,"angle":6.11}]},"bone23":{"rotate":[{"angle":11.5},{"time":0.1333,"angle":7.51},{"time":0.6667,"angle":39.32},{"time":1.1,"angle":11.5}]},"bone24":{"rotate":[{"angle":19.1},{"time":0.2,"angle":13.12},{"time":0.7333,"angle":45.62},{"time":1.1,"angle":19.1}]},"bone25":{"rotate":[{},{"time":0.5667,"angle":-18.98},{"time":1.1}]},"bone26":{"rotate":[{},{"time":0.3333,"angle":17.69},{"time":0.6333,"angle":1.19},{"time":0.9,"angle":19.21},{"time":1.1}]},"bone28":{"rotate":[{"angle":-30.6}],"translate":[{"x":-6.21,"y":5.95}]},"bone30":{"rotate":[{"angle":19.84}],"translate":[{"x":-2.39,"y":-4.07},{"time":0.5667,"x":-9.76,"y":1.4},{"time":1.1,"x":-2.39,"y":-4.07}]},"23e":{"rotate":[{"angle":-12.43},{"time":0.5667,"angle":54.06},{"time":1.1,"angle":-12.43}],"translate":[{"x":-19.23,"y":-2.67},{"time":0.2667,"x":-1.8,"y":13.38},{"time":0.5667,"x":17.81,"y":13.61},{"time":1.1,"x":-19.23,"y":-2.67}]},"21":{"rotate":[{},{"time":0.5667,"angle":-56.02},{"time":1.1}],"translate":[{"x":11.35,"y":6.4},{"time":0.5667,"x":-21.2,"y":-3.78},{"time":0.8667,"x":-2.89,"y":11.39},{"time":1.1,"x":11.35,"y":6.4}]},"yingzi":{"scale":[{},{"time":0.2667,"x":0.8,"y":0.8},{"time":0.5333},{"time":0.8333,"x":0.8,"y":0.8},{"time":1.1}]},"bone31":{"rotate":[{"angle":32.41}]},"bone29":{"rotate":[{"angle":-7.9},{"time":0.5667,"angle":-10.65},{"time":1.1,"angle":-7.9}],"translate":[{},{"time":0.5667,"y":-7.3},{"time":1.1}]},"b2":{"translate":[{},{"time":0.4667,"x":-0.5,"y":3.8},{"time":0.8333,"x":0.33,"y":-1.49},{"time":1.1}]},"bone38":{"rotate":[{},{"time":0.5667,"angle":4.7},{"time":1.1}]},"bone40":{"rotate":[{"angle":38.99},{"time":0.0667,"angle":41.36},{"time":0.6333,"angle":22.38},{"time":1.1,"angle":38.99}]}}},"work1":{"slots":{"fs22":{"attachment":[{"name":null}]},"h1":{"attachment":[{"name":null}]},"lj22":{"attachment":[{"name":null}]},"xian3":{"color":[{"color":"ffffff00","curve":"stepped"},{"time":0.3333,"color":"ffffff00"},{"time":1.0667,"color":"ffffffff"},{"time":1.3,"color":"ffffff00"}],"attachment":[{"name":"xian1"}]},"xian4":{"color":[{"time":1.0333,"color":"ffffffff"},{"time":1.7333,"color":"ffffff00"}],"attachment":[{"time":1.1333,"name":"xian2"}]},"yf55":{"attachment":[{"name":null}]},"zbody":{"attachment":[{"name":null}]},"zbq":{"attachment":[{"name":null}]},"zdm":{"attachment":[{"name":null}]},"zhead":{"attachment":[{"name":null}]},"zj1":{"attachment":[{"name":null}]},"zj2":{"attachment":[{"name":null}]},"zw":{"attachment":[{"name":null}]},"体重秤5":{"attachment":[{"name":"TZC2F"}]},"图层492(3)":{"attachment":[{"name":null}]},"帽子ww":{"attachment":[{"name":null}]},"手2":{"attachment":[{"name":null}]},"荷包蛋":{"attachment":[{"name":null}]},"荷包蛋2":{"attachment":[{"name":null}]},"遮挡":{"attachment":[{"name":null}]}},"bones":{"b1":{"translate":[{},{"time":0.8,"y":-2.57},{"time":1.7333}]},"bone20":{"rotate":[{"angle":-6.72}]},"bone21":{"rotate":[{},{"time":0.4667,"angle":-6.4},{"time":1,"angle":1.97},{"time":1.4,"angle":-6.26},{"time":1.7333}]},"bone22":{"rotate":[{"angle":2.86},{"time":0.0667,"angle":4.11},{"time":0.5333,"angle":-2.28},{"time":1.0667,"angle":6.08},{"time":1.4667,"angle":-2.15},{"time":1.7333,"angle":2.86}]},"bone23":{"rotate":[{"angle":5.01},{"time":0.1333,"angle":7.51},{"time":0.6,"angle":1.11},{"time":1.1333,"angle":9.48},{"time":1.5333,"angle":1.25},{"time":1.7333,"angle":5.01}]},"bone24":{"rotate":[{"angle":9.36},{"time":0.2,"angle":13.12},{"time":0.6667,"angle":6.72},{"time":1.2,"angle":15.09},{"time":1.6,"angle":6.86},{"time":1.7333,"angle":9.36}]},"bone25":{"rotate":[{},{"time":0.5667,"angle":5.61},{"time":1.2667,"angle":3.12},{"time":1.7333}]},"bone26":{"rotate":[{},{"time":1.2667,"angle":-2.6},{"time":1.7333}]},"bone28":{"rotate":[{"angle":-30.6}]},"bone30":{"rotate":[{"angle":19.84}]},"yingzi":{"translate":[{"x":5.01,"y":-10.03}],"scale":[{"x":0.6,"y":0.6},{"time":0.8,"x":0.7,"y":0.7},{"time":1.7333,"x":0.6,"y":0.6}]},"cheng6":{"translate":[{"time":1.1333},{"time":1.5333,"y":-24.03}]}}},"work2":{"slots":{"bbody":{"attachment":[{"name":null}]},"bdm":{"attachment":[{"name":null}]},"bhead":{"attachment":[{"name":null}]},"bj1":{"attachment":[{"name":null}]},"bj2":{"attachment":[{"name":null}]},"bw":{"attachment":[{"name":null}]},"h2":{"attachment":[{"name":null}]},"mzff":{"attachment":[{"name":null}]},"xian1":{"color":[{"color":"ffffff00","curve":"stepped"},{"time":0.3333,"color":"ffffff00"},{"time":1.0667,"color":"ffffffff"},{"time":1.3,"color":"ffffff00"}],"attachment":[{"name":"xian1"}]},"xian2":{"color":[{"time":1.0333,"color":"ffffffff"},{"time":1.7333,"color":"ffffff00"}],"attachment":[{"time":1.1333,"name":"xian2"}]},"体重秤2":{"attachment":[{"name":"体重秤2"}]},"体重秤3":{"attachment":[{"name":null}]},"体重秤4":{"attachment":[{"name":"TZC2"}]},"图层492(3)2":{"attachment":[{"name":null}]},"手3":{"attachment":[{"name":null}]},"荷包蛋":{"attachment":[{"name":null}]},"荷包蛋2":{"attachment":[{"name":null}]},"衣服fm":{"attachment":[{"name":null}]},"遮挡2":{"attachment":[{"name":null}]}},"bones":{"bone2":{"rotate":[{"angle":6.83}]},"bone10":{"scale":[{"x":0.6,"y":0.6},{"time":0.9,"x":0.7,"y":0.7},{"time":1.7333,"x":0.6,"y":0.6}]},"bone14":{"rotate":[{},{"time":0.3333,"angle":-6.11},{"time":0.7667,"angle":2.19},{"time":1.1,"angle":-3.8},{"time":1.3667,"angle":2.68},{"time":1.7333}]},"bone5":{"rotate":[{},{"time":0.4,"angle":5.39},{"time":0.8,"angle":0.1},{"time":1.7333}]},"bone4":{"rotate":[{"angle":12.71},{"time":0.4667,"angle":17.96},{"time":1.7333,"angle":12.71}]},"bone33":{"rotate":[{"angle":-15.81},{"time":0.4667,"angle":-26.25},{"time":1.7333,"angle":-15.81}]},"bone8":{"rotate":[{"angle":-12.78}]},"bone11":{"rotate":[{"angle":37.49}]},"5465":{"rotate":[{},{"time":0.9,"angle":-0.81},{"time":1.7333}],"translate":[{},{"time":0.9,"y":-3.43},{"time":1.7333}]},"cheng3":{"translate":[{"time":1.1333},{"time":1.5333,"y":-24.03}]},"bone13":{"rotate":[{"angle":11.85}]},"bone15":{"rotate":[{"angle":0.49},{"time":0.0667},{"time":0.4,"angle":-6.11},{"time":0.8333,"angle":2.19},{"time":1.1667,"angle":-3.8},{"time":1.4333,"angle":2.68},{"time":1.7333,"angle":0.49}]},"bone16":{"rotate":[{"angle":0.73},{"time":0.1},{"time":0.4333,"angle":-6.11},{"time":0.8667,"angle":2.19},{"time":1.2,"angle":-3.8},{"time":1.4667,"angle":2.68},{"time":1.7333,"angle":0.73}]},"bone17":{"rotate":[{"angle":0.97},{"time":0.1333},{"time":0.4667,"angle":-6.11},{"time":0.9,"angle":2.19},{"time":1.2333,"angle":-3.8},{"time":1.5,"angle":2.68},{"time":1.7333,"angle":0.97}]}}}}}