{"skeleton":{"hash":"FMvexMilYFE","spine":"3.8-from-4.0-from-4.1.17","images":"./images/","audio":"E:/游戏项目/健身房/spine"},"bones":[{"name":"root","scaleX":0.6,"scaleY":0.6},{"name":"z1","parent":"root","x":2.29,"y":37.62},{"name":"5465","parent":"z1","length":53.69,"rotation":91.82,"x":-0.87,"y":5.1},{"name":"bone2","parent":"5465","length":82.2,"rotation":-1.22,"x":58.82,"y":0.69},{"name":"bone13","parent":"bone2","x":25.58,"y":42.84,"color":"abe323ff"},{"name":"bone3","parent":"bone13","length":8.14,"rotation":-6.6,"x":-9.43,"y":-5.1},{"name":"bone4","parent":"5465","length":36.26,"rotation":-148.31,"x":45.01,"y":-45.32},{"name":"bone5","parent":"5465","length":17.04,"rotation":-54.95,"x":30.01,"y":-74.67},{"name":"bone6","parent":"bone5","length":10.54,"rotation":6.49,"x":20.27,"y":0.77},{"name":"bone7","parent":"bone6","length":12.88,"rotation":-9.15,"x":12.64,"y":0.36},{"name":"bone8","parent":"5465","length":33.23,"rotation":179.65,"x":-1.05,"y":-19.57},{"name":"target2","parent":"root","x":13.3,"y":11.69,"color":"ff3f00ff"},{"name":"bone9","parent":"target2","length":12.38,"rotation":-150.78,"x":0.25,"y":1.8},{"name":"bone11","parent":"5465","length":27.74,"rotation":-179.7,"x":9.35,"y":24.74},{"name":"target","parent":"root","x":1.72,"y":19.01,"color":"ff3f00ff"},{"name":"bone12","parent":"target","length":12.88,"rotation":-140.45,"x":-0.27,"y":5.81},{"name":"bone14","parent":"bone2","length":15.74,"rotation":56.29,"x":81.92,"y":19.26},{"name":"bone15","parent":"bone14","length":18.38,"rotation":-36.19,"x":16.11,"y":-0.22},{"name":"bone16","parent":"bone15","length":17.77,"rotation":-19.46,"x":20.17,"y":-0.68},{"name":"bone17","parent":"bone16","length":17.35,"rotation":-21.86,"x":18.71,"y":-0.98},{"name":"bone10","parent":"z1","x":-0.01,"y":-16.32},{"name":"bone18","parent":"bone2","x":62.92,"y":-44.26},{"name":"bone","parent":"root","x":2.74,"y":28.81,"color":"2a24ffff"},{"name":"b1","parent":"bone","length":66.96,"rotation":91.79,"x":-0.33,"y":4.23,"color":"2a24ffff"},{"name":"bone20","parent":"b1","length":72.15,"rotation":-2.21,"x":70.09,"y":-0.1,"color":"2a24ffff"},{"name":"bone21","parent":"bone20","length":20.46,"rotation":-30.88,"x":82.34,"y":-29.68,"color":"2a24ffff"},{"name":"bone22","parent":"bone21","length":16.4,"rotation":20.45,"x":20.75,"y":0.18,"color":"2a24ffff"},{"name":"bone23","parent":"bone22","length":15.83,"rotation":15.81,"x":16.4,"color":"2a24ffff"},{"name":"bone24","parent":"bone23","length":13.05,"rotation":24.96,"x":16.88,"y":0.25,"color":"2a24ffff"},{"name":"bone25","parent":"b1","length":33.61,"rotation":-137.01,"x":50.08,"y":-49.02,"color":"2a24ffff"},{"name":"bone32","parent":"b1","x":28.81,"y":52.5,"color":"2a24ffff"},{"name":"bone26","parent":"bone32","length":22.9,"rotation":34.24,"x":2.99,"y":0.98,"color":"2a24ffff"},{"name":"bone27","parent":"bone26","length":20.12,"rotation":1.32,"x":24.42,"y":-0.06,"color":"2a24ffff"},{"name":"bone28","parent":"b1","length":22.61,"rotation":-178.17,"x":0.63,"y":-18.34,"color":"2a24ffff"},{"name":"bone30","parent":"b1","length":22.3,"rotation":170.85,"x":4.15,"y":20.28,"color":"2a24ffff"},{"name":"23e","parent":"root","x":12.74,"y":5.99,"color":"2a24ffff"},{"name":"bone29","parent":"23e","length":14.5,"rotation":-4.26,"x":0.5,"y":1.31,"color":"2a24ffff"},{"name":"21","parent":"root","x":-9.78,"y":11.47,"color":"2a24ffff"},{"name":"bone31","parent":"21","length":14.97,"rotation":-7.23,"x":1.82,"y":2.44,"color":"2a24ffff"},{"name":"bone33","parent":"5465","length":36.26,"rotation":136.66,"x":46.9,"y":58.23},{"name":"bone19","parent":"bone","x":-6.04,"y":-4.78,"color":"2a24ffff"},{"name":"b2","parent":"bone","length":23.58,"rotation":85.6,"x":-52.36,"y":-10.06,"scaleX":0.8,"scaleY":0.8,"color":"2a24ffff"},{"name":"mz","parent":"bone2","length":32.66,"rotation":-12.57,"x":87.54,"y":-7.73},{"name":"bone34","parent":"bone33","length":56.64,"rotation":-120.43,"x":48.68,"y":7.64},{"name":"fmz","parent":"bone20","length":33.19,"rotation":-3.53,"x":89.97,"y":8.95,"color":"2a24ffff"},{"name":"bone35","parent":"bone25","length":57.43,"rotation":100.48,"x":46.25,"y":5.07,"color":"2a24ffff"},{"name":"z5","parent":"z1","x":-106.42,"y":83.22},{"name":"z6","parent":"bone35","rotation":-69.29,"x":227.01,"y":-4.64,"scaleX":-1},{"name":"bone36","parent":"root","x":-32.82,"y":-34.49,"color":"e6ff08ff"},{"name":"yjd","parent":"bone36","x":-21.12,"y":6.26,"color":"e6ff08ff"},{"name":"qiu","parent":"bone36","x":61.78,"y":56.31,"color":"e6ff08ff"},{"name":"bone39","parent":"bone36","length":65.84,"rotation":-155.38,"x":92.97,"y":170.07,"color":"e6ff08ff"},{"name":"bone40","parent":"bone39","length":56.45,"rotation":18.59,"x":70.58,"y":-0.12,"color":"e6ff08ff"},{"name":"bone51","parent":"bone40","x":74.91,"y":-5.2,"color":"ff6f07ff"},{"name":"bone41","parent":"bone51","x":-9.93,"y":0.62,"color":"e6ff08ff"},{"name":"bone42","parent":"bone51","length":21.21,"rotation":-131.53,"x":-70.16,"y":-48.02,"color":"e6ff08ff"},{"name":"bone43","parent":"bone51","length":13.75,"rotation":-50.8,"x":-40.42,"y":-49.31,"color":"e6ff08ff"},{"name":"bone44","parent":"bone43","length":16.18,"rotation":-30.56,"x":14.69,"y":-0.18,"color":"e6ff08ff"},{"name":"bone45","parent":"bone44","length":17.82,"rotation":-20.04,"x":17.03,"y":-0.1,"color":"e6ff08ff"},{"name":"bone46","parent":"bone45","length":14.69,"rotation":-17.48,"x":18.24,"y":0.1,"color":"e6ff08ff"},{"name":"bone47","parent":"bone46","length":8.78,"rotation":-14.32,"x":16.3,"y":-1.04,"color":"e6ff08ff"},{"name":"bone48","parent":"bone39","length":42.11,"rotation":44.03,"x":30.52,"y":48.77,"color":"e6ff08ff"},{"name":"bone49","parent":"bone39","length":40.53,"rotation":-116.96,"x":13.03,"y":-56.56,"color":"e6ff08ff"},{"name":"bone50","parent":"bone39","length":25.24,"rotation":158.19,"x":-33.4,"y":-7.1,"color":"e6ff08ff"},{"name":"bone52","parent":"bone40","x":-9.91,"y":-32.98,"color":"ff6f07ff"},{"name":"bone55","parent":"root","x":8.72,"y":-44.45,"color":"17ff07ff"},{"name":"bone53","parent":"bone55","x":-50.92,"y":16.22,"color":"ff30a5ff"},{"name":"bone54","parent":"bone55","x":31.98,"y":66.27,"color":"ff30a5ff"},{"name":"bone56","parent":"bone53","length":81.93,"rotation":55.01,"x":25.13,"y":90.53,"color":"ff30a5ff"},{"name":"bone57","parent":"bone56","length":50.75,"rotation":-34.9,"x":87.21,"y":-2.86,"color":"ff30a5ff"},{"name":"bone58","parent":"bone56","length":50.14,"rotation":-82.95,"x":67.8,"y":-58.23,"color":"ff30a5ff"},{"name":"bone59","parent":"bone56","length":43.55,"rotation":63.53,"x":59.93,"y":41.95,"color":"ff30a5ff"},{"name":"bone60","parent":"bone56","length":28.62,"rotation":164.28,"x":-12.43,"y":-18.53,"color":"ff30a5ff"},{"name":"bone61","parent":"bone56","length":30.64,"rotation":-173.82,"x":-20.67,"y":24.85,"color":"ff30a5ff"},{"name":"bone62","parent":"bone57","length":23.89,"rotation":42.41,"x":61.03,"y":22.65,"color":"ff30a5ff"},{"name":"bone63","parent":"bone62","length":13.99,"rotation":19.34,"x":25.41,"y":0.15,"color":"ff30a5ff"},{"name":"bone64","parent":"bone63","length":17.85,"rotation":19.08,"x":15.39,"y":0.2,"color":"ff30a5ff"},{"name":"bone65","parent":"bone64","length":11.93,"rotation":25.37,"x":18.4,"y":-0.11,"color":"ff30a5ff"}],"slots":[{"name":"图层492(3)2","bone":"bone19"},{"name":"sad3","bone":"b2"},{"name":"bj1","bone":"bone30"},{"name":"bj2","bone":"bone28"},{"name":"图层492(3)","bone":"bone10"},{"name":"bbody","bone":"b1"},{"name":"f衣服","bone":"b1"},{"name":"bdm","bone":"bone21"},{"name":"bhead","bone":"bone20"},{"name":"bw","bone":"bone26"},{"name":"sad2","bone":"b2"},{"name":"sad1","bone":"b2"},{"name":"bhand","bone":"bone25"},{"name":"zj1","bone":"bone11"},{"name":"zj2","bone":"bone8"},{"name":"zw","bone":"bone5"},{"name":"zhand2","bone":"bone33"},{"name":"z手2","bone":"bone33"},{"name":"z针管","bone":"bone34"},{"name":"zbody","bone":"5465"},{"name":"zhead","bone":"bone2"},{"name":"zhand","bone":"bone4"},{"name":"zbq","bone":"bone3"},{"name":"z帽子","bone":"mz"},{"name":"zdm","bone":"bone14"},{"name":"z衣服","bone":"5465"},{"name":"z手","bone":"bone4"},{"name":"z针管2","bone":"bone35"},{"name":"f帽子2","bone":"fmz"},{"name":"f手","bone":"bone25"},{"name":"w1","bone":"z5"},{"name":"w2","bone":"z6"},{"name":"组 24","bone":"yjd"},{"name":"组 25","bone":"bone53"},{"name":"图层 771","bone":"qiu"},{"name":"图层 772","bone":"bone54"},{"name":"zj3","bone":"bone50"},{"name":"bd3","bone":"bone39"},{"name":"head3","bone":"bone40"},{"name":"zbq2","bone":"bone41"},{"name":"z手3","bone":"bone48"},{"name":"z帽子2","bone":"bone42"},{"name":"bdm2","bone":"bone43"},{"name":"dm","bone":"bone62"},{"name":"w433","bone":"bone49"},{"name":"ffaf2","bone":"bone57"},{"name":"图层组102","bone":"bone56"},{"name":"sff","bone":"bone59"},{"name":"fsj","bone":"bone60"},{"name":"fdj","bone":"bone61"},{"name":"fdgg","bone":"bone58"}],"ik":[{"name":"21","order":3,"bones":["bone30"],"target":"21"},{"name":"23e","order":4,"bones":["bone28"],"target":"23e"},{"name":"target","bones":["bone11"],"target":"target"},{"name":"target2","order":1,"bones":["bone8"],"target":"target2"}],"transform":[{"name":"bone13","order":2,"bones":["mz"],"target":"bone13","rotation":-12.57,"x":61.21,"y":-50.57,"rotateMix":-1.0452,"translateMix":-0.2825,"translateMix":-0.339,"scaleMix":0.2143,"shearMix":0.2143}],"skins":[{"name":"default","attachments":{"bbody":{"bbody":{"type":"mesh","uvs":[0.50903,0,0.376,0,0.27672,0.0289,0.16155,0.09413,0.08015,0.1648,0.02256,0.28167,0,0.43116,7.2E-4,0.58608,0.04639,0.74133,0.1417,0.85005,0.2509,0.92343,0.37202,0.98051,0.50109,0.99953,0.62022,0.98594,0.74134,0.94246,0.87437,0.84189,0.94188,0.74405,0.98954,0.57553,1,0.46681,0.99549,0.27656,0.8843,0.10804,0.7334,0.01835],"triangles":[20,18,21,18,20,19,4,7,6,5,4,6,3,8,7,21,18,17,17,15,21,16,15,17,4,3,7,9,8,3,10,3,2,9,3,10,1,10,2,11,10,1,15,0,21,0,11,1,15,14,0,11,0,12,14,13,0,13,12,0],"vertices":[105.94,-0.57,106.64,21.63,103.63,38.31,96.28,57.79,88.08,71.64,74.13,81.7,56.02,86.04,37.13,86.51,17.96,79.48,4.2,63.98,-5.32,46.03,-12.91,26.03,-15.9,4.56,-14.86,-15.38,-10.19,-35.76,1.38,-58.35,12.95,-69.99,33.25,-78.59,46.46,-80.75,69.68,-80.72,90.81,-62.8,102.53,-37.95],"hull":22,"edges":[0,2,2,4,4,6,6,8,8,10,10,12,12,14,14,16,16,18,18,20,20,22,22,24,24,26,26,28,28,30,30,32,32,34,34,36,36,38,38,40,40,42,0,42],"width":167,"height":122}},"bd3":{"bd3":{"type":"mesh","uvs":[0.41264,0,0.31301,0.0115,0.22842,0.04096,0.14195,0.08884,0.06488,0.16986,0.02353,0.22326,0,0.29507,0,0.44607,0.03857,0.60075,0.11188,0.71491,0.21526,0.83092,0.35625,0.94877,0.50287,1,0.64197,1,0.69272,1,0.84498,0.90458,0.93897,0.7941,0.99537,0.68914,1,0.57129,1,0.45896,0.94461,0.30428,0.8713,0.19196,0.7134,0.05753,0.52679,0.44425,0.42433,0.35583,0.38042,0.52551,0.51216,0.70236,0.73416,0.65934,0.86834,0.45859,0.65121,0.28653,0.78051,0.45381,0.68781,0.18854,0.79759,0.29609,0.5146,0.11924,0.34626,0.11685,0.20964,0.21961,0.10474,0.3391,0.21452,0.51834,0.28039,0.71192,0.50728,0.89354,0.78051,0.80751],"triangles":[34,1,0,2,1,34,33,0,22,34,0,33,31,33,22,31,22,21,35,3,2,35,2,34,4,3,35,29,33,31,32,31,21,29,31,32,32,21,20,36,4,35,5,4,36,6,5,36,24,34,33,24,33,29,35,34,24,23,24,29,7,6,36,30,29,32,23,29,30,28,32,20,30,32,28,28,20,19,37,35,24,36,35,37,7,36,37,25,37,24,25,24,23,28,19,18,8,7,37,27,23,30,18,27,28,26,25,23,26,23,27,38,37,25,38,25,26,9,8,37,38,9,37,27,18,17,27,17,40,28,27,30,16,40,17,10,9,38,39,38,26,11,10,38,15,40,16,39,11,38,12,11,39,26,40,39,40,26,27,14,13,40,13,39,40,12,39,13,15,14,40],"vertices":[5.59,-72.21,19.34,-76.65,32.22,-77.79,46.47,-76.58,61.52,-70.37,70.21,-65.72,77.68,-57.53,86.93,-37.35,91.36,-14.37,88.75,5.28,82.32,26.99,71.09,51.2,55.03,66.84,36.82,75.19,30.18,78.23,4.4,74.61,-14.67,65.49,-28.48,54.85,-36.3,39.38,-43.18,24.37,-45.41,0.37,-42.69,-19.04,-30.25,-46.47,17.86,-5.99,25.86,-23.95,42,-3.91,35.59,27.62,3.89,35.19,-25.97,16.42,-8.09,-19.6,-14.77,10.51,-18.88,-30.5,-26.66,-9.54,-0.45,-50.16,21.44,-60.57,45.62,-55.04,66.67,-45.36,63.28,-14.83,66.51,14.99,47.93,52.88,6.9,57.78],"hull":23,"edges":[0,2,2,4,4,6,6,8,8,10,10,12,12,14,14,16,16,18,18,20,20,22,22,24,24,26,26,28,28,30,30,32,32,34,34,36,36,38,38,40,40,42,42,44,0,44],"width":144,"height":147}},"bdm":{"bdm":{"type":"mesh","uvs":[0.03416,0.91159,0.03416,0.9563,0.12488,0.98082,0.29296,0.97938,0.47172,0.95053,0.66115,0.864,0.81323,0.74847,0.91195,0.6403,0.96531,0.49608,0.96531,0.34321,0.91195,0.20621,0.79455,0.10237,0.64514,0.02016,0.54109,0.0043,0.41569,0.0144,0.29563,0.07785,0.29296,0.12977,0.30097,0.26245,0.33298,0.40234,0.37834,0.58117,0.38367,0.74414,0.30897,0.83211,0.18624,0.88547],"triangles":[14,16,15,12,17,16,16,14,13,16,13,12,11,17,12,11,10,17,18,17,10,9,18,10,18,9,19,8,19,9,7,19,8,6,20,19,7,6,19,5,20,6,21,20,5,4,21,5,3,22,21,2,1,0,4,3,21,22,2,0,3,2,22],"vertices":[1,25,-8.92,11.55,1,1,25,-11.75,9.83,1,1,25,-11.41,5.79,1,1,25,-7.83,0.1,1,1,25,-2.29,-4.91,1,1,25,7.12,-8.05,1,2,25,17.58,-8.81,0.99724,26,-6.11,-7.32,0.00276,2,25,26.47,-8.03,0.44325,26,2.49,-9.69,0.55675,3,25,36.7,-4.31,0.01575,26,13.38,-9.78,0.83521,27,-5.57,-8.58,0.14904,3,26,24.49,-7.65,0.06094,27,5.7,-9.56,0.93265,28,-14.28,-4.18,0.00641,2,27,15.98,-8.32,0.53925,28,-4.43,-7.39,0.46075,2,27,24.04,-4.3,3.4E-4,28,4.57,-7.15,0.99966,1,28,12.82,-5.01,1,1,28,15.92,-1.99,1,2,27,31.84,10.23,0.00473,28,17.77,2.73,0.99527,2,27,27.58,15.42,0.05547,28,16.1,9.24,0.94453,3,26,34.94,21.73,7.9E-4,27,23.76,15.86,0.12079,28,12.82,11.25,0.87842,3,26,25.36,19.57,0.05515,27,13.95,16.39,0.4899,28,4.15,15.87,0.45495,3,26,15.43,16.37,0.37707,27,3.53,16.01,0.53749,28,-5.46,19.92,0.08544,4,25,19.13,12.48,0.04473,26,2.78,12.1,0.88109,27,-9.81,15.35,0.07399,28,-17.83,24.95,1.9E-4,3,25,8.93,6.04,0.88902,26,-9.03,9.62,0.11098,27,-21.85,16.18,1.0E-5,2,25,1.82,5.21,0.99953,26,-15.98,11.33,4.7E-4,1,25,-4.11,7.35,1],"hull":23,"edges":[0,2,2,4,4,6,6,8,8,10,10,12,12,14,14,16,16,18,18,20,20,22,22,24,24,26,26,28,28,30,30,32,32,34,34,36,36,38,38,40,40,42,42,44,0,44],"width":40,"height":74}},"bdm2":{"bdm":{"type":"mesh","uvs":[0,0.91585,0,0.95745,0.09671,0.9845,0.2699,0.9845,0.4277,0.97202,0.61628,0.88464,0.81257,0.76814,0.94727,0.60379,0.97806,0.43736,0.97806,0.31046,0.88954,0.17315,0.7279,0.04625,0.58165,0,0.42385,0.00672,0.32763,0.07953,0.30454,0.19187,0.32763,0.38951,0.37382,0.58507,0.38921,0.72445,0.35072,0.82223,0.22372,0.90961,0.06977,0.90128],"triangles":[11,10,15,14,12,11,14,13,12,15,10,16,14,11,15,9,16,10,7,6,17,7,17,8,8,17,9,16,9,17,19,18,5,5,18,6,6,18,17,2,20,3,3,20,4,1,21,2,2,21,20,20,19,4,4,19,5,1,0,21],"vertices":[1,56,-5.29,-6.23,1,1,56,-6.96,-3.65,1,1,56,-4.79,0.13,1,1,56,1.03,3.88,1,1,56,6.84,6.52,1,2,56,16.68,5.17,0.27489,57,-1,5.62,0.72511,2,57,10.22,8.77,0.9348,58,-9.43,6,0.0652,2,57,23.51,8.13,0.01486,58,3.27,9.95,0.98514,2,58,15.64,9.76,0.80177,59,-5.37,8.43,0.19823,2,58,24.97,8.67,0.10615,59,3.85,10.2,0.89385,2,59,14.5,8.64,0.93723,60,-4.14,8.93,0.06277,2,59,24.94,4.06,0.1024,60,7.11,7.07,0.8976,2,59,29.4,-1.04,7.1E-4,60,12.69,3.24,0.99929,2,58,44.74,-15.94,2.2E-4,60,14.93,-2.69,0.99978,2,58,38.95,-19.14,0.01524,60,11.69,-8.46,0.98476,3,58,30.58,-19.1,0.12066,59,17.54,-14.6,0.0449,60,4.56,-12.84,0.83444,4,57,26.56,-21.14,0.01185,58,16.16,-16.5,0.72687,59,3.01,-16.45,0.07919,60,-9.07,-18.22,0.1821,4,56,20.53,-18.72,1.0E-5,57,14.46,-13,0.40915,58,2,-12.99,0.58468,60,-22.95,-22.71,0.00616,3,56,15.46,-9.71,0.10544,57,5.51,-7.82,0.86001,58,-8.17,-11.19,0.03455,2,56,10.25,-4.46,0.80826,57,-1.64,-5.95,0.19174,1,56,2.48,-1.78,1,1,56,-2.36,-5.63,1],"hull":22,"edges":[0,2,2,4,4,6,6,8,8,10,10,12,12,14,14,16,16,18,18,20,20,22,22,24,24,26,26,28,28,30,30,32,32,34,34,36,36,38,38,40,40,42,0,42],"width":40,"height":74}},"bhand":{"bhand":{"x":15.02,"y":-1.86,"rotation":77.7,"width":41,"height":51}},"bhead":{"bhead":{"type":"mesh","uvs":[0.4757,0.00163,0.38484,0.01203,0.2601,0.04528,0.15691,0.12842,0.07529,0.24481,0.01677,0.37991,0.00137,0.49838,0.00137,0.64802,0.02909,0.77273,0.07683,0.85794,0.14613,0.91614,0.28936,0.97225,0.4141,0.99927,0.55886,0.9972,0.67591,0.98265,0.83299,0.93069,0.92693,0.86626,0.97621,0.79559,1,0.71453,0.99469,0.61061,0.96543,0.55241,0.92539,0.52124,0.90845,0.42355,0.87611,0.29053,0.80527,0.16583,0.72519,0.07438,0.5989,0.0141,0.08275,0.76984,0.14453,0.84778,0.26944,0.91303,0.45478,0.93841,0.64684,0.93116,0.82547,0.85503,0.91143,0.80246,0.94903,0.69371,0.92889,0.60127,0.88456,0.55595,0.86308,0.45082,0.82413,0.32938,0.76772,0.21881,0.70191,0.14812,0.60924,0.0883,0.4521,0.06655,0.31913,0.10099,0.19154,0.19162,0.11096,0.30219,0.07201,0.42182,0.06395,0.57045,0.07201,0.67921,0.82413,0.65564,0.77309,0.78615,0.60924,0.83509,0.393,0.83509,0.22109,0.73358,0.17945,0.55233,0.209,0.35838,0.33525,0.23693,0.62938,0.20431,0.74757,0.40007,0.66967,0.57589,0.44135,0.52151],"triangles":[42,1,0,41,26,25,43,2,1,40,41,25,40,25,24,44,3,2,44,2,43,57,41,40,39,40,24,42,56,43,42,43,1,44,43,56,4,3,44,39,24,23,45,4,44,38,39,23,55,44,56,45,44,55,5,4,45,39,57,40,58,39,38,58,57,39,46,5,45,38,23,22,37,38,22,58,38,37,6,5,46,37,22,21,57,60,56,55,56,60,55,46,45,54,55,60,54,46,55,36,37,21,47,6,46,47,46,54,59,57,58,35,21,20,36,21,35,35,20,19,7,6,47,49,58,37,49,37,36,59,58,49,48,47,54,7,47,48,34,35,19,34,19,18,53,54,60,48,54,53,41,42,0,41,0,26,42,57,56,57,42,41,27,48,53,8,7,48,8,48,27,50,59,49,17,34,18,49,35,34,35,49,36,33,34,17,33,49,34,50,49,33,59,51,60,59,60,57,51,59,50,52,53,60,52,60,51,28,27,53,32,50,33,9,8,27,9,27,28,16,33,17,32,33,16,29,53,52,28,53,29,10,28,29,9,28,10,15,32,16,31,51,50,30,52,51,11,29,52,12,11,52,10,29,11,14,31,50,14,50,32,14,32,15,13,30,51,13,51,31,13,31,14,30,12,52,12,30,13],"vertices":[101.75,1.37,100.36,16.44,96.12,37.12,85.77,54.17,71.36,67.61,54.67,77.21,40.08,79.66,21.68,79.53,6.37,74.81,-4.05,66.81,-11.13,55.26,-17.86,31.43,-21.03,10.7,-20.6,-13.33,-18.67,-32.74,-12.09,-58.77,-4.05,-74.31,4.7,-82.43,14.7,-86.3,27.47,-85.33,34.59,-80.42,38.38,-73.74,50.38,-70.85,66.7,-65.36,81.95,-53.49,93.1,-40.11,100.36,-19.1,6.79,65.91,-2.72,55.58,-10.6,34.79,-13.5,4,-12.37,-27.87,-2.79,-57.46,3.77,-71.68,17.2,-77.82,28.54,-74.4,34.06,-67,46.97,-63.34,61.86,-56.76,75.39,-47.3,84,-36.31,91.25,-20.88,93.74,5.23,89.34,27.27,78.04,48.37,64.34,61.64,49.58,68,31.29,69.21,17.92,67.77,21.73,-57.05,5.61,-48.7,-0.6,-21.54,-0.86,14.35,11.42,42.98,33.66,50.05,57.55,45.32,72.64,24.47,77.01,-24.33,53.07,-44.12,31.35,-31.35,37.77,6.6],"hull":27,"edges":[0,2,2,4,4,6,6,8,8,10,10,12,12,14,14,16,16,18,18,20,20,22,22,24,24,26,26,28,28,30,30,32,32,34,34,36,36,38,38,40,40,42,42,44,44,46,46,48,48,50,50,52,0,52],"width":166,"height":123}},"bj1":{"bj1":{"type":"mesh","uvs":[0.32911,0.01393,0.16428,0.02442,0.04534,0.10381,0.037,0.20898,0.037,0.70183,0.08708,0.82766,0.22061,0.952,0.45222,0.96698,0.688,0.952,0.87579,0.82317,0.94464,0.71681,0.93212,0.55802,0.80693,0.45315,0.7026,0.40672,0.56281,0.40222,0.55029,0.06666,0.42718,0.00974],"triangles":[12,10,14,10,12,11,10,9,14,14,9,8,8,7,5,12,14,13,14,4,3,0,16,15,2,1,0,0,14,2,3,2,14,15,14,0,5,4,14,6,5,7,8,5,14],"vertices":[1,34,-5.87,1.39,1,1,34,-5.82,-3.25,1,1,34,-2.99,-6.81,1,1,34,1.08,-7.36,1,1,34,20.24,-8.86,1,2,34,25.24,-7.85,0.96717,38,-9.35,-2.6,0.03283,2,34,30.37,-4.5,0.67529,38,-5.88,-7.65,0.32471,2,34,31.46,1.92,0.1823,38,0.56,-8.59,0.8177,2,34,31.39,8.55,0.00118,38,7.19,-8.37,0.99882,1,38,12.71,-3.65,1,2,34,22.81,16.43,9.9E-4,38,14.87,0.39,0.99901,2,34,16.61,16.56,0.11212,38,14.86,6.59,0.88788,2,34,12.26,13.39,0.32281,38,11.58,10.87,0.67719,2,34,10.22,10.62,0.49364,38,8.77,12.84,0.50636,2,34,9.74,6.73,0.79949,38,4.87,13.23,0.20051,1,34,-3.33,7.4,1,1,34,-5.81,4.14,1],"hull":17,"edges":[0,2,2,4,4,6,6,8,8,10,10,12,12,14,14,16,16,18,18,20,20,22,22,24,24,26,26,28,28,30,30,32,0,32],"width":28,"height":39}},"bj2":{"bj2":{"type":"mesh","uvs":[0.04898,0.12056,0.03824,0.3556,0.05434,0.71586,0.11069,0.86806,0.24755,0.93741,0.4971,0.95283,0.71714,0.92393,0.89424,0.80448,0.92108,0.55596,0.83252,0.49046,0.72251,0.43459,0.63932,0.42688,0.5454,0.45193,0.54412,0.26169,0.54272,0.05506,0.43538,0.02038,0.21535,0.01268,0.07849,0.07818],"triangles":[7,12,9,6,5,12,12,5,4,6,12,7,7,9,8,4,3,2,10,9,12,10,12,11,12,4,2,12,1,13,0,16,13,13,15,14,15,13,16,16,0,17,1,12,2,0,13,1],"vertices":[1,33,3.46,-6.85,1,1,33,12.59,-7.73,1,2,33,26.64,-8.17,0.72354,36,-8.85,1.76,0.27646,2,33,32.66,-6.97,0.41796,36,-7.17,-4.15,0.58204,2,33,35.6,-3.32,0.29903,36,-3.29,-6.78,0.70097,2,33,36.64,3.62,0.00117,36,3.71,-7.26,0.99883,2,33,35.91,9.84,0,36,9.85,-6.03,1,2,33,31.57,15.08,0,36,14.72,-1.29,1,2,33,22.62,16.4,0.13859,36,15.32,7.74,0.86141,2,33,19.68,14.23,0.24297,36,12.92,10.5,0.75703,2,33,17.8,11.38,0.39052,36,9.93,12.14,0.60948,2,33,17.3,9.08,0.52096,36,7.59,12.46,0.47904,2,33,17.23,6.2,0.78987,36,4.72,12.29,0.21013,2,33,9.83,6.64,0.99891,36,4.56,19.71,0.00109,1,33,1.78,7.11,1,1,33,0.24,4.19,1,1,33,-0.45,-1.94,1,1,33,1.86,-5.92,1],"hull":18,"edges":[0,2,2,4,4,6,6,8,8,10,10,12,12,14,14,16,16,18,18,20,20,22,22,24,28,30,30,32,32,34,0,34,24,26,26,28],"width":28,"height":39}},"bw":{"bw":{"type":"mesh","uvs":[0.66293,0.97963,0.57672,0.95979,0.43053,0.83278,0.25435,0.63037,0.1419,0.43986,0.05569,0.29301,0.00696,0.14616,0.04444,0,0.16814,0,0.38555,0.04694,0.58047,0.1025,0.72291,0.19379,0.80912,0.32079,0.87284,0.57083,0.96656,0.78516,1,0.95979,0.94406,1],"triangles":[12,3,11,11,3,10,3,12,2,10,4,9,10,3,4,9,5,8,9,4,5,5,6,8,8,6,7,14,0,13,1,2,13,2,12,13,14,16,0,15,16,14,13,0,1],"vertices":[1,30,-2.8,9.61,1,1,30,-1.64,14.23,1,3,30,5.08,21.92,0.00944,31,13.5,16.13,0.82858,32,-10.54,16.44,0.16198,2,31,27.45,17.76,0.254,32,3.44,17.74,0.746,2,31,38.88,16.95,0.01746,32,14.84,16.68,0.98254,1,32,23.62,15.83,1,1,32,31.17,13.38,1,1,32,35.87,7.25,1,1,32,31.82,1.94,1,1,32,22.79,-5.94,1,1,32,14.15,-12.59,1,2,31,30.57,-15.8,0.06,32,5.79,-15.88,0.94,2,31,22.6,-15.76,0.32393,32,-2.19,-15.65,0.67607,2,31,10.26,-11.04,0.93255,32,-14.41,-10.65,0.06745,2,30,6.6,-7.09,0.14596,31,-1.56,-8.7,0.85404,1,30,-2.36,-8.62,1,1,30,-4.31,-5.53,1],"hull":17,"edges":[0,2,2,4,4,6,6,8,8,10,10,12,12,14,14,16,16,18,18,20,20,22,22,24,24,26,26,28,28,30,30,32,0,32],"width":54,"height":51}},"dm":{"dm":{"type":"mesh","uvs":[0.40719,0.00516,0.26189,0.04264,0.18264,0.11553,0.18264,0.23422,0.21786,0.35501,0.30592,0.4737,0.37196,0.58407,0.38077,0.73193,0.32793,0.84854,0.24868,0.9006,0.121,0.9131,0.00653,0.92767,0,0.97973,0.17488,1,0.38185,1,0.59917,0.9335,0.80613,0.80135,0.93549,0.66675,1,0.47342,0.98205,0.32658,0.89409,0.18709,0.67678,0.0427],"triangles":[21,3,2,20,4,21,0,2,1,21,2,0,21,4,3,19,4,20,5,19,18,19,5,4,6,5,18,17,6,18,7,6,17,16,7,17,8,7,16,15,8,16,13,10,9,12,11,10,13,12,10,14,8,15,9,8,14,13,9,14],"vertices":[2,76,34,5.85,6.2E-4,77,16.65,-1.3,0.99938,2,76,32.24,11.37,0.0578,77,17.42,4.44,0.9422,3,75,36.41,23.47,0.00276,76,27.48,15.12,0.22848,77,14.72,9.87,0.76876,3,75,27.72,22.23,0.0379,76,18.85,16.79,0.64884,77,7.64,15.07,0.31325,4,74,36.84,25.09,2.5E-4,75,19.04,19.74,0.1707,76,9.84,17.28,0.79517,77,-0.29,19.37,0.03389,3,74,30.46,18.3,0.03581,75,10.78,15.45,0.47951,76,0.63,15.92,0.48468,4,74,24.28,12.48,0.30214,75,3.03,12.01,0.58782,76,-7.82,15.2,0.11004,77,-17.14,25.07,0,4,74,14.72,7.16,0.96088,75,-7.76,10.16,0.03884,76,-18.62,16.98,2.8E-4,77,-26.14,31.3,0,1,74,6.21,4.82,1,1,74,1.51,5.5,1,1,74,-1.37,9.04,1,1,74,-4.17,12.1,1,1,74,-7.7,10.53,1,1,74,-6.2,4.4,1,2,74,-2.86,-2.02,1,77,-42.14,43.03,0,2,74,5.01,-6.5,1,77,-42.68,33.98,0,2,74,17.03,-8.42,0.97791,75,-10.74,-5.31,0.02209,3,74,27.96,-7.84,0.23677,75,-0.24,-8.38,0.76323,77,-33.75,12.81,0,3,75,14.24,-8.59,0.65736,76,-3.96,-7.94,0.34262,77,-23.56,2.51,1.0E-5,3,75,24.91,-6.44,0.00203,76,6.83,-9.38,0.92544,77,-14.44,-3.42,0.07253,2,76,17.55,-8.32,0.27413,77,-4.3,-7.05,0.72587,1,77,8.82,-7.26,1],"hull":22,"edges":[0,2,2,4,4,6,6,8,8,10,10,12,12,14,14,16,16,18,18,20,20,22,22,24,24,26,26,28,28,30,30,32,32,34,34,36,36,38,38,40,40,42,0,42],"width":35,"height":74}},"fdgg":{"fdgg":{"x":32.69,"y":-3.03,"rotation":27.94,"width":50,"height":47}},"fdj":{"fdj":{"x":19.45,"y":0.67,"rotation":118.81,"width":29,"height":37}},"ffaf2":{"ffaf2":{"x":28.9,"y":7.29,"rotation":-20.11,"width":159,"height":159}},"fsj":{"fsj":{"x":17.05,"y":0.71,"rotation":140.71,"width":35,"height":31}},"f帽子2":{"f帽子2":{"x":21.4,"y":-6.15,"rotation":-86.05,"width":96,"height":56}},"f手":{"f手":{"x":18.29,"y":-1.48,"rotation":4.85,"width":50,"height":44}},"f衣服":{"f衣服":{"x":31.57,"y":3.35,"rotation":-91.79,"width":164,"height":98}},"head3":{"head3":{"type":"mesh","uvs":[0.40767,0,0.24897,0.06871,0.13611,0.14507,0.05499,0.24096,0.00209,0.35993,0,0.43806,0,0.56414,0.02325,0.69022,0,0.74171,0,0.84648,0.05852,0.92994,0.14492,0.97611,0.27365,1,0.4641,1,0.64573,0.9548,0.85382,0.85003,0.94375,0.73106,1,0.61031,1,0.34928,0.91553,0.1717,0.76212,0.04918,0.56638,0,0.50998,0.05018,0.36435,0.09656,0.25587,0.1669,0.17266,0.23274,0.07755,0.3734,0.06269,0.53052,0.09093,0.69812,0.05675,0.7894,0.0939,0.86871,0.19792,0.92707,0.35395,0.94054,0.56051,0.91959,0.75963,0.82532,0.90824,0.67119,0.27668,0.70111,0.20981,0.65024,0.18603,0.82083,0.33612,0.85075,0.52038,0.76247,0.3911,0.56494,0.25439,0.53352,0.22912,0.38836,0.40596,0.34497,0.54267,0.40482,0.64075,0.538,0.64818,0.69513,0.80867,0.54848,0.77004,0.40632,0.66156,0.2896,0.53524,0.21478],"triangles":[34,47,35,33,47,34,14,34,15,30,29,38,4,3,26,5,4,26,14,33,34,12,32,13,9,8,29,28,8,7,9,29,30,11,30,31,12,31,32,29,8,28,13,32,33,22,0,21,23,1,0,23,0,22,24,1,23,2,1,24,51,22,21,51,21,20,23,22,51,25,2,24,3,2,25,50,51,20,50,20,19,44,23,51,24,23,44,26,3,25,43,25,24,43,24,44,45,51,50,44,51,45,49,50,19,49,19,18,45,50,49,46,45,49,48,49,18,46,49,48,41,44,45,41,45,46,48,18,17,35,48,17,47,46,48,47,48,35,16,35,17,16,15,35,10,9,30,10,30,11,11,31,12,28,7,6,13,33,14,27,28,6,6,5,27,27,5,26,26,25,43,29,28,38,30,38,31,32,39,33,31,39,32,15,34,35,39,40,33,33,40,47,42,43,44,27,43,42,41,42,44,37,27,42,40,41,46,37,28,27,36,42,41,37,42,36,47,40,46,36,41,40,38,28,37,38,37,36,39,36,40,38,36,39,31,38,39,27,26,43],"vertices":[2,53,-87,-62.88,0.0395,64,-2.19,-35.1,0.9605,2,53,-63.62,-71.36,0.17971,64,21.2,-43.58,0.82029,2,53,-44.3,-74.53,0.32944,64,40.52,-46.75,0.67056,2,53,-26.39,-72.53,0.47076,64,58.42,-44.75,0.52924,2,53,-9.19,-65.35,0.39303,64,75.62,-37.57,0.60697,2,53,-1.32,-57.41,0.33977,64,83.49,-29.63,0.66023,2,53,11.02,-44.27,0.3557,64,95.84,-16.49,0.6443,2,53,20.92,-28.84,0.17142,64,105.74,-1.06,0.82858,2,53,28.41,-25.76,0.1979,64,113.22,2.02,0.8021,2,53,38.66,-14.84,0.21101,64,123.48,12.94,0.78899,2,53,40.69,-0.38,0.21143,64,125.51,27.4,0.78857,2,53,36.14,12.95,0.21143,64,120.96,40.73,0.78857,2,53,24.97,28.14,0.30014,64,109.79,55.92,0.69986,2,53,4.98,46.91,0.30371,64,89.8,74.69,0.69629,2,53,-18.5,60.11,0.23496,64,66.31,87.89,0.76504,2,53,-50.6,69.71,0.2278,64,34.22,97.49,0.7722,2,53,-71.69,66.17,0.27908,64,13.13,93.95,0.72092,2,53,-89.41,59.13,0.33845,64,-4.6,86.91,0.66155,2,53,-114.97,31.93,0.17962,64,-30.16,59.71,0.82038,2,53,-123.49,5.09,0.17143,64,-38.68,32.87,0.82857,2,53,-119.39,-22.8,0.17143,64,-34.57,4.98,0.82857,2,53,-103.66,-47.23,0.17143,64,-18.84,-19.45,0.82857,2,53,-92.83,-47.56,0.18357,64,-8.01,-19.78,0.81643,2,53,-73,-57.08,0.09344,64,11.82,-29.3,0.90656,2,53,-54.73,-60.45,0.23877,64,30.09,-32.67,0.76123,2,53,-39.55,-61.79,0.37746,64,45.27,-34.01,0.62254,2,53,-15.79,-56.51,0.52945,64,69.02,-28.73,0.47055,2,53,1.15,-41.6,0.48486,64,85.96,-13.81,0.51514,2,53,14.59,-21.34,0.31403,64,99.41,6.44,0.68597,2,53,27.12,-15.2,0.34424,64,111.93,12.58,0.65576,2,53,30.98,-3.27,0.34857,64,115.8,24.51,0.65143,2,53,25.78,13.07,0.34857,64,110.6,40.85,0.65143,2,53,10.72,29.86,0.18061,64,95.54,57.64,0.81939,2,53,-13.01,48.04,0.25554,64,71.81,75.82,0.74446,2,53,-43.14,57.84,0.25008,64,41.68,85.62,0.74992,2,53,-73.82,56.43,0.28506,64,10.99,84.21,0.71494,2,53,-4.61,-2.72,0.9683,64,80.21,25.06,0.0317,2,53,-2.57,-14.61,0.93015,64,82.24,13.17,0.06985,2,53,16.63,0.82,0.67143,64,101.44,28.6,0.32857,2,53,3.8,18.74,0.51059,64,88.62,46.52,0.48941,2,53,-24.18,27.7,0.79731,64,60.64,55.49,0.20269,2,53,-29.95,-5.63,0.69113,64,54.87,22.15,0.30887,2,53,-18.68,-22.38,0.7498,64,66.14,5.4,0.2502,2,53,-30.24,-40,0.53543,64,54.58,-12.22,0.46457,2,53,-53.05,-27.09,0.3043,64,31.77,0.69,0.6957,2,53,-61.53,-7.37,0.28193,64,23.28,20.41,0.71807,2,53,-58.79,16.18,0.41771,64,26.03,43.96,0.58229,2,53,-44.18,33.29,0.60949,64,40.63,61.07,0.39051,2,53,-75.39,33.83,0.33663,64,9.43,61.61,0.66337,2,53,-85.25,15.2,0.18898,64,-0.43,42.98,0.81102,2,53,-85.29,-7.66,0.27176,64,-0.48,20.12,0.72824,2,53,-79.36,-27.91,0.25085,64,5.45,-0.13,0.74915],"hull":22,"edges":[0,2,2,4,4,6,6,8,8,10,10,12,12,14,14,16,16,18,18,20,20,22,22,24,24,26,26,28,28,30,30,32,32,34,34,36,36,38,38,40,40,42,0,42],"width":144,"height":143}},"sad1":{"sad1":{"x":21.67,"y":-122.89,"rotation":-85.6,"width":159,"height":147}},"sad2":{"sad2":{"x":43.65,"y":-31.1,"rotation":-85.6,"width":344,"height":317}},"sad3":{"sad3":{"x":42.61,"y":-102.79,"rotation":-85.6,"width":124,"height":133}},"sff":{"sff":{"x":27.8,"y":4,"rotation":-118.54,"width":52,"height":49}},"w1":{"w1":{"x":34.91,"y":-31.52,"width":40,"height":148},"w2":{"x":28.81,"y":-0.76,"width":43,"height":155},"w3":{"x":22.99,"y":22.01,"width":51,"height":146},"w4":{"x":14.75,"y":46.27,"width":41,"height":101},"w5":{"x":13.78,"y":47.24,"width":27,"height":95},"w6":{"x":12.81,"y":38.01,"width":23,"height":110},"w7":{"x":12.32,"y":31.22,"width":13,"height":118},"w8":{"x":11.35,"y":-0.28,"width":11,"height":69},"w9":{"x":9.4,"y":-26.36,"width":12,"height":21},"w10":{"x":10.37,"y":-31.3,"width":12,"height":14}},"w2":{"w1":{"x":34.91,"y":-31.52,"width":40,"height":148},"w2":{"x":28.81,"y":-0.76,"width":43,"height":155},"w3":{"x":22.99,"y":22.01,"width":51,"height":146},"w4":{"x":14.75,"y":46.27,"width":41,"height":101},"w5":{"x":13.78,"y":47.24,"width":27,"height":95},"w6":{"x":12.81,"y":38.01,"width":23,"height":110},"w7":{"x":12.32,"y":31.22,"width":13,"height":118},"w8":{"x":11.35,"y":-0.28,"width":11,"height":69},"w9":{"x":9.4,"y":-26.36,"width":12,"height":21},"w10":{"x":10.37,"y":-31.3,"width":12,"height":14}},"w433":{"w433":{"x":24.71,"y":1.61,"rotation":-87.66,"width":36,"height":62}},"zbody":{"zbody":{"type":"mesh","uvs":[0.50774,0,0.39901,0,0.30017,0.01479,0.20838,0.04987,0.12648,0.11224,0.05165,0.20188,0,0.33636,0,0.50591,0.02764,0.67936,0.09259,0.81578,0.22005,0.93571,0.37679,1,0.52364,1,0.64367,0.98054,0.74675,0.92597,0.84983,0.85386,0.9755,0.67067,1,0.52645,1,0.35885,0.94443,0.21073,0.84841,0.09185,0.72133,0.02364,0.60554,0,0.08025,0.6161,0.12826,0.72134,0.22711,0.82463,0.32454,0.88114,0.41915,0.91622,0.56177,0.90063,0.71709,0.85386,0.83853,0.74667,0.92608,0.56543,0.95008,0.43095,0.89642,0.23607,0.69168,0.0938,0.51376,0.07041,0.35984,0.07041,0.2031,0.12108,0.11556,0.26335,0.05907,0.37054,0.21722,0.64143,0.40503,0.77006,0.68462,0.75642,0.79758,0.58102,0.8004,0.39393,0.74957,0.2653,0.53635,0.18929,0.35561,0.23607,0.24546,0.3452,0.4135,0.5167,0.61401,0.46409],"triangles":[11,27,12,12,28,13,12,27,28,10,26,11,11,26,27,13,29,14,13,28,29,10,25,26,10,9,25,14,29,15,26,41,27,27,41,28,28,41,42,28,42,29,50,41,49,41,50,42,26,25,41,29,30,15,15,30,16,29,42,30,9,24,25,24,40,25,25,40,41,9,8,24,41,40,49,42,43,30,42,50,43,30,31,16,30,43,31,8,23,24,24,23,40,8,7,23,16,31,17,40,48,49,40,23,48,7,39,23,48,39,38,48,23,39,43,44,31,43,50,44,31,32,17,31,44,32,32,18,17,48,47,49,49,47,46,46,47,36,49,46,50,35,36,1,35,1,0,46,36,35,7,6,39,50,45,44,45,46,34,45,50,46,44,33,32,32,33,18,18,33,19,44,45,33,38,39,5,38,37,48,48,37,47,2,37,3,47,37,36,39,6,5,45,34,20,45,20,33,20,34,21,38,4,37,38,5,4,36,37,2,33,20,19,46,22,34,46,35,22,37,4,3,34,22,21,35,0,22,36,2,1],"vertices":[95,-6.18,95.57,11.97,94.31,28.53,90.55,43.98,83.44,57.89,73,70.73,57.01,79.87,36.5,80.52,15.38,76.57,-1.46,66.25,-16.64,45.44,-25.25,19.52,-26.03,-4.99,-24.31,-25.1,-18.26,-42.51,-10.08,-60,11.41,-81.68,28.72,-86.32,48.99,-86.96,67.2,-78.26,82.08,-62.69,91.01,-41.74,94.48,-22.5,22.75,67.54,9.77,59.93,-3.25,43.83,-10.6,27.79,-15.34,12.13,-14.21,-11.74,-9.38,-37.84,2.94,-58.52,24.4,-73.83,40.53,-78.35,64.39,-70.15,82.68,-36.52,86.45,-6.91,87.27,18.78,81.97,45.14,65.23,60.3,52.56,70.14,18.96,44.78,2.41,13.93,2.58,-32.79,23.19,-52.32,45.81,-53.51,61.63,-45.52,71.95,-10.22,67.25,20.12,54.64,38.93,33.01,11.54,38.31,-22.13],"hull":23,"edges":[0,2,2,4,4,6,6,8,8,10,10,12,12,14,14,16,16,18,18,20,20,22,22,24,24,26,26,28,28,30,30,32,32,34,34,36,36,38,38,40,40,42,42,44,0,44],"width":167,"height":121}},"zbq":{"zbq":{"x":9.15,"y":0.13,"rotation":-83.99,"width":46,"height":29}},"zbq2":{"zbq":{"x":-0.7,"y":-4.64,"rotation":162.14,"width":46,"height":29}},"zdm":{"zdm":{"type":"mesh","uvs":[0.50314,0.00801,0.37863,0.0171,0.25075,0.05894,0.14643,0.1408,0.06903,0.24812,0.02191,0.37546,0.02191,0.5137,0.07912,0.65923,0.19691,0.78656,0.3719,0.88661,0.60747,0.97393,0.83967,0.99575,0.96082,0.97938,1,0.91572,0.95409,0.89753,0.7791,0.88661,0.66804,0.83022,0.64022,0.76361,0.62093,0.71744,0.61271,0.59757,0.62973,0.52215,0.65458,0.43003,0.67636,0.34882,0.6931,0.25863,0.68991,0.16155,0.63878,0.06094,0.57381,0.02074],"triangles":[22,4,3,23,3,2,23,22,3,26,25,0,1,24,2,25,1,0,25,24,1,23,2,24,19,6,20,20,6,21,5,22,21,22,5,4,21,6,5,9,8,17,8,18,17,8,7,18,7,19,18,7,6,19,10,15,11,11,14,12,11,15,14,12,14,13,10,16,15,10,9,16,9,17,16],"vertices":[1,19,23.22,0.78,1,1,19,20.84,5.21,1,2,18,37,1.28,0.00516,19,16.14,8.9,0.99484,2,18,31.03,5.58,0.10952,19,9,10.68,0.89048,2,18,23.16,8.85,0.60585,19,0.47,10.78,0.39415,3,17,36.8,5.04,0.00198,18,13.78,10.94,0.9955,19,-9.01,9.22,0.00252,2,17,27.23,8.66,0.204,18,3.55,11.16,0.796,3,16,35.4,-1.54,2.2E-4,17,16.35,10.32,0.92192,18,-7.26,9.1,0.07786,2,16,26.31,3.78,0.11866,17,5.87,9.25,0.88134,2,16,16.4,6.16,0.96575,17,-3.53,5.32,0.03425,1,16,4.98,6.42,1,1,16,-3.68,2.7,1,1,16,-7.08,-0.96,1,1,16,-5.82,-5.76,1,1,16,-3.55,-5.89,1,1,16,2.76,-2.74,1,2,16,8.76,-3.81,0.86751,17,-3.81,-7.24,0.13249,4,16,12.38,-7.33,0.3848,17,1.19,-7.94,0.59442,18,-15.47,-13.17,0.0207,19,-27.18,-24.05,8.0E-5,4,16,14.9,-9.77,0.05017,17,4.66,-8.43,0.91465,18,-12.04,-12.48,0.03505,19,-24.25,-22.12,1.3E-4,3,17,13.08,-11.25,0.61124,18,-3.16,-12.34,0.36488,19,-16.07,-18.69,0.02388,3,17,18.06,-13.86,0.33106,18,2.4,-13.14,0.46685,19,-10.6,-17.36,0.2021,3,17,24.08,-17.2,0.0182,18,9.2,-14.28,0.58071,19,-3.87,-15.89,0.40109,3,17,29.4,-20.14,0.00981,18,15.19,-15.28,0.33517,19,2.06,-14.59,0.65502,2,18,21.84,-16.09,0.04818,19,8.54,-12.86,0.95182,2,18,29.03,-16.12,0.02375,19,15.22,-10.21,0.97625,1,19,21.47,-5.67,1,1,19,23.33,-2.19,1],"hull":27,"edges":[0,2,2,4,4,6,6,8,8,10,10,12,12,14,14,16,16,18,18,20,20,22,22,24,24,26,26,28,28,30,30,32,36,38,50,52,0,52,42,44,44,46,46,48,48,50,38,40,40,42,32,34,34,36],"width":40,"height":74}},"zhand":{"zhand":{"x":15.35,"y":-1.77,"rotation":56.5,"width":43,"height":47}},"zhand2":{"zhand":{"path":"zhand2","x":15.35,"y":-1.77,"rotation":56.5,"width":41,"height":45}},"zhead":{"zhead":{"type":"mesh","uvs":[0.56616,0.01062,0.44604,0.00555,0.35971,0.02919,0.27714,0.08491,0.21708,0.14064,0.15577,0.23688,0.10698,0.3534,0.0782,0.45809,0.06819,0.52394,0.02123,0.5803,0,0.66304,0.00246,0.75591,0.03499,0.82177,0.11507,0.89269,0.19014,0.93997,0.3065,0.98556,0.44162,0.99907,0.58175,1,0.70687,0.97205,0.83198,0.91464,0.92707,0.83865,0.96961,0.77955,1,0.64785,1,0.51614,0.98588,0.39118,0.92958,0.23921,0.81697,0.10244,0.70186,0.03152,0.60928,0.00619,0.12133,0.57524,0.08254,0.61914,0.07253,0.68668,0.07878,0.76773,0.1501,0.8471,0.27522,0.89944,0.39408,0.93997,0.55298,0.93997,0.70562,0.92139,0.82948,0.84372,0.93208,0.75085,0.94334,0.59888,0.92832,0.42833,0.86452,0.26285,0.77443,0.16154,0.68685,0.10413,0.58425,0.08218,0.45288,0.08555,0.3653,0.10919,0.29273,0.15647,0.23143,0.2409,0.17638,0.32871,0.14134,0.4773,0.26771,0.58875,0.2014,0.50601,0.19264,0.69006,0.37906,0.77449,0.4729,0.63265,0.4166,0.47899,0.26271,0.36586,0.34904,0.24428,0.53671,0.23415,0.62429,0.40976,0.6343,0.60563,0.61804,0.78631,0.63805,0.8606,0.80696,0.68668,0.80196,0.49081,0.79945,0.4621,0.78319,0.38443,0.68185,0.24934],"triangles":[16,36,17,16,35,36,14,33,34,15,35,16,15,34,35,13,32,33,11,31,32,30,8,29,29,8,51,18,64,37,18,17,64,18,37,19,36,63,64,19,37,38,38,37,65,19,38,20,65,37,64,64,63,65,20,38,39,20,39,21,39,38,65,63,62,65,63,56,62,21,39,22,39,40,22,39,65,40,62,66,65,65,66,40,40,23,22,62,56,61,66,61,67,67,61,68,61,66,62,66,41,40,40,41,23,41,24,23,66,67,41,57,60,61,59,46,60,67,68,41,68,42,41,41,25,24,41,42,25,61,69,68,61,60,69,69,43,68,68,43,42,43,26,42,42,26,25,60,45,69,69,44,43,69,45,44,60,46,45,26,43,27,47,2,46,45,28,44,43,44,27,44,28,27,2,1,46,46,0,45,46,1,0,45,0,28,13,33,14,12,32,13,12,11,32,11,10,31,9,8,30,14,34,15,8,7,51,7,6,51,33,54,34,31,10,30,33,32,54,32,31,54,31,30,54,17,36,64,34,55,35,35,55,36,36,55,63,63,55,56,34,54,55,54,52,55,55,52,56,54,53,52,54,29,53,52,57,56,56,57,61,53,58,52,52,58,57,29,51,53,58,53,50,58,59,57,57,59,60,46,59,47,53,51,50,51,6,50,50,49,58,58,49,59,6,5,50,50,5,49,49,48,59,59,48,47,5,4,49,49,4,48,4,3,48,48,3,47,3,2,47,30,29,54,10,9,30],"vertices":[2,4,77.38,-53.81,0.23722,21,40.04,33.29,0.76278,2,4,78.21,-33.88,0.41452,21,40.87,53.22,0.58548,2,4,75.45,-19.52,0.53057,21,38.11,67.58,0.46943,2,4,68.74,-5.74,0.64958,21,31.4,81.36,0.35042,2,4,61.99,4.3,0.58166,21,24.65,91.4,0.41834,2,4,50.26,14.6,0.53647,21,12.92,101.7,0.46353,2,4,36.01,22.85,0.51091,21,-1.33,109.94,0.48909,2,4,23.18,27.76,0.48018,21,-14.16,114.85,0.51982,2,4,15.1,29.5,0.35143,21,-22.24,116.6,0.64857,2,4,8.25,37.37,0.48571,21,-29.09,124.47,0.51429,2,4,-1.89,41,0.51429,21,-39.23,128.1,0.48571,2,4,-13.32,40.71,0.42,21,-50.66,127.81,0.58,2,4,-21.47,35.39,0.27143,21,-58.81,122.49,0.72857,2,4,-30.33,22.19,0.12,21,-67.67,109.29,0.88,2,4,-36.28,9.79,0.18857,21,-73.62,96.89,0.81143,2,4,-42.09,-9.47,0.14857,21,-79.42,77.63,0.85143,2,4,-43.98,-31.88,0.1676,21,-81.32,55.22,0.8324,2,4,-44.34,-55.14,0.54745,21,-81.67,31.96,0.45255,2,4,-41.11,-75.94,0.36229,21,-78.45,11.16,0.63771,2,4,-34.27,-96.78,0.20317,21,-71.61,-9.68,0.79683,2,4,-25.08,-112.66,0.11237,21,-62.42,-25.57,0.88763,2,4,-17.89,-119.8,0.082,21,-55.23,-32.7,0.918,2,4,-1.74,-125.01,0.04098,21,-39.08,-37.91,0.95902,2,4,14.46,-125.18,0.01296,21,-22.88,-38.08,0.98704,2,4,29.85,-122.99,0.03219,21,-7.49,-35.9,0.96781,2,4,48.64,-113.84,0.04,21,11.3,-26.74,0.96,2,4,65.65,-95.33,0.07714,21,28.31,-8.23,0.92286,2,4,74.57,-76.31,0.08356,21,37.24,10.79,0.91644,2,4,77.85,-60.97,0.18086,21,40.51,26.13,0.81914,2,4,8.7,20.75,0.58857,21,-28.64,107.85,0.41143,2,4,3.37,27.24,0.52,21,-33.97,114.34,0.48,2,4,-4.92,28.99,0.50571,21,-42.26,116.09,0.49429,2,4,-14.9,28.05,0.43143,21,-52.24,115.15,0.56857,2,4,-24.79,16.32,0.36286,21,-62.13,103.42,0.63714,2,4,-31.44,-4.38,0.26022,21,-68.78,82.71,0.73978,2,4,-36.63,-24.06,0.53309,21,-73.97,63.04,0.46691,2,4,-36.9,-50.44,0.58588,21,-74.24,36.66,0.41412,2,4,-34.88,-75.8,0.35041,21,-72.22,11.3,0.64959,2,4,-25.54,-96.46,0.18198,21,-62.88,-9.36,0.81802,2,4,-14.29,-113.61,0.08461,21,-51.63,-26.51,0.91539,2,4,4.38,-115.67,0.03507,21,-32.96,-28.57,0.96493,2,4,25.38,-113.39,0.10631,21,-11.96,-26.3,0.89369,2,4,45.84,-103.01,0.09143,21,8.5,-15.92,0.90857,2,4,58.46,-88.19,0.11021,21,21.12,-1.09,0.88979,2,4,65.67,-73.72,0.08559,21,28.33,13.37,0.91441,2,4,68.55,-56.72,0.21273,21,31.21,30.38,0.78727,2,4,68.36,-34.91,0.41642,21,31.02,52.19,0.58358,2,4,65.6,-20.34,0.55154,21,28.26,66.75,0.44846,2,4,59.91,-8.24,0.66778,21,22.57,78.86,0.33222,2,4,49.63,2.05,0.63353,21,12.29,89.14,0.36647,2,4,38.93,11.3,0.61092,21,1.59,98.39,0.38908,2,4,20.71,17.3,0.48286,21,-16.63,104.4,0.51714,1,4,6.79,-3.53,1,2,4,17.08,7.37,0.96216,21,-20.26,94.47,0.03784,2,4,-5.55,9.06,0.81429,21,-42.88,96.15,0.18571,2,4,-16.25,-21.78,0.85093,21,-53.59,65.32,0.14907,2,4,1.03,-37.54,0.6453,21,-36.31,49.56,0.3547,2,4,20.03,-28.39,0.6733,21,-17.31,58.71,0.3267,2,4,34.21,-2.99,0.83105,21,-3.13,84.11,0.16895,2,4,49.01,-17.47,0.64117,21,11.67,69.63,0.35883,2,4,49.94,-48.64,0.31399,21,12.6,38.46,0.68601,2,4,28.19,-62.95,0.2205,21,-9.15,24.15,0.7795,2,4,4.08,-64.36,0.31893,21,-33.26,22.74,0.68107,2,4,-18.11,-61.43,0.43762,21,-55.45,25.67,0.56238,2,4,-27.29,-64.66,0.43116,21,-64.63,22.44,0.56884,2,4,-6.19,-92.92,0.13777,21,-43.53,-5.82,0.86223,2,4,17.91,-92.34,0.17853,21,-19.43,-5.24,0.82147,2,4,21.45,-91.96,0.06992,21,-15.89,-4.86,0.93008,2,4,31.03,-89.36,0.11675,21,-6.31,-2.26,0.88325,2,4,47.82,-72.71,0.08216,21,10.48,14.39,0.91784],"hull":29,"edges":[0,2,2,4,4,6,6,8,8,10,10,12,12,14,14,16,16,18,18,20,20,22,22,24,24,26,26,28,28,30,30,32,32,34,34,36,36,38,38,40,40,42,42,44,44,46,46,48,48,50,50,52,52,54,54,56,0,56,132,134],"width":166,"height":123}},"zj1":{"zj1":{"type":"mesh","uvs":[0.75167,0.00294,0.56322,0,0.43079,0.06667,0.41042,0.48594,0.23215,0.51948,0.03351,0.67377,0,0.85489,0.18631,0.96894,0.51228,0.97564,0.71092,0.95887,0.90447,0.84148,0.96559,0.71737,0.96559,0.11028],"triangles":[10,3,11,10,8,3,8,7,5,6,5,7,4,8,5,4,3,8,10,9,8,3,12,11,2,1,0,2,0,12,3,2,12],"vertices":[1,13,5.87,2.46,1,1,13,5.57,-2.62,1,1,13,8.16,-6.29,1,2,13,25.32,-7.48,0.26835,15,3.37,-7.79,0.73165,2,13,26.52,-12.34,0.16195,15,7.95,-9.8,0.83805,2,13,32.64,-17.93,0.02079,15,16.12,-8.34,0.97921,1,15,21.55,-3.2,1,1,15,20.66,3.61,1,1,15,14.05,9.43,1,1,15,9.48,12.32,1,1,15,2.39,11.95,1,2,13,35.36,7.15,0.02131,15,-2.13,9.08,0.97869,1,13,10.49,8.07,1],"hull":13,"edges":[0,2,2,4,4,6,6,8,8,10,10,12,12,14,14,16,16,18,18,20,20,22,22,24,0,24],"width":27,"height":41}},"zj2":{"zj2":{"type":"mesh","uvs":[0.69819,0.01993,0.56495,0.02301,0.45743,0.07381,0.43406,0.12153,0.42704,0.4848,0.29147,0.50327,0.09045,0.59717,0.00864,0.73109,0.04838,0.87117,0.19814,0.93581,0.3828,0.98968,0.68667,0.95428,0.91106,0.81112,0.96483,0.66181,0.9508,0.1169,0.78718,0.01838],"triangles":[10,9,4,10,4,11,4,9,5,11,4,12,9,7,6,9,6,5,9,8,7,12,4,13,4,14,13,4,3,14,14,3,0,1,0,3,3,2,1,0,15,14],"vertices":[1,10,10.23,-0.64,1,1,10,10.27,-4.24,1,1,10,12.27,-7.19,1,1,10,14.21,-7.87,1,2,10,29.1,-8.44,0.24867,12,5.51,-9.04,0.75133,2,10,29.76,-12.12,0.17578,12,9.13,-10,0.82422,2,10,33.47,-17.65,0.04801,12,15.7,-8.98,0.95199,2,10,38.9,-20,0.00269,12,20.13,-5.06,0.99731,1,12,21.74,0.56,1,1,12,19.31,4.74,1,1,12,15.84,8.94,1,1,12,7.85,11.31,1,1,12,-0.19,8.77,1,2,10,36.73,5.89,0.13282,12,-4.23,3.95,0.86718,1,10,14.38,6.08,1,1,10,10.23,1.77,1],"hull":16,"edges":[0,2,2,4,4,6,6,8,8,10,10,12,12,14,14,16,16,18,18,20,20,22,22,24,24,26,26,28,28,30,0,30],"width":27,"height":41}},"zj3":{"zj2":{"x":15.37,"y":-3.68,"rotation":91.87,"width":27,"height":41}},"zw":{"zw":{"type":"mesh","uvs":[0.52086,0.00396,0.42542,0.06877,0.31983,0.17876,0.22236,0.31625,0.12082,0.50676,0.05178,0.67175,0.00508,0.84262,0.03554,0.94083,0.09443,0.99975,0.20002,0.92119,0.4173,0.77781,0.64551,0.658,0.86279,0.53033,0.98463,0.42624,0.99072,0.28286,0.90137,0.16305,0.77344,0.03538,0.63738,0.00789],"triangles":[12,2,1,1,0,17,15,12,17,17,12,1,13,12,14,15,17,16,14,12,15,11,3,2,11,2,12,8,7,9,7,6,9,10,9,5,9,6,5,5,4,10,4,3,10,10,3,11],"vertices":[2,8,22.96,17.53,0.07452,9,7.46,18.59,0.92548,3,7,34.23,21,8.0E-5,8,16.16,18.52,0.21341,9,0.58,18.49,0.78651,3,7,25.22,19.37,0.04093,8,7.02,17.92,0.5162,9,-8.34,16.44,0.44287,3,7,15.59,16.11,0.35209,8,-2.92,15.77,0.53382,9,-17.82,12.74,0.11408,3,7,3.82,10.41,0.92601,8,-15.25,11.44,0.07269,9,-29.3,6.5,0.0013,2,7,-5.48,4.8,0.9999,8,-25.13,6.92,1.0E-4,1,7,-13.93,-1.89,1,1,7,-16.09,-7.76,1,1,7,-15.47,-12.72,1,1,7,-7.61,-12.62,1,2,7,7.9,-13.32,0.98025,8,-13.89,-12.59,0.01975,3,7,23.05,-15.55,0.41072,8,0.92,-16.53,0.55563,9,-8.89,-18.54,0.03364,3,7,37.98,-17.01,0.03507,8,15.58,-19.67,0.45034,9,6.09,-19.3,0.51459,3,7,47.54,-16.24,0.00126,8,25.17,-19.99,0.2134,9,15.6,-18.1,0.78534,2,8,31.44,-13.87,0.089,9,20.82,-11.07,0.911,2,8,32.62,-4.94,0.01092,9,20.57,-2.06,0.98908,1,9,18.7,8.63,1,2,8,27.8,12.63,0.01366,9,13.01,14.53,0.98634],"hull":18,"edges":[0,2,2,4,4,6,6,8,8,10,10,12,12,14,14,16,16,18,18,20,20,22,22,24,24,26,26,28,28,30,30,32,32,34,0,34],"width":59,"height":61}},"z帽子":{"z帽子":{"x":12.73,"y":-8.68,"rotation":-78.02,"width":94,"height":76}},"z帽子2":{"z帽子":{"x":12.86,"y":-1.77,"rotation":-69.14,"width":94,"height":76}},"z手":{"z手":{"x":19.59,"y":-2.41,"rotation":56.5,"width":46,"height":40}},"z手2":{"z手2":{"x":19.12,"y":-2.49,"rotation":131.52,"width":43,"height":49}},"z手3":{"z手":{"path":"a33","x":33.38,"y":1.88,"rotation":107.7,"width":47,"height":50}},"z衣服":{"z衣服":{"x":21.9,"y":-3.03,"rotation":-91.82,"width":165,"height":97}},"z针管":{"z针管":{"x":57.33,"y":-0.74,"rotation":-89.59,"width":52,"height":128}},"z针管2":{"z针管":{"x":48.37,"y":4.37,"rotation":-89.24,"width":52,"height":128}},"图层492(3)":{"图层492(3)":{"x":1.51,"y":-4.79,"width":118,"height":60}},"图层492(3)2":{"图层492(3)":{"x":1.51,"y":-4.79,"width":118,"height":60}},"图层组102":{"图层组102":{"type":"mesh","uvs":[0.50472,0,0.3919,0,0.26654,0.03747,0.17341,0.09114,0.0982,0.16753,0.03372,0.29346,0,0.42559,0,0.52056,0,0.6341,0.0194,0.727,0.06059,0.79926,0.13222,0.8839,0.24684,0.95203,0.37041,0.99332,0.49398,1,0.5871,0.99952,0.72321,0.96235,0.83783,0.88597,0.93991,0.79307,1,0.67333,1,0.50198,0.99363,0.37604,0.92379,0.21501,0.79664,0.0705,0.65516,3.1E-4,0.45063,0.57248,0.26486,0.88843,0.37145,0.92354,0.49783,0.94285,0.63487,0.92529,0.74602,0.85859,0.86175,0.77434,0.93788,0.60408,0.93331,0.40748,0.8587,0.2302,0.74146,0.12839,0.63792,0.08275,0.45367,0.05643,0.26943,0.10031,0.13239,0.22844,0.05778,0.43381,0.06235,0.67253,0.16132,0.83051,0.44301,0.69886,0.57244,0.61285,0.49783,0.41801,0.341,0.41801,0.26486,0.58477,0.3212,0.77609,0.5359,0.8428,0.77952,0.74099,0.86175,0.5637,0.72166,0.28637,0.51306,0.22142,0.36688,0.2302,0.18264,0.3952],"triangles":[37,1,0,36,0,24,35,36,24,38,2,1,3,2,38,23,35,24,36,37,0,53,37,36,39,4,3,37,54,38,37,38,1,54,37,53,34,23,22,35,23,34,52,36,35,52,35,34,53,36,52,5,4,39,38,39,3,54,39,38,54,55,39,5,39,55,33,22,21,34,22,33,46,55,54,45,54,53,45,53,52,46,54,45,40,6,5,55,40,5,33,21,20,7,6,40,33,52,34,51,33,20,51,52,33,25,46,45,47,55,46,47,46,25,32,51,20,44,45,52,44,52,51,25,45,44,41,8,7,47,41,40,47,40,55,41,7,40,32,20,19,43,47,25,43,25,44,9,8,41,50,44,51,31,50,51,31,51,32,18,31,32,48,47,43,42,41,47,19,18,32,10,9,41,42,10,41,47,48,42,49,43,44,49,44,50,30,49,50,30,50,31,11,10,42,17,30,31,17,31,18,26,42,48,27,48,43,27,43,49,26,48,27,29,49,30,28,27,49,28,49,29,26,11,42,12,11,26,16,29,30,16,30,17,27,12,26,13,27,28,13,12,27,15,28,29,15,29,16,14,13,28,14,28,15],"vertices":[97.75,35.35,87.01,50.7,70.66,64.65,55.46,72.88,39.29,76.8,18.3,75.17,-0.5,68.85,-11.7,61,-25.1,51.63,-34.21,41.32,-38.82,29.75,-41.98,13.02,-39.11,-8.2,-32.22,-28.41,-21.24,-45.77,-12.32,-58.39,5.02,-73.83,24.94,-83.11,45.62,-89.32,65.47,-87.6,85.68,-73.45,99.93,-62.19,112.28,-39.39,117.22,-10.17,112.04,14.87,25.07,-4.57,-29.89,-5.39,-23.88,-22.79,-14.13,-41.57,0.98,-58.76,19.43,-68.36,40.39,-77.14,67.72,-73.44,90.48,-56.58,104.29,-31.8,105.14,-7.44,100.67,10.41,86.24,37.63,63.52,59.07,35.36,67.12,4.03,60.31,-23.7,39.97,-32.91,13.47,9.43,-13.97,31.9,-24.47,47.78,1.77,32.85,23.1,5.93,19.68,-11.27,-3.78,1.3,-38.48,36.5,-63.21,65.24,-59.75,84.62,-17.8,72.42,15.93,57.47,35.09,20.47,46.52],"hull":25,"edges":[0,2,2,4,4,6,6,8,8,10,10,12,12,14,14,16,16,18,18,20,20,22,22,24,24,26,26,28,28,30,30,32,32,34,34,36,36,38,38,40,40,42,42,44,44,46,46,48,0,48],"width":166,"height":144}}}},{"name":"skin1","attachments":{"图层 771":{"图层 772":{"name":"图层 771","x":-9.44,"y":7.27,"scaleX":1.7,"scaleY":1.7,"width":94,"height":94}},"图层 772":{"图层 772":{"name":"图层 771","x":-9.44,"y":7.27,"scaleX":1.7,"scaleY":1.7,"width":94,"height":94}},"组 24":{"组 25":{"name":"组 24","x":36.23,"y":-2.46,"scaleX":-1.7,"scaleY":1.7,"width":224,"height":134}},"组 25":{"组 25":{"name":"组 24","x":36.23,"y":-2.46,"scaleX":-1.7,"scaleY":1.7,"width":224,"height":134}}}},{"name":"skin2","attachments":{"图层 771":{"图层 772":{"name":"qiu1","x":-9.44,"y":7.27,"scaleX":1.7,"scaleY":1.7,"width":94,"height":94}},"图层 772":{"图层 772":{"name":"qiu1","x":-9.44,"y":7.27,"scaleX":1.7,"scaleY":1.7,"width":94,"height":94}},"组 24":{"组 25":{"name":"ka1","x":36.23,"y":-2.46,"scaleX":-1.7,"scaleY":1.7,"width":224,"height":134}},"组 25":{"组 25":{"name":"ka1","x":36.23,"y":-2.46,"scaleX":-1.7,"scaleY":1.7,"width":224,"height":134}}}},{"name":"skin3","attachments":{"图层 771":{"图层 772":{"name":"qiu2","x":-9.44,"y":7.27,"scaleX":1.7,"scaleY":1.7,"width":94,"height":96}},"图层 772":{"图层 772":{"name":"qiu2","x":-9.44,"y":7.27,"scaleX":1.7,"scaleY":1.7,"width":94,"height":96}},"组 24":{"组 25":{"name":"ka2","x":47.77,"y":-12.08,"scaleX":-1.7,"scaleY":1.7,"width":174,"height":129}},"组 25":{"组 25":{"name":"ka22","x":36.23,"y":-2.46,"scaleX":-1.7,"scaleY":1.7,"width":174,"height":129}}}},{"name":"skin4","attachments":{"图层 771":{"图层 772":{"name":"qiu3","x":-9.44,"y":7.27,"scaleX":1.7,"scaleY":1.7,"width":94,"height":96}},"图层 772":{"图层 772":{"name":"qiu3","x":-9.44,"y":7.27,"scaleX":1.7,"scaleY":1.7,"width":94,"height":96}},"组 24":{"组 25":{"name":"ka33","x":62.7,"y":-5.19,"scaleX":-1.7,"scaleY":1.7,"width":186,"height":120}},"组 25":{"组 25":{"name":"ka3","x":36.23,"y":-2.46,"scaleX":-1.7,"scaleY":1.7,"width":186,"height":120}}}}],"animations":{"idle1":{"slots":{"zbody":{"attachment":[{"name":"zbody"}]},"zbq":{"attachment":[{"name":"zbq"}]},"zdm":{"attachment":[{"name":"zdm"}]},"zhand":{"attachment":[{"name":"zhand"}]},"zhead":{"attachment":[{"name":"zhead"}]},"zj1":{"attachment":[{"name":"zj1"}]},"zj2":{"attachment":[{"name":"zj2"}]},"zw":{"attachment":[{"name":"zw"}]},"z帽子":{"attachment":[{"name":"z帽子"}]},"z手":{"attachment":[{"name":"z手"}]},"z手2":{"attachment":[{"name":"z手2"}]},"z衣服":{"attachment":[{"name":"z衣服"}]},"z针管":{"attachment":[{"name":"z针管"}]},"图层492(3)":{"attachment":[{"name":"图层492(3)"}]}},"bones":{"5465":{"translate":[{},{"time":0.4,"y":-7.71},{"time":0.8}],"scale":[{},{"time":0.4,"x":0.95,"y":1.05},{"time":0.8}]},"bone4":{"rotate":[{},{"time":0.4,"angle":19.86},{"time":0.8}]},"bone5":{"rotate":[{},{"time":0.4333,"angle":-15.54},{"time":0.8}]},"bone14":{"rotate":[{},{"time":0.2333,"angle":10.58},{"time":0.5333,"angle":-16.86},{"time":0.8}]},"bone15":{"rotate":[{"angle":-8.11},{"time":0.0667,"angle":-3.9},{"time":0.3,"angle":6.68},{"time":0.6,"angle":-20.76},{"time":0.8,"angle":-8.11}]},"bone16":{"rotate":[{"angle":-16.23},{"time":0.1333,"angle":-7.8},{"time":0.3667,"angle":2.78},{"time":0.6667,"angle":-24.66},{"time":0.8,"angle":-16.23}]},"bone17":{"rotate":[{"angle":-24.34},{"time":0.2,"angle":-11.7},{"time":0.4333,"angle":-1.12},{"time":0.7333,"angle":-28.56},{"time":0.8,"angle":-24.34}]},"target":{"translate":[{"x":-17.9,"y":-0.56}]},"target2":{"rotate":[{"angle":-11.63}],"translate":[{"x":10.47,"y":2.6}]},"bone10":{"scale":[{},{"time":0.4,"x":1.1,"y":1.1},{"time":0.8}]},"bone13":{"translate":[{},{"time":0.2667,"y":3.86},{"time":0.5333,"x":4.5,"y":1.93},{"time":0.8}]},"bone33":{"rotate":[{},{"time":0.4,"angle":-16.87},{"time":0.8}],"translate":[{},{"time":0.4,"x":-0.05,"y":-1.68},{"time":0.8}]},"bone8":{"rotate":[{"angle":11.74}],"translate":[{"x":-3.21,"y":3.14}]},"bone11":{"rotate":[{"angle":-3.6}],"translate":[{"x":-13.72,"y":-7.49}]},"bone12":{"translate":[{"x":0.54,"y":-5.73}]}}},"idle2":{"slots":{"bbody":{"attachment":[{"name":"bbody"}]},"bdm":{"attachment":[{"name":"bdm"}]},"bhead":{"attachment":[{"name":"bhead"}]},"bj1":{"attachment":[{"name":"bj1"}]},"bj2":{"attachment":[{"name":"bj2"}]},"bw":{"attachment":[{"name":"bw"}]},"f帽子2":{"attachment":[{"name":"f帽子2"}]},"f手":{"attachment":[{"name":"f手"}]},"f衣服":{"attachment":[{"name":"f衣服"}]},"z针管2":{"attachment":[{"name":"z针管"}]},"图层492(3)2":{"attachment":[{"name":"图层492(3)"}]}},"bones":{"b1":{"translate":[{"y":-2.8},{"time":0.4,"y":-10.23},{"time":0.8,"y":-2.8}],"scale":[{},{"time":0.4,"x":0.95,"y":1.05},{"time":0.8}]},"bone21":{"rotate":[{},{"time":0.2333,"angle":-8.99},{"time":0.5667,"angle":19.1},{"time":0.8}]},"bone22":{"rotate":[{"angle":13.41},{"time":0.0667,"angle":7.95},{"time":0.3,"angle":-1.04},{"time":0.6333,"angle":27.05},{"time":0.8,"angle":13.41}]},"bone23":{"rotate":[{"angle":26.1},{"time":0.1333,"angle":15.19},{"time":0.3667,"angle":6.2},{"time":0.7,"angle":34.29},{"time":0.8,"angle":26.1}]},"bone24":{"rotate":[{"angle":41.01},{"time":0.2,"angle":24.63},{"time":0.4333,"angle":15.65},{"time":0.7667,"angle":43.74},{"time":0.8,"angle":41.01}]},"bone25":{"rotate":[{},{"time":0.4,"angle":8.44},{"time":0.8}]},"bone26":{"rotate":[{},{"time":0.4,"angle":10.22},{"time":0.8}]},"bone28":{"rotate":[{"angle":-30.6}],"translate":[{},{"time":0.4,"x":8.73,"y":0.52},{"time":0.8}]},"bone30":{"rotate":[{"angle":19.84}],"translate":[{"x":-6.2,"y":4.33},{"time":0.4,"x":2.28,"y":4.52},{"time":0.8,"x":-6.2,"y":4.33}]},"23e":{"translate":[{"x":5.4,"y":-0.11}]},"21":{"translate":[{"x":-15.6,"y":-3.63}]},"bone19":{"scale":[{},{"time":0.4,"x":1.1,"y":1.1},{"time":0.8}]},"fmz":{"translate":[{},{"time":0.4,"x":-2.33},{"time":0.8}]},"bone31":{"rotate":[{"angle":-0.35}],"translate":[{"y":-2.48}]}}},"pose1":{"slots":{"w1":{"attachment":[{"time":0.2667,"name":"w1"},{"time":0.3333,"name":"w2"},{"time":0.4,"name":"w3"},{"time":0.4667,"name":"w4"},{"time":0.5333,"name":"w5"},{"time":0.6,"name":"w6"},{"time":0.6667,"name":"w7"},{"time":0.7333,"name":"w8"},{"time":0.8,"name":"w9"},{"time":0.8667,"name":"w10"},{"time":0.9333,"name":null}]},"zbody":{"attachment":[{"name":"zbody"}]},"zbq":{"attachment":[{"name":"zbq"}]},"zdm":{"attachment":[{"name":"zdm"}]},"zhand":{"attachment":[{"name":"zhand"}]},"zhand2":{"attachment":[{"name":"zhand"}]},"zhead":{"attachment":[{"name":"zhead"}]},"zj1":{"attachment":[{"name":"zj1"}]},"zj2":{"attachment":[{"name":"zj2"}]},"zw":{"attachment":[{"name":"zw"}]},"z帽子":{"attachment":[{"name":"z帽子"}]},"z手":{"attachment":[{"name":"z手"}]},"z手2":{"attachment":[{"name":"z手2"}]},"z衣服":{"attachment":[{"name":"z衣服"}]},"z针管":{"attachment":[{"name":"z针管"}]},"图层492(3)":{"attachment":[{"name":"图层492(3)"}]}},"bones":{"z5":{"translate":[{"time":0.2667,"x":-69.47,"y":135.56}]},"target":{"translate":[{"x":-20.34,"y":-8.2}]},"target2":{"translate":[{"x":14.76,"y":1.31}]},"5465":{"translate":[{},{"time":0.2333,"y":-3.94},{"time":0.3667},{"time":0.6667,"y":-2.84},{"time":0.9333}],"scale":[{},{"time":0.2333,"x":0.98,"y":1.02},{"time":0.3667,"x":1.02,"y":0.98},{"time":0.9333}]},"bone33":{"rotate":[{},{"time":0.1333,"angle":45.42},{"time":0.2667,"angle":0.19},{"time":0.9333}]},"bone14":{"rotate":[{},{"time":0.4333,"angle":-19.77},{"time":0.9333}]},"bone16":{"rotate":[{"angle":-5.27},{"time":0.1333},{"time":0.5667,"angle":-19.77},{"time":0.9333,"angle":-5.27}]},"bone17":{"rotate":[{"angle":-7.91},{"time":0.2},{"time":0.6333,"angle":-19.77},{"time":0.9333,"angle":-7.91}]},"bone15":{"rotate":[{"angle":-2.64},{"time":0.0667},{"time":0.5,"angle":-19.77},{"time":0.9333,"angle":-2.64}]},"bone4":{"rotate":[{},{"time":0.2333,"angle":17.24},{"time":0.5}]},"bone13":{"translate":[{},{"time":0.2333,"x":-3.4,"y":-5.69},{"time":0.4667},{"time":0.6333,"x":2.87,"y":2.81},{"time":0.9333}]},"bone34":{"scale":[{},{"time":0.1333,"x":0.8,"y":1.05},{"time":0.3333}]},"bone5":{"rotate":[{},{"time":0.2333,"angle":-19.18},{"time":0.6,"angle":8.6},{"time":0.9333}]},"bone10":{"scale":[{},{"time":0.1333,"x":0.9,"y":0.9},{"time":0.2667}]}}},"pose2":{"slots":{"bbody":{"attachment":[{"name":"bbody"}]},"bdm":{"attachment":[{"name":"bdm"}]},"bhead":{"attachment":[{"name":"bhead"}]},"bj1":{"attachment":[{"name":"bj1"}]},"bj2":{"attachment":[{"name":"bj2"}]},"bw":{"attachment":[{"name":"bw"}]},"f帽子2":{"attachment":[{"name":"f帽子2"}]},"f手":{"attachment":[{"name":"f手"}]},"f衣服":{"attachment":[{"name":"f衣服"}]},"w2":{"attachment":[{"time":0.2667,"name":"w1"},{"time":0.3333,"name":"w2"},{"time":0.4,"name":"w3"},{"time":0.4667,"name":"w4"},{"time":0.5333,"name":"w5"},{"time":0.6,"name":"w6"},{"time":0.6667,"name":"w7"},{"time":0.7333,"name":"w8"},{"time":0.8,"name":"w9"},{"time":0.8667,"name":"w10"},{"time":0.9333,"name":null}]},"z针管2":{"attachment":[{"name":"z针管"}]},"图层492(3)2":{"attachment":[{"name":"图层492(3)"}]}},"bones":{"b1":{"rotate":[{},{"time":0.1667,"angle":-0.89},{"time":0.9333}],"translate":[{},{"time":0.1667,"y":-3.81},{"time":0.3333,"y":-0.7},{"time":0.6333,"y":-4.26},{"time":0.9333}],"scale":[{},{"time":0.1667,"x":0.95,"y":1.02},{"time":0.3333,"x":1.02,"y":0.98},{"time":0.9333}]},"bone20":{"rotate":[{},{"time":0.1667,"angle":-4.22},{"time":0.3333,"angle":2.13},{"time":0.9333}]},"bone21":{"rotate":[{},{"time":0.4,"angle":-14.86},{"time":0.9333}]},"bone22":{"rotate":[{"angle":4.29},{"time":0.2,"angle":6.76},{"time":0.4667,"angle":-8.1},{"time":0.9333,"angle":4.29}]},"bone23":{"rotate":[{"angle":7.86},{"time":0.2667,"angle":12.81},{"time":0.5333,"angle":-2.05},{"time":0.9333,"angle":7.86}]},"bone24":{"rotate":[{"angle":12.32},{"time":0.3333,"angle":19.75},{"time":0.6,"angle":4.89},{"time":0.9333,"angle":12.32}]},"bone25":{"rotate":[{},{"time":0.1333,"angle":-42.82},{"time":0.2667,"angle":15.86},{"time":0.6667}]},"bone26":{"rotate":[{},{"time":0.1333,"angle":11.03},{"time":0.3333,"angle":-3.89},{"time":0.4667,"angle":9.53},{"time":0.6667,"angle":-2.64},{"time":0.9333}]},"bone28":{"rotate":[{"angle":-30.6}]},"bone30":{"rotate":[{"angle":19.84}]},"23e":{"translate":[{"x":5.04,"y":0.22}]},"21":{"translate":[{"x":-12.72,"y":-1.1}]},"bone19":{"scale":[{},{"time":0.1667,"x":0.9,"y":0.9},{"time":0.3333}]}}},"walk1":{"slots":{"zbody":{"attachment":[{"name":"zbody"}]},"zbq":{"attachment":[{"name":"zbq"}]},"zdm":{"attachment":[{"name":"zdm"}]},"zhand":{"attachment":[{"name":"zhand"}]},"zhead":{"attachment":[{"name":"zhead"}]},"zj1":{"attachment":[{"name":"zj1"}]},"zj2":{"attachment":[{"name":"zj2"}]},"zw":{"attachment":[{"name":"zw"}]},"z帽子":{"attachment":[{"name":"z帽子"}]},"z手":{"attachment":[{"name":"z手"}]},"z手2":{"attachment":[{"name":"z手2"}]},"z衣服":{"attachment":[{"name":"z衣服"}]},"z针管":{"attachment":[{"name":"z针管"}]},"图层492(3)":{"attachment":[{"name":"图层492(3)"}]}},"bones":{"5465":{"translate":[{},{"time":0.2667,"y":9.9},{"time":0.5667},{"time":0.8333,"y":9.9},{"time":1.1}],"scale":[{},{"time":0.2667,"x":0.98,"y":1.02},{"time":0.5667,"x":1.02,"y":0.98},{"time":0.8333,"x":0.98,"y":1.02},{"time":1.1}]},"bone4":{"rotate":[{},{"time":0.5667,"angle":-67.36},{"time":1.1}],"translate":[{},{"time":0.5667,"x":-11.99},{"time":1.1}]},"bone5":{"rotate":[{},{"time":0.3333,"angle":-19.43},{"time":0.8,"angle":12.11},{"time":1.1}]},"bone14":{"rotate":[{},{"time":0.3333,"angle":7.25},{"time":0.6667,"angle":-9.62},{"time":1.1}]},"bone15":{"rotate":[{"angle":-3.9},{"time":0.0667,"angle":-2.42},{"time":0.4,"angle":4.83},{"time":0.7333,"angle":-12.04},{"time":1.1,"angle":-3.9}]},"bone16":{"rotate":[{"angle":-7.8},{"time":0.1333,"angle":-4.84},{"time":0.4667,"angle":2.41},{"time":0.8,"angle":-14.46},{"time":1.1,"angle":-7.8}]},"bone17":{"rotate":[{"angle":-11.7},{"time":0.2,"angle":-7.26},{"time":0.5333,"angle":-0.01},{"time":0.8667,"angle":-16.88},{"time":1.1,"angle":-11.7}]},"target":{"rotate":[{},{"time":0.5667,"angle":-11.09},{"time":1.1}],"translate":[{"x":6.54,"y":13.79},{"time":0.2667,"x":-11.11,"y":20.17},{"time":0.5667,"x":-30.95,"y":1.38},{"time":1.1,"x":6.54,"y":13.79}]},"target2":{"rotate":[{"angle":-11.63},{"time":0.5667,"angle":9.65},{"time":1.1,"angle":-11.63}],"translate":[{"x":-10.47,"y":0.28},{"time":0.5667,"x":24.38,"y":25.23},{"time":0.8333,"x":6.95,"y":27.42},{"time":1.1,"x":-10.47,"y":0.28}]},"bone10":{"scale":[{},{"time":0.2667,"x":0.8,"y":0.8},{"time":0.5667},{"time":0.8333,"x":0.8,"y":0.8},{"time":1.1}]},"bone13":{"translate":[{},{"time":0.3333,"y":4.01},{"time":0.6667,"x":3.03,"y":2.27},{"time":1.1}]},"bone33":{"rotate":[{},{"time":0.5333,"angle":8.67},{"time":1.1}]},"mz":{"rotate":[{},{"time":0.3667,"angle":2.27},{"time":0.8,"angle":-1.37},{"time":1.1}]},"bone8":{"translate":[{"x":-3.21,"y":3.14}]},"bone11":{"translate":[{"x":-8.32,"y":-7.49}]},"bone12":{"translate":[{"x":0.54,"y":-5.73}]}}},"walk2":{"slots":{"bbody":{"attachment":[{"name":"bbody"}]},"bdm":{"attachment":[{"name":"bdm"}]},"bhead":{"attachment":[{"name":"bhead"}]},"bj1":{"attachment":[{"name":"bj1"}]},"bj2":{"attachment":[{"name":"bj2"}]},"bw":{"attachment":[{"name":"bw"}]},"f帽子2":{"attachment":[{"name":"f帽子2"}]},"f手":{"attachment":[{"name":"f手"}]},"f衣服":{"attachment":[{"name":"f衣服"}]},"z针管2":{"attachment":[{"name":"z针管"}]},"图层492(3)2":{"attachment":[{"name":"图层492(3)"}]}},"bones":{"b1":{"translate":[{"y":-2.8},{"time":0.2667,"y":6.87},{"time":0.5667,"y":-2.8},{"time":0.8667,"y":6.87},{"time":1.1,"y":-2.8}],"scale":[{},{"time":0.2667,"x":0.98,"y":1.02},{"time":0.5667},{"time":0.8667,"x":0.98,"y":1.02},{"time":1.1}]},"bone20":{"rotate":[{},{"time":0.5667,"angle":-3.57},{"time":1.1}]},"bone21":{"rotate":[{},{"time":0.2667,"angle":-13.58},{"time":0.7333,"angle":21.1},{"time":1.1}]},"bone22":{"rotate":[{"angle":7.95},{"time":0.0667,"angle":4.11},{"time":0.3333,"angle":-9.46},{"time":0.8,"angle":25.21},{"time":1.1,"angle":7.95}]},"bone23":{"rotate":[{"angle":15.19},{"time":0.1333,"angle":7.51},{"time":0.4,"angle":-6.06},{"time":0.8667,"angle":28.61},{"time":1.1,"angle":15.19}]},"bone24":{"rotate":[{"angle":24.63},{"time":0.2,"angle":13.12},{"time":0.4667,"angle":-0.45},{"time":0.9333,"angle":34.22},{"time":1.1,"angle":24.63}]},"bone25":{"rotate":[{},{"time":0.5667,"angle":-16.99},{"time":1.1}]},"bone26":{"rotate":[{},{"time":0.4,"angle":11.73},{"time":0.7667,"angle":-2.58},{"time":1.1}]},"bone28":{"rotate":[{"angle":-30.6}],"translate":[{},{"time":0.2667,"x":7.27,"y":-0.22},{"time":1.1}]},"bone30":{"rotate":[{"angle":19.84}],"translate":[{},{"time":0.5667,"x":-6.46,"y":4.21},{"time":0.8667,"x":3.34,"y":0.33},{"time":1.1}]},"23e":{"rotate":[{},{"time":0.5667,"angle":22.56},{"time":1.1}],"translate":[{"x":-9.48,"y":-0.11},{"time":0.2667,"x":4.8,"y":16.84},{"time":0.5667,"x":20.86,"y":20.03},{"time":1.1,"x":-9.48,"y":-0.11}]},"21":{"rotate":[{},{"time":0.5667,"angle":-58.43},{"time":1.1}],"translate":[{"x":14.85,"y":13.15},{"time":0.5667,"x":-27.09,"y":1.14},{"time":0.8667,"x":-3.5,"y":17.4},{"time":1.1,"x":14.85,"y":13.15}]},"bone19":{"scale":[{},{"time":0.2667,"x":0.8,"y":0.8},{"time":0.5667},{"time":0.8333,"x":0.8,"y":0.8},{"time":1.1}]},"bone35":{"rotate":[{},{"time":0.4,"angle":-9.19},{"time":1.1}]},"bone31":{"rotate":[{"angle":43.29}]}}},"work1":{"slots":{"bd3":{"attachment":[{"name":"bd3"}]},"bdm2":{"attachment":[{"name":"bdm"}]},"head3":{"attachment":[{"name":"head3"}]},"w433":{"attachment":[{"name":"w433"}]},"zbq2":{"attachment":[{"name":"zbq"}]},"zj3":{"attachment":[{"name":"zj2"}]},"z帽子2":{"attachment":[{"name":"z帽子"}]},"z手3":{"attachment":[{"name":"z手"}]},"图层 771":{"attachment":[{"name":"图层 772"}]},"组 24":{"attachment":[{"name":"组 25"}]}},"bones":{"bone39":{"rotate":[{},{"time":1,"angle":-26.96},{"time":2}],"translate":[{},{"time":1,"x":-32.56,"y":-20.44},{"time":2}]},"qiu":{"rotate":[{},{"time":1,"angle":25},{"time":2}],"translate":[{},{"time":1,"x":-41.8,"y":-6.11},{"time":2}]},"bone40":{"rotate":[{},{"time":1,"angle":21.3},{"time":2}]},"bone43":{"rotate":[{},{"time":1.0333,"angle":-21.13},{"time":2}]},"bone44":{"rotate":[{"angle":-3.02},{"time":0.0667},{"time":1.1,"angle":-21.13},{"time":2,"angle":-3.02}]},"bone45":{"rotate":[{"angle":-6.04},{"time":0.1333},{"time":1.1667,"angle":-21.13},{"time":2,"angle":-6.04}]},"bone46":{"rotate":[{"angle":-9.06},{"time":0.2},{"time":1.2333,"angle":-21.13},{"time":2,"angle":-9.06}]},"bone47":{"rotate":[{"angle":-12.07},{"time":0.2667},{"time":1.3,"angle":-21.13},{"time":2,"angle":-12.07}]},"bone48":{"rotate":[{},{"time":1,"angle":35.14},{"time":2}],"translate":[{},{"time":1,"x":-5.71,"y":-8.69},{"time":2}]},"bone49":{"rotate":[{},{"time":0.5,"angle":21.55},{"time":1.3,"angle":-15.64},{"time":2}]},"bone50":{"rotate":[{},{"time":1,"angle":41.46},{"time":2}]},"bone51":{"translate":[{},{"time":0.3333,"x":5.42,"y":7.89},{"time":1.2,"x":-4.26,"y":7.78},{"time":2}]}},"deform":{"default":{"bd3":{"bd3":[{},{"time":1,"offset":1,"vertices":[1.21424,-5.0E-5,1.21424,-5.0E-5,1.21424,-5.0E-5,1.21424,0,0,0,0,0,0,0,0,0,0,0,0,-2.1E-4,-4.37706,-3.8E-4,-8.25836,-5.6E-4,-11.70062,-5.6E-4,-11.70062,-5.6E-4,-11.70062,-3.8E-4,-8.25836,-0.19308,-3.50548,-3.31165,2.31052,-4.67778,3.71992,-5.16292,3.24632,-6.95041,3.01522,-5.16302,2.66853,-5.16302,2.66853,0,0,0,0,0,0,-2.1E-4,-4.37706,-2.1E-4,-4.37706,-5.03531,2.66854,-5.16302,2.66853,-5.03531,2.66854,-5.16302,2.66853,-5.16302,2.66853,-3.57504,6.0E-5,-5.0E-5,1.21432,-8.0E-5,1.61905,0,0,0,0,0,0,-3.5E-4,-7.32356,-1.7E-4,-3.8813]},{"time":2}]}}}},"work2":{"slots":{"dm":{"attachment":[{"name":"dm"}]},"fdgg":{"attachment":[{"name":"fdgg"}]},"fdj":{"attachment":[{"name":"fdj"}]},"ffaf2":{"attachment":[{"name":"ffaf2"}]},"fsj":{"attachment":[{"name":"fsj"}]},"sff":{"attachment":[{"name":"sff"}]},"图层 772":{"attachment":[{"name":"图层 772"}]},"图层组102":{"attachment":[{"name":"图层组102"}]},"组 25":{"attachment":[{"name":"组 25"}]}},"bones":{"bone56":{"rotate":[{},{"time":1,"angle":-17.16},{"time":2}],"translate":[{"x":-76.16,"y":-14.05},{"time":1,"x":2.87,"y":29.53},{"time":2,"x":-76.16,"y":-14.05}],"scale":[{},{"time":1,"x":0.95,"y":1.05},{"time":2}]},"bone57":{"scale":[{},{"time":0.9667,"x":0.954},{"time":2}]},"bone59":{"rotate":[{},{"time":0.9,"angle":23.81},{"time":1.4667,"angle":-3.91},{"time":2}]},"bone62":{"rotate":[{},{"time":0.7,"angle":-18.31},{"time":1.4667,"angle":10.02},{"time":2}]},"bone63":{"rotate":[{"angle":6.08},{"time":0.0667,"angle":4.83},{"time":0.7667,"angle":-13.48},{"time":1.5333,"angle":19.77},{"time":2,"angle":6.08}]},"bone64":{"rotate":[{"angle":12.16},{"time":0.1333,"angle":9.65},{"time":0.8333,"angle":-8.66},{"time":1.6,"angle":29.06},{"time":2,"angle":12.16}]},"bone65":{"rotate":[{"angle":18.24},{"time":0.2,"angle":14.48},{"time":0.9,"angle":-3.83},{"time":1.6667,"angle":24.5},{"time":2,"angle":18.24}]},"bone58":{"rotate":[{},{"time":1,"angle":-8.84},{"time":2}]},"bone60":{"rotate":[{},{"time":0.9,"angle":13.3},{"time":2}]},"bone61":{"rotate":[{},{"time":0.9,"angle":-13.11},{"time":2}]},"bone54":{"rotate":[{},{"time":1,"angle":-50},{"time":2}],"translate":[{"x":-79.86,"y":-23.66},{"time":1,"x":-19.32,"y":3.48},{"time":2,"x":-79.86,"y":-23.66}]}},"deform":{"default":{"图层组102":{"图层组102":[{},{"time":1,"vertices":[6.83899,-1.73669,4.24393,-1.26843,2.55283,-1.56442,2.55283,-1.56442,4.37067,-0.92651,4.01813,-0.1041,0,0,0,0,0,0,0,0,0,0,-4.66165,1.02252,-6.59836,2.61353,-6.59836,2.61353,-6.59836,2.61353,-4.66357,0.63406,-4.66165,1.02252,-2.25937,1.85614,-2.25937,1.85614,-2.25937,1.85614,0,0,2.17053,-0.18463,2.17053,-0.18463,2.28992,-0.77243,4.24393,-1.26843,0,0,0,0,-1.93671,1.591,-1.93671,1.591,-3.84363,2.62473,-3.58014,3.47406,-2.25937,1.85614,-2.25937,1.85614,2.17053,-0.18463,2.17053,-0.18463,2.17053,-0.18463,2.46371,0.10724,2.46371,0.10724,3.43213,-0.68829,3.72516,-0.39633,0,0,0,0,0,0,-1.93671,1.591,-4.75266,2.30579,-2.2001,0.7417,0.64581,-0.53076,0,0,-1.93671,1.591,-1.93671,1.591,-5.83969,5.33026,-2.25937,1.85614,2.17053,-0.18463,4.69354,-1.19183,4.69354,-1.19183,2.72711,0.95645]},{"time":2}]}}}}}}