{
  "__type__": "cc.SpriteFrame",
  "content": {
    "name": "scene_item_2000203_1",
    "atlas": "",
    "rect": {
      "x": 64,
      "y": 96,
      "width": 191,
      "height": 118
    },
    "offset": {
      "x": -11.5,
      "y": -23.5
    },
    "originalSize": {
      "width": 342,
      "height": 263
    },
    "rotated": false,
    "capInsets": [
      0,
      0,
      0,
      0
    ],
    "vertices": {
      "rawPosition": [
        -95.5,
        -59,
        0,
        95.5,
        -59,
        0,
        -95.5,
        59,
        0,
        95.5,
        59,
        0
      ],
      "indexes": [
        0,
        1,
        2,
        2,
        1,
        3
      ],
      "uv": [
        64,
        167,
        255,
        167,
        64,
        49,
        255,
        49
      ],
      "nuv": [
        0.1871345029239766,
        0.18631178707224336,
        0.7456140350877193,
        0.18631178707224336,
        0.1871345029239766,
        0.6349809885931559,
        0.7456140350877193,
        0.6349809885931559
      ],
      "minPos": {
        "x": -95.5,
        "y": -59,
        "z": 0
      },
      "maxPos": {
        "x": 95.5,
        "y": 59,
        "z": 0
      }
    },
    "texture": "0a49d125-67fa-4e64-a3dd-2e2034c26365@6c48a",
    "packable": true,
    "pixelsToUnit": 100,
    "pivot": {
      "x": 0.5,
      "y": 0.5
    },
    "meshType": 0
  }
}