{
  "__type__": "cc.SpriteFrame",
  "content": {
    "name": "icon_md4",
    "atlas": "",
    "rect": {
      "x": 26,
      "y": 11,
      "width": 48,
      "height": 79
    },
    "offset": {
      "x": 0,
      "y": -0.5
    },
    "originalSize": {
      "width": 100,
      "height": 100
    },
    "rotated": false,
    "capInsets": [
      0,
      0,
      0,
      0
    ],
    "vertices": {
      "rawPosition": [
        -24,
        -39.5,
        0,
        24,
        -39.5,
        0,
        -24,
        39.5,
        0,
        24,
        39.5,
        0
      ],
      "indexes": [
        0,
        1,
        2,
        2,
        1,
        3
      ],
      "uv": [
        26,
        89,
        74,
        89,
        26,
        10,
        74,
        10
      ],
      "nuv": [
        0.26,
        0.1,
        0.74,
        0.1,
        0.26,
        0.89,
        0.74,
        0.89
      ],
      "minPos": {
        "x": -24,
        "y": -39.5,
        "z": 0
      },
      "maxPos": {
        "x": 24,
        "y": 39.5,
        "z": 0
      }
    },
    "texture": "0ad87e35-3fdb-4e03-b12b-27275e65ba0e@6c48a",
    "packable": true,
    "pixelsToUnit": 100,
    "pivot": {
      "x": 0.5,
      "y": 0.5
    },
    "meshType": 0
  }
}