{
  "__type__": "cc.SpriteFrame",
  "content": {
    "name": "iion_i5",
    "atlas": "",
    "rect": {
      "x": 5,
      "y": 5,
      "width": 87,
      "height": 89
    },
    "offset": {
      "x": -1.5,
      "y": 0.5
    },
    "originalSize": {
      "width": 100,
      "height": 100
    },
    "rotated": false,
    "capInsets": [
      0,
      0,
      0,
      0
    ],
    "vertices": {
      "rawPosition": [
        -43.5,
        -44.5,
        0,
        43.5,
        -44.5,
        0,
        -43.5,
        44.5,
        0,
        43.5,
        44.5,
        0
      ],
      "indexes": [
        0,
        1,
        2,
        2,
        1,
        3
      ],
      "uv": [
        5,
        95,
        92,
        95,
        5,
        6,
        92,
        6
      ],
      "nuv": [
        0.05,
        0.06,
        0.92,
        0.06,
        0.05,
        0.95,
        0.92,
        0.95
      ],
      "minPos": {
        "x": -43.5,
        "y": -44.5,
        "z": 0
      },
      "maxPos": {
        "x": 43.5,
        "y": 44.5,
        "z": 0
      }
    },
    "texture": "0aef3c7e-da27-43dc-b668-7e0242b6869b@6c48a",
    "packable": true,
    "pixelsToUnit": 100,
    "pivot": {
      "x": 0.5,
      "y": 0.5
    },
    "meshType": 0
  }
}