{"skeleton":{"hash":"eakNggsD5B0","spine":"3.8-from-4.0-from-4.1.17","images":"","audio":""},"bones":[{"name":"root"},{"name":"bone","parent":"root","x":644.68,"y":-23,"scaleX":0.55,"scaleY":0.55},{"name":"bone2","parent":"root","scaleX":0.5,"scaleY":0.5},{"name":"bone3","parent":"bone2","x":-50.26,"y":-81.05},{"name":"bone4","parent":"bone2","x":-50.26,"y":-81.05},{"name":"bone5","parent":"bone2","x":-50.26,"y":-81.05},{"name":"bone10","parent":"bone2","x":-50.26,"y":-81.05},{"name":"bone11","parent":"bone2","x":-50.26,"y":-81.05},{"name":"bone12","parent":"bone2","x":-50.26,"y":-81.05},{"name":"bone13","parent":"bone2","x":-50.26,"y":-81.05},{"name":"bone15","parent":"bone2","x":-50.26,"y":-81.05},{"name":"bone16","parent":"bone2","x":-50.26,"y":-81.05},{"name":"bone17","parent":"bone2","x":-50.26,"y":-81.05},{"name":"bone18","parent":"bone2","x":-50.26,"y":-81.05},{"name":"bone19","parent":"bone2","x":-50.26,"y":-81.05},{"name":"bone6","parent":"bone2","x":-50.26,"y":-81.05},{"name":"bone7","parent":"bone2","x":-50.26,"y":-81.05},{"name":"bone14","parent":"bone2","x":-50.26,"y":-81.05},{"name":"bone20","parent":"bone2","x":-50.26,"y":-81.05},{"name":"bone21","parent":"bone2","x":-50.26,"y":-81.05},{"name":"bone22","parent":"bone2","x":-50.26,"y":-81.05},{"name":"bone23","parent":"bone2","x":-50.26,"y":-81.05},{"name":"bone8","parent":"bone2","x":-50.26,"y":-81.05},{"name":"bone24","parent":"bone2","x":-50.26,"y":-81.05},{"name":"bone25","parent":"bone2","x":-50.26,"y":-81.05},{"name":"bone26","parent":"bone2","x":-50.26,"y":-81.05},{"name":"bone27","parent":"bone2","x":-50.26,"y":-81.05},{"name":"bone28","parent":"bone2","x":-50.26,"y":-81.05},{"name":"bone29","parent":"bone2","x":-50.26,"y":-81.05},{"name":"bone30","parent":"bone2","x":-50.26,"y":-81.05},{"name":"bone31","parent":"bone2","x":-50.26,"y":-81.05},{"name":"bone9","parent":"bone2","x":-50.26,"y":-81.05},{"name":"bone32","parent":"root","x":14.23,"y":94.91},{"name":"bone33","parent":"root","color":"ff0000ff"},{"name":"bone34","parent":"bone33","x":-50.26,"y":-81.05},{"name":"bone35","parent":"bone33","x":-50.26,"y":-81.05},{"name":"bone36","parent":"bone33","x":-50.26,"y":-81.05},{"name":"bone38","parent":"bone33","x":-50.26,"y":-81.05},{"name":"bone39","parent":"bone33","x":-50.26,"y":-81.05},{"name":"bone40","parent":"bone33","x":-50.26,"y":-81.05},{"name":"bone41","parent":"bone33","x":-50.26,"y":-81.05},{"name":"bone42","parent":"bone33","x":-50.26,"y":-81.05},{"name":"bone43","parent":"bone33","x":-50.26,"y":-81.05},{"name":"bone44","parent":"bone33","x":-50.26,"y":-81.05},{"name":"bone45","parent":"bone33","x":-50.26,"y":-81.05},{"name":"bone46","parent":"bone33","x":-50.26,"y":-81.05},{"name":"bone47","parent":"bone33","x":-50.26,"y":-81.05},{"name":"bone48","parent":"bone33","x":-50.26,"y":-81.05},{"name":"bone49","parent":"bone33","x":-50.26,"y":-81.05},{"name":"bone50","parent":"bone33","x":-50.26,"y":-81.05},{"name":"bone51","parent":"bone33","x":-50.26,"y":-81.05},{"name":"bone52","parent":"bone33","x":-50.26,"y":-81.05},{"name":"bone53","parent":"bone33","x":-50.26,"y":-81.05},{"name":"bone54","parent":"bone33","x":-50.26,"y":-81.05},{"name":"bone55","parent":"bone33","x":-50.26,"y":-81.05},{"name":"bone56","parent":"bone33","x":-50.26,"y":-81.05},{"name":"bone57","parent":"bone33","x":-50.26,"y":-81.05},{"name":"bone58","parent":"bone33","x":-50.26,"y":-81.05},{"name":"bone59","parent":"bone33","x":-50.26,"y":-81.05},{"name":"bone60","parent":"bone33","x":-50.26,"y":-81.05},{"name":"bone61","parent":"bone33","x":-50.26,"y":-81.05},{"name":"bone62","parent":"bone33","x":-50.26,"y":-81.05}],"slots":[{"name":"七天登录","bone":"bone32"},{"name":"1 拷贝","bone":"bone"},{"name":"1","bone":"bone2"},{"name":"2","bone":"bone33"},{"name":"dd","bone":"bone3"},{"name":"dd30","bone":"bone34"},{"name":"dd2","bone":"bone4"},{"name":"dd31","bone":"bone35"},{"name":"dd3","bone":"bone5"},{"name":"dd32","bone":"bone36"},{"name":"dd6","bone":"bone8"},{"name":"dd49","bone":"bone53"},{"name":"dd7","bone":"bone9"},{"name":"dd58","bone":"bone62"},{"name":"dd4","bone":"bone6"},{"name":"dd42","bone":"bone46"},{"name":"dd5","bone":"bone7"},{"name":"dd43","bone":"bone47"},{"name":"dd8","bone":"bone10"},{"name":"dd9","bone":"bone11"},{"name":"dd34","bone":"bone38"},{"name":"dd11","bone":"bone13"},{"name":"dd36","bone":"bone40"},{"name":"dd25","bone":"bone27"},{"name":"dd53","bone":"bone57"},{"name":"dd12","bone":"bone14"},{"name":"dd44","bone":"bone48"},{"name":"dd24","bone":"bone26"},{"name":"dd52","bone":"bone56"},{"name":"dd18","bone":"bone20"},{"name":"dd45","bone":"bone49"},{"name":"dd19","bone":"bone21"},{"name":"dd46","bone":"bone50"},{"name":"dd23","bone":"bone25"},{"name":"dd51","bone":"bone55"},{"name":"dd26","bone":"bone28"},{"name":"dd54","bone":"bone58"},{"name":"dd29","bone":"bone31"},{"name":"dd57","bone":"bone61"},{"name":"dd20","bone":"bone22"},{"name":"dd47","bone":"bone51"},{"name":"dd21","bone":"bone23"},{"name":"dd48","bone":"bone52"},{"name":"dd13","bone":"bone15"},{"name":"dd37","bone":"bone41"},{"name":"dd14","bone":"bone16"},{"name":"dd38","bone":"bone42"},{"name":"dd27","bone":"bone29"},{"name":"dd55","bone":"bone59"},{"name":"dd15","bone":"bone17"},{"name":"dd39","bone":"bone43"},{"name":"dd22","bone":"bone24"},{"name":"dd50","bone":"bone54"},{"name":"dd16","bone":"bone18"},{"name":"dd40","bone":"bone44"},{"name":"dd17","bone":"bone19"},{"name":"dd41","bone":"bone45"},{"name":"dd28","bone":"bone30"},{"name":"dd56","bone":"bone60"},{"name":"dd10","bone":"bone12"},{"name":"dd35","bone":"bone39"}],"skins":[{"name":"default","attachments":{"1":{"1":{"width":242,"height":270},"2":{"width":242,"height":270},"3":{"width":242,"height":270},"4":{"width":242,"height":270}},"1 拷贝":{"1 拷贝":{"x":0.5,"width":242,"height":270},"2 拷贝":{"y":0.5,"width":242,"height":270},"3 拷贝":{"width":242,"height":270},"4 拷贝":{"width":242,"height":270},"5 拷贝":{"width":242,"height":270},"6 拷贝":{"width":242,"height":270},"7 拷贝":{"y":0.5,"width":242,"height":270},"8 拷贝":{"width":242,"height":270},"9 拷贝":{"x":0.5,"y":0.5,"width":242,"height":270},"10 拷贝":{"width":242,"height":270}},"2":{"1a":{"width":172,"height":260},"2a":{"width":172,"height":260},"3a":{"width":172,"height":260},"4a":{"width":172,"height":260}},"dd":{"dd":{"y":0.5,"width":24,"height":25}},"dd2":{"dd":{"y":0.5,"width":24,"height":25}},"dd3":{"dd":{"y":0.5,"width":24,"height":25}},"dd4":{"dd":{"y":0.5,"width":24,"height":25}},"dd5":{"dd":{"y":0.5,"width":24,"height":25}},"dd6":{"dd":{"y":0.5,"width":24,"height":25}},"dd7":{"dd":{"y":0.5,"width":24,"height":25}},"dd8":{"dd":{"y":0.5,"width":24,"height":25}},"dd9":{"dd":{"y":0.5,"width":24,"height":25}},"dd10":{"dd":{"y":0.5,"width":24,"height":25}},"dd11":{"dd":{"y":0.5,"width":24,"height":25}},"dd12":{"dd":{"y":0.5,"width":24,"height":25}},"dd13":{"dd":{"y":0.5,"width":24,"height":25}},"dd14":{"dd":{"y":0.5,"width":24,"height":25}},"dd15":{"dd":{"y":0.5,"width":24,"height":25}},"dd16":{"dd":{"y":0.5,"width":24,"height":25}},"dd17":{"dd":{"y":0.5,"width":24,"height":25}},"dd18":{"dd":{"y":0.5,"width":24,"height":25}},"dd19":{"dd":{"y":0.5,"width":24,"height":25}},"dd20":{"dd":{"y":0.5,"width":24,"height":25}},"dd21":{"dd":{"y":0.5,"width":24,"height":25}},"dd22":{"dd":{"y":0.5,"width":24,"height":25}},"dd23":{"dd":{"y":0.5,"width":24,"height":25}},"dd24":{"dd":{"y":0.5,"width":24,"height":25}},"dd25":{"dd":{"y":0.5,"width":24,"height":25}},"dd26":{"dd":{"y":0.5,"width":24,"height":25}},"dd27":{"dd":{"y":0.5,"width":24,"height":25}},"dd28":{"dd":{"y":0.5,"width":24,"height":25}},"dd29":{"dd":{"y":0.5,"width":24,"height":25}},"dd30":{"dd":{"y":0.5,"width":24,"height":25}},"dd31":{"dd":{"y":0.5,"width":24,"height":25}},"dd32":{"dd":{"y":0.5,"width":24,"height":25}},"dd34":{"dd":{"y":0.5,"width":24,"height":25}},"dd35":{"dd":{"y":0.5,"width":24,"height":25}},"dd36":{"dd":{"y":0.5,"width":24,"height":25}},"dd37":{"dd":{"y":0.5,"width":24,"height":25}},"dd38":{"dd":{"y":0.5,"width":24,"height":25}},"dd39":{"dd":{"y":0.5,"width":24,"height":25}},"dd40":{"dd":{"y":0.5,"width":24,"height":25}},"dd41":{"dd":{"y":0.5,"width":24,"height":25}},"dd42":{"dd":{"y":0.5,"width":24,"height":25}},"dd43":{"dd":{"y":0.5,"width":24,"height":25}},"dd44":{"dd":{"y":0.5,"width":24,"height":25}},"dd45":{"dd":{"y":0.5,"width":24,"height":25}},"dd46":{"dd":{"y":0.5,"width":24,"height":25}},"dd47":{"dd":{"y":0.5,"width":24,"height":25}},"dd48":{"dd":{"y":0.5,"width":24,"height":25}},"dd49":{"dd":{"y":0.5,"width":24,"height":25}},"dd50":{"dd":{"y":0.5,"width":24,"height":25}},"dd51":{"dd":{"y":0.5,"width":24,"height":25}},"dd52":{"dd":{"y":0.5,"width":24,"height":25}},"dd53":{"dd":{"y":0.5,"width":24,"height":25}},"dd54":{"dd":{"y":0.5,"width":24,"height":25}},"dd55":{"dd":{"y":0.5,"width":24,"height":25}},"dd56":{"dd":{"y":0.5,"width":24,"height":25}},"dd57":{"dd":{"y":0.5,"width":24,"height":25}},"dd58":{"dd":{"y":0.5,"width":24,"height":25}}}}],"animations":{"1":{"slots":{"1":{"attachment":[{"name":"1"},{"time":0.1667,"name":"2"},{"time":0.3333,"name":"3"},{"time":0.5,"name":"4"},{"time":0.6667,"name":"1"},{"time":0.8333,"name":"2"},{"time":1,"name":"3"},{"time":1.1667,"name":"4"},{"time":1.3333,"name":"1"}]},"dd":{"attachment":[{"name":"dd"}]},"dd2":{"color":[{"color":"ffffffff"},{"time":0.1333,"color":"fffffff3"},{"time":0.2,"color":"ffffff00"}],"attachment":[{"name":"dd"}]},"dd3":{"color":[{"color":"ffffffff"},{"time":0.1667,"color":"fffffff3"},{"time":0.2333,"color":"ffffff00"}],"attachment":[{"name":"dd"}]},"dd4":{"color":[{"color":"ffffffff"},{"time":0.1667,"color":"fffffff3"},{"time":0.2333,"color":"ffffff00"}],"attachment":[{"name":"dd"}]},"dd5":{"color":[{"color":"ffffffff"},{"time":0.1667,"color":"fffffff3"},{"time":0.2333,"color":"ffffff00"}],"attachment":[{"name":"dd"}]},"dd6":{"color":[{"color":"ffffffff"},{"time":0.1333,"color":"fffffff3"},{"time":0.2,"color":"ffffff00"}],"attachment":[{"name":"dd"}]},"dd7":{"color":[{"color":"ffffffff"},{"time":0.1333,"color":"fffffff3"},{"time":0.2,"color":"ffffff00"}],"attachment":[{"name":"dd"}]},"dd9":{"color":[{"color":"ffffff00","curve":"stepped"},{"time":0.2667,"color":"ffffff00"},{"time":0.3,"color":"ffffffff"},{"time":0.4667,"color":"fffffff3"},{"time":0.5333,"color":"ffffff00"}],"attachment":[{"name":"dd"}]},"dd10":{"color":[{"color":"ffffff00","curve":"stepped"},{"time":0.3333,"color":"ffffff00"},{"time":0.3667,"color":"ffffffff"},{"time":0.5333,"color":"fffffff3"},{"time":0.6,"color":"ffffff00"}],"attachment":[{"name":"dd"}]},"dd11":{"color":[{"color":"ffffff00","curve":"stepped"},{"time":0.1,"color":"ffffff00"},{"time":0.1333,"color":"ffffffff"},{"time":0.3,"color":"fffffff3"},{"time":0.3667,"color":"ffffff00"}],"attachment":[{"name":"dd"}]},"dd12":{"color":[{"color":"ffffff00","curve":"stepped"},{"time":0.1667,"color":"ffffff00"},{"time":0.2,"color":"ffffffff"},{"time":0.3333,"color":"fffffff3"},{"time":0.4,"color":"ffffff00"}],"attachment":[{"name":"dd"}]},"dd13":{"color":[{"color":"ffffff00","curve":"stepped"},{"time":0.1,"color":"ffffff00"},{"time":0.1333,"color":"ffffffff"},{"time":0.2667,"color":"fffffff3"},{"time":0.3333,"color":"ffffff00"}],"attachment":[{"name":"dd"}]},"dd14":{"color":[{"color":"ffffff00","curve":"stepped"},{"time":0.5,"color":"ffffff00"},{"time":0.5333,"color":"ffffffff"},{"time":0.7,"color":"fffffff3"},{"time":0.7667,"color":"ffffff00"}],"attachment":[{"name":"dd"}]},"dd15":{"color":[{"color":"ffffff00","curve":"stepped"},{"time":0.2,"color":"ffffff00"},{"time":0.2333,"color":"ffffffff"},{"time":0.4,"color":"fffffff3"},{"time":0.4667,"color":"ffffff00"}],"attachment":[{"name":"dd"}]},"dd16":{"color":[{"color":"ffffff00","curve":"stepped"},{"time":0.7333,"color":"ffffff00"},{"time":0.7667,"color":"ffffffff"},{"time":0.9333,"color":"fffffff3"},{"time":1,"color":"ffffff00"}],"attachment":[{"name":"dd"}]},"dd17":{"color":[{"color":"ffffff00","curve":"stepped"},{"time":0.8,"color":"ffffff00"},{"time":0.8333,"color":"ffffffff"},{"time":1,"color":"fffffff3"},{"time":1.0667,"color":"ffffff00"}],"attachment":[{"name":"dd"}]},"dd18":{"color":[{"color":"ffffff00","curve":"stepped"},{"time":0.2667,"color":"ffffff00"},{"time":0.3,"color":"ffffffff"},{"time":0.4667,"color":"fffffff3"},{"time":0.5333,"color":"ffffff00"}],"attachment":[{"name":"dd"}]},"dd19":{"color":[{"color":"ffffff00","curve":"stepped"},{"time":0.3667,"color":"ffffff00"},{"time":0.4,"color":"ffffffff"},{"time":0.5667,"color":"fffffff3"},{"time":0.6333,"color":"ffffff00"}],"attachment":[{"name":"dd"}]},"dd20":{"color":[{"color":"ffffff00","curve":"stepped"},{"time":0.5333,"color":"ffffff00"},{"time":0.5667,"color":"ffffffff"},{"time":0.7333,"color":"fffffff3"},{"time":0.8,"color":"ffffff00"}],"attachment":[{"name":"dd"}]},"dd21":{"color":[{"color":"ffffff00","curve":"stepped"},{"time":0.6333,"color":"ffffff00"},{"time":0.6667,"color":"ffffffff"},{"time":0.8333,"color":"fffffff3"},{"time":0.9,"color":"ffffff00"}],"attachment":[{"name":"dd"}]},"dd22":{"color":[{"color":"ffffff00","curve":"stepped"},{"time":0.2,"color":"ffffff00"},{"time":0.2333,"color":"ffffffff"},{"time":0.4,"color":"fffffff3"},{"time":0.4667,"color":"ffffff00"}],"attachment":[{"name":"dd"}]},"dd23":{"color":[{"color":"ffffff00","curve":"stepped"},{"time":0.3667,"color":"ffffff00"},{"time":0.4,"color":"ffffffff"},{"time":0.5333,"color":"fffffff3"},{"time":0.6,"color":"ffffff00"}],"attachment":[{"name":"dd"}]},"dd24":{"color":[{"color":"ffffff00","curve":"stepped"},{"time":0.2,"color":"ffffff00"},{"time":0.2333,"color":"ffffffff"},{"time":0.3667,"color":"fffffff3"},{"time":0.4333,"color":"ffffff00"}],"attachment":[{"name":"dd"}]},"dd25":{"color":[{"color":"ffffff00","curve":"stepped"},{"time":0.1333,"color":"ffffff00"},{"time":0.1667,"color":"ffffffff"},{"time":0.3,"color":"fffffff3"},{"time":0.3667,"color":"ffffff00"}],"attachment":[{"name":"dd"}]},"dd26":{"color":[{"color":"ffffff00","curve":"stepped"},{"time":0.3667,"color":"ffffff00"},{"time":0.4,"color":"ffffffff"},{"time":0.5333,"color":"fffffff3"},{"time":0.6,"color":"ffffff00"}],"attachment":[{"name":"dd"}]},"dd27":{"color":[{"color":"ffffff00","curve":"stepped"},{"time":0.5333,"color":"ffffff00"},{"time":0.5667,"color":"ffffffff"},{"time":0.7333,"color":"fffffff3"},{"time":0.8,"color":"ffffff00"}],"attachment":[{"name":"dd"}]},"dd28":{"color":[{"color":"ffffff00","curve":"stepped"},{"time":0.8,"color":"ffffff00"},{"time":0.8333,"color":"ffffffff"},{"time":1,"color":"fffffff3"},{"time":1.0667,"color":"ffffff00"}],"attachment":[{"name":"dd"}]},"dd29":{"color":[{"color":"ffffff00","curve":"stepped"},{"time":0.3667,"color":"ffffff00"},{"time":0.4,"color":"ffffffff"},{"time":0.5333,"color":"fffffff3"},{"time":0.6,"color":"ffffff00"}],"attachment":[{"name":"dd"}]}},"bones":{"bone2":{"scale":[{"x":1.1,"y":1.1}]},"bone3":{"translate":[{"x":93.39,"y":0.59},{"time":0.1333,"x":123.34,"y":0.59}],"scale":[{},{"time":0.1333,"x":0,"y":0}]},"bone4":{"translate":[{"x":-48.29,"y":139.98},{"time":0.2,"x":-45.75,"y":123.68}],"scale":[{},{"time":0.2,"x":0.5,"y":0.5}]},"bone5":{"translate":[{"x":-30.7,"y":130.12},{"time":0.2333,"x":-30.94,"y":100.44}],"scale":[{},{"time":0.2333,"x":0.5,"y":0.5}]},"bone11":{"translate":[{"time":0.3,"x":-42.11,"y":26.55},{"time":0.5333,"x":-38.69,"y":8.95}],"scale":[{"x":1.2},{"time":0.3,"x":1.5,"y":1.5},{"time":0.5333}]},"bone12":{"translate":[{"x":120.17,"y":174.55},{"time":0.3667,"x":94.25,"y":183.8},{"time":0.6,"x":63.58,"y":185.5}],"scale":[{"x":1.2,"curve":"stepped"},{"time":0.3667,"x":1.2},{"time":0.6,"x":0.5,"y":0.5}]},"bone13":{"translate":[{"x":120.17,"y":174.55},{"time":0.1333,"x":121.81,"y":177.45},{"time":0.3667,"x":84.37,"y":161.64}],"scale":[{"x":1.2,"curve":"stepped"},{"time":0.1333,"x":1.2},{"time":0.3667,"x":0.5,"y":0.5}]},"bone15":{"translate":[{"x":39.64,"y":0.54},{"time":0.1333,"x":-38.11,"y":0.59},{"time":0.3333,"x":-11.4,"y":0.59}],"scale":[{"x":1.2,"curve":"stepped"},{"time":0.1333,"x":1.2},{"time":0.3333,"x":0.5,"y":0.5}]},"bone16":{"translate":[{"x":39.64,"y":0.54},{"time":0.5333,"x":137.21,"y":41.62},{"time":0.7667,"x":137.21,"y":69.3}],"scale":[{"x":1.2,"curve":"stepped"},{"time":0.5333,"x":1.2},{"time":0.7667,"x":0.5,"y":0.5}]},"bone17":{"translate":[{"x":3.54,"y":174.55},{"time":0.2333,"x":-14.97,"y":174.55},{"time":0.4667,"x":-28.85,"y":174.55}],"scale":[{"x":1.2,"curve":"stepped"},{"time":0.2333,"x":1.2},{"time":0.4667,"x":0.5,"y":0.5}]},"bone18":{"translate":[{"x":3.54,"y":174.55},{"time":0.7667,"x":-39.54,"y":0.58},{"time":1,"x":-0.51,"y":0.58}],"scale":[{"x":1.2,"curve":"stepped"},{"time":0.7667,"x":1.2},{"time":1,"x":0.5,"y":0.5}]},"bone19":{"translate":[{"x":3.54,"y":174.55},{"time":0.8333,"x":-10.05,"y":-0.24},{"time":1.0667,"x":10.58,"y":13.76}],"scale":[{"x":1.2,"curve":"stepped"},{"time":0.8333,"x":1.2},{"time":1.0667,"x":0.5,"y":0.5}]},"bone6":{"translate":[{"x":131.34,"y":32.14},{"time":0.2333,"x":134.91,"y":73.19}],"scale":[{},{"time":0.2333,"x":0.5,"y":0.5}]},"bone7":{"translate":[{"x":135.75,"y":0.45},{"time":0.2333,"x":144.22,"y":51.46}],"scale":[{},{"time":0.2333,"x":0.5,"y":0.5}]},"bone14":{"translate":[{"time":0.2,"x":-36.59,"y":2.18},{"time":0.4,"x":-0.94,"y":2.18}],"scale":[{"x":1.2,"curve":"stepped"},{"time":0.2,"x":1.2},{"time":0.4,"x":0.5,"y":0.5}]},"bone20":{"translate":[{"time":0.3,"x":-5.81,"y":-6.83},{"time":0.5333,"x":19.67,"y":-6.83}],"scale":[{"x":1.2,"curve":"stepped"},{"time":0.3,"x":1.2},{"time":0.5333,"x":0.5,"y":0.5}]},"bone21":{"translate":[{"x":120.17,"y":174.55},{"time":0.4,"x":-23.21,"y":3.66},{"time":0.6333,"x":8.87,"y":3.66}],"scale":[{"x":1.2,"curve":"stepped"},{"time":0.4,"x":1.2},{"time":0.6333,"x":0.5,"y":0.5}]},"bone22":{"translate":[{"x":120.17,"y":174.55},{"time":0.5667,"x":-37.7,"y":162.32},{"time":0.8,"x":-51.19,"y":118.11}],"scale":[{"x":1.2,"curve":"stepped"},{"time":0.5667,"x":1.2},{"time":0.8,"x":0.5,"y":0.5}]},"bone23":{"translate":[{"x":120.17,"y":174.55},{"time":0.6667,"x":-37.7,"y":150.64},{"time":0.9,"x":-37.7,"y":127.87}],"scale":[{"x":1.2,"curve":"stepped"},{"time":0.6667,"x":1.2},{"time":0.9,"x":0.5,"y":0.5}]},"bone8":{"translate":[{"x":-38.88,"y":174.09},{"time":0.2,"x":-30.94,"y":140.53}],"scale":[{"x":1.5,"y":1.5},{"time":0.2,"x":0.5,"y":0.5}]},"bone24":{"translate":[{"x":3.54,"y":174.55},{"time":0.2333,"x":108.75,"y":184.77},{"time":0.4667,"x":80.12,"y":184.77}],"scale":[{"x":1.2},{"time":0.2333,"x":1.3,"y":1.2},{"time":0.4667,"x":0.8,"y":0.8}]},"bone25":{"translate":[{"x":120.17,"y":174.55},{"time":0.4,"x":-39.97,"y":159.93},{"time":0.6,"x":-30.34,"y":120.5}],"scale":[{"x":1.2},{"time":0.4,"x":1.2,"y":1.2},{"time":0.6,"x":0.5,"y":0.5}]},"bone26":{"translate":[{"time":0.2333,"x":-11.63,"y":11.33},{"time":0.4333,"x":19.03,"y":2.18}],"scale":[{"x":1.2},{"time":0.2333,"x":1.2,"y":1.3},{"time":0.4333,"x":0.5,"y":0.5}]},"bone27":{"translate":[{"x":120.17,"y":174.55},{"time":0.1667,"x":133.8,"y":173.7},{"time":0.3667,"x":110.59,"y":161.64}],"scale":[{"x":1.2},{"time":0.1667,"x":1.5,"y":1.5},{"time":0.3667,"x":0.5,"y":0.5}]},"bone28":{"translate":[{"x":120.17,"y":174.55},{"time":0.4,"x":-41.44,"y":142.99},{"time":0.6,"x":-45.8,"y":115.34}],"scale":[{"x":1.2},{"time":0.4,"x":1.2,"y":1.2},{"time":0.6,"x":0.5,"y":0.5}]},"bone29":{"translate":[{"x":39.64,"y":0.54},{"time":0.5667,"x":137.21,"y":4.79},{"time":0.8,"x":124.69,"y":48.68}],"scale":[{"x":1.2,"curve":"stepped"},{"time":0.5667,"x":1.2},{"time":0.8,"x":0.5,"y":0.5}]},"bone30":{"translate":[{"x":3.54,"y":174.55},{"time":0.8333,"x":132.85,"y":136.03},{"time":1.0667,"x":132.85,"y":157.39}],"scale":[{"x":1.2,"curve":"stepped"},{"time":0.8333,"x":1.2},{"time":1.0667,"x":0.5,"y":0.5}]},"bone31":{"translate":[{"x":120.17,"y":174.55},{"time":0.4,"x":134.43,"y":22.02},{"time":0.6,"x":126.99,"y":37.84}],"scale":[{"x":1.2},{"time":0.4,"x":1.5,"y":1.5},{"time":0.6,"x":0.5,"y":0.5}]},"bone9":{"translate":[{"x":-5.5,"y":174.09},{"time":0.2,"x":-30.94,"y":180.59}],"scale":[{"x":1.5},{"time":0.2,"x":0.5,"y":0.5}]},"bone32":{"translate":[{"x":104.45,"y":83}]}}},"2":{"slots":{"2":{"attachment":[{"name":"1a"},{"time":0.1667,"name":"2a"},{"time":0.3333,"name":"3a"},{"time":0.5,"name":"4a"},{"time":0.6667,"name":"1a"},{"time":0.8333,"name":"2a"},{"time":1,"name":"3a"},{"time":1.1667,"name":"4a"},{"time":1.3333,"name":"1a"}]},"dd30":{"attachment":[{"name":"dd"}]},"dd31":{"color":[{"color":"ffffffff"},{"time":0.1333,"color":"fffffff3"},{"time":0.2,"color":"ffffff00"}],"attachment":[{"name":"dd"}]},"dd32":{"color":[{"color":"ffffffff"},{"time":0.1667,"color":"fffffff3"},{"time":0.2333,"color":"ffffff00"}],"attachment":[{"name":"dd"}]},"dd34":{"color":[{"color":"ffffff00","curve":"stepped"},{"time":0.2667,"color":"ffffff00"},{"time":0.3,"color":"ffffffff"},{"time":0.4667,"color":"fffffff3"},{"time":0.5333,"color":"ffffff00"}],"attachment":[{"name":"dd"}]},"dd35":{"color":[{"color":"ffffff00","curve":"stepped"},{"time":0.3333,"color":"ffffff00"},{"time":0.3667,"color":"ffffffff"},{"time":0.5333,"color":"fffffff3"},{"time":0.6,"color":"ffffff00"}],"attachment":[{"name":"dd"}]},"dd36":{"color":[{"color":"ffffff00","curve":"stepped"},{"time":0.1,"color":"ffffff00"},{"time":0.1333,"color":"ffffffff"},{"time":0.3,"color":"fffffff3"},{"time":0.3667,"color":"ffffff00"}],"attachment":[{"name":"dd"}]},"dd37":{"color":[{"color":"ffffff00","curve":"stepped"},{"time":0.1,"color":"ffffff00"},{"time":0.1333,"color":"ffffffff"},{"time":0.2667,"color":"fffffff3"},{"time":0.3333,"color":"ffffff00"}],"attachment":[{"name":"dd"}]},"dd38":{"color":[{"color":"ffffff00","curve":"stepped"},{"time":0.5,"color":"ffffff00"},{"time":0.5333,"color":"ffffffff"},{"time":0.7,"color":"fffffff3"},{"time":0.7667,"color":"ffffff00"}],"attachment":[{"name":"dd"}]},"dd39":{"color":[{"color":"ffffff00","curve":"stepped"},{"time":0.2,"color":"ffffff00"},{"time":0.2333,"color":"ffffffff"},{"time":0.4,"color":"fffffff3"},{"time":0.4667,"color":"ffffff00"}],"attachment":[{"name":"dd"}]},"dd40":{"color":[{"color":"ffffff00","curve":"stepped"},{"time":0.7333,"color":"ffffff00"},{"time":0.7667,"color":"ffffffff"},{"time":0.9333,"color":"fffffff3"},{"time":1,"color":"ffffff00"}],"attachment":[{"name":"dd"}]},"dd41":{"color":[{"color":"ffffff00","curve":"stepped"},{"time":0.8,"color":"ffffff00"},{"time":0.8333,"color":"ffffffff"},{"time":1,"color":"fffffff3"},{"time":1.0667,"color":"ffffff00"}],"attachment":[{"name":"dd"}]},"dd42":{"color":[{"color":"ffffffff"},{"time":0.1667,"color":"fffffff3"},{"time":0.2333,"color":"ffffff00"}],"attachment":[{"name":"dd"}]},"dd43":{"color":[{"color":"ffffffff"},{"time":0.1667,"color":"fffffff3"},{"time":0.2333,"color":"ffffff00"}],"attachment":[{"name":"dd"}]},"dd44":{"color":[{"color":"ffffff00","curve":"stepped"},{"time":0.1667,"color":"ffffff00"},{"time":0.2,"color":"ffffffff"},{"time":0.3333,"color":"fffffff3"},{"time":0.4,"color":"ffffff00"}],"attachment":[{"name":"dd"}]},"dd45":{"color":[{"color":"ffffff00","curve":"stepped"},{"time":0.2667,"color":"ffffff00"},{"time":0.3,"color":"ffffffff"},{"time":0.4667,"color":"fffffff3"},{"time":0.5333,"color":"ffffff00"}],"attachment":[{"name":"dd"}]},"dd46":{"color":[{"color":"ffffff00","curve":"stepped"},{"time":0.3667,"color":"ffffff00"},{"time":0.4,"color":"ffffffff"},{"time":0.5667,"color":"fffffff3"},{"time":0.6333,"color":"ffffff00"}],"attachment":[{"name":"dd"}]},"dd47":{"color":[{"color":"ffffff00","curve":"stepped"},{"time":0.5333,"color":"ffffff00"},{"time":0.5667,"color":"ffffffff"},{"time":0.7333,"color":"fffffff3"},{"time":0.8,"color":"ffffff00"}],"attachment":[{"name":"dd"}]},"dd48":{"color":[{"color":"ffffff00","curve":"stepped"},{"time":0.6333,"color":"ffffff00"},{"time":0.6667,"color":"ffffffff"},{"time":0.8333,"color":"fffffff3"},{"time":0.9,"color":"ffffff00"}],"attachment":[{"name":"dd"}]},"dd49":{"color":[{"color":"ffffffff"},{"time":0.1333,"color":"fffffff3"},{"time":0.2,"color":"ffffff00"}],"attachment":[{"name":"dd"}]},"dd50":{"color":[{"color":"ffffff00","curve":"stepped"},{"time":0.2,"color":"ffffff00"},{"time":0.2333,"color":"ffffffff"},{"time":0.4,"color":"fffffff3"},{"time":0.4667,"color":"ffffff00"}],"attachment":[{"name":"dd"}]},"dd51":{"color":[{"color":"ffffff00","curve":"stepped"},{"time":0.3667,"color":"ffffff00"},{"time":0.4,"color":"ffffffff"},{"time":0.5333,"color":"fffffff3"},{"time":0.6,"color":"ffffff00"}],"attachment":[{"name":"dd"}]},"dd52":{"color":[{"color":"ffffff00","curve":"stepped"},{"time":0.2,"color":"ffffff00"},{"time":0.2333,"color":"ffffffff"},{"time":0.3667,"color":"fffffff3"},{"time":0.4333,"color":"ffffff00"}],"attachment":[{"name":"dd"}]},"dd53":{"color":[{"color":"ffffff00","curve":"stepped"},{"time":0.1333,"color":"ffffff00"},{"time":0.1667,"color":"ffffffff"},{"time":0.3,"color":"fffffff3"},{"time":0.3667,"color":"ffffff00"}],"attachment":[{"name":"dd"}]},"dd54":{"color":[{"color":"ffffff00","curve":"stepped"},{"time":0.3667,"color":"ffffff00"},{"time":0.4,"color":"ffffffff"},{"time":0.5333,"color":"fffffff3"},{"time":0.6,"color":"ffffff00"}],"attachment":[{"name":"dd"}]},"dd55":{"color":[{"color":"ffffff00","curve":"stepped"},{"time":0.5333,"color":"ffffff00"},{"time":0.5667,"color":"ffffffff"},{"time":0.7333,"color":"fffffff3"},{"time":0.8,"color":"ffffff00"}],"attachment":[{"name":"dd"}]},"dd56":{"color":[{"color":"ffffff00","curve":"stepped"},{"time":0.8,"color":"ffffff00"},{"time":0.8333,"color":"ffffffff"},{"time":1,"color":"fffffff3"},{"time":1.0667,"color":"ffffff00"}],"attachment":[{"name":"dd"}]},"dd57":{"color":[{"color":"ffffff00","curve":"stepped"},{"time":0.3667,"color":"ffffff00"},{"time":0.4,"color":"ffffffff"},{"time":0.5333,"color":"fffffff3"},{"time":0.6,"color":"ffffff00"}],"attachment":[{"name":"dd"}]},"dd58":{"color":[{"color":"ffffffff"},{"time":0.1333,"color":"fffffff3"},{"time":0.2,"color":"ffffff00"}],"attachment":[{"name":"dd"}]}},"bones":{"bone32":{"translate":[{"x":104.45,"y":83}]},"bone34":{"translate":[{"x":89.01,"y":-33.71},{"time":0.1333,"x":101.46,"y":-32.98}],"scale":[{},{"time":0.1333,"x":0,"y":0}]},"bone35":{"translate":[{"x":-18.93,"y":119.35},{"time":0.2,"x":-16.9,"y":100.51}],"scale":[{},{"time":0.2,"x":0.5,"y":0.5}]},"bone36":{"translate":[{"x":-10.9,"y":146.51},{"time":0.2333,"x":-19.33,"y":117.51}],"scale":[{},{"time":0.2333,"x":0.5,"y":0.5}]},"bone38":{"translate":[{"x":-18.88,"y":26.55,"curve":"stepped"},{"time":0.2667,"x":-18.88,"y":26.55},{"time":0.5333,"x":-13.3,"y":2.47}],"scale":[{"x":1.2},{"time":0.3,"x":1.5,"y":1.5},{"time":0.5333}]},"bone39":{"translate":[{"x":120.17,"y":174.55},{"time":0.3667,"x":94.25,"y":183.8},{"time":0.6,"x":63.58,"y":185.5}],"scale":[{"x":1.2,"curve":"stepped"},{"time":0.3667,"x":1.2},{"time":0.6,"x":0.5,"y":0.5}]},"bone40":{"translate":[{"x":120.17,"y":174.55},{"time":0.1333,"x":87.02,"y":182.04},{"time":0.3667,"x":62.35,"y":177.69}],"scale":[{"x":1.2,"curve":"stepped"},{"time":0.1333,"x":1.2},{"time":0.3667,"x":0.5,"y":0.5}]},"bone41":{"translate":[{"x":-16.95,"y":-30.79,"curve":"stepped"},{"time":0.1333,"x":-16.95,"y":-30.79},{"time":0.3333,"x":9.55,"y":-30.79}],"scale":[{"x":1.2,"curve":"stepped"},{"time":0.1333,"x":1.2},{"time":0.3333,"x":0.5,"y":0.5}]},"bone42":{"translate":[{"x":116.14,"y":41.62,"curve":"stepped"},{"time":0.5333,"x":116.14,"y":41.62},{"time":0.7667,"x":116.14,"y":75.66}],"scale":[{"x":1.2,"curve":"stepped"},{"time":0.5333,"x":1.2},{"time":0.7667,"x":0.5,"y":0.5}]},"bone43":{"translate":[{"x":3.54,"y":174.55},{"time":0.2333,"x":-14.97,"y":130.59},{"time":0.4667,"x":-14.97,"y":88.98}],"scale":[{"x":1.2,"curve":"stepped"},{"time":0.2333,"x":1.2},{"time":0.4667,"x":0.5,"y":0.5}]},"bone44":{"translate":[{"x":3.54,"y":174.55},{"time":0.7667,"x":-15.23,"y":-34.54},{"time":1,"x":13.4,"y":-34.54}],"scale":[{"x":1.2,"curve":"stepped"},{"time":0.7667,"x":1.2},{"time":1,"x":0.5,"y":0.5}]},"bone45":{"translate":[{"x":6.7,"y":-31.03,"curve":"stepped"},{"time":0.8,"x":6.7,"y":-31.03},{"time":1.0667,"x":26.15,"y":-31.03}],"scale":[{"x":1.2,"curve":"stepped"},{"time":0.8333,"x":1.2},{"time":1.0667,"x":0.5,"y":0.5}]},"bone46":{"translate":[{"x":115.29,"y":17.54},{"time":0.2333,"x":114.48,"y":51.3}],"scale":[{},{"time":0.2333,"x":0.5,"y":0.5}]},"bone47":{"translate":[{"x":115.32,"y":0.45},{"time":0.2333,"x":115.32,"y":8.47}],"scale":[{},{"time":0.2333,"x":0.5,"y":0.5}]},"bone48":{"translate":[{"x":2.84,"y":-35.1,"curve":"stepped"},{"time":0.1667,"x":2.84,"y":-35.1},{"time":0.4,"x":14.72,"y":-31.86}],"scale":[{"x":1.2,"curve":"stepped"},{"time":0.2,"x":1.2},{"time":0.4,"x":0.5,"y":0.5}]},"bone49":{"translate":[{"x":-5.81,"y":-31.14,"curve":"stepped"},{"time":0.2667,"x":-5.81,"y":-31.14},{"time":0.5333,"x":9.86,"y":-31.14}],"scale":[{"x":1.2,"curve":"stepped"},{"time":0.3,"x":1.2},{"time":0.5333,"x":0.5,"y":0.5}]},"bone50":{"translate":[{"x":15.14,"y":-35.78,"curve":"stepped"},{"time":0.3667,"x":15.14,"y":-35.78},{"time":0.6333,"x":38.91,"y":-35.78}],"scale":[{"x":1.2,"curve":"stepped"},{"time":0.3667,"x":1.2},{"time":0.6333,"x":0.5,"y":0.5}]},"bone51":{"translate":[{"x":120.17,"y":174.55},{"time":0.5667,"x":-14.47,"y":162.32},{"time":0.8,"x":-14.47,"y":132.07}],"scale":[{"x":1.2,"curve":"stepped"},{"time":0.5667,"x":1.2},{"time":0.8,"x":0.5,"y":0.5}]},"bone52":{"translate":[{"x":120.17,"y":174.55},{"time":0.6667,"x":-12.85,"y":177.65},{"time":0.9,"x":-12.85,"y":151.72}],"scale":[{"x":1.2,"curve":"stepped"},{"time":0.6667,"x":1.2},{"time":0.9,"x":0.5,"y":0.5}]},"bone53":{"translate":[{"x":-16.84,"y":179.55},{"time":0.2,"x":-20.74,"y":149.71}],"scale":[{"x":1.5,"y":1.5},{"time":0.2,"x":0.5,"y":0.5}]},"bone54":{"translate":[{"x":3.54,"y":174.55},{"time":0.2333,"x":108.75,"y":184.77},{"time":0.4667,"x":80.12,"y":184.77}],"scale":[{"x":1.2},{"time":0.2333,"x":1.3,"y":1.2},{"time":0.4667,"x":0.8,"y":0.8}]},"bone55":{"translate":[{"x":-20.63,"y":159.93,"curve":"stepped"},{"time":0.4,"x":-20.63,"y":159.93},{"time":0.6,"x":-30.34,"y":120.5}],"scale":[{"x":1.2},{"time":0.4,"x":1.2,"y":1.2},{"time":0.6,"x":0.5,"y":0.5}]},"bone56":{"translate":[{"x":-18.11,"y":-4.33,"curve":"stepped"},{"time":0.2,"x":-18.11,"y":-4.33},{"time":0.4333,"x":-18.11,"y":-26.48}],"scale":[{"x":1.2},{"time":0.2333,"x":1.2,"y":1.3},{"time":0.4333,"x":0.5,"y":0.5}]},"bone57":{"translate":[{"x":120.17,"y":174.55},{"time":0.1667,"x":110.84,"y":183.9},{"time":0.3667,"x":95.29,"y":178.98}],"scale":[{"x":1.2},{"time":0.1667,"x":1.5,"y":1.5},{"time":0.3667,"x":0.5,"y":0.5}]},"bone58":{"translate":[{"x":120.17,"y":174.55},{"time":0.3667,"x":-14.99,"y":145.62},{"time":0.4,"x":-20.62,"y":118.55},{"time":0.6,"x":-12.98,"y":80.21}],"scale":[{"x":1.2},{"time":0.4,"x":1.2,"y":1.2},{"time":0.6,"x":0.5,"y":0.5}]},"bone59":{"translate":[{"x":39.64,"y":0.54},{"time":0.5667,"x":114.89,"y":-30},{"time":0.8,"x":114.89,"y":7.28}],"scale":[{"x":1.2,"curve":"stepped"},{"time":0.5667,"x":1.2},{"time":0.8,"x":0.5,"y":0.5}]},"bone60":{"translate":[{"x":3.54,"y":174.55},{"time":0.8,"x":116.64,"y":136.03},{"time":1.0667,"x":118.26,"y":157.39}],"scale":[{"x":1.2,"curve":"stepped"},{"time":0.8333,"x":1.2},{"time":1.0667,"x":0.5,"y":0.5}]},"bone61":{"translate":[{"x":111.29},{"time":0.3667,"x":116.06,"y":-9.86},{"time":0.6,"x":116.06,"y":21.48}],"scale":[{"x":1.2},{"time":0.3667,"x":1.5,"y":1.5},{"time":0.6,"x":0.5,"y":0.5}]},"bone62":{"translate":[{"x":6.79,"y":184.33},{"time":0.2,"x":-12.18,"y":180.59}],"scale":[{"x":1.5},{"time":0.2,"x":0.5,"y":0.5}]}}}}}